<?xml version="1.0" encoding="UTF-8"?>
<gpx xmlns="http://www.topografix.com/GPX/1/1" xmlns:gpxtpx="http://www.garmin.com/xmlschemas/TrackPointExtension/v1" xmlns:xsi="http://www.w3.org/2001/XMLSchema-instance" xsi:schemaLocation="http://www.topografix.com/GPX/1/1 http://www.topografix.com/GPX/1/1/gpx.xsd" version="1.1" creator="gpx.py -- https://github.com/tkrajina/gpxpy">
  <trk>
    <name>gpx from keep</name>
    <type>Walk</type>
    <trkseg>
      <trkpt lat="31.08278959005889" lon="121.51375610519624">
        <ele>6.449402181431651</ele>
        <time>2026-02-28T04:11:43Z</time>
      </trkpt>
      <trkpt lat="31.08277976132293" lon="121.51375010048753">
        <ele>6.450625208206475</ele>
        <time>2026-02-28T04:11:43.900000Z</time>
      </trkpt>
      <trkpt lat="31.08276993367755" lon="121.51374402423376">
        <ele>6.451067342422903</ele>
        <time>2026-02-28T04:11:44.900000Z</time>
      </trkpt>
      <trkpt lat="31.08276013569261" lon="121.51373787705253">
        <ele>6.450848079286516</ele>
        <time>2026-02-28T04:11:45.900000Z</time>
      </trkpt>
      <trkpt lat="31.082750371004288" lon="121.5137316437346">
        <ele>6.450655648484826</ele>
        <time>2026-02-28T04:11:46.900000Z</time>
      </trkpt>
      <trkpt lat="31.0827406492757" lon="121.51372528701636">
        <ele>6.450052639469504</ele>
        <time>2026-02-28T04:11:47.900000Z</time>
      </trkpt>
      <trkpt lat="31.082730985519014" lon="121.51371873312668">
        <ele>6.449115391820669</ele>
        <time>2026-02-28T04:11:48.900000Z</time>
      </trkpt>
      <trkpt lat="31.08272142887509" lon="121.51371199049981">
        <ele>6.447580961510539</ele>
        <time>2026-02-28T04:11:49.900000Z</time>
      </trkpt>
      <trkpt lat="31.082712012580714" lon="121.51370505287481">
        <ele>6.445578473620117</ele>
        <time>2026-02-28T04:11:50.900000Z</time>
      </trkpt>
      <trkpt lat="31.082702819929107" lon="121.51369784319529">
        <ele>6.442832549102604</ele>
        <time>2026-02-28T04:11:51.900000Z</time>
      </trkpt>
      <trkpt lat="31.08269385920475" lon="121.51369030787612">
        <ele>6.439382522366941</ele>
        <time>2026-02-28T04:11:52.900000Z</time>
      </trkpt>
      <trkpt lat="31.082685208274178" lon="121.51368244789214">
        <ele>6.435386998578906</ele>
        <time>2026-02-28T04:11:53.900000Z</time>
      </trkpt>
      <trkpt lat="31.082676878248776" lon="121.51367425061179">
        <ele>6.430664980784059</ele>
        <time>2026-02-28T04:11:54.900000Z</time>
      </trkpt>
      <trkpt lat="31.082668842945257" lon="121.51366555221826">
        <ele>6.424801933579147</ele>
        <time>2026-02-28T04:11:55.900000Z</time>
      </trkpt>
      <trkpt lat="31.08266121901582" lon="121.51365642058005">
        <ele>6.418086711317301</ele>
        <time>2026-02-28T04:11:56.900000Z</time>
      </trkpt>
      <trkpt lat="31.082654026893607" lon="121.51364672413736">
        <ele>6.410631747916341</ele>
        <time>2026-02-28T04:11:57.900000Z</time>
      </trkpt>
      <trkpt lat="31.082647316215365" lon="121.51363649774446">
        <ele>6.402498282492161</ele>
        <time>2026-02-28T04:11:58.900000Z</time>
      </trkpt>
      <trkpt lat="31.08264109479213" lon="121.51362571932621">
        <ele>6.393732253462076</ele>
        <time>2026-02-28T04:11:59.900000Z</time>
      </trkpt>
      <trkpt lat="31.082635326225557" lon="121.51361433542364">
        <ele>6.384386394172907</ele>
        <time>2026-02-28T04:12:00.900000Z</time>
      </trkpt>
      <trkpt lat="31.082630030710398" lon="121.51360237371723">
        <ele>6.374374388717115</ele>
        <time>2026-02-28T04:12:01.900000Z</time>
      </trkpt>
      <trkpt lat="31.082625216914604" lon="121.5135898978987">
        <ele>6.363672831095755</ele>
        <time>2026-02-28T04:12:02.900000Z</time>
      </trkpt>
      <trkpt lat="31.082620875345057" lon="121.51357694779398">
        <ele>6.352466191165149</ele>
        <time>2026-02-28T04:12:03.900000Z</time>
      </trkpt>
      <trkpt lat="31.082616900412948" lon="121.51356352961082">
        <ele>6.340522263199091</ele>
        <time>2026-02-28T04:12:04.900000Z</time>
      </trkpt>
      <trkpt lat="31.082613302130834" lon="121.51354974110669">
        <ele>6.327960227616131</ele>
        <time>2026-02-28T04:12:05.900000Z</time>
      </trkpt>
      <trkpt lat="31.08261001722628" lon="121.51353560129766">
        <ele>6.314709931612015</ele>
        <time>2026-02-28T04:12:06.900000Z</time>
      </trkpt>
      <trkpt lat="31.08260700596862" lon="121.51352115859599">
        <ele>6.3006117613986135</ele>
        <time>2026-02-28T04:12:07.900000Z</time>
      </trkpt>
      <trkpt lat="31.08260419712833" lon="121.51350645502858">
        <ele>6.285711863078177</ele>
        <time>2026-02-28T04:12:08.900000Z</time>
      </trkpt>
      <trkpt lat="31.08260155392793" lon="121.51349153742883">
        <ele>6.269857371225953</ele>
        <time>2026-02-28T04:12:09.900000Z</time>
      </trkpt>
      <trkpt lat="31.082599017626784" lon="121.51347649063797">
        <ele>6.253196435980499</ele>
        <time>2026-02-28T04:12:10.900000Z</time>
      </trkpt>
      <trkpt lat="31.082596533016424" lon="121.51346136571792">
        <ele>6.235713675618172</ele>
        <time>2026-02-28T04:12:11.900000Z</time>
      </trkpt>
      <trkpt lat="31.082594067203065" lon="121.5134461422891">
        <ele>6.217431209050119</ele>
        <time>2026-02-28T04:12:12.900000Z</time>
      </trkpt>
      <trkpt lat="31.08259157991079" lon="121.51343087952925">
        <ele>6.198513820767403</ele>
        <time>2026-02-28T04:12:13.900000Z</time>
      </trkpt>
      <trkpt lat="31.082589045748186" lon="121.51341562521313">
        <ele>6.178760028444231</ele>
        <time>2026-02-28T04:12:14.900000Z</time>
      </trkpt>
      <trkpt lat="31.082586429251787" lon="121.5134003952444">
        <ele>6.158430187962949</ele>
        <time>2026-02-28T04:12:15.900000Z</time>
      </trkpt>
      <trkpt lat="31.082583652460624" lon="121.51338514414624">
        <ele>6.137708939611912</ele>
        <time>2026-02-28T04:12:16.900000Z</time>
      </trkpt>
      <trkpt lat="31.082580716997967" lon="121.51336994761174">
        <ele>6.116594033315778</ele>
        <time>2026-02-28T04:12:17.900000Z</time>
      </trkpt>
      <trkpt lat="31.08257759341844" lon="121.5133547723656">
        <ele>6.095359682105482</ele>
        <time>2026-02-28T04:12:18.900000Z</time>
      </trkpt>
      <trkpt lat="31.08257429238817" lon="121.5133396415291">
        <ele>6.074004583060741</ele>
        <time>2026-02-28T04:12:19.900000Z</time>
      </trkpt>
      <trkpt lat="31.08257078731973" lon="121.5133245773602">
        <ele>6.052593666128814</ele>
        <time>2026-02-28T04:12:20.900000Z</time>
      </trkpt>
      <trkpt lat="31.082567108961783" lon="121.5133095811497">
        <ele>6.0312242321670055</ele>
        <time>2026-02-28T04:12:21.900000Z</time>
      </trkpt>
      <trkpt lat="31.08256321672001" lon="121.51329467026983">
        <ele>6.009986648336053</ele>
        <time>2026-02-28T04:12:22.900000Z</time>
        <extensions>
          <gpxtpx:TrackPointExtension>
            <gpxtpx:hr>113</gpxtpx:hr>
          </gpxtpx:TrackPointExtension>
        </extensions>
      </trkpt>
      <trkpt lat="31.082559119099056" lon="121.51327982402691">
        <ele>5.989046479575336</ele>
        <time>2026-02-28T04:12:23.900000Z</time>
        <extensions>
          <gpxtpx:TrackPointExtension>
            <gpxtpx:hr>113</gpxtpx:hr>
          </gpxtpx:TrackPointExtension>
        </extensions>
      </trkpt>
      <trkpt lat="31.082554830181916" lon="121.51326506822767">
        <ele>5.968626852147281</ele>
        <time>2026-02-28T04:12:24.900000Z</time>
        <extensions>
          <gpxtpx:TrackPointExtension>
            <gpxtpx:hr>113</gpxtpx:hr>
          </gpxtpx:TrackPointExtension>
        </extensions>
      </trkpt>
      <trkpt lat="31.082550346667663" lon="121.51325040921276">
        <ele>5.948545867577195</ele>
        <time>2026-02-28T04:12:25.900000Z</time>
        <extensions>
          <gpxtpx:TrackPointExtension>
            <gpxtpx:hr>113</gpxtpx:hr>
          </gpxtpx:TrackPointExtension>
        </extensions>
      </trkpt>
      <trkpt lat="31.08254566146566" lon="121.5132358709516">
        <ele>5.929054268635809</ele>
        <time>2026-02-28T04:12:26.900000Z</time>
        <extensions>
          <gpxtpx:TrackPointExtension>
            <gpxtpx:hr>113</gpxtpx:hr>
          </gpxtpx:TrackPointExtension>
        </extensions>
      </trkpt>
      <trkpt lat="31.082540764710892" lon="121.51322143875598">
        <ele>5.9103714330121875</ele>
        <time>2026-02-28T04:12:27.900000Z</time>
        <extensions>
          <gpxtpx:TrackPointExtension>
            <gpxtpx:hr>113</gpxtpx:hr>
          </gpxtpx:TrackPointExtension>
        </extensions>
      </trkpt>
      <trkpt lat="31.082535647348855" lon="121.51320712178">
        <ele>5.892426633276045</ele>
        <time>2026-02-28T04:12:28.900000Z</time>
        <extensions>
          <gpxtpx:TrackPointExtension>
            <gpxtpx:hr>113</gpxtpx:hr>
          </gpxtpx:TrackPointExtension>
        </extensions>
      </trkpt>
      <trkpt lat="31.08253027297677" lon="121.51319291876551">
        <ele>5.875280854292214</ele>
        <time>2026-02-28T04:12:29.900000Z</time>
        <extensions>
          <gpxtpx:TrackPointExtension>
            <gpxtpx:hr>113</gpxtpx:hr>
          </gpxtpx:TrackPointExtension>
        </extensions>
      </trkpt>
      <trkpt lat="31.08252469707938" lon="121.51317884551078">
        <ele>5.858928985893726</ele>
        <time>2026-02-28T04:12:30.900000Z</time>
        <extensions>
          <gpxtpx:TrackPointExtension>
            <gpxtpx:hr>113</gpxtpx:hr>
          </gpxtpx:TrackPointExtension>
        </extensions>
      </trkpt>
      <trkpt lat="31.08251890523421" lon="121.51316491312359">
        <ele>5.8434938890859485</ele>
        <time>2026-02-28T04:12:31.900000Z</time>
        <extensions>
          <gpxtpx:TrackPointExtension>
            <gpxtpx:hr>113</gpxtpx:hr>
          </gpxtpx:TrackPointExtension>
        </extensions>
      </trkpt>
      <trkpt lat="31.082512945138642" lon="121.51315114561466">
        <ele>5.829037047922611</ele>
        <time>2026-02-28T04:12:32.900000Z</time>
        <extensions>
          <gpxtpx:TrackPointExtension>
            <gpxtpx:hr>113</gpxtpx:hr>
          </gpxtpx:TrackPointExtension>
        </extensions>
      </trkpt>
      <trkpt lat="31.08250676608831" lon="121.51313751016994">
        <ele>5.815594604238868</ele>
        <time>2026-02-28T04:12:33.900000Z</time>
        <extensions>
          <gpxtpx:TrackPointExtension>
            <gpxtpx:hr>113</gpxtpx:hr>
          </gpxtpx:TrackPointExtension>
        </extensions>
      </trkpt>
      <trkpt lat="31.082500375751085" lon="121.51312401395334">
        <ele>5.803230934776366</ele>
        <time>2026-02-28T04:12:34.900000Z</time>
        <extensions>
          <gpxtpx:TrackPointExtension>
            <gpxtpx:hr>113</gpxtpx:hr>
          </gpxtpx:TrackPointExtension>
        </extensions>
      </trkpt>
      <trkpt lat="31.082493763095858" lon="121.51311068698533">
        <ele>5.7920530289411545</ele>
        <time>2026-02-28T04:12:35.900000Z</time>
        <extensions>
          <gpxtpx:TrackPointExtension>
            <gpxtpx:hr>113</gpxtpx:hr>
          </gpxtpx:TrackPointExtension>
        </extensions>
      </trkpt>
      <trkpt lat="31.082486969026377" lon="121.51309751033112">
        <ele>5.78199574816972</ele>
        <time>2026-02-28T04:12:36.900000Z</time>
        <extensions>
          <gpxtpx:TrackPointExtension>
            <gpxtpx:hr>113</gpxtpx:hr>
          </gpxtpx:TrackPointExtension>
        </extensions>
      </trkpt>
      <trkpt lat="31.082479884946206" lon="121.51308441567608">
        <ele>5.773082375526428</ele>
        <time>2026-02-28T04:12:37.900000Z</time>
        <extensions>
          <gpxtpx:TrackPointExtension>
            <gpxtpx:hr>113</gpxtpx:hr>
          </gpxtpx:TrackPointExtension>
        </extensions>
      </trkpt>
      <trkpt lat="31.082472591344814" lon="121.51307143649132">
        <ele>5.76529096532613</ele>
        <time>2026-02-28T04:12:38.900000Z</time>
        <extensions>
          <gpxtpx:TrackPointExtension>
            <gpxtpx:hr>113</gpxtpx:hr>
          </gpxtpx:TrackPointExtension>
        </extensions>
      </trkpt>
      <trkpt lat="31.08246507556845" lon="121.5130586292455">
        <ele>5.75854410789907</ele>
        <time>2026-02-28T04:12:39.900000Z</time>
        <extensions>
          <gpxtpx:TrackPointExtension>
            <gpxtpx:hr>113</gpxtpx:hr>
          </gpxtpx:TrackPointExtension>
        </extensions>
      </trkpt>
      <trkpt lat="31.08245733695341" lon="121.51304598023849">
        <ele>5.752932908944786</ele>
        <time>2026-02-28T04:12:40.900000Z</time>
        <extensions>
          <gpxtpx:TrackPointExtension>
            <gpxtpx:hr>113</gpxtpx:hr>
          </gpxtpx:TrackPointExtension>
        </extensions>
      </trkpt>
      <trkpt lat="31.08244934791914" lon="121.51303344919461">
        <ele>5.748363411985338</ele>
        <time>2026-02-28T04:12:41.900000Z</time>
        <extensions>
          <gpxtpx:TrackPointExtension>
            <gpxtpx:hr>113</gpxtpx:hr>
          </gpxtpx:TrackPointExtension>
        </extensions>
      </trkpt>
      <trkpt lat="31.08244123741082" lon="121.51302107461855">
        <ele>5.744779555127025</ele>
        <time>2026-02-28T04:12:42.900000Z</time>
      </trkpt>
      <trkpt lat="31.08243296611421" lon="121.5130088300775">
        <ele>5.742152499035001</ele>
        <time>2026-02-28T04:12:43.900000Z</time>
      </trkpt>
      <trkpt lat="31.082424522455003" lon="121.5129966999548">
        <ele>5.740357864648104</ele>
        <time>2026-02-28T04:12:44.900000Z</time>
      </trkpt>
      <trkpt lat="31.082415907543638" lon="121.51298470040213">
        <ele>5.7393358908593655</ele>
        <time>2026-02-28T04:12:45.900000Z</time>
      </trkpt>
      <trkpt lat="31.08240717525772" lon="121.51297284977522">
        <ele>5.738920360803604</ele>
        <time>2026-02-28T04:12:46.900000Z</time>
      </trkpt>
      <trkpt lat="31.082398330750497" lon="121.51296117068124">
        <ele>5.73900611512363</ele>
        <time>2026-02-28T04:12:47.900000Z</time>
      </trkpt>
      <trkpt lat="31.082389399739604" lon="121.51294966220914">
        <ele>5.739547619596124</ele>
        <time>2026-02-28T04:12:48.900000Z</time>
      </trkpt>
      <trkpt lat="31.082380351302724" lon="121.51293831245647">
        <ele>5.740444614551961</ele>
        <time>2026-02-28T04:12:49.900000Z</time>
      </trkpt>
      <trkpt lat="31.082371233104794" lon="121.5129271110807">
        <ele>5.741669965907931</ele>
        <time>2026-02-28T04:12:50.900000Z</time>
      </trkpt>
      <trkpt lat="31.082362045043546" lon="121.5129160864636">
        <ele>5.743035762570798</ele>
        <time>2026-02-28T04:12:51.900000Z</time>
      </trkpt>
      <trkpt lat="31.08235276313948" lon="121.51290524575077">
        <ele>5.744484009221196</ele>
        <time>2026-02-28T04:12:52.900000Z</time>
      </trkpt>
      <trkpt lat="31.082343357077733" lon="121.51289456966171">
        <ele>5.7459374805912375</ele>
        <time>2026-02-28T04:12:53.900000Z</time>
      </trkpt>
      <trkpt lat="31.082333873688423" lon="121.51288413700014">
        <ele>5.747198493219912</ele>
        <time>2026-02-28T04:12:54.900000Z</time>
      </trkpt>
      <trkpt lat="31.082324309474206" lon="121.512873966847">
        <ele>5.748350636102259</ele>
        <time>2026-02-28T04:12:55.900000Z</time>
      </trkpt>
      <trkpt lat="31.082314657031567" lon="121.51286409443713">
        <ele>5.749287439510226</ele>
        <time>2026-02-28T04:12:56.900000Z</time>
      </trkpt>
      <trkpt lat="31.082304848372836" lon="121.51285455680707">
        <ele>5.750069785863161</ele>
        <time>2026-02-28T04:12:57.900000Z</time>
      </trkpt>
      <trkpt lat="31.082294872725427" lon="121.51284536245363">
        <ele>5.750732751563191</ele>
        <time>2026-02-28T04:12:58.900000Z</time>
      </trkpt>
      <trkpt lat="31.082284692685782" lon="121.5128365232074">
        <ele>5.751328096725047</ele>
        <time>2026-02-28T04:12:59.900000Z</time>
      </trkpt>
      <trkpt lat="31.082274345454103" lon="121.51282803942505">
        <ele>5.751883946359158</ele>
        <time>2026-02-28T04:13:00.900000Z</time>
      </trkpt>
      <trkpt lat="31.082263800441666" lon="121.51281989521904">
        <ele>5.752430242486298</ele>
        <time>2026-02-28T04:13:01.900000Z</time>
      </trkpt>
      <trkpt lat="31.082253059350002" lon="121.51281203654612">
        <ele>5.752912029623985</ele>
        <time>2026-02-28T04:13:02.900000Z</time>
      </trkpt>
      <trkpt lat="31.082242127239557" lon="121.51280446261421">
        <ele>5.753520851954818</ele>
        <time>2026-02-28T04:13:03.900000Z</time>
      </trkpt>
      <trkpt lat="31.082230968161696" lon="121.51279716039768">
        <ele>5.7541717160493135</ele>
        <time>2026-02-28T04:13:04.900000Z</time>
      </trkpt>
      <trkpt lat="31.08221960272762" lon="121.51279014298892">
        <ele>5.754967068322003</ele>
        <time>2026-02-28T04:13:05.900000Z</time>
      </trkpt>
      <trkpt lat="31.08220800101133" lon="121.51278342635246">
        <ele>5.755989858880639</ele>
        <time>2026-02-28T04:13:06.900000Z</time>
      </trkpt>
      <trkpt lat="31.08219622721682" lon="121.51277699768265">
        <ele>5.757146609947085</ele>
        <time>2026-02-28T04:13:07.900000Z</time>
      </trkpt>
      <trkpt lat="31.08218430719368" lon="121.51277084657934">
        <ele>5.758488959632814</ele>
        <time>2026-02-28T04:13:08.900000Z</time>
      </trkpt>
      <trkpt lat="31.082172240880393" lon="121.51276497441161">
        <ele>5.760023304261267</ele>
        <time>2026-02-28T04:13:09.900000Z</time>
      </trkpt>
      <trkpt lat="31.082160054935304" lon="121.51275939369245">
        <ele>5.761827443726361</ele>
        <time>2026-02-28T04:13:10.900000Z</time>
      </trkpt>
      <trkpt lat="31.082147798248474" lon="121.51275406600381">
        <ele>5.764036186039448</ele>
        <time>2026-02-28T04:13:11.900000Z</time>
      </trkpt>
      <trkpt lat="31.08213542484976" lon="121.51274900868859">
        <ele>5.766580844298005</ele>
        <time>2026-02-28T04:13:12.900000Z</time>
      </trkpt>
      <trkpt lat="31.082122940996378" lon="121.5127441924654">
        <ele>5.769532193429768</ele>
        <time>2026-02-28T04:13:14Z</time>
      </trkpt>
      <trkpt lat="31.082110458292917" lon="121.51273966780222">
        <ele>5.772639439441264</ele>
        <time>2026-02-28T04:13:15Z</time>
      </trkpt>
      <trkpt lat="31.082097958538874" lon="121.5127354034149">
        <ele>5.7761651100590825</ele>
        <time>2026-02-28T04:13:16Z</time>
      </trkpt>
      <trkpt lat="31.082085406701083" lon="121.51273140666599">
        <ele>5.780062764883041</ele>
        <time>2026-02-28T04:13:17Z</time>
      </trkpt>
      <trkpt lat="31.082072863327237" lon="121.51272767382403">
        <ele>5.784555935300887</ele>
        <time>2026-02-28T04:13:18Z</time>
      </trkpt>
      <trkpt lat="31.08206035559038" lon="121.51272417525186">
        <ele>5.789458699524403</ele>
        <time>2026-02-28T04:13:19Z</time>
      </trkpt>
      <trkpt lat="31.082047845956883" lon="121.51272093348697">
        <ele>5.794886193238199</ele>
        <time>2026-02-28T04:13:20Z</time>
      </trkpt>
      <trkpt lat="31.082035369974673" lon="121.51271796762505">
        <ele>5.800714300014079</ele>
        <time>2026-02-28T04:13:21Z</time>
      </trkpt>
      <trkpt lat="31.082022889384493" lon="121.51271526487032">
        <ele>5.806890409439802</ele>
        <time>2026-02-28T04:13:22Z</time>
      </trkpt>
      <trkpt lat="31.08201038280531" lon="121.51271283999498">
        <ele>5.813509458675981</ele>
        <time>2026-02-28T04:13:23Z</time>
      </trkpt>
      <trkpt lat="31.081997825536842" lon="121.5127107317272">
        <ele>5.820252109318972</ele>
        <time>2026-02-28T04:13:24Z</time>
      </trkpt>
      <trkpt lat="31.081985252519253" lon="121.5127089062266">
        <ele>5.827188892289996</ele>
        <time>2026-02-28T04:13:25Z</time>
      </trkpt>
      <trkpt lat="31.08197266605736" lon="121.51270738779988">
        <ele>5.834281514398754</ele>
        <time>2026-02-28T04:13:26Z</time>
      </trkpt>
      <trkpt lat="31.081960075642943" lon="121.51270611126101">
        <ele>5.841121608391404</ele>
        <time>2026-02-28T04:13:27Z</time>
      </trkpt>
      <trkpt lat="31.08194751847963" lon="121.51270511113064">
        <ele>5.847899999469519</ele>
        <time>2026-02-28T04:13:28Z</time>
      </trkpt>
      <trkpt lat="31.08193502156699" lon="121.51270440461174">
        <ele>5.854373587295413</ele>
        <time>2026-02-28T04:13:29Z</time>
      </trkpt>
      <trkpt lat="31.081922609750958" lon="121.51270395680883">
        <ele>5.8605918530374765</ele>
        <time>2026-02-28T04:13:30Z</time>
      </trkpt>
      <trkpt lat="31.081910285483577" lon="121.51270373779035">
        <ele>5.866517694666982</ele>
        <time>2026-02-28T04:13:31Z</time>
      </trkpt>
      <trkpt lat="31.081898065902084" lon="121.51270374050496">
        <ele>5.87204569298774</ele>
        <time>2026-02-28T04:13:32Z</time>
      </trkpt>
      <trkpt lat="31.081885903504173" lon="121.51270392534042">
        <ele>5.87725792825222</ele>
        <time>2026-02-28T04:13:33Z</time>
      </trkpt>
      <trkpt lat="31.081873782323257" lon="121.51270429873446">
        <ele>5.882037368603051</ele>
        <time>2026-02-28T04:13:34Z</time>
      </trkpt>
      <trkpt lat="31.081861652309733" lon="121.5127048654004">
        <ele>5.886483307927847</ele>
        <time>2026-02-28T04:13:35Z</time>
      </trkpt>
      <trkpt lat="31.08184956229369" lon="121.51270560831968">
        <ele>5.890489507466555</ele>
        <time>2026-02-28T04:13:36Z</time>
      </trkpt>
      <trkpt lat="31.081837525188526" lon="121.51270654139468">
        <ele>5.89404989220202</ele>
        <time>2026-02-28T04:13:37Z</time>
      </trkpt>
      <trkpt lat="31.081825556428672" lon="121.51270766159676">
        <ele>5.897142743691802</ele>
        <time>2026-02-28T04:13:38Z</time>
      </trkpt>
      <trkpt lat="31.081813617810695" lon="121.51270899744644">
        <ele>5.8997672302648425</ele>
        <time>2026-02-28T04:13:39Z</time>
      </trkpt>
      <trkpt lat="31.08180167346955" lon="121.51271055922894">
        <ele>5.901866860687733</ele>
        <time>2026-02-28T04:13:40Z</time>
      </trkpt>
      <trkpt lat="31.081789711729837" lon="121.51271234288534">
        <ele>5.903509072959423</ele>
        <time>2026-02-28T04:13:41Z</time>
      </trkpt>
      <trkpt lat="31.081777717195262" lon="121.51271437445585">
        <ele>5.9045800641179085</ele>
        <time>2026-02-28T04:13:42Z</time>
      </trkpt>
      <trkpt lat="31.08176570188337" lon="121.51271670007725">
        <ele>5.904926614835858</ele>
        <time>2026-02-28T04:13:43Z</time>
      </trkpt>
      <trkpt lat="31.081753643599065" lon="121.51271930683218">
        <ele>5.90490650665015</ele>
        <time>2026-02-28T04:13:44Z</time>
      </trkpt>
      <trkpt lat="31.081741506636416" lon="121.51272219259228">
        <ele>5.9043054124340415</ele>
        <time>2026-02-28T04:13:45Z</time>
      </trkpt>
      <trkpt lat="31.08172932000525" lon="121.51272536299048">
        <ele>5.903111567720771</ele>
        <time>2026-02-28T04:13:46Z</time>
      </trkpt>
      <trkpt lat="31.08171703947133" lon="121.51272876638554">
        <ele>5.901291731745005</ele>
        <time>2026-02-28T04:13:46.900000Z</time>
      </trkpt>
      <trkpt lat="31.081704686072552" lon="121.51273241950244">
        <ele>5.89881179574877</ele>
        <time>2026-02-28T04:13:47.900000Z</time>
      </trkpt>
      <trkpt lat="31.081692322972653" lon="121.51273632339095">
        <ele>5.895701757632196</ele>
        <time>2026-02-28T04:13:48.900000Z</time>
      </trkpt>
      <trkpt lat="31.081679966302225" lon="121.5127404565253">
        <ele>5.892082122154534</ele>
        <time>2026-02-28T04:13:49.900000Z</time>
      </trkpt>
      <trkpt lat="31.081667617060287" lon="121.51274478959937">
        <ele>5.887886657379568</ele>
        <time>2026-02-28T04:13:50.900000Z</time>
      </trkpt>
      <trkpt lat="31.081655298661456" lon="121.51274932475512">
        <ele>5.883294653147459</ele>
        <time>2026-02-28T04:13:51.900000Z</time>
      </trkpt>
      <trkpt lat="31.081642959546066" lon="121.51275402440281">
        <ele>5.87839677836746</ele>
        <time>2026-02-28T04:13:52.900000Z</time>
      </trkpt>
      <trkpt lat="31.08163063018675" lon="121.51275890503895">
        <ele>5.873141478747129</ele>
        <time>2026-02-28T04:13:53.900000Z</time>
      </trkpt>
      <trkpt lat="31.081618318367376" lon="121.51276394590509">
        <ele>5.8677540039643645</ele>
        <time>2026-02-28T04:13:54.900000Z</time>
      </trkpt>
      <trkpt lat="31.08160604086005" lon="121.51276911556069">
        <ele>5.86224929895252</ele>
        <time>2026-02-28T04:13:55.900000Z</time>
      </trkpt>
      <trkpt lat="31.081593793755772" lon="121.51277439202877">
        <ele>5.856947881169617</ele>
        <time>2026-02-28T04:13:56.900000Z</time>
      </trkpt>
      <trkpt lat="31.08158160669206" lon="121.51277976108759">
        <ele>5.852161398157477</ele>
        <time>2026-02-28T04:13:57.900000Z</time>
      </trkpt>
      <trkpt lat="31.081569450693937" lon="121.51278519318774">
        <ele>5.847703126259148</ele>
        <time>2026-02-28T04:13:58.900000Z</time>
      </trkpt>
      <trkpt lat="31.081557282207346" lon="121.51279065622958">
        <ele>5.843783569522202</ele>
        <time>2026-02-28T04:13:59.900000Z</time>
      </trkpt>
      <trkpt lat="31.08154515038319" lon="121.51279614324051">
        <ele>5.840627224184573</ele>
        <time>2026-02-28T04:14:00.900000Z</time>
      </trkpt>
      <trkpt lat="31.081533054066753" lon="121.5128015878527">
        <ele>5.838123717345297</ele>
        <time>2026-02-28T04:14:01.900000Z</time>
      </trkpt>
      <trkpt lat="31.081521008240383" lon="121.51280702068536">
        <ele>5.836346594616771</ele>
        <time>2026-02-28T04:14:02.900000Z</time>
      </trkpt>
      <trkpt lat="31.081509010694262" lon="121.5128124090688">
        <ele>5.835329553112388</ele>
        <time>2026-02-28T04:14:03.900000Z</time>
      </trkpt>
      <trkpt lat="31.081497054662666" lon="121.51281772558926">
        <ele>5.835317438468337</ele>
        <time>2026-02-28T04:14:04.900000Z</time>
      </trkpt>
      <trkpt lat="31.081485126486342" lon="121.51282294974872">
        <ele>5.835866952314973</ele>
        <time>2026-02-28T04:14:05.900000Z</time>
      </trkpt>
      <trkpt lat="31.08147312864224" lon="121.51282792851808">
        <ele>5.836935481056571</ele>
        <time>2026-02-28T04:14:06.900000Z</time>
      </trkpt>
      <trkpt lat="31.08146112083812" lon="121.51283263588022">
        <ele>5.838507426902652</ele>
        <time>2026-02-28T04:14:07.900000Z</time>
      </trkpt>
      <trkpt lat="31.081449078192758" lon="121.51283703460112">
        <ele>5.840384588576853</ele>
        <time>2026-02-28T04:14:08.900000Z</time>
      </trkpt>
      <trkpt lat="31.08143702536979" lon="121.51284111087296">
        <ele>5.842436268925667</ele>
        <time>2026-02-28T04:14:09.900000Z</time>
      </trkpt>
      <trkpt lat="31.081424961225416" lon="121.51284478992592">
        <ele>5.844388636760414</ele>
        <time>2026-02-28T04:14:10.900000Z</time>
      </trkpt>
      <trkpt lat="31.081412858400697" lon="121.5128480343921">
        <ele>5.8464483777061105</ele>
        <time>2026-02-28T04:14:11.900000Z</time>
      </trkpt>
      <trkpt lat="31.081400697759648" lon="121.51285078488264">
        <ele>5.848422130569816</ele>
        <time>2026-02-28T04:14:12.900000Z</time>
      </trkpt>
      <trkpt lat="31.08138853129456" lon="121.51285303629682">
        <ele>5.850433605723083</ele>
        <time>2026-02-28T04:14:13.900000Z</time>
      </trkpt>
      <trkpt lat="31.081376364644555" lon="121.51285476271347">
        <ele>5.852288303896785</ele>
        <time>2026-02-28T04:14:14.900000Z</time>
      </trkpt>
      <trkpt lat="31.081364218602072" lon="121.51285594953413">
        <ele>5.853349125012755</ele>
        <time>2026-02-28T04:14:15.900000Z</time>
      </trkpt>
      <trkpt lat="31.081352081162752" lon="121.51285658354762">
        <ele>5.854307242669165</ele>
        <time>2026-02-28T04:14:16.900000Z</time>
      </trkpt>
      <trkpt lat="31.08133996779239" lon="121.51285666208494">
        <ele>5.854880950413644</ele>
        <time>2026-02-28T04:14:17.900000Z</time>
      </trkpt>
      <trkpt lat="31.081327906541077" lon="121.51285618349615">
        <ele>5.855162130668759</ele>
        <time>2026-02-28T04:14:18.900000Z</time>
      </trkpt>
      <trkpt lat="31.081315886276418" lon="121.51285513916733">
        <ele>5.855018865317106</ele>
        <time>2026-02-28T04:14:19.900000Z</time>
      </trkpt>
      <trkpt lat="31.081303886898695" lon="121.51285355844644">
        <ele>5.854801969602704</ele>
        <time>2026-02-28T04:14:20.900000Z</time>
      </trkpt>
      <trkpt lat="31.081291921191074" lon="121.51285144673678">
        <ele>5.85452810395509</ele>
        <time>2026-02-28T04:14:21.900000Z</time>
      </trkpt>
      <trkpt lat="31.081280017800516" lon="121.51284884223368">
        <ele>5.854271390475333</ele>
        <time>2026-02-28T04:14:22.900000Z</time>
      </trkpt>
      <trkpt lat="31.08126818050145" lon="121.51284576352217">
        <ele>5.85394932795316</ele>
        <time>2026-02-28T04:14:23.900000Z</time>
      </trkpt>
      <trkpt lat="31.081256430289848" lon="121.51284222574867">
        <ele>5.853204885497689</ele>
        <time>2026-02-28T04:14:24.900000Z</time>
      </trkpt>
      <trkpt lat="31.08124478982589" lon="121.51283826419858">
        <ele>5.852865027263761</ele>
        <time>2026-02-28T04:14:25.900000Z</time>
      </trkpt>
      <trkpt lat="31.08123323136363" lon="121.51283390390515">
        <ele>5.852797253988683</ele>
        <time>2026-02-28T04:14:26.900000Z</time>
      </trkpt>
      <trkpt lat="31.081221726945824" lon="121.5128291551188">
        <ele>5.8528248043730855</ele>
        <time>2026-02-28T04:14:27.900000Z</time>
      </trkpt>
      <trkpt lat="31.0812102625339" lon="121.51282405772203">
        <ele>5.853748555295169</ele>
        <time>2026-02-28T04:14:28.900000Z</time>
      </trkpt>
      <trkpt lat="31.08119883518329" lon="121.51281864628666">
        <ele>5.854882437735796</ele>
        <time>2026-02-28T04:14:29.900000Z</time>
      </trkpt>
      <trkpt lat="31.081187455172504" lon="121.51281296421142">
        <ele>5.856329994276166</ele>
        <time>2026-02-28T04:14:30.900000Z</time>
      </trkpt>
      <trkpt lat="31.081176097540848" lon="121.51280700107523">
        <ele>5.857652404345572</ele>
        <time>2026-02-28T04:14:31.900000Z</time>
      </trkpt>
      <trkpt lat="31.08116476226127" lon="121.51280081224257">
        <ele>5.859429670497775</ele>
        <time>2026-02-28T04:14:32.900000Z</time>
      </trkpt>
      <trkpt lat="31.08115345829131" lon="121.51279440930143">
        <ele>5.861513554118574</ele>
        <time>2026-02-28T04:14:33.900000Z</time>
      </trkpt>
      <trkpt lat="31.08114221498849" lon="121.51278784465545">
        <ele>5.863594559952617</ele>
        <time>2026-02-28T04:14:34.900000Z</time>
      </trkpt>
      <trkpt lat="31.081131039258814" lon="121.51278113923678">
        <ele>5.86597853153944</ele>
        <time>2026-02-28T04:14:35.900000Z</time>
      </trkpt>
      <trkpt lat="31.081119917118397" lon="121.51277433131835">
        <ele>5.868340044282377</ele>
        <time>2026-02-28T04:14:36.900000Z</time>
      </trkpt>
      <trkpt lat="31.081108856828358" lon="121.51276744425142">
        <ele>5.871084583923221</ele>
        <time>2026-02-28T04:14:37.900000Z</time>
      </trkpt>
      <trkpt lat="31.081097841085043" lon="121.51276047325587">
        <ele>5.87387930881232</ele>
        <time>2026-02-28T04:14:38.900000Z</time>
      </trkpt>
      <trkpt lat="31.081086840659317" lon="121.51275341533764">
        <ele>5.87647026963532</ele>
        <time>2026-02-28T04:14:39.900000Z</time>
      </trkpt>
      <trkpt lat="31.081075856717128" lon="121.51274627677748">
        <ele>5.878452996723354</ele>
        <time>2026-02-28T04:14:40.900000Z</time>
      </trkpt>
      <trkpt lat="31.081064897002662" lon="121.51273907099069">
        <ele>5.880696747452021</ele>
        <time>2026-02-28T04:14:41.900000Z</time>
      </trkpt>
      <trkpt lat="31.081053944150803" lon="121.51273177975385">
        <ele>5.882908647879958</ele>
        <time>2026-02-28T04:14:42.900000Z</time>
      </trkpt>
      <trkpt lat="31.081042993071392" lon="121.51272438054839">
        <ele>5.885144884698093</ele>
        <time>2026-02-28T04:14:43.900000Z</time>
        <extensions>
          <gpxtpx:TrackPointExtension>
            <gpxtpx:hr>100</gpxtpx:hr>
          </gpxtpx:TrackPointExtension>
        </extensions>
      </trkpt>
      <trkpt lat="31.081031977224782" lon="121.51271686692476">
        <ele>5.887584932148457</ele>
        <time>2026-02-28T04:14:44.900000Z</time>
        <extensions>
          <gpxtpx:TrackPointExtension>
            <gpxtpx:hr>100</gpxtpx:hr>
          </gpxtpx:TrackPointExtension>
        </extensions>
      </trkpt>
      <trkpt lat="31.081020936453086" lon="121.51270928508211">
        <ele>5.889610778540373</ele>
        <time>2026-02-28T04:14:45.900000Z</time>
        <extensions>
          <gpxtpx:TrackPointExtension>
            <gpxtpx:hr>100</gpxtpx:hr>
          </gpxtpx:TrackPointExtension>
        </extensions>
      </trkpt>
      <trkpt lat="31.08100990004704" lon="121.51270166638486">
        <ele>5.891823134385049</ele>
        <time>2026-02-28T04:14:46.900000Z</time>
        <extensions>
          <gpxtpx:TrackPointExtension>
            <gpxtpx:hr>100</gpxtpx:hr>
          </gpxtpx:TrackPointExtension>
        </extensions>
      </trkpt>
      <trkpt lat="31.080998867506977" lon="121.5126940411311">
        <ele>5.893917347304523</ele>
        <time>2026-02-28T04:14:47.900000Z</time>
        <extensions>
          <gpxtpx:TrackPointExtension>
            <gpxtpx:hr>100</gpxtpx:hr>
          </gpxtpx:TrackPointExtension>
        </extensions>
      </trkpt>
      <trkpt lat="31.080987798784665" lon="121.51268637862071">
        <ele>5.896225221455097</ele>
        <time>2026-02-28T04:14:48.900000Z</time>
        <extensions>
          <gpxtpx:TrackPointExtension>
            <gpxtpx:hr>100</gpxtpx:hr>
          </gpxtpx:TrackPointExtension>
        </extensions>
      </trkpt>
      <trkpt lat="31.080976798351802" lon="121.51267871363335">
        <ele>5.898978664539754</ele>
        <time>2026-02-28T04:14:49.900000Z</time>
        <extensions>
          <gpxtpx:TrackPointExtension>
            <gpxtpx:hr>100</gpxtpx:hr>
          </gpxtpx:TrackPointExtension>
        </extensions>
      </trkpt>
      <trkpt lat="31.080965864999417" lon="121.51267105806564">
        <ele>5.902165253646672</ele>
        <time>2026-02-28T04:14:50.900000Z</time>
        <extensions>
          <gpxtpx:TrackPointExtension>
            <gpxtpx:hr>100</gpxtpx:hr>
          </gpxtpx:TrackPointExtension>
        </extensions>
      </trkpt>
      <trkpt lat="31.080954901527637" lon="121.51266335571235">
        <ele>5.905709786340594</ele>
        <time>2026-02-28T04:14:51.900000Z</time>
        <extensions>
          <gpxtpx:TrackPointExtension>
            <gpxtpx:hr>100</gpxtpx:hr>
          </gpxtpx:TrackPointExtension>
        </extensions>
      </trkpt>
      <trkpt lat="31.08094390437367" lon="121.51265566369403">
        <ele>5.9098528334870934</ele>
        <time>2026-02-28T04:14:52.900000Z</time>
        <extensions>
          <gpxtpx:TrackPointExtension>
            <gpxtpx:hr>100</gpxtpx:hr>
          </gpxtpx:TrackPointExtension>
        </extensions>
      </trkpt>
      <trkpt lat="31.080932884528682" lon="121.51264792679262">
        <ele>5.914827162399888</ele>
        <time>2026-02-28T04:14:53.900000Z</time>
        <extensions>
          <gpxtpx:TrackPointExtension>
            <gpxtpx:hr>100</gpxtpx:hr>
          </gpxtpx:TrackPointExtension>
        </extensions>
      </trkpt>
      <trkpt lat="31.08092190954763" lon="121.5126401731285">
        <ele>5.920270094648004</ele>
        <time>2026-02-28T04:14:54.900000Z</time>
        <extensions>
          <gpxtpx:TrackPointExtension>
            <gpxtpx:hr>100</gpxtpx:hr>
          </gpxtpx:TrackPointExtension>
        </extensions>
      </trkpt>
      <trkpt lat="31.08091082927268" lon="121.51263232480024">
        <ele>5.92694606166333</ele>
        <time>2026-02-28T04:14:55.900000Z</time>
        <extensions>
          <gpxtpx:TrackPointExtension>
            <gpxtpx:hr>100</gpxtpx:hr>
          </gpxtpx:TrackPointExtension>
        </extensions>
      </trkpt>
      <trkpt lat="31.08089976212535" lon="121.51262450473668">
        <ele>5.9344423096627</ele>
        <time>2026-02-28T04:14:56.900000Z</time>
        <extensions>
          <gpxtpx:TrackPointExtension>
            <gpxtpx:hr>100</gpxtpx:hr>
          </gpxtpx:TrackPointExtension>
        </extensions>
      </trkpt>
      <trkpt lat="31.080888589428078" lon="121.51261667754706">
        <ele>5.942584526725113</ele>
        <time>2026-02-28T04:14:57.900000Z</time>
        <extensions>
          <gpxtpx:TrackPointExtension>
            <gpxtpx:hr>100</gpxtpx:hr>
          </gpxtpx:TrackPointExtension>
        </extensions>
      </trkpt>
      <trkpt lat="31.08087738349439" lon="121.51260889590397">
        <ele>5.952183120884001</ele>
        <time>2026-02-28T04:14:58.900000Z</time>
        <extensions>
          <gpxtpx:TrackPointExtension>
            <gpxtpx:hr>100</gpxtpx:hr>
          </gpxtpx:TrackPointExtension>
        </extensions>
      </trkpt>
      <trkpt lat="31.08086613806792" lon="121.51260121336378">
        <ele>5.963002871721983</ele>
        <time>2026-02-28T04:14:59.900000Z</time>
        <extensions>
          <gpxtpx:TrackPointExtension>
            <gpxtpx:hr>100</gpxtpx:hr>
          </gpxtpx:TrackPointExtension>
        </extensions>
      </trkpt>
      <trkpt lat="31.080854710999667" lon="121.51259352880632">
        <ele>5.974647282622755</ele>
        <time>2026-02-28T04:15:00.900000Z</time>
        <extensions>
          <gpxtpx:TrackPointExtension>
            <gpxtpx:hr>100</gpxtpx:hr>
          </gpxtpx:TrackPointExtension>
        </extensions>
      </trkpt>
      <trkpt lat="31.080843233783906" lon="121.51258594116455">
        <ele>5.986811271868646</ele>
        <time>2026-02-28T04:15:01.900000Z</time>
        <extensions>
          <gpxtpx:TrackPointExtension>
            <gpxtpx:hr>100</gpxtpx:hr>
          </gpxtpx:TrackPointExtension>
        </extensions>
      </trkpt>
      <trkpt lat="31.0808316721479" lon="121.51257839265301">
        <ele>5.999699829146266</ele>
        <time>2026-02-28T04:15:02.900000Z</time>
        <extensions>
          <gpxtpx:TrackPointExtension>
            <gpxtpx:hr>100</gpxtpx:hr>
          </gpxtpx:TrackPointExtension>
        </extensions>
      </trkpt>
      <trkpt lat="31.080820073735566" lon="121.51257093768983">
        <ele>6.013402033597231</ele>
        <time>2026-02-28T04:15:03.900000Z</time>
      </trkpt>
      <trkpt lat="31.080808425811213" lon="121.51256354233522">
        <ele>6.027563993819058</ele>
        <time>2026-02-28T04:15:04.900000Z</time>
      </trkpt>
      <trkpt lat="31.080796713347148" lon="121.51255622150738">
        <ele>6.042075878940523</ele>
        <time>2026-02-28T04:15:05.900000Z</time>
      </trkpt>
      <trkpt lat="31.080784963780346" lon="121.51254893818083">
        <ele>6.056924504227936</ele>
        <time>2026-02-28T04:15:06.900000Z</time>
      </trkpt>
      <trkpt lat="31.080773226151916" lon="121.51254173291602">
        <ele>6.072089878842235</ele>
        <time>2026-02-28T04:15:07.900000Z</time>
      </trkpt>
      <trkpt lat="31.080761488113605" lon="121.51253456054106">
        <ele>6.087574357166886</ele>
        <time>2026-02-28T04:15:08.900000Z</time>
      </trkpt>
      <trkpt lat="31.08074974719843" lon="121.51252740274806">
        <ele>6.102718750946224</ele>
        <time>2026-02-28T04:15:09.900000Z</time>
      </trkpt>
      <trkpt lat="31.080738027906875" lon="121.51252025024117">
        <ele>6.11764260660857</ele>
        <time>2026-02-28T04:15:10.900000Z</time>
      </trkpt>
      <trkpt lat="31.08072629034595" lon="121.51251309446799">
        <ele>6.132178270258009</ele>
        <time>2026-02-28T04:15:11.900000Z</time>
      </trkpt>
      <trkpt lat="31.080714554780673" lon="121.51250589954057">
        <ele>6.146325939334929</ele>
        <time>2026-02-28T04:15:12.900000Z</time>
      </trkpt>
      <trkpt lat="31.080702792966232" lon="121.51249863033007">
        <ele>6.1601801216602325</ele>
        <time>2026-02-28T04:15:13.900000Z</time>
      </trkpt>
      <trkpt lat="31.08069101770714" lon="121.51249135005322">
        <ele>6.173739872872829</ele>
        <time>2026-02-28T04:15:14.900000Z</time>
      </trkpt>
      <trkpt lat="31.08067920362635" lon="121.51248403174037">
        <ele>6.186910125426948</ele>
        <time>2026-02-28T04:15:15.900000Z</time>
      </trkpt>
      <trkpt lat="31.08066736707385" lon="121.51247662962467">
        <ele>6.199609817005694</ele>
        <time>2026-02-28T04:15:16.900000Z</time>
      </trkpt>
      <trkpt lat="31.080655504999708" lon="121.51246923356975">
        <ele>6.2118360716849566</ele>
        <time>2026-02-28T04:15:17.900000Z</time>
      </trkpt>
      <trkpt lat="31.080643603455822" lon="121.51246186689939">
        <ele>6.223620283417404</ele>
        <time>2026-02-28T04:15:18.900000Z</time>
      </trkpt>
      <trkpt lat="31.0806316182486" lon="121.51245448212151">
        <ele>6.235060978680849</ele>
        <time>2026-02-28T04:15:20Z</time>
      </trkpt>
      <trkpt lat="31.080619625747726" lon="121.51244713192123">
        <ele>6.2459834814071655</ele>
        <time>2026-02-28T04:15:21Z</time>
      </trkpt>
      <trkpt lat="31.080607626752812" lon="121.51243980429068">
        <ele>6.256363472901285</ele>
        <time>2026-02-28T04:15:22Z</time>
      </trkpt>
      <trkpt lat="31.08059556218575" lon="121.51243263498351">
        <ele>6.266237675212324</ele>
        <time>2026-02-28T04:15:23Z</time>
      </trkpt>
      <trkpt lat="31.080583507754053" lon="121.51242555752268">
        <ele>6.275498020462692</ele>
        <time>2026-02-28T04:15:24Z</time>
      </trkpt>
      <trkpt lat="31.080571445373227" lon="121.51241858889284">
        <ele>6.284101998433471</ele>
        <time>2026-02-28T04:15:25Z</time>
      </trkpt>
      <trkpt lat="31.08055939123637" lon="121.51241173249865">
        <ele>6.291965786367655</ele>
        <time>2026-02-28T04:15:26Z</time>
      </trkpt>
      <trkpt lat="31.080547314817203" lon="121.51240502638082">
        <ele>6.298957858234644</ele>
        <time>2026-02-28T04:15:27Z</time>
      </trkpt>
      <trkpt lat="31.080535221483945" lon="121.51239846000678">
        <ele>6.305044515989721</ele>
        <time>2026-02-28T04:15:28Z</time>
      </trkpt>
      <trkpt lat="31.08052311804198" lon="121.51239208526846">
        <ele>6.310076432302594</ele>
        <time>2026-02-28T04:15:29Z</time>
      </trkpt>
      <trkpt lat="31.0805110051575" lon="121.51238590829297">
        <ele>6.313981272280216</ele>
        <time>2026-02-28T04:15:30Z</time>
      </trkpt>
      <trkpt lat="31.08049888250965" lon="121.51237995265335">
        <ele>6.316620735451579</ele>
        <time>2026-02-28T04:15:31Z</time>
      </trkpt>
      <trkpt lat="31.080486730535256" lon="121.51237426511139">
        <ele>6.317838645540178</ele>
        <time>2026-02-28T04:15:32Z</time>
      </trkpt>
      <trkpt lat="31.08047457534988" lon="121.51236884836722">
        <ele>6.317480958066881</ele>
        <time>2026-02-28T04:15:33Z</time>
      </trkpt>
      <trkpt lat="31.080462468320583" lon="121.51236378110542">
        <ele>6.315769634209573</ele>
        <time>2026-02-28T04:15:34Z</time>
      </trkpt>
      <trkpt lat="31.08045037440848" lon="121.51235906052374">
        <ele>6.312540410086513</ele>
        <time>2026-02-28T04:15:35Z</time>
      </trkpt>
      <trkpt lat="31.080438302223808" lon="121.51235471187113">
        <ele>6.30765225738287</ele>
        <time>2026-02-28T04:15:36Z</time>
      </trkpt>
      <trkpt lat="31.080426220830912" lon="121.51235075430432">
        <ele>6.3014561627060175</ele>
        <time>2026-02-28T04:15:37Z</time>
      </trkpt>
      <trkpt lat="31.08041421661507" lon="121.51234724403889">
        <ele>6.29386402387172</ele>
        <time>2026-02-28T04:15:38Z</time>
      </trkpt>
      <trkpt lat="31.08040228619002" lon="121.51234429866221">
        <ele>6.284932820126414</ele>
        <time>2026-02-28T04:15:39Z</time>
      </trkpt>
      <trkpt lat="31.080390431255907" lon="121.51234199446063">
        <ele>6.274773081764579</ele>
        <time>2026-02-28T04:15:40Z</time>
      </trkpt>
      <trkpt lat="31.08037866455074" lon="121.51234041531939">
        <ele>6.263664401136339</ele>
        <time>2026-02-28T04:15:41Z</time>
      </trkpt>
      <trkpt lat="31.08036701641057" lon="121.51233963558545">
        <ele>6.251321114599705</ele>
        <time>2026-02-28T04:15:42Z</time>
      </trkpt>
      <trkpt lat="31.08035546713643" lon="121.51233970844139">
        <ele>6.2383711859583855</ele>
        <time>2026-02-28T04:15:43Z</time>
      </trkpt>
      <trkpt lat="31.08034410529057" lon="121.51234074740086">
        <ele>6.224604859948158</ele>
        <time>2026-02-28T04:15:44Z</time>
      </trkpt>
      <trkpt lat="31.080332923134527" lon="121.51234268924172">
        <ele>6.210377290844917</ele>
        <time>2026-02-28T04:15:45Z</time>
      </trkpt>
      <trkpt lat="31.080321962691436" lon="121.51234558478858">
        <ele>6.1953925443813205</ele>
        <time>2026-02-28T04:15:46Z</time>
      </trkpt>
      <trkpt lat="31.080311328996338" lon="121.51234952527186">
        <ele>6.17946985270828</ele>
        <time>2026-02-28T04:15:47Z</time>
      </trkpt>
      <trkpt lat="31.080301029942934" lon="121.51235446076062">
        <ele>6.163039560429752</ele>
        <time>2026-02-28T04:15:48Z</time>
      </trkpt>
      <trkpt lat="31.08029112527345" lon="121.51236041752576">
        <ele>6.146181135438383</ele>
        <time>2026-02-28T04:15:49Z</time>
      </trkpt>
      <trkpt lat="31.080281666838673" lon="121.51236731935792">
        <ele>6.129325312562287</ele>
        <time>2026-02-28T04:15:50Z</time>
      </trkpt>
      <trkpt lat="31.080272695171967" lon="121.51237510385982">
        <ele>6.112228813581169</ele>
        <time>2026-02-28T04:15:51Z</time>
      </trkpt>
      <trkpt lat="31.080264234576" lon="121.51238372241781">
        <ele>6.0951524982228875</ele>
        <time>2026-02-28T04:15:51.900000Z</time>
      </trkpt>
      <trkpt lat="31.080256268234198" lon="121.51239310672086">
        <ele>6.0786156272515655</ele>
        <time>2026-02-28T04:15:52.900000Z</time>
      </trkpt>
      <trkpt lat="31.080248827139577" lon="121.5124031505183">
        <ele>6.061905632726848</ele>
        <time>2026-02-28T04:15:53.900000Z</time>
      </trkpt>
      <trkpt lat="31.08024191455184" lon="121.5124137697667">
        <ele>6.0455913646146655</ele>
        <time>2026-02-28T04:15:54.900000Z</time>
      </trkpt>
      <trkpt lat="31.080235571647254" lon="121.51242492551239">
        <ele>6.030484082177281</ele>
        <time>2026-02-28T04:15:55.900000Z</time>
      </trkpt>
      <trkpt lat="31.080229812375748" lon="121.51243656422457">
        <ele>6.01610373519361</ele>
        <time>2026-02-28T04:15:56.900000Z</time>
      </trkpt>
      <trkpt lat="31.08022462156536" lon="121.51244861065415">
        <ele>6.002181260846555</ele>
        <time>2026-02-28T04:15:57.900000Z</time>
      </trkpt>
      <trkpt lat="31.08021997139532" lon="121.51246097801472">
        <ele>5.989449151791632</ele>
        <time>2026-02-28T04:15:58.900000Z</time>
      </trkpt>
      <trkpt lat="31.080215875065576" lon="121.51247360624357">
        <ele>5.977932863868773</ele>
        <time>2026-02-28T04:15:59.900000Z</time>
      </trkpt>
      <trkpt lat="31.080212373594048" lon="121.51248645475619">
        <ele>5.967451500706375</ele>
        <time>2026-02-28T04:16:00.900000Z</time>
      </trkpt>
      <trkpt lat="31.08020946618719" lon="121.51249945655613">
        <ele>5.958537369035184</ele>
        <time>2026-02-28T04:16:01.900000Z</time>
      </trkpt>
      <trkpt lat="31.080207128061822" lon="121.51251256968759">
        <ele>5.95118223130703</ele>
        <time>2026-02-28T04:16:02.900000Z</time>
      </trkpt>
      <trkpt lat="31.080205383448625" lon="121.51252577661104">
        <ele>5.94577522482723</ele>
        <time>2026-02-28T04:16:03.900000Z</time>
      </trkpt>
      <trkpt lat="31.080204262361374" lon="121.51253902883438">
        <ele>5.94131113961339</ele>
        <time>2026-02-28T04:16:04.900000Z</time>
      </trkpt>
      <trkpt lat="31.08020382515236" lon="121.51255228518565">
        <ele>5.938967686146498</ele>
        <time>2026-02-28T04:16:05.900000Z</time>
      </trkpt>
      <trkpt lat="31.080204114385666" lon="121.5125655233974">
        <ele>5.937650393694639</ele>
        <time>2026-02-28T04:16:06.900000Z</time>
      </trkpt>
      <trkpt lat="31.080205172737504" lon="121.51257869983684">
        <ele>5.937812426127493</ele>
        <time>2026-02-28T04:16:07.900000Z</time>
      </trkpt>
      <trkpt lat="31.08020703538076" lon="121.51259175229684">
        <ele>5.9402683060616255</ele>
        <time>2026-02-28T04:16:08.900000Z</time>
      </trkpt>
      <trkpt lat="31.080209740479127" lon="121.51260463724938">
        <ele>5.944620377384126</ele>
        <time>2026-02-28T04:16:09.900000Z</time>
      </trkpt>
      <trkpt lat="31.080213263074295" lon="121.51261732945537">
        <ele>5.95085096731782</ele>
        <time>2026-02-28T04:16:10.900000Z</time>
      </trkpt>
      <trkpt lat="31.080217563571452" lon="121.51262979230633">
        <ele>5.958292473107576</ele>
        <time>2026-02-28T04:16:11.900000Z</time>
      </trkpt>
      <trkpt lat="31.08022257240349" lon="121.51264194817435">
        <ele>5.9673611130565405</ele>
        <time>2026-02-28T04:16:12.900000Z</time>
      </trkpt>
      <trkpt lat="31.080228242110216" lon="121.5126537816369">
        <ele>5.978012854233384</ele>
        <time>2026-02-28T04:16:13.900000Z</time>
      </trkpt>
      <trkpt lat="31.080234575315284" lon="121.51266533029582">
        <ele>5.990174783393741</ele>
        <time>2026-02-28T04:16:14.900000Z</time>
      </trkpt>
      <trkpt lat="31.08024143785002" lon="121.51267664407922">
        <ele>6.00393814407289</ele>
        <time>2026-02-28T04:16:15.900000Z</time>
      </trkpt>
      <trkpt lat="31.08024879644669" lon="121.51268772447213">
        <ele>6.018891270272434</ele>
        <time>2026-02-28T04:16:16.900000Z</time>
      </trkpt>
      <trkpt lat="31.080256628713244" lon="121.5126985633892">
        <ele>6.035061313770711</ele>
        <time>2026-02-28T04:16:17.900000Z</time>
      </trkpt>
      <trkpt lat="31.080264920662785" lon="121.51270918336792">
        <ele>6.052191445603967</ele>
        <time>2026-02-28T04:16:18.900000Z</time>
      </trkpt>
      <trkpt lat="31.080273615305025" lon="121.51271960386437">
        <ele>6.069874194450676</ele>
        <time>2026-02-28T04:16:19.900000Z</time>
      </trkpt>
      <trkpt lat="31.08028264788948" lon="121.51272983302388">
        <ele>6.087746342644095</ele>
        <time>2026-02-28T04:16:20.900000Z</time>
      </trkpt>
      <trkpt lat="31.0802919750878" lon="121.51273985639929">
        <ele>6.105988207273185</ele>
        <time>2026-02-28T04:16:21.900000Z</time>
      </trkpt>
      <trkpt lat="31.080301565668258" lon="121.51274966687879">
        <ele>6.12414531968534</ele>
        <time>2026-02-28T04:16:22.900000Z</time>
      </trkpt>
      <trkpt lat="31.08031142679853" lon="121.51275928457927">
        <ele>6.141722900792956</ele>
        <time>2026-02-28T04:16:23.900000Z</time>
      </trkpt>
      <trkpt lat="31.080321502501235" lon="121.51276869187056">
        <ele>6.158640185371041</ele>
        <time>2026-02-28T04:16:24.900000Z</time>
      </trkpt>
      <trkpt lat="31.080331804454183" lon="121.51277789562593">
        <ele>6.1751974653452635</ele>
        <time>2026-02-28T04:16:25.900000Z</time>
      </trkpt>
      <trkpt lat="31.08034231358492" lon="121.51278690313981">
        <ele>6.18991269916296</ele>
        <time>2026-02-28T04:16:26.900000Z</time>
      </trkpt>
      <trkpt lat="31.080353020370893" lon="121.51279571070842">
        <ele>6.20357499923557</ele>
        <time>2026-02-28T04:16:27.900000Z</time>
      </trkpt>
      <trkpt lat="31.080363905605786" lon="121.51280429410876">
        <ele>6.214736219495535</ele>
        <time>2026-02-28T04:16:28.900000Z</time>
      </trkpt>
      <trkpt lat="31.08037496690187" lon="121.51281262902054">
        <ele>6.224039955995977</ele>
        <time>2026-02-28T04:16:29.900000Z</time>
      </trkpt>
      <trkpt lat="31.08038611177892" lon="121.51282071787097">
        <ele>6.231546352617443</ele>
        <time>2026-02-28T04:16:30.900000Z</time>
      </trkpt>
      <trkpt lat="31.080397431570567" lon="121.5128286272014">
        <ele>6.237318973988295</ele>
        <time>2026-02-28T04:16:31.900000Z</time>
      </trkpt>
      <trkpt lat="31.080408886836413" lon="121.51283636331584">
        <ele>6.241171160712838</ele>
        <time>2026-02-28T04:16:32.900000Z</time>
      </trkpt>
      <trkpt lat="31.080420433109925" lon="121.51284388455876">
        <ele>6.243149355985224</ele>
        <time>2026-02-28T04:16:33.900000Z</time>
      </trkpt>
      <trkpt lat="31.08043207897134" lon="121.51285122711087">
        <ele>6.243195055983961</ele>
        <time>2026-02-28T04:16:34.900000Z</time>
      </trkpt>
      <trkpt lat="31.08044379411958" lon="121.51285843085655">
        <ele>6.241349497810006</ele>
        <time>2026-02-28T04:16:35.900000Z</time>
      </trkpt>
      <trkpt lat="31.080455524117514" lon="121.51286547638536">
        <ele>6.237678062170744</ele>
        <time>2026-02-28T04:16:36.900000Z</time>
      </trkpt>
      <trkpt lat="31.080467290490812" lon="121.51287238834247">
        <ele>6.2323504611849785</ele>
        <time>2026-02-28T04:16:37.900000Z</time>
      </trkpt>
      <trkpt lat="31.080479142476474" lon="121.51287924149571">
        <ele>6.225256824865937</ele>
        <time>2026-02-28T04:16:38.900000Z</time>
      </trkpt>
      <trkpt lat="31.08049104225766" lon="121.51288603457338">
        <ele>6.216483257710934</ele>
        <time>2026-02-28T04:16:39.900000Z</time>
      </trkpt>
      <trkpt lat="31.080502989024062" lon="121.51289280275284">
        <ele>6.20601003896445</ele>
        <time>2026-02-28T04:16:40.900000Z</time>
      </trkpt>
      <trkpt lat="31.0805150141542" lon="121.51289958444487">
        <ele>6.193698015995324</ele>
        <time>2026-02-28T04:16:41.900000Z</time>
      </trkpt>
      <trkpt lat="31.080527094675258" lon="121.51290638249802">
        <ele>6.1797025967389345</ele>
        <time>2026-02-28T04:16:42.900000Z</time>
      </trkpt>
      <trkpt lat="31.080539224062964" lon="121.51291324122565">
        <ele>6.164326302707195</ele>
        <time>2026-02-28T04:16:43.900000Z</time>
      </trkpt>
      <trkpt lat="31.080551375741326" lon="121.51292018197881">
        <ele>6.147828861139715</ele>
        <time>2026-02-28T04:16:44.900000Z</time>
      </trkpt>
      <trkpt lat="31.08056350767158" lon="121.51292716075363">
        <ele>6.130039010196924</ele>
        <time>2026-02-28T04:16:45.900000Z</time>
      </trkpt>
      <trkpt lat="31.080575566970133" lon="121.5129341158449">
        <ele>6.1108383648097515</ele>
        <time>2026-02-28T04:16:46.900000Z</time>
      </trkpt>
      <trkpt lat="31.080587620173226" lon="121.51294108720973">
        <ele>6.0908606313169</ele>
        <time>2026-02-28T04:16:47.900000Z</time>
      </trkpt>
      <trkpt lat="31.08059968578616" lon="121.51294804231775">
        <ele>6.070346985943615</ele>
        <time>2026-02-28T04:16:48.900000Z</time>
      </trkpt>
      <trkpt lat="31.080611786591184" lon="121.51295499562315">
        <ele>6.048567862249911</ele>
        <time>2026-02-28T04:16:49.900000Z</time>
      </trkpt>
      <trkpt lat="31.080623896505866" lon="121.51296190153967">
        <ele>6.02609137352556</ele>
        <time>2026-02-28T04:16:50.900000Z</time>
      </trkpt>
      <trkpt lat="31.080636030946383" lon="121.51296875587245">
        <ele>6.002823313698173</ele>
        <time>2026-02-28T04:16:51.900000Z</time>
      </trkpt>
      <trkpt lat="31.08064813369029" lon="121.51297553579687">
        <ele>5.978531590662897</ele>
        <time>2026-02-28T04:16:52.900000Z</time>
      </trkpt>
      <trkpt lat="31.080660291376944" lon="121.51298227385014">
        <ele>5.953625533729792</ele>
        <time>2026-02-28T04:16:53.900000Z</time>
      </trkpt>
      <trkpt lat="31.080672401425513" lon="121.51298892583003">
        <ele>5.928019154816866</ele>
        <time>2026-02-28T04:16:54.900000Z</time>
      </trkpt>
      <trkpt lat="31.08068450974057" lon="121.51299553162161">
        <ele>5.901859782636166</ele>
        <time>2026-02-28T04:16:55.900000Z</time>
      </trkpt>
      <trkpt lat="31.0806965713806" lon="121.5130020467868">
        <ele>5.875070086680353</ele>
        <time>2026-02-28T04:16:56.900000Z</time>
      </trkpt>
      <trkpt lat="31.080708536628084" lon="121.51300847665826">
        <ele>5.847536323592067</ele>
        <time>2026-02-28T04:16:57.900000Z</time>
      </trkpt>
      <trkpt lat="31.080720416403878" lon="121.51301483053363">
        <ele>5.819599882699549</ele>
        <time>2026-02-28T04:16:58.900000Z</time>
      </trkpt>
      <trkpt lat="31.080732211519933" lon="121.513021136651">
        <ele>5.791199245490134</ele>
        <time>2026-02-28T04:16:59.900000Z</time>
      </trkpt>
      <trkpt lat="31.080743919832983" lon="121.51302738106037">
        <ele>5.762443435378373</ele>
        <time>2026-02-28T04:17:00.900000Z</time>
      </trkpt>
      <trkpt lat="31.080755622400346" lon="121.51303359585238">
        <ele>5.733172086067498</ele>
        <time>2026-02-28T04:17:01.900000Z</time>
        <extensions>
          <gpxtpx:TrackPointExtension>
            <gpxtpx:hr>116</gpxtpx:hr>
          </gpxtpx:TrackPointExtension>
        </extensions>
      </trkpt>
      <trkpt lat="31.080767345923487" lon="121.51303978689197">
        <ele>5.703420637175441</ele>
        <time>2026-02-28T04:17:02.900000Z</time>
        <extensions>
          <gpxtpx:TrackPointExtension>
            <gpxtpx:hr>116</gpxtpx:hr>
          </gpxtpx:TrackPointExtension>
        </extensions>
      </trkpt>
      <trkpt lat="31.080779102367543" lon="121.5130459583686">
        <ele>5.673448164016008</ele>
        <time>2026-02-28T04:17:03.900000Z</time>
        <extensions>
          <gpxtpx:TrackPointExtension>
            <gpxtpx:hr>116</gpxtpx:hr>
          </gpxtpx:TrackPointExtension>
        </extensions>
      </trkpt>
      <trkpt lat="31.080790833665596" lon="121.51305211261123">
        <ele>5.643086407333612</ele>
        <time>2026-02-28T04:17:04.900000Z</time>
        <extensions>
          <gpxtpx:TrackPointExtension>
            <gpxtpx:hr>116</gpxtpx:hr>
          </gpxtpx:TrackPointExtension>
        </extensions>
      </trkpt>
      <trkpt lat="31.080802560704775" lon="121.51305827545966">
        <ele>5.612705168314278</ele>
        <time>2026-02-28T04:17:05.900000Z</time>
        <extensions>
          <gpxtpx:TrackPointExtension>
            <gpxtpx:hr>116</gpxtpx:hr>
          </gpxtpx:TrackPointExtension>
        </extensions>
      </trkpt>
      <trkpt lat="31.080814259905083" lon="121.51306445655676">
        <ele>5.5822985377162695</ele>
        <time>2026-02-28T04:17:06.900000Z</time>
        <extensions>
          <gpxtpx:TrackPointExtension>
            <gpxtpx:hr>116</gpxtpx:hr>
          </gpxtpx:TrackPointExtension>
        </extensions>
      </trkpt>
      <trkpt lat="31.08082589593927" lon="121.51307069462092">
        <ele>5.552354734390974</ele>
        <time>2026-02-28T04:17:07.900000Z</time>
        <extensions>
          <gpxtpx:TrackPointExtension>
            <gpxtpx:hr>116</gpxtpx:hr>
          </gpxtpx:TrackPointExtension>
        </extensions>
      </trkpt>
      <trkpt lat="31.08083745401775" lon="121.51307704704733">
        <ele>5.5226442366838455</ele>
        <time>2026-02-28T04:17:08.900000Z</time>
        <extensions>
          <gpxtpx:TrackPointExtension>
            <gpxtpx:hr>116</gpxtpx:hr>
          </gpxtpx:TrackPointExtension>
        </extensions>
      </trkpt>
      <trkpt lat="31.080848957148564" lon="121.51308354854221">
        <ele>5.493387651629746</ele>
        <time>2026-02-28T04:17:09.900000Z</time>
        <extensions>
          <gpxtpx:TrackPointExtension>
            <gpxtpx:hr>116</gpxtpx:hr>
          </gpxtpx:TrackPointExtension>
        </extensions>
      </trkpt>
      <trkpt lat="31.08086041797632" lon="121.51309019892412">
        <ele>5.46490512508899</ele>
        <time>2026-02-28T04:17:10.900000Z</time>
        <extensions>
          <gpxtpx:TrackPointExtension>
            <gpxtpx:hr>116</gpxtpx:hr>
          </gpxtpx:TrackPointExtension>
        </extensions>
      </trkpt>
      <trkpt lat="31.08087185329951" lon="121.51309702141533">
        <ele>5.4373203022405505</ele>
        <time>2026-02-28T04:17:11.900000Z</time>
        <extensions>
          <gpxtpx:TrackPointExtension>
            <gpxtpx:hr>116</gpxtpx:hr>
          </gpxtpx:TrackPointExtension>
        </extensions>
      </trkpt>
      <trkpt lat="31.080883317650375" lon="121.51310405493425">
        <ele>5.410890464670956</ele>
        <time>2026-02-28T04:17:12.900000Z</time>
        <extensions>
          <gpxtpx:TrackPointExtension>
            <gpxtpx:hr>116</gpxtpx:hr>
          </gpxtpx:TrackPointExtension>
        </extensions>
      </trkpt>
      <trkpt lat="31.08089477162959" lon="121.51311123932824">
        <ele>5.385691496543586</ele>
        <time>2026-02-28T04:17:13.900000Z</time>
        <extensions>
          <gpxtpx:TrackPointExtension>
            <gpxtpx:hr>116</gpxtpx:hr>
          </gpxtpx:TrackPointExtension>
        </extensions>
      </trkpt>
      <trkpt lat="31.080906222298076" lon="121.51311858862702">
        <ele>5.361781932413578</ele>
        <time>2026-02-28T04:17:14.900000Z</time>
        <extensions>
          <gpxtpx:TrackPointExtension>
            <gpxtpx:hr>116</gpxtpx:hr>
          </gpxtpx:TrackPointExtension>
        </extensions>
      </trkpt>
      <trkpt lat="31.08091765456996" lon="121.51312610642593">
        <ele>5.339175087399781</ele>
        <time>2026-02-28T04:17:15.900000Z</time>
        <extensions>
          <gpxtpx:TrackPointExtension>
            <gpxtpx:hr>116</gpxtpx:hr>
          </gpxtpx:TrackPointExtension>
        </extensions>
      </trkpt>
      <trkpt lat="31.080929092572543" lon="121.51313376828057">
        <ele>5.318012454546988</ele>
        <time>2026-02-28T04:17:16.900000Z</time>
        <extensions>
          <gpxtpx:TrackPointExtension>
            <gpxtpx:hr>116</gpxtpx:hr>
          </gpxtpx:TrackPointExtension>
        </extensions>
      </trkpt>
      <trkpt lat="31.080940491390155" lon="121.51314154171428">
        <ele>5.298406266607344</ele>
        <time>2026-02-28T04:17:17.900000Z</time>
        <extensions>
          <gpxtpx:TrackPointExtension>
            <gpxtpx:hr>116</gpxtpx:hr>
          </gpxtpx:TrackPointExtension>
        </extensions>
      </trkpt>
      <trkpt lat="31.080951866156703" lon="121.51314941100402">
        <ele>5.280223881825805</ele>
        <time>2026-02-28T04:17:18.900000Z</time>
        <extensions>
          <gpxtpx:TrackPointExtension>
            <gpxtpx:hr>116</gpxtpx:hr>
          </gpxtpx:TrackPointExtension>
        </extensions>
      </trkpt>
      <trkpt lat="31.08096321230261" lon="121.51315735962514">
        <ele>5.263333817943931</ele>
        <time>2026-02-28T04:17:19.900000Z</time>
        <extensions>
          <gpxtpx:TrackPointExtension>
            <gpxtpx:hr>116</gpxtpx:hr>
          </gpxtpx:TrackPointExtension>
        </extensions>
      </trkpt>
      <trkpt lat="31.08097453442778" lon="121.51316536400232">
        <ele>5.247853433713317</ele>
        <time>2026-02-28T04:17:20.900000Z</time>
        <extensions>
          <gpxtpx:TrackPointExtension>
            <gpxtpx:hr>116</gpxtpx:hr>
          </gpxtpx:TrackPointExtension>
        </extensions>
      </trkpt>
      <trkpt lat="31.080985889780482" lon="121.51317343576488">
        <ele>5.23374879360199</ele>
        <time>2026-02-28T04:17:21.900000Z</time>
        <extensions>
          <gpxtpx:TrackPointExtension>
            <gpxtpx:hr>116</gpxtpx:hr>
          </gpxtpx:TrackPointExtension>
        </extensions>
      </trkpt>
      <trkpt lat="31.080997249903945" lon="121.51318146350545">
        <ele>5.220916718244553</ele>
        <time>2026-02-28T04:17:22.900000Z</time>
      </trkpt>
      <trkpt lat="31.081008677554383" lon="121.51318946642579">
        <ele>5.209508080966771</ele>
        <time>2026-02-28T04:17:23.900000Z</time>
      </trkpt>
      <trkpt lat="31.08102015458084" lon="121.51319742484425">
        <ele>5.199471239000559</ele>
        <time>2026-02-28T04:17:24.900000Z</time>
      </trkpt>
      <trkpt lat="31.081031698145193" lon="121.51320532858061">
        <ele>5.190797741524875</ele>
        <time>2026-02-28T04:17:26Z</time>
      </trkpt>
      <trkpt lat="31.08104325298377" lon="121.51321312769102">
        <ele>5.183610448613763</ele>
        <time>2026-02-28T04:17:27Z</time>
      </trkpt>
      <trkpt lat="31.08105488682016" lon="121.51322085706866">
        <ele>5.177797487936914</ele>
        <time>2026-02-28T04:17:28Z</time>
      </trkpt>
      <trkpt lat="31.081066546231334" lon="121.51322848146862">
        <ele>5.173367042094469</ele>
        <time>2026-02-28T04:17:29Z</time>
      </trkpt>
      <trkpt lat="31.08107824602544" lon="121.5132360317723">
        <ele>5.170349367894232</ele>
        <time>2026-02-28T04:17:30Z</time>
      </trkpt>
      <trkpt lat="31.081089930153098" lon="121.51324346873668">
        <ele>5.168588243424892</ele>
        <time>2026-02-28T04:17:31Z</time>
      </trkpt>
      <trkpt lat="31.08110163766719" lon="121.51325081268537">
        <ele>5.168053371831775</ele>
        <time>2026-02-28T04:17:32Z</time>
      </trkpt>
      <trkpt lat="31.08111339446" lon="121.51325811169808">
        <ele>5.168603424914181</ele>
        <time>2026-02-28T04:17:33Z</time>
      </trkpt>
      <trkpt lat="31.081125034105803" lon="121.51326531052776">
        <ele>5.1703612599521875</ele>
        <time>2026-02-28T04:17:34Z</time>
      </trkpt>
      <trkpt lat="31.08113664860132" lon="121.51327244506793">
        <ele>5.173193207941949</ele>
        <time>2026-02-28T04:17:35Z</time>
      </trkpt>
      <trkpt lat="31.08114822604176" lon="121.51327952753634">
        <ele>5.176966325379908</ele>
        <time>2026-02-28T04:17:36Z</time>
      </trkpt>
      <trkpt lat="31.081159773624613" lon="121.5132866062017">
        <ele>5.181543621234596</ele>
        <time>2026-02-28T04:17:37Z</time>
      </trkpt>
      <trkpt lat="31.081171290490918" lon="121.51329372669072">
        <ele>5.187111984938383</ele>
        <time>2026-02-28T04:17:38Z</time>
      </trkpt>
      <trkpt lat="31.081182786743486" lon="121.51330092677637">
        <ele>5.193600586615503</ele>
        <time>2026-02-28T04:17:39Z</time>
      </trkpt>
      <trkpt lat="31.08119424227656" lon="121.51330822238774">
        <ele>5.2010212652385235</ele>
        <time>2026-02-28T04:17:40Z</time>
      </trkpt>
      <trkpt lat="31.081205688152036" lon="121.51331565223613">
        <ele>5.2093355329707265</ele>
        <time>2026-02-28T04:17:41Z</time>
      </trkpt>
      <trkpt lat="31.08121705286439" lon="121.51332318566102">
        <ele>5.218704454600811</ele>
        <time>2026-02-28T04:17:42Z</time>
      </trkpt>
      <trkpt lat="31.081228395049994" lon="121.51333084309583">
        <ele>5.2288143346086144</ele>
        <time>2026-02-28T04:17:43Z</time>
      </trkpt>
      <trkpt lat="31.081239716113178" lon="121.51333859092219">
        <ele>5.239619217813015</ele>
        <time>2026-02-28T04:17:44Z</time>
      </trkpt>
      <trkpt lat="31.081250992123902" lon="121.51334639160204">
        <ele>5.251212457194924</ele>
        <time>2026-02-28T04:17:45Z</time>
      </trkpt>
      <trkpt lat="31.08126223098897" lon="121.51335423005635">
        <ele>5.2633715234696865</ele>
        <time>2026-02-28T04:17:46Z</time>
      </trkpt>
      <trkpt lat="31.081273451618856" lon="121.5133621145134">
        <ele>5.2761184042319655</ele>
        <time>2026-02-28T04:17:47Z</time>
      </trkpt>
      <trkpt lat="31.081284670220956" lon="121.51337006157517">
        <ele>5.289034314453602</ele>
        <time>2026-02-28T04:17:48Z</time>
      </trkpt>
      <trkpt lat="31.081295887752976" lon="121.51337805954842">
        <ele>5.302276465110481</ele>
        <time>2026-02-28T04:17:49Z</time>
      </trkpt>
      <trkpt lat="31.081307094236408" lon="121.51338610488668">
        <ele>5.315552016720176</ele>
        <time>2026-02-28T04:17:50Z</time>
      </trkpt>
      <trkpt lat="31.081318306257316" lon="121.51339418988893">
        <ele>5.329006966203451</ele>
        <time>2026-02-28T04:17:51Z</time>
      </trkpt>
      <trkpt lat="31.081329509650796" lon="121.51340232289115">
        <ele>5.342713941819966</ele>
        <time>2026-02-28T04:17:52Z</time>
      </trkpt>
      <trkpt lat="31.081340712345174" lon="121.51341051195674">
        <ele>5.356331027112901</ele>
        <time>2026-02-28T04:17:53Z</time>
      </trkpt>
      <trkpt lat="31.081351911270996" lon="121.51341870178832">
        <ele>5.369728544726968</ele>
        <time>2026-02-28T04:17:54Z</time>
      </trkpt>
      <trkpt lat="31.081363105388913" lon="121.5134268836271">
        <ele>5.3828497882932425</ele>
        <time>2026-02-28T04:17:55Z</time>
      </trkpt>
      <trkpt lat="31.081374349301658" lon="121.51343503072889">
        <ele>5.3954499857500196</ele>
        <time>2026-02-28T04:17:55.900000Z</time>
      </trkpt>
      <trkpt lat="31.08138561742718" lon="121.51344312975421">
        <ele>5.407687927596271</ele>
        <time>2026-02-28T04:17:56.900000Z</time>
      </trkpt>
      <trkpt lat="31.08139689356341" lon="121.51345114288732">
        <ele>5.41944969072938</ele>
        <time>2026-02-28T04:17:57.900000Z</time>
      </trkpt>
      <trkpt lat="31.081408211389657" lon="121.5134590778309">
        <ele>5.430458393879235</ele>
        <time>2026-02-28T04:17:58.900000Z</time>
      </trkpt>
      <trkpt lat="31.081419601750135" lon="121.51346694849782">
        <ele>5.440825469791889</ele>
        <time>2026-02-28T04:17:59.900000Z</time>
      </trkpt>
      <trkpt lat="31.081431031828988" lon="121.51347469008533">
        <ele>5.45046457555145</ele>
        <time>2026-02-28T04:18:00.900000Z</time>
      </trkpt>
      <trkpt lat="31.08144251023983" lon="121.513482314898">
        <ele>5.459538067691028</ele>
        <time>2026-02-28T04:18:01.900000Z</time>
      </trkpt>
      <trkpt lat="31.08145403294009" lon="121.51348978374426">
        <ele>5.467976097017527</ele>
        <time>2026-02-28T04:18:02.900000Z</time>
      </trkpt>
      <trkpt lat="31.081465580391182" lon="121.51349705907747">
        <ele>5.475665742531419</ele>
        <time>2026-02-28T04:18:03.900000Z</time>
      </trkpt>
      <trkpt lat="31.081477199295303" lon="121.51350417263521">
        <ele>5.482907964847982</ele>
        <time>2026-02-28T04:18:04.900000Z</time>
      </trkpt>
      <trkpt lat="31.081488880961604" lon="121.51351108931847">
        <ele>5.4896600702777505</ele>
        <time>2026-02-28T04:18:05.900000Z</time>
      </trkpt>
      <trkpt lat="31.08150063406197" lon="121.51351777853567">
        <ele>5.4956797026097775</ele>
        <time>2026-02-28T04:18:06.900000Z</time>
      </trkpt>
      <trkpt lat="31.081512428228088" lon="121.51352422616033">
        <ele>5.50062720477581</ele>
        <time>2026-02-28T04:18:07.900000Z</time>
      </trkpt>
      <trkpt lat="31.081524298368283" lon="121.51353046729174">
        <ele>5.504984825849533</ele>
        <time>2026-02-28T04:18:08.900000Z</time>
      </trkpt>
      <trkpt lat="31.081536209754653" lon="121.51353648540695">
        <ele>5.508557834662497</ele>
        <time>2026-02-28T04:18:09.900000Z</time>
      </trkpt>
      <trkpt lat="31.08154818922617" lon="121.51354229325985">
        <ele>5.511326174251735</ele>
        <time>2026-02-28T04:18:10.900000Z</time>
      </trkpt>
      <trkpt lat="31.081560187744437" lon="121.51354788214209">
        <ele>5.513095183297992</ele>
        <time>2026-02-28T04:18:11.900000Z</time>
      </trkpt>
      <trkpt lat="31.08157215418152" lon="121.51355328027012">
        <ele>5.51380620803684</ele>
        <time>2026-02-28T04:18:12.900000Z</time>
      </trkpt>
      <trkpt lat="31.08158409778004" lon="121.51355850500235">
        <ele>5.513689374551177</ele>
        <time>2026-02-28T04:18:13.900000Z</time>
      </trkpt>
      <trkpt lat="31.08159600416851" lon="121.513563575356">
        <ele>5.512597161345184</ele>
        <time>2026-02-28T04:18:14.900000Z</time>
      </trkpt>
      <trkpt lat="31.08160786501786" lon="121.51356850384752">
        <ele>5.510470890440047</ele>
        <time>2026-02-28T04:18:15.900000Z</time>
      </trkpt>
      <trkpt lat="31.081619673706925" lon="121.51357330418041">
        <ele>5.507306777872145</ele>
        <time>2026-02-28T04:18:16.900000Z</time>
      </trkpt>
      <trkpt lat="31.081631446790798" lon="121.51357800121156">
        <ele>5.503090798854828</ele>
        <time>2026-02-28T04:18:17.900000Z</time>
      </trkpt>
      <trkpt lat="31.08164318353766" lon="121.51358263864088">
        <ele>5.497672939673066</ele>
        <time>2026-02-28T04:18:18.900000Z</time>
      </trkpt>
      <trkpt lat="31.08165483828646" lon="121.5135872024085">
        <ele>5.491287930868566</ele>
        <time>2026-02-28T04:18:19.900000Z</time>
      </trkpt>
      <trkpt lat="31.081666520134366" lon="121.51359175586042">
        <ele>5.484416302293539</ele>
        <time>2026-02-28T04:18:20.900000Z</time>
      </trkpt>
      <trkpt lat="31.081678202399765" lon="121.51359632824533">
        <ele>5.476466533727944</ele>
        <time>2026-02-28T04:18:21.900000Z</time>
      </trkpt>
      <trkpt lat="31.08168989390204" lon="121.51360094591291">
        <ele>5.467767654918134</ele>
        <time>2026-02-28T04:18:22.900000Z</time>
      </trkpt>
      <trkpt lat="31.081701601911757" lon="121.51360564211168">
        <ele>5.458201232366264</ele>
        <time>2026-02-28T04:18:23.900000Z</time>
      </trkpt>
      <trkpt lat="31.0817133591004" lon="121.5136104499167">
        <ele>5.448006852529943</ele>
        <time>2026-02-28T04:18:24.900000Z</time>
      </trkpt>
      <trkpt lat="31.08172513336599" lon="121.51361539142098">
        <ele>5.436988394707441</ele>
        <time>2026-02-28T04:18:25.900000Z</time>
      </trkpt>
      <trkpt lat="31.081736919807113" lon="121.5136205033018">
        <ele>5.425238808616996</ele>
        <time>2026-02-28T04:18:26.900000Z</time>
      </trkpt>
      <trkpt lat="31.08174869815213" lon="121.51362581672178">
        <ele>5.412731043063104</ele>
        <time>2026-02-28T04:18:27.900000Z</time>
      </trkpt>
      <trkpt lat="31.081760476910542" lon="121.51363131514339">
        <ele>5.39942875597626</ele>
        <time>2026-02-28T04:18:28.900000Z</time>
      </trkpt>
      <trkpt lat="31.081772248787406" lon="121.51363697272207">
        <ele>5.385418199002743</ele>
        <time>2026-02-28T04:18:29.900000Z</time>
      </trkpt>
      <trkpt lat="31.081784017576204" lon="121.51364277382899">
        <ele>5.370991309173405</ele>
        <time>2026-02-28T04:18:30.900000Z</time>
      </trkpt>
      <trkpt lat="31.08179580628307" lon="121.51364872292527">
        <ele>5.355776177719235</ele>
        <time>2026-02-28T04:18:31.900000Z</time>
      </trkpt>
      <trkpt lat="31.08180763675859" lon="121.51365483136932">
        <ele>5.340294836089015</ele>
        <time>2026-02-28T04:18:32.900000Z</time>
      </trkpt>
      <trkpt lat="31.081819501562737" lon="121.5136610726407">
        <ele>5.324726527556777</ele>
        <time>2026-02-28T04:18:33.900000Z</time>
      </trkpt>
      <trkpt lat="31.08183138735179" lon="121.51366744911476">
        <ele>5.30901059973985</ele>
        <time>2026-02-28T04:18:34.900000Z</time>
      </trkpt>
      <trkpt lat="31.081843275866554" lon="121.5136739543768">
        <ele>5.293551775626838</ele>
        <time>2026-02-28T04:18:35.900000Z</time>
      </trkpt>
      <trkpt lat="31.08185516822949" lon="121.51368055069142">
        <ele>5.278449861332774</ele>
        <time>2026-02-28T04:18:36.900000Z</time>
      </trkpt>
      <trkpt lat="31.081867052443737" lon="121.51368722338982">
        <ele>5.263913662172854</ele>
        <time>2026-02-28T04:18:37.900000Z</time>
      </trkpt>
      <trkpt lat="31.081878935646518" lon="121.51369393632105">
        <ele>5.250387760810554</ele>
        <time>2026-02-28T04:18:38.900000Z</time>
      </trkpt>
      <trkpt lat="31.081890791779102" lon="121.51370066499747">
        <ele>5.238010324537754</ele>
        <time>2026-02-28T04:18:39.900000Z</time>
      </trkpt>
      <trkpt lat="31.0819026501135" lon="121.51370744785648">
        <ele>5.226929966360331</ele>
        <time>2026-02-28T04:18:40.900000Z</time>
      </trkpt>
      <trkpt lat="31.081914489071963" lon="121.51371424636471">
        <ele>5.217275318689644</ele>
        <time>2026-02-28T04:18:41.900000Z</time>
      </trkpt>
      <trkpt lat="31.08192629295827" lon="121.5137210471629">
        <ele>5.209697456099093</ele>
        <time>2026-02-28T04:18:42.900000Z</time>
      </trkpt>
      <trkpt lat="31.081938067527037" lon="121.51372787400774">
        <ele>5.20383514650166</ele>
        <time>2026-02-28T04:18:43.900000Z</time>
      </trkpt>
      <trkpt lat="31.081949812487075" lon="121.51373472663994">
        <ele>5.200361419469118</ele>
        <time>2026-02-28T04:18:44.900000Z</time>
      </trkpt>
      <trkpt lat="31.081961505927367" lon="121.51374161294581">
        <ele>5.199171571992338</ele>
        <time>2026-02-28T04:18:45.900000Z</time>
      </trkpt>
      <trkpt lat="31.08197315213255" lon="121.51374854060545">
        <ele>5.200061424635351</ele>
        <time>2026-02-28T04:18:46.900000Z</time>
      </trkpt>
      <trkpt lat="31.081984743698715" lon="121.5137554923106">
        <ele>5.203481417149305</ele>
        <time>2026-02-28T04:18:47.900000Z</time>
      </trkpt>
      <trkpt lat="31.081996282987422" lon="121.5137624571262">
        <ele>5.209415568038821</ele>
        <time>2026-02-28T04:18:48.900000Z</time>
      </trkpt>
      <trkpt lat="31.082007777412038" lon="121.51376943221125">
        <ele>5.217648431658745</ele>
        <time>2026-02-28T04:18:49.900000Z</time>
        <extensions>
          <gpxtpx:TrackPointExtension>
            <gpxtpx:hr>114</gpxtpx:hr>
          </gpxtpx:TrackPointExtension>
        </extensions>
      </trkpt>
      <trkpt lat="31.08201923244363" lon="121.51377644851225">
        <ele>5.227836995385587</ele>
        <time>2026-02-28T04:18:50.900000Z</time>
        <extensions>
          <gpxtpx:TrackPointExtension>
            <gpxtpx:hr>114</gpxtpx:hr>
          </gpxtpx:TrackPointExtension>
        </extensions>
      </trkpt>
      <trkpt lat="31.082030567613923" lon="121.51378346143666">
        <ele>5.240217877551913</ele>
        <time>2026-02-28T04:18:51.900000Z</time>
        <extensions>
          <gpxtpx:TrackPointExtension>
            <gpxtpx:hr>114</gpxtpx:hr>
          </gpxtpx:TrackPointExtension>
        </extensions>
      </trkpt>
      <trkpt lat="31.082041913519742" lon="121.51379051503639">
        <ele>5.253983872011304</ele>
        <time>2026-02-28T04:18:52.900000Z</time>
        <extensions>
          <gpxtpx:TrackPointExtension>
            <gpxtpx:hr>114</gpxtpx:hr>
          </gpxtpx:TrackPointExtension>
        </extensions>
      </trkpt>
      <trkpt lat="31.08205320574577" lon="121.51379749553514">
        <ele>5.269549811258912</ele>
        <time>2026-02-28T04:18:53.900000Z</time>
        <extensions>
          <gpxtpx:TrackPointExtension>
            <gpxtpx:hr>114</gpxtpx:hr>
          </gpxtpx:TrackPointExtension>
        </extensions>
      </trkpt>
      <trkpt lat="31.08206452336358" lon="121.51380450938122">
        <ele>5.286820526234806</ele>
        <time>2026-02-28T04:18:54.900000Z</time>
        <extensions>
          <gpxtpx:TrackPointExtension>
            <gpxtpx:hr>114</gpxtpx:hr>
          </gpxtpx:TrackPointExtension>
        </extensions>
      </trkpt>
      <trkpt lat="31.08207577396135" lon="121.5138115137053">
        <ele>5.3057068875059485</ele>
        <time>2026-02-28T04:18:55.900000Z</time>
        <extensions>
          <gpxtpx:TrackPointExtension>
            <gpxtpx:hr>114</gpxtpx:hr>
          </gpxtpx:TrackPointExtension>
        </extensions>
      </trkpt>
      <trkpt lat="31.082087020584364" lon="121.51381857897123">
        <ele>5.326260866597295</ele>
        <time>2026-02-28T04:18:56.900000Z</time>
        <extensions>
          <gpxtpx:TrackPointExtension>
            <gpxtpx:hr>114</gpxtpx:hr>
          </gpxtpx:TrackPointExtension>
        </extensions>
      </trkpt>
      <trkpt lat="31.082098247628984" lon="121.5138256144851">
        <ele>5.348087579011917</ele>
        <time>2026-02-28T04:18:57.900000Z</time>
        <extensions>
          <gpxtpx:TrackPointExtension>
            <gpxtpx:hr>114</gpxtpx:hr>
          </gpxtpx:TrackPointExtension>
        </extensions>
      </trkpt>
      <trkpt lat="31.08210946259335" lon="121.51383263599595">
        <ele>5.371120764873922</ele>
        <time>2026-02-28T04:18:58.900000Z</time>
        <extensions>
          <gpxtpx:TrackPointExtension>
            <gpxtpx:hr>114</gpxtpx:hr>
          </gpxtpx:TrackPointExtension>
        </extensions>
      </trkpt>
      <trkpt lat="31.082120641789547" lon="121.51383964248636">
        <ele>5.3953755078837276</ele>
        <time>2026-02-28T04:18:59.900000Z</time>
        <extensions>
          <gpxtpx:TrackPointExtension>
            <gpxtpx:hr>114</gpxtpx:hr>
          </gpxtpx:TrackPointExtension>
        </extensions>
      </trkpt>
      <trkpt lat="31.082131795460505" lon="121.51384664535749">
        <ele>5.420559144578874</ele>
        <time>2026-02-28T04:19:00.900000Z</time>
        <extensions>
          <gpxtpx:TrackPointExtension>
            <gpxtpx:hr>114</gpxtpx:hr>
          </gpxtpx:TrackPointExtension>
        </extensions>
      </trkpt>
      <trkpt lat="31.082142913744967" lon="121.51385364585155">
        <ele>5.446514488197863</ele>
        <time>2026-02-28T04:19:01.900000Z</time>
        <extensions>
          <gpxtpx:TrackPointExtension>
            <gpxtpx:hr>114</gpxtpx:hr>
          </gpxtpx:TrackPointExtension>
        </extensions>
      </trkpt>
      <trkpt lat="31.08215402776643" lon="121.51386063606012">
        <ele>5.472890252247453</ele>
        <time>2026-02-28T04:19:02.900000Z</time>
        <extensions>
          <gpxtpx:TrackPointExtension>
            <gpxtpx:hr>112</gpxtpx:hr>
          </gpxtpx:TrackPointExtension>
        </extensions>
      </trkpt>
      <trkpt lat="31.082165142824685" lon="121.51386761595569">
        <ele>5.499507403932512</ele>
        <time>2026-02-28T04:19:03.900000Z</time>
        <extensions>
          <gpxtpx:TrackPointExtension>
            <gpxtpx:hr>112</gpxtpx:hr>
          </gpxtpx:TrackPointExtension>
        </extensions>
      </trkpt>
      <trkpt lat="31.082176289490878" lon="121.5138746471125">
        <ele>5.526306262239814</ele>
        <time>2026-02-28T04:19:04.900000Z</time>
        <extensions>
          <gpxtpx:TrackPointExtension>
            <gpxtpx:hr>112</gpxtpx:hr>
          </gpxtpx:TrackPointExtension>
        </extensions>
      </trkpt>
      <trkpt lat="31.082187440721242" lon="121.5138816968544">
        <ele>5.553324139676988</ele>
        <time>2026-02-28T04:19:05.900000Z</time>
        <extensions>
          <gpxtpx:TrackPointExtension>
            <gpxtpx:hr>112</gpxtpx:hr>
          </gpxtpx:TrackPointExtension>
        </extensions>
      </trkpt>
      <trkpt lat="31.08219860688231" lon="121.51388878789312">
        <ele>5.58015101402998</ele>
        <time>2026-02-28T04:19:06.900000Z</time>
        <extensions>
          <gpxtpx:TrackPointExtension>
            <gpxtpx:hr>112</gpxtpx:hr>
          </gpxtpx:TrackPointExtension>
        </extensions>
      </trkpt>
      <trkpt lat="31.082209765478527" lon="121.5138959275966">
        <ele>5.606514104641974</ele>
        <time>2026-02-28T04:19:07.900000Z</time>
        <extensions>
          <gpxtpx:TrackPointExtension>
            <gpxtpx:hr>112</gpxtpx:hr>
          </gpxtpx:TrackPointExtension>
        </extensions>
      </trkpt>
      <trkpt lat="31.082220914527515" lon="121.51390309573144">
        <ele>5.632365171797574</ele>
        <time>2026-02-28T04:19:08.900000Z</time>
        <extensions>
          <gpxtpx:TrackPointExtension>
            <gpxtpx:hr>112</gpxtpx:hr>
          </gpxtpx:TrackPointExtension>
        </extensions>
      </trkpt>
      <trkpt lat="31.08223204316162" lon="121.51391029585729">
        <ele>5.657460971735418</ele>
        <time>2026-02-28T04:19:09.900000Z</time>
        <extensions>
          <gpxtpx:TrackPointExtension>
            <gpxtpx:hr>112</gpxtpx:hr>
          </gpxtpx:TrackPointExtension>
        </extensions>
      </trkpt>
      <trkpt lat="31.082243175903727" lon="121.51391755951474">
        <ele>5.681692942045629</ele>
        <time>2026-02-28T04:19:10.900000Z</time>
        <extensions>
          <gpxtpx:TrackPointExtension>
            <gpxtpx:hr>113</gpxtpx:hr>
          </gpxtpx:TrackPointExtension>
        </extensions>
      </trkpt>
      <trkpt lat="31.082254238965273" lon="121.51392487018686">
        <ele>5.7052053809165955</ele>
        <time>2026-02-28T04:19:11.900000Z</time>
        <extensions>
          <gpxtpx:TrackPointExtension>
            <gpxtpx:hr>113</gpxtpx:hr>
          </gpxtpx:TrackPointExtension>
        </extensions>
      </trkpt>
      <trkpt lat="31.082265308778577" lon="121.5139322851237">
        <ele>5.727418632246554</ele>
        <time>2026-02-28T04:19:12.900000Z</time>
        <extensions>
          <gpxtpx:TrackPointExtension>
            <gpxtpx:hr>113</gpxtpx:hr>
          </gpxtpx:TrackPointExtension>
        </extensions>
      </trkpt>
      <trkpt lat="31.082276369665166" lon="121.51393974366141">
        <ele>5.748480098322034</ele>
        <time>2026-02-28T04:19:13.900000Z</time>
        <extensions>
          <gpxtpx:TrackPointExtension>
            <gpxtpx:hr>113</gpxtpx:hr>
          </gpxtpx:TrackPointExtension>
        </extensions>
      </trkpt>
      <trkpt lat="31.082287448646127" lon="121.51394725177181">
        <ele>5.768429963849485</ele>
        <time>2026-02-28T04:19:14.900000Z</time>
        <extensions>
          <gpxtpx:TrackPointExtension>
            <gpxtpx:hr>113</gpxtpx:hr>
          </gpxtpx:TrackPointExtension>
        </extensions>
      </trkpt>
      <trkpt lat="31.08229855257763" lon="121.5139548034151">
        <ele>5.786853173747659</ele>
        <time>2026-02-28T04:19:15.900000Z</time>
        <extensions>
          <gpxtpx:TrackPointExtension>
            <gpxtpx:hr>112</gpxtpx:hr>
          </gpxtpx:TrackPointExtension>
        </extensions>
      </trkpt>
      <trkpt lat="31.082309673825208" lon="121.51396237184966">
        <ele>5.803913060575724</ele>
        <time>2026-02-28T04:19:16.900000Z</time>
        <extensions>
          <gpxtpx:TrackPointExtension>
            <gpxtpx:hr>112</gpxtpx:hr>
          </gpxtpx:TrackPointExtension>
        </extensions>
      </trkpt>
      <trkpt lat="31.082320878371675" lon="121.5139699531748">
        <ele>5.819354903884232</ele>
        <time>2026-02-28T04:19:17.900000Z</time>
        <extensions>
          <gpxtpx:TrackPointExtension>
            <gpxtpx:hr>112</gpxtpx:hr>
          </gpxtpx:TrackPointExtension>
        </extensions>
      </trkpt>
      <trkpt lat="31.082332098776995" lon="121.51397751193609">
        <ele>5.832959312945604</ele>
        <time>2026-02-28T04:19:18.900000Z</time>
        <extensions>
          <gpxtpx:TrackPointExtension>
            <gpxtpx:hr>112</gpxtpx:hr>
          </gpxtpx:TrackPointExtension>
        </extensions>
      </trkpt>
      <trkpt lat="31.08234335052784" lon="121.51398505084947">
        <ele>5.844893217086792</ele>
        <time>2026-02-28T04:19:19.900000Z</time>
        <extensions>
          <gpxtpx:TrackPointExtension>
            <gpxtpx:hr>112</gpxtpx:hr>
          </gpxtpx:TrackPointExtension>
        </extensions>
      </trkpt>
      <trkpt lat="31.082354614216403" lon="121.51399259094534">
        <ele>5.8546955194324255</ele>
        <time>2026-02-28T04:19:20.900000Z</time>
        <extensions>
          <gpxtpx:TrackPointExtension>
            <gpxtpx:hr>112</gpxtpx:hr>
          </gpxtpx:TrackPointExtension>
        </extensions>
      </trkpt>
      <trkpt lat="31.082365878707755" lon="121.51400014347614">
        <ele>5.862543178722262</ele>
        <time>2026-02-28T04:19:21.900000Z</time>
        <extensions>
          <gpxtpx:TrackPointExtension>
            <gpxtpx:hr>110</gpxtpx:hr>
          </gpxtpx:TrackPointExtension>
        </extensions>
      </trkpt>
      <trkpt lat="31.082377142301915" lon="121.51400770786704">
        <ele>5.868383353576064</ele>
        <time>2026-02-28T04:19:22.900000Z</time>
        <extensions>
          <gpxtpx:TrackPointExtension>
            <gpxtpx:hr>110</gpxtpx:hr>
          </gpxtpx:TrackPointExtension>
        </extensions>
      </trkpt>
      <trkpt lat="31.0823883741487" lon="121.51401529261254">
        <ele>5.871738904155791</ele>
        <time>2026-02-28T04:19:23.900000Z</time>
        <extensions>
          <gpxtpx:TrackPointExtension>
            <gpxtpx:hr>110</gpxtpx:hr>
          </gpxtpx:TrackPointExtension>
        </extensions>
      </trkpt>
      <trkpt lat="31.082399614986223" lon="121.51402293705081">
        <ele>5.872874977067113</ele>
        <time>2026-02-28T04:19:24.900000Z</time>
        <extensions>
          <gpxtpx:TrackPointExtension>
            <gpxtpx:hr>110</gpxtpx:hr>
          </gpxtpx:TrackPointExtension>
        </extensions>
      </trkpt>
      <trkpt lat="31.08241081353676" lon="121.51403061347689">
        <ele>5.87166568916291</ele>
        <time>2026-02-28T04:19:25.900000Z</time>
        <extensions>
          <gpxtpx:TrackPointExtension>
            <gpxtpx:hr>110</gpxtpx:hr>
          </gpxtpx:TrackPointExtension>
        </extensions>
      </trkpt>
      <trkpt lat="31.08242198844594" lon="121.51403834107674">
        <ele>5.867948601953685</ele>
        <time>2026-02-28T04:19:26.900000Z</time>
        <extensions>
          <gpxtpx:TrackPointExtension>
            <gpxtpx:hr>109</gpxtpx:hr>
          </gpxtpx:TrackPointExtension>
        </extensions>
      </trkpt>
      <trkpt lat="31.082433184519758" lon="121.51404616223319">
        <ele>5.861801516264677</ele>
        <time>2026-02-28T04:19:27.900000Z</time>
        <extensions>
          <gpxtpx:TrackPointExtension>
            <gpxtpx:hr>109</gpxtpx:hr>
          </gpxtpx:TrackPointExtension>
        </extensions>
      </trkpt>
      <trkpt lat="31.082444340532614" lon="121.51405408247352">
        <ele>5.853244720958173</ele>
        <time>2026-02-28T04:19:28.900000Z</time>
        <extensions>
          <gpxtpx:TrackPointExtension>
            <gpxtpx:hr>109</gpxtpx:hr>
          </gpxtpx:TrackPointExtension>
        </extensions>
      </trkpt>
      <trkpt lat="31.08245549993848" lon="121.5140621057742">
        <ele>5.842322923243046</ele>
        <time>2026-02-28T04:19:29.900000Z</time>
        <extensions>
          <gpxtpx:TrackPointExtension>
            <gpxtpx:hr>109</gpxtpx:hr>
          </gpxtpx:TrackPointExtension>
        </extensions>
      </trkpt>
      <trkpt lat="31.08246662383896" lon="121.51407019799389">
        <ele>5.829236303456128</ele>
        <time>2026-02-28T04:19:30.900000Z</time>
        <extensions>
          <gpxtpx:TrackPointExtension>
            <gpxtpx:hr>109</gpxtpx:hr>
          </gpxtpx:TrackPointExtension>
        </extensions>
      </trkpt>
      <trkpt lat="31.082477772948224" lon="121.51407835981563">
        <ele>5.813644232228398</ele>
        <time>2026-02-28T04:19:32Z</time>
        <extensions>
          <gpxtpx:TrackPointExtension>
            <gpxtpx:hr>109</gpxtpx:hr>
          </gpxtpx:TrackPointExtension>
        </extensions>
      </trkpt>
      <trkpt lat="31.082488911196197" lon="121.51408655565318">
        <ele>5.7958905613049865</ele>
        <time>2026-02-28T04:19:33Z</time>
        <extensions>
          <gpxtpx:TrackPointExtension>
            <gpxtpx:hr>109</gpxtpx:hr>
          </gpxtpx:TrackPointExtension>
        </extensions>
      </trkpt>
      <trkpt lat="31.08250005845242" lon="121.51409477054361">
        <ele>5.775907679460943</ele>
        <time>2026-02-28T04:19:34Z</time>
        <extensions>
          <gpxtpx:TrackPointExtension>
            <gpxtpx:hr>109</gpxtpx:hr>
          </gpxtpx:TrackPointExtension>
        </extensions>
      </trkpt>
      <trkpt lat="31.082511188805153" lon="121.51410299921703">
        <ele>5.753990286029875</ele>
        <time>2026-02-28T04:19:35Z</time>
        <extensions>
          <gpxtpx:TrackPointExtension>
            <gpxtpx:hr>110</gpxtpx:hr>
          </gpxtpx:TrackPointExtension>
        </extensions>
      </trkpt>
      <trkpt lat="31.082522324219962" lon="121.51411120960357">
        <ele>5.730128075927496</ele>
        <time>2026-02-28T04:19:36Z</time>
        <extensions>
          <gpxtpx:TrackPointExtension>
            <gpxtpx:hr>110</gpxtpx:hr>
          </gpxtpx:TrackPointExtension>
        </extensions>
      </trkpt>
      <trkpt lat="31.0825334412696" lon="121.51411938000417">
        <ele>5.704900780692697</ele>
        <time>2026-02-28T04:19:37Z</time>
        <extensions>
          <gpxtpx:TrackPointExtension>
            <gpxtpx:hr>110</gpxtpx:hr>
          </gpxtpx:TrackPointExtension>
        </extensions>
      </trkpt>
      <trkpt lat="31.08254452236253" lon="121.51412750662499">
        <ele>5.678382517769933</ele>
        <time>2026-02-28T04:19:38Z</time>
        <extensions>
          <gpxtpx:TrackPointExtension>
            <gpxtpx:hr>110</gpxtpx:hr>
          </gpxtpx:TrackPointExtension>
        </extensions>
      </trkpt>
      <trkpt lat="31.082555674244187" lon="121.5141355970887">
        <ele>5.6509652230888605</ele>
        <time>2026-02-28T04:19:39Z</time>
        <extensions>
          <gpxtpx:TrackPointExtension>
            <gpxtpx:hr>110</gpxtpx:hr>
          </gpxtpx:TrackPointExtension>
        </extensions>
      </trkpt>
      <trkpt lat="31.082566802831575" lon="121.51414366267885">
        <ele>5.622893585823476</ele>
        <time>2026-02-28T04:19:40Z</time>
        <extensions>
          <gpxtpx:TrackPointExtension>
            <gpxtpx:hr>110</gpxtpx:hr>
          </gpxtpx:TrackPointExtension>
        </extensions>
      </trkpt>
      <trkpt lat="31.082577943972204" lon="121.51415172153418">
        <ele>5.59434244595468</ele>
        <time>2026-02-28T04:19:41Z</time>
        <extensions>
          <gpxtpx:TrackPointExtension>
            <gpxtpx:hr>110</gpxtpx:hr>
          </gpxtpx:TrackPointExtension>
        </extensions>
      </trkpt>
      <trkpt lat="31.082589121888706" lon="121.51415977731187">
        <ele>5.565815734677017</ele>
        <time>2026-02-28T04:19:42Z</time>
        <extensions>
          <gpxtpx:TrackPointExtension>
            <gpxtpx:hr>110</gpxtpx:hr>
          </gpxtpx:TrackPointExtension>
        </extensions>
      </trkpt>
      <trkpt lat="31.082600311360206" lon="121.51416784832902">
        <ele>5.537353810854256</ele>
        <time>2026-02-28T04:19:43Z</time>
        <extensions>
          <gpxtpx:TrackPointExtension>
            <gpxtpx:hr>110</gpxtpx:hr>
          </gpxtpx:TrackPointExtension>
        </extensions>
      </trkpt>
      <trkpt lat="31.082611503157445" lon="121.51417591384933">
        <ele>5.509047239087522</ele>
        <time>2026-02-28T04:19:44Z</time>
        <extensions>
          <gpxtpx:TrackPointExtension>
            <gpxtpx:hr>110</gpxtpx:hr>
          </gpxtpx:TrackPointExtension>
        </extensions>
      </trkpt>
      <trkpt lat="31.082622711364642" lon="121.5141840062268">
        <ele>5.481195352040231</ele>
        <time>2026-02-28T04:19:45Z</time>
        <extensions>
          <gpxtpx:TrackPointExtension>
            <gpxtpx:hr>110</gpxtpx:hr>
          </gpxtpx:TrackPointExtension>
        </extensions>
      </trkpt>
      <trkpt lat="31.082633941283543" lon="121.51419205692075">
        <ele>5.453903398476541</ele>
        <time>2026-02-28T04:19:46Z</time>
        <extensions>
          <gpxtpx:TrackPointExtension>
            <gpxtpx:hr>111</gpxtpx:hr>
          </gpxtpx:TrackPointExtension>
        </extensions>
      </trkpt>
      <trkpt lat="31.08264517479449" lon="121.51420004818938">
        <ele>5.427341525442898</ele>
        <time>2026-02-28T04:19:47Z</time>
        <extensions>
          <gpxtpx:TrackPointExtension>
            <gpxtpx:hr>111</gpxtpx:hr>
          </gpxtpx:TrackPointExtension>
        </extensions>
      </trkpt>
      <trkpt lat="31.082656385911452" lon="121.514207956971">
        <ele>5.401541837491095</ele>
        <time>2026-02-28T04:19:48Z</time>
        <extensions>
          <gpxtpx:TrackPointExtension>
            <gpxtpx:hr>111</gpxtpx:hr>
          </gpxtpx:TrackPointExtension>
        </extensions>
      </trkpt>
      <trkpt lat="31.082667659703112" lon="121.514215836673">
        <ele>5.376596895046532</ele>
        <time>2026-02-28T04:19:49Z</time>
        <extensions>
          <gpxtpx:TrackPointExtension>
            <gpxtpx:hr>111</gpxtpx:hr>
          </gpxtpx:TrackPointExtension>
        </extensions>
      </trkpt>
      <trkpt lat="31.082678918921264" lon="121.51422368020404">
        <ele>5.352573415264487</ele>
        <time>2026-02-28T04:19:50Z</time>
        <extensions>
          <gpxtpx:TrackPointExtension>
            <gpxtpx:hr>111</gpxtpx:hr>
          </gpxtpx:TrackPointExtension>
        </extensions>
      </trkpt>
      <trkpt lat="31.08269018326543" lon="121.5142314830236">
        <ele>5.329596039839089</ele>
        <time>2026-02-28T04:19:51Z</time>
        <extensions>
          <gpxtpx:TrackPointExtension>
            <gpxtpx:hr>111</gpxtpx:hr>
          </gpxtpx:TrackPointExtension>
        </extensions>
      </trkpt>
      <trkpt lat="31.082701465087496" lon="121.51423922492644">
        <ele>5.307614958845079</ele>
        <time>2026-02-28T04:19:52Z</time>
        <extensions>
          <gpxtpx:TrackPointExtension>
            <gpxtpx:hr>112</gpxtpx:hr>
          </gpxtpx:TrackPointExtension>
        </extensions>
      </trkpt>
      <trkpt lat="31.0827127602518" lon="121.51424691935014">
        <ele>5.286784405820072</ele>
        <time>2026-02-28T04:19:53Z</time>
        <extensions>
          <gpxtpx:TrackPointExtension>
            <gpxtpx:hr>112</gpxtpx:hr>
          </gpxtpx:TrackPointExtension>
        </extensions>
      </trkpt>
      <trkpt lat="31.08272405087904" lon="121.51425455497483">
        <ele>5.266932705417275</ele>
        <time>2026-02-28T04:19:54Z</time>
        <extensions>
          <gpxtpx:TrackPointExtension>
            <gpxtpx:hr>112</gpxtpx:hr>
          </gpxtpx:TrackPointExtension>
        </extensions>
      </trkpt>
      <trkpt lat="31.08273532594925" lon="121.51426212087395">
        <ele>5.248241052031517</ele>
        <time>2026-02-28T04:19:55Z</time>
        <extensions>
          <gpxtpx:TrackPointExtension>
            <gpxtpx:hr>112</gpxtpx:hr>
          </gpxtpx:TrackPointExtension>
        </extensions>
      </trkpt>
      <trkpt lat="31.082746636742762" lon="121.51426964904333">
        <ele>5.230738404206932</ele>
        <time>2026-02-28T04:19:56Z</time>
        <extensions>
          <gpxtpx:TrackPointExtension>
            <gpxtpx:hr>112</gpxtpx:hr>
          </gpxtpx:TrackPointExtension>
        </extensions>
      </trkpt>
      <trkpt lat="31.082757950299605" lon="121.51427708901458">
        <ele>5.214433914981782</ele>
        <time>2026-02-28T04:19:57Z</time>
        <extensions>
          <gpxtpx:TrackPointExtension>
            <gpxtpx:hr>113</gpxtpx:hr>
          </gpxtpx:TrackPointExtension>
        </extensions>
      </trkpt>
      <trkpt lat="31.082769288282375" lon="121.51428447245642">
        <ele>5.1994358049705625</ele>
        <time>2026-02-28T04:19:58Z</time>
        <extensions>
          <gpxtpx:TrackPointExtension>
            <gpxtpx:hr>113</gpxtpx:hr>
          </gpxtpx:TrackPointExtension>
        </extensions>
      </trkpt>
      <trkpt lat="31.082780669178522" lon="121.51429180745141">
        <ele>5.18584206327796</ele>
        <time>2026-02-28T04:19:59Z</time>
        <extensions>
          <gpxtpx:TrackPointExtension>
            <gpxtpx:hr>113</gpxtpx:hr>
          </gpxtpx:TrackPointExtension>
        </extensions>
      </trkpt>
      <trkpt lat="31.082792066349803" lon="121.51429910797887">
        <ele>5.173599801026285</ele>
        <time>2026-02-28T04:19:59.900000Z</time>
        <extensions>
          <gpxtpx:TrackPointExtension>
            <gpxtpx:hr>113</gpxtpx:hr>
          </gpxtpx:TrackPointExtension>
        </extensions>
      </trkpt>
      <trkpt lat="31.082803440108982" lon="121.5143063557682">
        <ele>5.162607867270708</ele>
        <time>2026-02-28T04:20:00.900000Z</time>
        <extensions>
          <gpxtpx:TrackPointExtension>
            <gpxtpx:hr>113</gpxtpx:hr>
          </gpxtpx:TrackPointExtension>
        </extensions>
      </trkpt>
      <trkpt lat="31.082814849520872" lon="121.51431353667189">
        <ele>5.152947845868766</ele>
        <time>2026-02-28T04:20:01.900000Z</time>
        <extensions>
          <gpxtpx:TrackPointExtension>
            <gpxtpx:hr>114</gpxtpx:hr>
          </gpxtpx:TrackPointExtension>
        </extensions>
      </trkpt>
      <trkpt lat="31.082826281267476" lon="121.51432065492781">
        <ele>5.144636208191514</ele>
        <time>2026-02-28T04:20:02.900000Z</time>
        <extensions>
          <gpxtpx:TrackPointExtension>
            <gpxtpx:hr>114</gpxtpx:hr>
          </gpxtpx:TrackPointExtension>
        </extensions>
      </trkpt>
      <trkpt lat="31.082837766039145" lon="121.51432771871119">
        <ele>5.137569955550134</ele>
        <time>2026-02-28T04:20:03.900000Z</time>
        <extensions>
          <gpxtpx:TrackPointExtension>
            <gpxtpx:hr>114</gpxtpx:hr>
          </gpxtpx:TrackPointExtension>
        </extensions>
      </trkpt>
      <trkpt lat="31.082849231990853" lon="121.51433472830678">
        <ele>5.132086307741702</ele>
        <time>2026-02-28T04:20:04.900000Z</time>
        <extensions>
          <gpxtpx:TrackPointExtension>
            <gpxtpx:hr>114</gpxtpx:hr>
          </gpxtpx:TrackPointExtension>
        </extensions>
      </trkpt>
      <trkpt lat="31.082860729328676" lon="121.51434171684367">
        <ele>5.1281335689127445</ele>
        <time>2026-02-28T04:20:05.900000Z</time>
        <extensions>
          <gpxtpx:TrackPointExtension>
            <gpxtpx:hr>114</gpxtpx:hr>
          </gpxtpx:TrackPointExtension>
        </extensions>
      </trkpt>
      <trkpt lat="31.082872247014855" lon="121.51434867622912">
        <ele>5.12536524515599</ele>
        <time>2026-02-28T04:20:06.900000Z</time>
        <extensions>
          <gpxtpx:TrackPointExtension>
            <gpxtpx:hr>114</gpxtpx:hr>
          </gpxtpx:TrackPointExtension>
        </extensions>
      </trkpt>
      <trkpt lat="31.08288376305116" lon="121.51435559105155">
        <ele>5.124060640111566</ele>
        <time>2026-02-28T04:20:07.900000Z</time>
        <extensions>
          <gpxtpx:TrackPointExtension>
            <gpxtpx:hr>114</gpxtpx:hr>
          </gpxtpx:TrackPointExtension>
        </extensions>
      </trkpt>
      <trkpt lat="31.08289525564917" lon="121.51436251801803">
        <ele>5.124161973595619</ele>
        <time>2026-02-28T04:20:08.900000Z</time>
        <extensions>
          <gpxtpx:TrackPointExtension>
            <gpxtpx:hr>114</gpxtpx:hr>
          </gpxtpx:TrackPointExtension>
        </extensions>
      </trkpt>
      <trkpt lat="31.0829067844974" lon="121.51436940033315">
        <ele>5.125565588474274</ele>
        <time>2026-02-28T04:20:09.900000Z</time>
        <extensions>
          <gpxtpx:TrackPointExtension>
            <gpxtpx:hr>114</gpxtpx:hr>
          </gpxtpx:TrackPointExtension>
        </extensions>
      </trkpt>
      <trkpt lat="31.082918277210467" lon="121.51437632871342">
        <ele>5.129029324278235</ele>
        <time>2026-02-28T04:20:10.900000Z</time>
        <extensions>
          <gpxtpx:TrackPointExtension>
            <gpxtpx:hr>111</gpxtpx:hr>
          </gpxtpx:TrackPointExtension>
        </extensions>
      </trkpt>
      <trkpt lat="31.082929809442994" lon="121.51438324766822">
        <ele>5.13398149330169</ele>
        <time>2026-02-28T04:20:11.900000Z</time>
        <extensions>
          <gpxtpx:TrackPointExtension>
            <gpxtpx:hr>111</gpxtpx:hr>
          </gpxtpx:TrackPointExtension>
        </extensions>
      </trkpt>
      <trkpt lat="31.08294132698758" lon="121.51439012737775">
        <ele>5.1401242557913065</ele>
        <time>2026-02-28T04:20:12.900000Z</time>
        <extensions>
          <gpxtpx:TrackPointExtension>
            <gpxtpx:hr>111</gpxtpx:hr>
          </gpxtpx:TrackPointExtension>
        </extensions>
      </trkpt>
      <trkpt lat="31.08295285652248" lon="121.51439700434301">
        <ele>5.147583244368434</ele>
        <time>2026-02-28T04:20:13.900000Z</time>
        <extensions>
          <gpxtpx:TrackPointExtension>
            <gpxtpx:hr>111</gpxtpx:hr>
          </gpxtpx:TrackPointExtension>
        </extensions>
      </trkpt>
      <trkpt lat="31.082964341066347" lon="121.51440387785648">
        <ele>5.155963365919888</ele>
        <time>2026-02-28T04:20:14.900000Z</time>
        <extensions>
          <gpxtpx:TrackPointExtension>
            <gpxtpx:hr>111</gpxtpx:hr>
          </gpxtpx:TrackPointExtension>
        </extensions>
      </trkpt>
      <trkpt lat="31.082975799910052" lon="121.51441076023028">
        <ele>5.165825149975717</ele>
        <time>2026-02-28T04:20:15.900000Z</time>
        <extensions>
          <gpxtpx:TrackPointExtension>
            <gpxtpx:hr>111</gpxtpx:hr>
          </gpxtpx:TrackPointExtension>
        </extensions>
      </trkpt>
      <trkpt lat="31.08298727285378" lon="121.51441770108481">
        <ele>5.177254441194236</ele>
        <time>2026-02-28T04:20:16.900000Z</time>
        <extensions>
          <gpxtpx:TrackPointExtension>
            <gpxtpx:hr>113</gpxtpx:hr>
          </gpxtpx:TrackPointExtension>
        </extensions>
      </trkpt>
      <trkpt lat="31.082998682020516" lon="121.51442468898681">
        <ele>5.1898987693712115</ele>
        <time>2026-02-28T04:20:17.900000Z</time>
        <extensions>
          <gpxtpx:TrackPointExtension>
            <gpxtpx:hr>113</gpxtpx:hr>
          </gpxtpx:TrackPointExtension>
        </extensions>
      </trkpt>
      <trkpt lat="31.08301001932205" lon="121.51443168315197">
        <ele>5.20381454564631</ele>
        <time>2026-02-28T04:20:18.900000Z</time>
        <extensions>
          <gpxtpx:TrackPointExtension>
            <gpxtpx:hr>113</gpxtpx:hr>
          </gpxtpx:TrackPointExtension>
        </extensions>
      </trkpt>
      <trkpt lat="31.083021377513944" lon="121.5144387138492">
        <ele>5.219109047204256</ele>
        <time>2026-02-28T04:20:19.900000Z</time>
        <extensions>
          <gpxtpx:TrackPointExtension>
            <gpxtpx:hr>113</gpxtpx:hr>
          </gpxtpx:TrackPointExtension>
        </extensions>
      </trkpt>
      <trkpt lat="31.083032740443166" lon="121.51444573461785">
        <ele>5.235745871439576</ele>
        <time>2026-02-28T04:20:20.900000Z</time>
        <extensions>
          <gpxtpx:TrackPointExtension>
            <gpxtpx:hr>113</gpxtpx:hr>
          </gpxtpx:TrackPointExtension>
        </extensions>
      </trkpt>
      <trkpt lat="31.08304414319625" lon="121.51445280077373">
        <ele>5.253587486222386</ele>
        <time>2026-02-28T04:20:21.900000Z</time>
        <extensions>
          <gpxtpx:TrackPointExtension>
            <gpxtpx:hr>113</gpxtpx:hr>
          </gpxtpx:TrackPointExtension>
        </extensions>
      </trkpt>
      <trkpt lat="31.083055567926884" lon="121.51445986607837">
        <ele>5.2726971199736</ele>
        <time>2026-02-28T04:20:22.900000Z</time>
        <extensions>
          <gpxtpx:TrackPointExtension>
            <gpxtpx:hr>113</gpxtpx:hr>
          </gpxtpx:TrackPointExtension>
        </extensions>
      </trkpt>
      <trkpt lat="31.083067019599493" lon="121.51446692287435">
        <ele>5.2929067285731435</ele>
        <time>2026-02-28T04:20:23.900000Z</time>
        <extensions>
          <gpxtpx:TrackPointExtension>
            <gpxtpx:hr>115</gpxtpx:hr>
          </gpxtpx:TrackPointExtension>
        </extensions>
      </trkpt>
      <trkpt lat="31.083078523241753" lon="121.51447398089125">
        <ele>5.313896375708282</ele>
        <time>2026-02-28T04:20:24.900000Z</time>
        <extensions>
          <gpxtpx:TrackPointExtension>
            <gpxtpx:hr>115</gpxtpx:hr>
          </gpxtpx:TrackPointExtension>
        </extensions>
      </trkpt>
      <trkpt lat="31.083090082988132" lon="121.51448106938074">
        <ele>5.335644614882767</ele>
        <time>2026-02-28T04:20:25.900000Z</time>
        <extensions>
          <gpxtpx:TrackPointExtension>
            <gpxtpx:hr>115</gpxtpx:hr>
          </gpxtpx:TrackPointExtension>
        </extensions>
      </trkpt>
      <trkpt lat="31.083101649397864" lon="121.5144881171277">
        <ele>5.358158685266972</ele>
        <time>2026-02-28T04:20:26.900000Z</time>
        <extensions>
          <gpxtpx:TrackPointExtension>
            <gpxtpx:hr>115</gpxtpx:hr>
          </gpxtpx:TrackPointExtension>
        </extensions>
      </trkpt>
      <trkpt lat="31.08311330475258" lon="121.51449520587424">
        <ele>5.380956515669823</ele>
        <time>2026-02-28T04:20:27.900000Z</time>
        <extensions>
          <gpxtpx:TrackPointExtension>
            <gpxtpx:hr>115</gpxtpx:hr>
          </gpxtpx:TrackPointExtension>
        </extensions>
      </trkpt>
      <trkpt lat="31.083124895715866" lon="121.51450228281485">
        <ele>5.404007346369326</ele>
        <time>2026-02-28T04:20:28.900000Z</time>
        <extensions>
          <gpxtpx:TrackPointExtension>
            <gpxtpx:hr>115</gpxtpx:hr>
          </gpxtpx:TrackPointExtension>
        </extensions>
      </trkpt>
      <trkpt lat="31.08313656173607" lon="121.51450931722822">
        <ele>5.427157077938318</ele>
        <time>2026-02-28T04:20:29.900000Z</time>
        <extensions>
          <gpxtpx:TrackPointExtension>
            <gpxtpx:hr>115</gpxtpx:hr>
          </gpxtpx:TrackPointExtension>
        </extensions>
      </trkpt>
      <trkpt lat="31.083148188740562" lon="121.51451631404592">
        <ele>5.450065352022648</ele>
        <time>2026-02-28T04:20:30.900000Z</time>
        <extensions>
          <gpxtpx:TrackPointExtension>
            <gpxtpx:hr>117</gpxtpx:hr>
          </gpxtpx:TrackPointExtension>
        </extensions>
      </trkpt>
      <trkpt lat="31.083159882588564" lon="121.51452321293581">
        <ele>5.472801542840898</ele>
        <time>2026-02-28T04:20:31.900000Z</time>
        <extensions>
          <gpxtpx:TrackPointExtension>
            <gpxtpx:hr>117</gpxtpx:hr>
          </gpxtpx:TrackPointExtension>
        </extensions>
      </trkpt>
      <trkpt lat="31.083171577544235" lon="121.51453000077444">
        <ele>5.495292094536126</ele>
        <time>2026-02-28T04:20:32.900000Z</time>
        <extensions>
          <gpxtpx:TrackPointExtension>
            <gpxtpx:hr>117</gpxtpx:hr>
          </gpxtpx:TrackPointExtension>
        </extensions>
      </trkpt>
      <trkpt lat="31.08318335262312" lon="121.51453669443461">
        <ele>5.517201180569828</ele>
        <time>2026-02-28T04:20:33.900000Z</time>
        <extensions>
          <gpxtpx:TrackPointExtension>
            <gpxtpx:hr>117</gpxtpx:hr>
          </gpxtpx:TrackPointExtension>
        </extensions>
      </trkpt>
      <trkpt lat="31.083195105272512" lon="121.51454331659913">
        <ele>5.5383433466777205</ele>
        <time>2026-02-28T04:20:34.900000Z</time>
        <extensions>
          <gpxtpx:TrackPointExtension>
            <gpxtpx:hr>117</gpxtpx:hr>
          </gpxtpx:TrackPointExtension>
        </extensions>
      </trkpt>
      <trkpt lat="31.083206874734017" lon="121.51454989406209">
        <ele>5.558790276758373</ele>
        <time>2026-02-28T04:20:35.900000Z</time>
        <extensions>
          <gpxtpx:TrackPointExtension>
            <gpxtpx:hr>116</gpxtpx:hr>
          </gpxtpx:TrackPointExtension>
        </extensions>
      </trkpt>
      <trkpt lat="31.083218689672577" lon="121.51455638972573">
        <ele>5.5782766584306955</ele>
        <time>2026-02-28T04:20:36.900000Z</time>
        <extensions>
          <gpxtpx:TrackPointExtension>
            <gpxtpx:hr>116</gpxtpx:hr>
          </gpxtpx:TrackPointExtension>
        </extensions>
      </trkpt>
      <trkpt lat="31.083230512457515" lon="121.51456283144412">
        <ele>5.5965656554326415</ele>
        <time>2026-02-28T04:20:37.900000Z</time>
        <extensions>
          <gpxtpx:TrackPointExtension>
            <gpxtpx:hr>116</gpxtpx:hr>
          </gpxtpx:TrackPointExtension>
        </extensions>
      </trkpt>
      <trkpt lat="31.083242331251455" lon="121.51456920867527">
        <ele>5.6136574521660805</ele>
        <time>2026-02-28T04:20:38.900000Z</time>
        <extensions>
          <gpxtpx:TrackPointExtension>
            <gpxtpx:hr>116</gpxtpx:hr>
          </gpxtpx:TrackPointExtension>
        </extensions>
      </trkpt>
      <trkpt lat="31.083254180800047" lon="121.51457545462758">
        <ele>5.6293765204027295</ele>
        <time>2026-02-28T04:20:39.900000Z</time>
        <extensions>
          <gpxtpx:TrackPointExtension>
            <gpxtpx:hr>116</gpxtpx:hr>
          </gpxtpx:TrackPointExtension>
        </extensions>
      </trkpt>
      <trkpt lat="31.08326603902042" lon="121.51458160363936">
        <ele>5.643547127954662</ele>
        <time>2026-02-28T04:20:40.900000Z</time>
        <extensions>
          <gpxtpx:TrackPointExtension>
            <gpxtpx:hr>114</gpxtpx:hr>
          </gpxtpx:TrackPointExtension>
        </extensions>
      </trkpt>
      <trkpt lat="31.083277915402853" lon="121.51458762883114">
        <ele>5.656200616620481</ele>
        <time>2026-02-28T04:20:41.900000Z</time>
        <extensions>
          <gpxtpx:TrackPointExtension>
            <gpxtpx:hr>114</gpxtpx:hr>
          </gpxtpx:TrackPointExtension>
        </extensions>
      </trkpt>
      <trkpt lat="31.083289807677005" lon="121.51459352003523">
        <ele>5.667329319752753</ele>
        <time>2026-02-28T04:20:42.900000Z</time>
        <extensions>
          <gpxtpx:TrackPointExtension>
            <gpxtpx:hr>114</gpxtpx:hr>
          </gpxtpx:TrackPointExtension>
        </extensions>
      </trkpt>
      <trkpt lat="31.08330169522367" lon="121.51459926491061">
        <ele>5.676778586581349</ele>
        <time>2026-02-28T04:20:43.900000Z</time>
        <extensions>
          <gpxtpx:TrackPointExtension>
            <gpxtpx:hr>114</gpxtpx:hr>
          </gpxtpx:TrackPointExtension>
        </extensions>
      </trkpt>
      <trkpt lat="31.083313580814163" lon="121.51460485804188">
        <ele>5.684583260677755</ele>
        <time>2026-02-28T04:20:44.900000Z</time>
        <extensions>
          <gpxtpx:TrackPointExtension>
            <gpxtpx:hr>114</gpxtpx:hr>
          </gpxtpx:TrackPointExtension>
        </extensions>
      </trkpt>
      <trkpt lat="31.083325452007106" lon="121.51461030026319">
        <ele>5.690636506304145</ele>
        <time>2026-02-28T04:20:45.900000Z</time>
        <extensions>
          <gpxtpx:TrackPointExtension>
            <gpxtpx:hr>113</gpxtpx:hr>
          </gpxtpx:TrackPointExtension>
        </extensions>
      </trkpt>
      <trkpt lat="31.083337287641704" lon="121.51461557541766">
        <ele>5.694898623041809</ele>
        <time>2026-02-28T04:20:46.900000Z</time>
        <extensions>
          <gpxtpx:TrackPointExtension>
            <gpxtpx:hr>113</gpxtpx:hr>
          </gpxtpx:TrackPointExtension>
        </extensions>
      </trkpt>
      <trkpt lat="31.08334905976064" lon="121.51462072153427">
        <ele>5.69742086622864</ele>
        <time>2026-02-28T04:20:47.900000Z</time>
        <extensions>
          <gpxtpx:TrackPointExtension>
            <gpxtpx:hr>113</gpxtpx:hr>
          </gpxtpx:TrackPointExtension>
        </extensions>
      </trkpt>
      <trkpt lat="31.083360797621324" lon="121.51462574633659">
        <ele>5.698234080336988</ele>
        <time>2026-02-28T04:20:48.900000Z</time>
        <extensions>
          <gpxtpx:TrackPointExtension>
            <gpxtpx:hr>113</gpxtpx:hr>
          </gpxtpx:TrackPointExtension>
        </extensions>
      </trkpt>
      <trkpt lat="31.08337253016863" lon="121.51463065385303">
        <ele>5.697341214865446</ele>
        <time>2026-02-28T04:20:49.900000Z</time>
        <extensions>
          <gpxtpx:TrackPointExtension>
            <gpxtpx:hr>113</gpxtpx:hr>
          </gpxtpx:TrackPointExtension>
        </extensions>
      </trkpt>
      <trkpt lat="31.08338423352624" lon="121.51463539500138">
        <ele>5.694906893186271</ele>
        <time>2026-02-28T04:20:50.900000Z</time>
        <extensions>
          <gpxtpx:TrackPointExtension>
            <gpxtpx:hr>113</gpxtpx:hr>
          </gpxtpx:TrackPointExtension>
        </extensions>
      </trkpt>
      <trkpt lat="31.0833959027041" lon="121.51463999143547">
        <ele>5.691032775677741</ele>
        <time>2026-02-28T04:20:51.900000Z</time>
        <extensions>
          <gpxtpx:TrackPointExtension>
            <gpxtpx:hr>113</gpxtpx:hr>
          </gpxtpx:TrackPointExtension>
        </extensions>
      </trkpt>
      <trkpt lat="31.083407562488077" lon="121.51464441447712">
        <ele>5.685868605040014</ele>
        <time>2026-02-28T04:20:52.900000Z</time>
        <extensions>
          <gpxtpx:TrackPointExtension>
            <gpxtpx:hr>113</gpxtpx:hr>
          </gpxtpx:TrackPointExtension>
        </extensions>
      </trkpt>
      <trkpt lat="31.08341921517515" lon="121.51464864151968">
        <ele>5.67950783111155</ele>
        <time>2026-02-28T04:20:53.900000Z</time>
        <extensions>
          <gpxtpx:TrackPointExtension>
            <gpxtpx:hr>113</gpxtpx:hr>
          </gpxtpx:TrackPointExtension>
        </extensions>
      </trkpt>
      <trkpt lat="31.08343087029147" lon="121.51465266024995">
        <ele>5.672075219452381</ele>
        <time>2026-02-28T04:20:54.900000Z</time>
        <extensions>
          <gpxtpx:TrackPointExtension>
            <gpxtpx:hr>113</gpxtpx:hr>
          </gpxtpx:TrackPointExtension>
        </extensions>
      </trkpt>
      <trkpt lat="31.083442551667414" lon="121.51465644379003">
        <ele>5.663705950602889</ele>
        <time>2026-02-28T04:20:55.900000Z</time>
        <extensions>
          <gpxtpx:TrackPointExtension>
            <gpxtpx:hr>111</gpxtpx:hr>
          </gpxtpx:TrackPointExtension>
        </extensions>
      </trkpt>
      <trkpt lat="31.083454275255608" lon="121.51466000460378">
        <ele>5.654671538621187</ele>
        <time>2026-02-28T04:20:56.900000Z</time>
        <extensions>
          <gpxtpx:TrackPointExtension>
            <gpxtpx:hr>111</gpxtpx:hr>
          </gpxtpx:TrackPointExtension>
        </extensions>
      </trkpt>
      <trkpt lat="31.083466025406853" lon="121.51466325387213">
        <ele>5.64512425288558</ele>
        <time>2026-02-28T04:20:57.900000Z</time>
        <extensions>
          <gpxtpx:TrackPointExtension>
            <gpxtpx:hr>111</gpxtpx:hr>
          </gpxtpx:TrackPointExtension>
        </extensions>
      </trkpt>
      <trkpt lat="31.08347782751927" lon="121.51466620173215">
        <ele>5.6353825852274895</ele>
        <time>2026-02-28T04:20:58.900000Z</time>
        <extensions>
          <gpxtpx:TrackPointExtension>
            <gpxtpx:hr>111</gpxtpx:hr>
          </gpxtpx:TrackPointExtension>
        </extensions>
      </trkpt>
      <trkpt lat="31.08348963919488" lon="121.5146688091537">
        <ele>5.62563100643456</ele>
        <time>2026-02-28T04:20:59.900000Z</time>
        <extensions>
          <gpxtpx:TrackPointExtension>
            <gpxtpx:hr>111</gpxtpx:hr>
          </gpxtpx:TrackPointExtension>
        </extensions>
      </trkpt>
      <trkpt lat="31.08350142622555" lon="121.51467101662462">
        <ele>5.616039746440947</ele>
        <time>2026-02-28T04:21:00.900000Z</time>
        <extensions>
          <gpxtpx:TrackPointExtension>
            <gpxtpx:hr>111</gpxtpx:hr>
          </gpxtpx:TrackPointExtension>
        </extensions>
      </trkpt>
      <trkpt lat="31.083513200172206" lon="121.51467282339807">
        <ele>5.606889738701284</ele>
        <time>2026-02-28T04:21:01.900000Z</time>
        <extensions>
          <gpxtpx:TrackPointExtension>
            <gpxtpx:hr>114</gpxtpx:hr>
          </gpxtpx:TrackPointExtension>
        </extensions>
      </trkpt>
      <trkpt lat="31.08352488940119" lon="121.51467424055737">
        <ele>5.598242644220591</ele>
        <time>2026-02-28T04:21:02.900000Z</time>
        <extensions>
          <gpxtpx:TrackPointExtension>
            <gpxtpx:hr>114</gpxtpx:hr>
          </gpxtpx:TrackPointExtension>
        </extensions>
      </trkpt>
      <trkpt lat="31.083536500388796" lon="121.51467526855804">
        <ele>5.590127283707261</ele>
        <time>2026-02-28T04:21:03.900000Z</time>
        <extensions>
          <gpxtpx:TrackPointExtension>
            <gpxtpx:hr>114</gpxtpx:hr>
          </gpxtpx:TrackPointExtension>
        </extensions>
      </trkpt>
      <trkpt lat="31.08354803154334" lon="121.51467587631184">
        <ele>5.5826936941593885</ele>
        <time>2026-02-28T04:21:04.900000Z</time>
        <extensions>
          <gpxtpx:TrackPointExtension>
            <gpxtpx:hr>114</gpxtpx:hr>
          </gpxtpx:TrackPointExtension>
        </extensions>
      </trkpt>
      <trkpt lat="31.083559456604988" lon="121.51467596203301">
        <ele>5.575765364803374</ele>
        <time>2026-02-28T04:21:05.900000Z</time>
        <extensions>
          <gpxtpx:TrackPointExtension>
            <gpxtpx:hr>114</gpxtpx:hr>
          </gpxtpx:TrackPointExtension>
        </extensions>
      </trkpt>
      <trkpt lat="31.08357082418626" lon="121.51467527604962">
        <ele>5.569549419917166</ele>
        <time>2026-02-28T04:21:06.900000Z</time>
        <extensions>
          <gpxtpx:TrackPointExtension>
            <gpxtpx:hr>118</gpxtpx:hr>
          </gpxtpx:TrackPointExtension>
        </extensions>
      </trkpt>
      <trkpt lat="31.083582149897495" lon="121.51467382941547">
        <ele>5.56419125571847</ele>
        <time>2026-02-28T04:21:07.900000Z</time>
        <extensions>
          <gpxtpx:TrackPointExtension>
            <gpxtpx:hr>118</gpxtpx:hr>
          </gpxtpx:TrackPointExtension>
        </extensions>
      </trkpt>
      <trkpt lat="31.083593264523653" lon="121.5146718816319">
        <ele>5.559660733677447</ele>
        <time>2026-02-28T04:21:08.900000Z</time>
        <extensions>
          <gpxtpx:TrackPointExtension>
            <gpxtpx:hr>118</gpxtpx:hr>
          </gpxtpx:TrackPointExtension>
        </extensions>
      </trkpt>
      <trkpt lat="31.08360419091352" lon="121.51466935028019">
        <ele>5.556075130589306</ele>
        <time>2026-02-28T04:21:09.900000Z</time>
        <extensions>
          <gpxtpx:TrackPointExtension>
            <gpxtpx:hr>118</gpxtpx:hr>
          </gpxtpx:TrackPointExtension>
        </extensions>
      </trkpt>
      <trkpt lat="31.083614931674436" lon="121.51466602958922">
        <ele>5.55324715655297</ele>
        <time>2026-02-28T04:21:10.900000Z</time>
        <extensions>
          <gpxtpx:TrackPointExtension>
            <gpxtpx:hr>118</gpxtpx:hr>
          </gpxtpx:TrackPointExtension>
        </extensions>
      </trkpt>
      <trkpt lat="31.08362547988336" lon="121.51466178169376">
        <ele>5.551251082681119</ele>
        <time>2026-02-28T04:21:11.900000Z</time>
        <extensions>
          <gpxtpx:TrackPointExtension>
            <gpxtpx:hr>118</gpxtpx:hr>
          </gpxtpx:TrackPointExtension>
        </extensions>
      </trkpt>
      <trkpt lat="31.08363576441304" lon="121.51465669470265">
        <ele>5.5500386115163565</ele>
        <time>2026-02-28T04:21:12.900000Z</time>
        <extensions>
          <gpxtpx:TrackPointExtension>
            <gpxtpx:hr>118</gpxtpx:hr>
          </gpxtpx:TrackPointExtension>
        </extensions>
      </trkpt>
      <trkpt lat="31.083645757464634" lon="121.51465074396582">
        <ele>5.549785654060543</ele>
        <time>2026-02-28T04:21:13.900000Z</time>
        <extensions>
          <gpxtpx:TrackPointExtension>
            <gpxtpx:hr>118</gpxtpx:hr>
          </gpxtpx:TrackPointExtension>
        </extensions>
      </trkpt>
      <trkpt lat="31.08365544888507" lon="121.5146439821192">
        <ele>5.550528936088085</ele>
        <time>2026-02-28T04:21:14.900000Z</time>
        <extensions>
          <gpxtpx:TrackPointExtension>
            <gpxtpx:hr>125</gpxtpx:hr>
          </gpxtpx:TrackPointExtension>
        </extensions>
      </trkpt>
      <trkpt lat="31.083664854542942" lon="121.51463652962597">
        <ele>5.552235285751522</ele>
        <time>2026-02-28T04:21:15.900000Z</time>
        <extensions>
          <gpxtpx:TrackPointExtension>
            <gpxtpx:hr>125</gpxtpx:hr>
          </gpxtpx:TrackPointExtension>
        </extensions>
      </trkpt>
      <trkpt lat="31.083673939812186" lon="121.51462840964263">
        <ele>5.554875520989299</ele>
        <time>2026-02-28T04:21:16.900000Z</time>
        <extensions>
          <gpxtpx:TrackPointExtension>
            <gpxtpx:hr>125</gpxtpx:hr>
          </gpxtpx:TrackPointExtension>
        </extensions>
      </trkpt>
      <trkpt lat="31.083682718462907" lon="121.51461971837287">
        <ele>5.558369656093419</ele>
        <time>2026-02-28T04:21:17.900000Z</time>
        <extensions>
          <gpxtpx:TrackPointExtension>
            <gpxtpx:hr>125</gpxtpx:hr>
          </gpxtpx:TrackPointExtension>
        </extensions>
      </trkpt>
      <trkpt lat="31.083691203234736" lon="121.51461050767159">
        <ele>5.562541107647121</ele>
        <time>2026-02-28T04:21:18.900000Z</time>
        <extensions>
          <gpxtpx:TrackPointExtension>
            <gpxtpx:hr>125</gpxtpx:hr>
          </gpxtpx:TrackPointExtension>
        </extensions>
      </trkpt>
      <trkpt lat="31.083699418292902" lon="121.51460087737918">
        <ele>5.567295724526048</ele>
        <time>2026-02-28T04:21:19.900000Z</time>
        <extensions>
          <gpxtpx:TrackPointExtension>
            <gpxtpx:hr>125</gpxtpx:hr>
          </gpxtpx:TrackPointExtension>
        </extensions>
      </trkpt>
      <trkpt lat="31.08370739416917" lon="121.51459093181751">
        <ele>5.572526010684669</ele>
        <time>2026-02-28T04:21:20.900000Z</time>
        <extensions>
          <gpxtpx:TrackPointExtension>
            <gpxtpx:hr>125</gpxtpx:hr>
          </gpxtpx:TrackPointExtension>
        </extensions>
      </trkpt>
      <trkpt lat="31.083715120982184" lon="121.51458073350942">
        <ele>5.57812690641731</ele>
        <time>2026-02-28T04:21:21.900000Z</time>
        <extensions>
          <gpxtpx:TrackPointExtension>
            <gpxtpx:hr>126</gpxtpx:hr>
          </gpxtpx:TrackPointExtension>
        </extensions>
      </trkpt>
      <trkpt lat="31.083722601762663" lon="121.51457033882461">
        <ele>5.584068946540356</ele>
        <time>2026-02-28T04:21:22.900000Z</time>
        <extensions>
          <gpxtpx:TrackPointExtension>
            <gpxtpx:hr>126</gpxtpx:hr>
          </gpxtpx:TrackPointExtension>
        </extensions>
      </trkpt>
      <trkpt lat="31.0837298794838" lon="121.51455981909501">
        <ele>5.590177915990353</ele>
        <time>2026-02-28T04:21:23.900000Z</time>
        <extensions>
          <gpxtpx:TrackPointExtension>
            <gpxtpx:hr>126</gpxtpx:hr>
          </gpxtpx:TrackPointExtension>
        </extensions>
      </trkpt>
      <trkpt lat="31.083736980382625" lon="121.51454923592976">
        <ele>5.596252144314349</ele>
        <time>2026-02-28T04:21:24.900000Z</time>
        <extensions>
          <gpxtpx:TrackPointExtension>
            <gpxtpx:hr>126</gpxtpx:hr>
          </gpxtpx:TrackPointExtension>
        </extensions>
      </trkpt>
      <trkpt lat="31.083743932773558" lon="121.5145386045151">
        <ele>5.602485577575862</ele>
        <time>2026-02-28T04:21:25.900000Z</time>
        <extensions>
          <gpxtpx:TrackPointExtension>
            <gpxtpx:hr>128</gpxtpx:hr>
          </gpxtpx:TrackPointExtension>
        </extensions>
      </trkpt>
      <trkpt lat="31.083750746410704" lon="121.51452799062083">
        <ele>5.608792743645608</ele>
        <time>2026-02-28T04:21:26.900000Z</time>
        <extensions>
          <gpxtpx:TrackPointExtension>
            <gpxtpx:hr>128</gpxtpx:hr>
          </gpxtpx:TrackPointExtension>
        </extensions>
      </trkpt>
      <trkpt lat="31.08375748018911" lon="121.5145174266914">
        <ele>5.615012311376631</ele>
        <time>2026-02-28T04:21:27.900000Z</time>
        <extensions>
          <gpxtpx:TrackPointExtension>
            <gpxtpx:hr>128</gpxtpx:hr>
          </gpxtpx:TrackPointExtension>
        </extensions>
      </trkpt>
      <trkpt lat="31.083764132356794" lon="121.51450695923876">
        <ele>5.621059567667544</ele>
        <time>2026-02-28T04:21:28.900000Z</time>
        <extensions>
          <gpxtpx:TrackPointExtension>
            <gpxtpx:hr>128</gpxtpx:hr>
          </gpxtpx:TrackPointExtension>
        </extensions>
      </trkpt>
      <trkpt lat="31.083770712352973" lon="121.51449676875914">
        <ele>5.626952490769327</ele>
        <time>2026-02-28T04:21:29.900000Z</time>
        <extensions>
          <gpxtpx:TrackPointExtension>
            <gpxtpx:hr>126</gpxtpx:hr>
          </gpxtpx:TrackPointExtension>
        </extensions>
      </trkpt>
      <trkpt lat="31.08377721440718" lon="121.51448688061497">
        <ele>5.632674669846892</ele>
        <time>2026-02-28T04:21:30.900000Z</time>
        <extensions>
          <gpxtpx:TrackPointExtension>
            <gpxtpx:hr>126</gpxtpx:hr>
          </gpxtpx:TrackPointExtension>
        </extensions>
      </trkpt>
      <trkpt lat="31.08378363986619" lon="121.51447733687836">
        <ele>5.638263781554997</ele>
        <time>2026-02-28T04:21:31.900000Z</time>
        <extensions>
          <gpxtpx:TrackPointExtension>
            <gpxtpx:hr>126</gpxtpx:hr>
          </gpxtpx:TrackPointExtension>
        </extensions>
      </trkpt>
      <trkpt lat="31.083790007400943" lon="121.5144682205592">
        <ele>5.643549467436969</ele>
        <time>2026-02-28T04:21:32.900000Z</time>
        <extensions>
          <gpxtpx:TrackPointExtension>
            <gpxtpx:hr>126</gpxtpx:hr>
          </gpxtpx:TrackPointExtension>
        </extensions>
      </trkpt>
      <trkpt lat="31.083796332659432" lon="121.51445965823767">
        <ele>5.648460103198886</ele>
        <time>2026-02-28T04:21:33.900000Z</time>
        <extensions>
          <gpxtpx:TrackPointExtension>
            <gpxtpx:hr>126</gpxtpx:hr>
          </gpxtpx:TrackPointExtension>
        </extensions>
      </trkpt>
      <trkpt lat="31.08380261227995" lon="121.5144517134368">
        <ele>5.653187197633088</ele>
        <time>2026-02-28T04:21:34.900000Z</time>
        <extensions>
          <gpxtpx:TrackPointExtension>
            <gpxtpx:hr>125</gpxtpx:hr>
          </gpxtpx:TrackPointExtension>
        </extensions>
      </trkpt>
      <trkpt lat="31.08380886352069" lon="121.51444445736075">
        <ele>5.657605807296932</ele>
        <time>2026-02-28T04:21:35.900000Z</time>
        <extensions>
          <gpxtpx:TrackPointExtension>
            <gpxtpx:hr>125</gpxtpx:hr>
          </gpxtpx:TrackPointExtension>
        </extensions>
      </trkpt>
      <trkpt lat="31.083815107742502" lon="121.51443799000673">
        <ele>5.661621022038162</ele>
        <time>2026-02-28T04:21:36.900000Z</time>
        <extensions>
          <gpxtpx:TrackPointExtension>
            <gpxtpx:hr>125</gpxtpx:hr>
          </gpxtpx:TrackPointExtension>
        </extensions>
      </trkpt>
      <trkpt lat="31.083821394267385" lon="121.51443237939016">
        <ele>5.665492122061551</ele>
        <time>2026-02-28T04:21:38Z</time>
        <extensions>
          <gpxtpx:TrackPointExtension>
            <gpxtpx:hr>125</gpxtpx:hr>
          </gpxtpx:TrackPointExtension>
        </extensions>
      </trkpt>
      <trkpt lat="31.083827659388703" lon="121.51442772470445">
        <ele>5.669258768670261</ele>
        <time>2026-02-28T04:21:39Z</time>
        <extensions>
          <gpxtpx:TrackPointExtension>
            <gpxtpx:hr>125</gpxtpx:hr>
          </gpxtpx:TrackPointExtension>
        </extensions>
      </trkpt>
      <trkpt lat="31.08383390660254" lon="121.51442404145823">
        <ele>5.6727653183043</ele>
        <time>2026-02-28T04:21:40Z</time>
        <extensions>
          <gpxtpx:TrackPointExtension>
            <gpxtpx:hr>125</gpxtpx:hr>
          </gpxtpx:TrackPointExtension>
        </extensions>
      </trkpt>
      <trkpt lat="31.083840126205487" lon="121.5144212983042">
        <ele>5.676087785512209</ele>
        <time>2026-02-28T04:21:41Z</time>
        <extensions>
          <gpxtpx:TrackPointExtension>
            <gpxtpx:hr>125</gpxtpx:hr>
          </gpxtpx:TrackPointExtension>
        </extensions>
      </trkpt>
      <trkpt lat="31.08384630187769" lon="121.51441949217134">
        <ele>5.679344041272998</ele>
        <time>2026-02-28T04:21:42Z</time>
        <extensions>
          <gpxtpx:TrackPointExtension>
            <gpxtpx:hr>125</gpxtpx:hr>
          </gpxtpx:TrackPointExtension>
        </extensions>
      </trkpt>
      <trkpt lat="31.08385238580203" lon="121.5144186078552">
        <ele>5.682480058632791</ele>
        <time>2026-02-28T04:21:43Z</time>
        <extensions>
          <gpxtpx:TrackPointExtension>
            <gpxtpx:hr>125</gpxtpx:hr>
          </gpxtpx:TrackPointExtension>
        </extensions>
      </trkpt>
      <trkpt lat="31.083858347729063" lon="121.5144186825383">
        <ele>5.685521339997649</ele>
        <time>2026-02-28T04:21:44Z</time>
        <extensions>
          <gpxtpx:TrackPointExtension>
            <gpxtpx:hr>124</gpxtpx:hr>
          </gpxtpx:TrackPointExtension>
        </extensions>
      </trkpt>
      <trkpt lat="31.083864131118244" lon="121.51441963821328">
        <ele>5.688494868576527</ele>
        <time>2026-02-28T04:21:45Z</time>
        <extensions>
          <gpxtpx:TrackPointExtension>
            <gpxtpx:hr>124</gpxtpx:hr>
          </gpxtpx:TrackPointExtension>
        </extensions>
      </trkpt>
      <trkpt lat="31.083869694320057" lon="121.51442147925025">
        <ele>5.691545209847391</ele>
        <time>2026-02-28T04:21:46Z</time>
        <extensions>
          <gpxtpx:TrackPointExtension>
            <gpxtpx:hr>124</gpxtpx:hr>
          </gpxtpx:TrackPointExtension>
        </extensions>
      </trkpt>
      <trkpt lat="31.08387499608272" lon="121.51442414262205">
        <ele>5.69459543004632</ele>
        <time>2026-02-28T04:21:47Z</time>
        <extensions>
          <gpxtpx:TrackPointExtension>
            <gpxtpx:hr>124</gpxtpx:hr>
          </gpxtpx:TrackPointExtension>
        </extensions>
      </trkpt>
      <trkpt lat="31.08388001906597" lon="121.51442761636844">
        <ele>5.697533139958978</ele>
        <time>2026-02-28T04:21:48Z</time>
        <extensions>
          <gpxtpx:TrackPointExtension>
            <gpxtpx:hr>124</gpxtpx:hr>
          </gpxtpx:TrackPointExtension>
        </extensions>
      </trkpt>
      <trkpt lat="31.0838847272695" lon="121.51443185205294">
        <ele>5.700394049286842</ele>
        <time>2026-02-28T04:21:49Z</time>
        <extensions>
          <gpxtpx:TrackPointExtension>
            <gpxtpx:hr>124</gpxtpx:hr>
          </gpxtpx:TrackPointExtension>
        </extensions>
      </trkpt>
      <trkpt lat="31.083889162433994" lon="121.51443685675343">
        <ele>5.703189899213612</ele>
        <time>2026-02-28T04:21:50Z</time>
        <extensions>
          <gpxtpx:TrackPointExtension>
            <gpxtpx:hr>124</gpxtpx:hr>
          </gpxtpx:TrackPointExtension>
        </extensions>
      </trkpt>
      <trkpt lat="31.08389335785813" lon="121.51444263234413">
        <ele>5.705822500400245</ele>
        <time>2026-02-28T04:21:51Z</time>
        <extensions>
          <gpxtpx:TrackPointExtension>
            <gpxtpx:hr>120</gpxtpx:hr>
          </gpxtpx:TrackPointExtension>
        </extensions>
      </trkpt>
      <trkpt lat="31.08389729504673" lon="121.51444915081667">
        <ele>5.708253984339535</ele>
        <time>2026-02-28T04:21:52Z</time>
        <extensions>
          <gpxtpx:TrackPointExtension>
            <gpxtpx:hr>120</gpxtpx:hr>
          </gpxtpx:TrackPointExtension>
        </extensions>
      </trkpt>
      <trkpt lat="31.083900976398304" lon="121.51445640158897">
        <ele>5.710492278449237</ele>
        <time>2026-02-28T04:21:53Z</time>
        <extensions>
          <gpxtpx:TrackPointExtension>
            <gpxtpx:hr>120</gpxtpx:hr>
          </gpxtpx:TrackPointExtension>
        </extensions>
      </trkpt>
      <trkpt lat="31.083904408919306" lon="121.51446433611683">
        <ele>5.712525902315974</ele>
        <time>2026-02-28T04:21:54Z</time>
        <extensions>
          <gpxtpx:TrackPointExtension>
            <gpxtpx:hr>120</gpxtpx:hr>
          </gpxtpx:TrackPointExtension>
        </extensions>
      </trkpt>
      <trkpt lat="31.083907602608985" lon="121.51447295356708">
        <ele>5.714321590028703</ele>
        <time>2026-02-28T04:21:55Z</time>
        <extensions>
          <gpxtpx:TrackPointExtension>
            <gpxtpx:hr>120</gpxtpx:hr>
          </gpxtpx:TrackPointExtension>
        </extensions>
      </trkpt>
      <trkpt lat="31.08391060279953" lon="121.51448225047609">
        <ele>5.715894320048392</ele>
        <time>2026-02-28T04:21:56Z</time>
        <extensions>
          <gpxtpx:TrackPointExtension>
            <gpxtpx:hr>120</gpxtpx:hr>
          </gpxtpx:TrackPointExtension>
        </extensions>
      </trkpt>
      <trkpt lat="31.08391340466856" lon="121.5144922319091">
        <ele>5.7171656005084515</ele>
        <time>2026-02-28T04:21:57Z</time>
        <extensions>
          <gpxtpx:TrackPointExtension>
            <gpxtpx:hr>119</gpxtpx:hr>
          </gpxtpx:TrackPointExtension>
        </extensions>
      </trkpt>
      <trkpt lat="31.083916045357117" lon="121.51450284016967">
        <ele>5.718055539764464</ele>
        <time>2026-02-28T04:21:58Z</time>
        <extensions>
          <gpxtpx:TrackPointExtension>
            <gpxtpx:hr>119</gpxtpx:hr>
          </gpxtpx:TrackPointExtension>
        </extensions>
      </trkpt>
      <trkpt lat="31.083918586082834" lon="121.51451400605337">
        <ele>5.718589887954295</ele>
        <time>2026-02-28T04:21:59Z</time>
        <extensions>
          <gpxtpx:TrackPointExtension>
            <gpxtpx:hr>119</gpxtpx:hr>
          </gpxtpx:TrackPointExtension>
        </extensions>
      </trkpt>
      <trkpt lat="31.083921079398937" lon="121.51452562203534">
        <ele>5.718748810701072</ele>
        <time>2026-02-28T04:22:00Z</time>
        <extensions>
          <gpxtpx:TrackPointExtension>
            <gpxtpx:hr>118</gpxtpx:hr>
          </gpxtpx:TrackPointExtension>
        </extensions>
      </trkpt>
      <trkpt lat="31.083923546532308" lon="121.51453764153999">
        <ele>5.718633581884205</ele>
        <time>2026-02-28T04:22:01Z</time>
        <extensions>
          <gpxtpx:TrackPointExtension>
            <gpxtpx:hr>118</gpxtpx:hr>
          </gpxtpx:TrackPointExtension>
        </extensions>
      </trkpt>
      <trkpt lat="31.083926002271937" lon="121.51455002710243">
        <ele>5.718174195848405</ele>
        <time>2026-02-28T04:22:02Z</time>
        <extensions>
          <gpxtpx:TrackPointExtension>
            <gpxtpx:hr>118</gpxtpx:hr>
          </gpxtpx:TrackPointExtension>
        </extensions>
      </trkpt>
      <trkpt lat="31.083928469531788" lon="121.51456276043267">
        <ele>5.717315189540386</ele>
        <time>2026-02-28T04:22:03Z</time>
        <extensions>
          <gpxtpx:TrackPointExtension>
            <gpxtpx:hr>118</gpxtpx:hr>
          </gpxtpx:TrackPointExtension>
        </extensions>
      </trkpt>
      <trkpt lat="31.08393097319997" lon="121.51457586854691">
        <ele>5.716138722375035</ele>
        <time>2026-02-28T04:22:03.900000Z</time>
        <extensions>
          <gpxtpx:TrackPointExtension>
            <gpxtpx:hr>118</gpxtpx:hr>
          </gpxtpx:TrackPointExtension>
        </extensions>
      </trkpt>
      <trkpt lat="31.083933513659915" lon="121.51458930251276">
        <ele>5.714635689742863</ele>
        <time>2026-02-28T04:22:04.900000Z</time>
        <extensions>
          <gpxtpx:TrackPointExtension>
            <gpxtpx:hr>118</gpxtpx:hr>
          </gpxtpx:TrackPointExtension>
        </extensions>
      </trkpt>
      <trkpt lat="31.083936082860873" lon="121.51460299115391">
        <ele>5.7128438502550125</ele>
        <time>2026-02-28T04:22:05.900000Z</time>
        <extensions>
          <gpxtpx:TrackPointExtension>
            <gpxtpx:hr>116</gpxtpx:hr>
          </gpxtpx:TrackPointExtension>
        </extensions>
      </trkpt>
      <trkpt lat="31.083938695519432" lon="121.51461686206903">
        <ele>5.710965941660106</ele>
        <time>2026-02-28T04:22:06.900000Z</time>
        <extensions>
          <gpxtpx:TrackPointExtension>
            <gpxtpx:hr>116</gpxtpx:hr>
          </gpxtpx:TrackPointExtension>
        </extensions>
      </trkpt>
      <trkpt lat="31.083941349152163" lon="121.51463094624097">
        <ele>5.708739183843136</ele>
        <time>2026-02-28T04:22:07.900000Z</time>
        <extensions>
          <gpxtpx:TrackPointExtension>
            <gpxtpx:hr>116</gpxtpx:hr>
          </gpxtpx:TrackPointExtension>
        </extensions>
      </trkpt>
      <trkpt lat="31.083944034867738" lon="121.5146452188927">
        <ele>5.706352746114135</ele>
        <time>2026-02-28T04:22:08.900000Z</time>
        <extensions>
          <gpxtpx:TrackPointExtension>
            <gpxtpx:hr>116</gpxtpx:hr>
          </gpxtpx:TrackPointExtension>
        </extensions>
      </trkpt>
      <trkpt lat="31.083946771170023" lon="121.51465965389565">
        <ele>5.703916843049228</ele>
        <time>2026-02-28T04:22:09.900000Z</time>
        <extensions>
          <gpxtpx:TrackPointExtension>
            <gpxtpx:hr>116</gpxtpx:hr>
          </gpxtpx:TrackPointExtension>
        </extensions>
      </trkpt>
      <trkpt lat="31.083949533866342" lon="121.51467415999407">
        <ele>5.701487021520734</ele>
        <time>2026-02-28T04:22:10.900000Z</time>
        <extensions>
          <gpxtpx:TrackPointExtension>
            <gpxtpx:hr>116</gpxtpx:hr>
          </gpxtpx:TrackPointExtension>
        </extensions>
      </trkpt>
      <trkpt lat="31.083952314201643" lon="121.51468869832416">
        <ele>5.699127488769591</ele>
        <time>2026-02-28T04:22:11.900000Z</time>
        <extensions>
          <gpxtpx:TrackPointExtension>
            <gpxtpx:hr>116</gpxtpx:hr>
          </gpxtpx:TrackPointExtension>
        </extensions>
      </trkpt>
      <trkpt lat="31.083955143233712" lon="121.51470334413395">
        <ele>5.696950518526137</ele>
        <time>2026-02-28T04:22:12.900000Z</time>
        <extensions>
          <gpxtpx:TrackPointExtension>
            <gpxtpx:hr>116</gpxtpx:hr>
          </gpxtpx:TrackPointExtension>
        </extensions>
      </trkpt>
      <trkpt lat="31.083958022082374" lon="121.5147180305349">
        <ele>5.694962392561138</ele>
        <time>2026-02-28T04:22:13.900000Z</time>
        <extensions>
          <gpxtpx:TrackPointExtension>
            <gpxtpx:hr>116</gpxtpx:hr>
          </gpxtpx:TrackPointExtension>
        </extensions>
      </trkpt>
      <trkpt lat="31.083960945272832" lon="121.51473270108947">
        <ele>5.693154705688357</ele>
        <time>2026-02-28T04:22:14.900000Z</time>
        <extensions>
          <gpxtpx:TrackPointExtension>
            <gpxtpx:hr>116</gpxtpx:hr>
          </gpxtpx:TrackPointExtension>
        </extensions>
      </trkpt>
      <trkpt lat="31.0839639171949" lon="121.51474738767669">
        <ele>5.691647348925471</ele>
        <time>2026-02-28T04:22:15.900000Z</time>
        <extensions>
          <gpxtpx:TrackPointExtension>
            <gpxtpx:hr>116</gpxtpx:hr>
          </gpxtpx:TrackPointExtension>
        </extensions>
      </trkpt>
      <trkpt lat="31.08396689663065" lon="121.51476205728837">
        <ele>5.690524182282388</ele>
        <time>2026-02-28T04:22:16.900000Z</time>
        <extensions>
          <gpxtpx:TrackPointExtension>
            <gpxtpx:hr>116</gpxtpx:hr>
          </gpxtpx:TrackPointExtension>
        </extensions>
      </trkpt>
      <trkpt lat="31.083969914669687" lon="121.51477673380153">
        <ele>5.689747355878353</ele>
        <time>2026-02-28T04:22:17.900000Z</time>
        <extensions>
          <gpxtpx:TrackPointExtension>
            <gpxtpx:hr>116</gpxtpx:hr>
          </gpxtpx:TrackPointExtension>
        </extensions>
      </trkpt>
      <trkpt lat="31.083972932581172" lon="121.51479142805876">
        <ele>5.689476847648621</ele>
        <time>2026-02-28T04:22:18.900000Z</time>
        <extensions>
          <gpxtpx:TrackPointExtension>
            <gpxtpx:hr>116</gpxtpx:hr>
          </gpxtpx:TrackPointExtension>
        </extensions>
      </trkpt>
      <trkpt lat="31.083975947565744" lon="121.51480610929627">
        <ele>5.689769059419632</ele>
        <time>2026-02-28T04:22:19.900000Z</time>
        <extensions>
          <gpxtpx:TrackPointExtension>
            <gpxtpx:hr>114</gpxtpx:hr>
          </gpxtpx:TrackPointExtension>
        </extensions>
      </trkpt>
      <trkpt lat="31.083978958042497" lon="121.51482075643314">
        <ele>5.690676453523338</ele>
        <time>2026-02-28T04:22:20.900000Z</time>
        <extensions>
          <gpxtpx:TrackPointExtension>
            <gpxtpx:hr>114</gpxtpx:hr>
          </gpxtpx:TrackPointExtension>
        </extensions>
      </trkpt>
      <trkpt lat="31.08398196187826" lon="121.51483537899492">
        <ele>5.692249589599669</ele>
        <time>2026-02-28T04:22:21.900000Z</time>
        <extensions>
          <gpxtpx:TrackPointExtension>
            <gpxtpx:hr>114</gpxtpx:hr>
          </gpxtpx:TrackPointExtension>
        </extensions>
      </trkpt>
      <trkpt lat="31.08398495118177" lon="121.51484997792993">
        <ele>5.694533064961433</ele>
        <time>2026-02-28T04:22:22.900000Z</time>
        <extensions>
          <gpxtpx:TrackPointExtension>
            <gpxtpx:hr>114</gpxtpx:hr>
          </gpxtpx:TrackPointExtension>
        </extensions>
      </trkpt>
      <trkpt lat="31.083987916931292" lon="121.51486453366022">
        <ele>5.6975581692531705</ele>
        <time>2026-02-28T04:22:23.900000Z</time>
        <extensions>
          <gpxtpx:TrackPointExtension>
            <gpxtpx:hr>114</gpxtpx:hr>
          </gpxtpx:TrackPointExtension>
        </extensions>
      </trkpt>
      <trkpt lat="31.083990860787605" lon="121.51487902850378">
        <ele>5.701342257671058</ele>
        <time>2026-02-28T04:22:24.900000Z</time>
        <extensions>
          <gpxtpx:TrackPointExtension>
            <gpxtpx:hr>115</gpxtpx:hr>
          </gpxtpx:TrackPointExtension>
        </extensions>
      </trkpt>
      <trkpt lat="31.083993788259228" lon="121.51489345395049">
        <ele>5.70588999427855</ele>
        <time>2026-02-28T04:22:25.900000Z</time>
        <extensions>
          <gpxtpx:TrackPointExtension>
            <gpxtpx:hr>115</gpxtpx:hr>
          </gpxtpx:TrackPointExtension>
        </extensions>
      </trkpt>
      <trkpt lat="31.083996701513538" lon="121.51490779346068">
        <ele>5.711186983622611</ele>
        <time>2026-02-28T04:22:26.900000Z</time>
        <extensions>
          <gpxtpx:TrackPointExtension>
            <gpxtpx:hr>115</gpxtpx:hr>
          </gpxtpx:TrackPointExtension>
        </extensions>
      </trkpt>
      <trkpt lat="31.083999604409026" lon="121.51492202981186">
        <ele>5.717199859209359</ele>
        <time>2026-02-28T04:22:27.900000Z</time>
        <extensions>
          <gpxtpx:TrackPointExtension>
            <gpxtpx:hr>115</gpxtpx:hr>
          </gpxtpx:TrackPointExtension>
        </extensions>
      </trkpt>
      <trkpt lat="31.08400251018937" lon="121.51493615602911">
        <ele>5.723884217441082</ele>
        <time>2026-02-28T04:22:28.900000Z</time>
        <extensions>
          <gpxtpx:TrackPointExtension>
            <gpxtpx:hr>115</gpxtpx:hr>
          </gpxtpx:TrackPointExtension>
        </extensions>
      </trkpt>
      <trkpt lat="31.084005435884485" lon="121.51495017905356">
        <ele>5.7311800345778465</ele>
        <time>2026-02-28T04:22:29.900000Z</time>
        <extensions>
          <gpxtpx:TrackPointExtension>
            <gpxtpx:hr>115</gpxtpx:hr>
          </gpxtpx:TrackPointExtension>
        </extensions>
      </trkpt>
      <trkpt lat="31.084008393033695" lon="121.51496412067567">
        <ele>5.739001012407243</ele>
        <time>2026-02-28T04:22:30.900000Z</time>
        <extensions>
          <gpxtpx:TrackPointExtension>
            <gpxtpx:hr>114</gpxtpx:hr>
          </gpxtpx:TrackPointExtension>
        </extensions>
      </trkpt>
      <trkpt lat="31.084011390174705" lon="121.5149779970792">
        <ele>5.747235905379057</ele>
        <time>2026-02-28T04:22:31.900000Z</time>
        <extensions>
          <gpxtpx:TrackPointExtension>
            <gpxtpx:hr>114</gpxtpx:hr>
          </gpxtpx:TrackPointExtension>
        </extensions>
      </trkpt>
      <trkpt lat="31.084014433999847" lon="121.51499180547994">
        <ele>5.755751655437052</ele>
        <time>2026-02-28T04:22:32.900000Z</time>
        <extensions>
          <gpxtpx:TrackPointExtension>
            <gpxtpx:hr>114</gpxtpx:hr>
          </gpxtpx:TrackPointExtension>
        </extensions>
      </trkpt>
      <trkpt lat="31.084017525785242" lon="121.51500552538378">
        <ele>5.764392024837434</ele>
        <time>2026-02-28T04:22:33.900000Z</time>
        <extensions>
          <gpxtpx:TrackPointExtension>
            <gpxtpx:hr>114</gpxtpx:hr>
          </gpxtpx:TrackPointExtension>
        </extensions>
      </trkpt>
      <trkpt lat="31.08402067109461" lon="121.51501914922969">
        <ele>5.772984656505287</ele>
        <time>2026-02-28T04:22:34.900000Z</time>
        <extensions>
          <gpxtpx:TrackPointExtension>
            <gpxtpx:hr>114</gpxtpx:hr>
          </gpxtpx:TrackPointExtension>
        </extensions>
      </trkpt>
      <trkpt lat="31.084023883749275" lon="121.51503268773875">
        <ele>5.781358802691102</ele>
        <time>2026-02-28T04:22:35.900000Z</time>
        <extensions>
          <gpxtpx:TrackPointExtension>
            <gpxtpx:hr>114</gpxtpx:hr>
          </gpxtpx:TrackPointExtension>
        </extensions>
      </trkpt>
      <trkpt lat="31.084027174730725" lon="121.5150461583752">
        <ele>5.789359802380204</ele>
        <time>2026-02-28T04:22:36.900000Z</time>
        <extensions>
          <gpxtpx:TrackPointExtension>
            <gpxtpx:hr>119</gpxtpx:hr>
          </gpxtpx:TrackPointExtension>
        </extensions>
      </trkpt>
      <trkpt lat="31.084030547376333" lon="121.51505958580728">
        <ele>5.796850212849677</ele>
        <time>2026-02-28T04:22:37.900000Z</time>
        <extensions>
          <gpxtpx:TrackPointExtension>
            <gpxtpx:hr>119</gpxtpx:hr>
          </gpxtpx:TrackPointExtension>
        </extensions>
      </trkpt>
      <trkpt lat="31.08403399590746" lon="121.51507298975771">
        <ele>5.803710490465164</ele>
        <time>2026-02-28T04:22:38.900000Z</time>
        <extensions>
          <gpxtpx:TrackPointExtension>
            <gpxtpx:hr>119</gpxtpx:hr>
          </gpxtpx:TrackPointExtension>
        </extensions>
      </trkpt>
      <trkpt lat="31.084037495130858" lon="121.5150863793394">
        <ele>5.809846737422049</ele>
        <time>2026-02-28T04:22:39.900000Z</time>
        <extensions>
          <gpxtpx:TrackPointExtension>
            <gpxtpx:hr>119</gpxtpx:hr>
          </gpxtpx:TrackPointExtension>
        </extensions>
      </trkpt>
      <trkpt lat="31.0840410097295" lon="121.5150997562548">
        <ele>5.815192079171538</ele>
        <time>2026-02-28T04:22:40.900000Z</time>
        <extensions>
          <gpxtpx:TrackPointExtension>
            <gpxtpx:hr>119</gpxtpx:hr>
          </gpxtpx:TrackPointExtension>
        </extensions>
      </trkpt>
      <trkpt lat="31.084044526157523" lon="121.51511313060465">
        <ele>5.819699422456324</ele>
        <time>2026-02-28T04:22:41.900000Z</time>
        <extensions>
          <gpxtpx:TrackPointExtension>
            <gpxtpx:hr>119</gpxtpx:hr>
          </gpxtpx:TrackPointExtension>
        </extensions>
      </trkpt>
      <trkpt lat="31.084048050484185" lon="121.51512651631046">
        <ele>5.823338126763701</ele>
        <time>2026-02-28T04:22:42.900000Z</time>
        <extensions>
          <gpxtpx:TrackPointExtension>
            <gpxtpx:hr>117</gpxtpx:hr>
          </gpxtpx:TrackPointExtension>
        </extensions>
      </trkpt>
      <trkpt lat="31.084051591049512" lon="121.51513993219939">
        <ele>5.826096225529909</ele>
        <time>2026-02-28T04:22:43.900000Z</time>
        <extensions>
          <gpxtpx:TrackPointExtension>
            <gpxtpx:hr>117</gpxtpx:hr>
          </gpxtpx:TrackPointExtension>
        </extensions>
      </trkpt>
      <trkpt lat="31.084055152529253" lon="121.51515339025356">
        <ele>5.82798271253705</ele>
        <time>2026-02-28T04:22:44.900000Z</time>
        <extensions>
          <gpxtpx:TrackPointExtension>
            <gpxtpx:hr>117</gpxtpx:hr>
          </gpxtpx:TrackPointExtension>
        </extensions>
      </trkpt>
      <trkpt lat="31.084058733814114" lon="121.51516688413616">
        <ele>5.829029263928533</ele>
        <time>2026-02-28T04:22:45.900000Z</time>
        <extensions>
          <gpxtpx:TrackPointExtension>
            <gpxtpx:hr>116</gpxtpx:hr>
          </gpxtpx:TrackPointExtension>
        </extensions>
      </trkpt>
      <trkpt lat="31.0840623393411" lon="121.51518039654488">
        <ele>5.829288705252111</ele>
        <time>2026-02-28T04:22:46.900000Z</time>
        <extensions>
          <gpxtpx:TrackPointExtension>
            <gpxtpx:hr>116</gpxtpx:hr>
          </gpxtpx:TrackPointExtension>
        </extensions>
      </trkpt>
      <trkpt lat="31.08406597982854" lon="121.515193907274">
        <ele>5.828826693817973</ele>
        <time>2026-02-28T04:22:47.900000Z</time>
        <extensions>
          <gpxtpx:TrackPointExtension>
            <gpxtpx:hr>116</gpxtpx:hr>
          </gpxtpx:TrackPointExtension>
        </extensions>
      </trkpt>
      <trkpt lat="31.08406966416247" lon="121.5152073983188">
        <ele>5.827714016661048</ele>
        <time>2026-02-28T04:22:48.900000Z</time>
        <extensions>
          <gpxtpx:TrackPointExtension>
            <gpxtpx:hr>116</gpxtpx:hr>
          </gpxtpx:TrackPointExtension>
        </extensions>
      </trkpt>
      <trkpt lat="31.08407340344211" lon="121.51522086561192">
        <ele>5.82602412160486</ele>
        <time>2026-02-28T04:22:49.900000Z</time>
        <extensions>
          <gpxtpx:TrackPointExtension>
            <gpxtpx:hr>116</gpxtpx:hr>
          </gpxtpx:TrackPointExtension>
        </extensions>
      </trkpt>
      <trkpt lat="31.084077210095955" lon="121.51523432054823">
        <ele>5.823832660913467</ele>
        <time>2026-02-28T04:22:50.900000Z</time>
        <extensions>
          <gpxtpx:TrackPointExtension>
            <gpxtpx:hr>116</gpxtpx:hr>
          </gpxtpx:TrackPointExtension>
        </extensions>
      </trkpt>
      <trkpt lat="31.084081093103418" lon="121.51524777440704">
        <ele>5.821214385330677</ele>
        <time>2026-02-28T04:22:51.900000Z</time>
        <extensions>
          <gpxtpx:TrackPointExtension>
            <gpxtpx:hr>116</gpxtpx:hr>
          </gpxtpx:TrackPointExtension>
        </extensions>
      </trkpt>
      <trkpt lat="31.084085054265604" lon="121.5152612263847">
        <ele>5.8182346457615495</ele>
        <time>2026-02-28T04:22:52.900000Z</time>
        <extensions>
          <gpxtpx:TrackPointExtension>
            <gpxtpx:hr>116</gpxtpx:hr>
          </gpxtpx:TrackPointExtension>
        </extensions>
      </trkpt>
      <trkpt lat="31.08408908941706" lon="121.515274655191">
        <ele>5.814946164377034</ele>
        <time>2026-02-28T04:22:53.900000Z</time>
        <extensions>
          <gpxtpx:TrackPointExtension>
            <gpxtpx:hr>116</gpxtpx:hr>
          </gpxtpx:TrackPointExtension>
        </extensions>
      </trkpt>
      <trkpt lat="31.08409319337565" lon="121.5152880360979">
        <ele>5.811394046060741</ele>
        <time>2026-02-28T04:22:54.900000Z</time>
        <extensions>
          <gpxtpx:TrackPointExtension>
            <gpxtpx:hr>116</gpxtpx:hr>
          </gpxtpx:TrackPointExtension>
        </extensions>
      </trkpt>
      <trkpt lat="31.08409736199661" lon="121.51530135845593">
        <ele>5.807619096711278</ele>
        <time>2026-02-28T04:22:55.900000Z</time>
        <extensions>
          <gpxtpx:TrackPointExtension>
            <gpxtpx:hr>116</gpxtpx:hr>
          </gpxtpx:TrackPointExtension>
        </extensions>
      </trkpt>
      <trkpt lat="31.084101590254832" lon="121.51531461819789">
        <ele>5.803660706616938</ele>
        <time>2026-02-28T04:22:56.900000Z</time>
        <extensions>
          <gpxtpx:TrackPointExtension>
            <gpxtpx:hr>116</gpxtpx:hr>
          </gpxtpx:TrackPointExtension>
        </extensions>
      </trkpt>
      <trkpt lat="31.084105876762997" lon="121.51532780021113">
        <ele>5.799552123993635</ele>
        <time>2026-02-28T04:22:57.900000Z</time>
        <extensions>
          <gpxtpx:TrackPointExtension>
            <gpxtpx:hr>116</gpxtpx:hr>
          </gpxtpx:TrackPointExtension>
        </extensions>
      </trkpt>
      <trkpt lat="31.08411022814908" lon="121.51534089019454">
        <ele>5.79531151521951</ele>
        <time>2026-02-28T04:22:58.900000Z</time>
        <extensions>
          <gpxtpx:TrackPointExtension>
            <gpxtpx:hr>116</gpxtpx:hr>
          </gpxtpx:TrackPointExtension>
        </extensions>
      </trkpt>
      <trkpt lat="31.084114648561712" lon="121.51535389896958">
        <ele>5.790949547663331</ele>
        <time>2026-02-28T04:22:59.900000Z</time>
        <extensions>
          <gpxtpx:TrackPointExtension>
            <gpxtpx:hr>116</gpxtpx:hr>
          </gpxtpx:TrackPointExtension>
        </extensions>
      </trkpt>
      <trkpt lat="31.084119141974504" lon="121.51536686219998">
        <ele>5.786481091752648</ele>
        <time>2026-02-28T04:23:00.900000Z</time>
      </trkpt>
      <trkpt lat="31.084123714133103" lon="121.51537981192668">
        <ele>5.781927957199514</ele>
        <time>2026-02-28T04:23:01.900000Z</time>
      </trkpt>
      <trkpt lat="31.084128356272238" lon="121.51539274357081">
        <ele>5.77731915935874</ele>
        <time>2026-02-28T04:23:02.900000Z</time>
      </trkpt>
      <trkpt lat="31.084133051953508" lon="121.51540565143233">
        <ele>5.772687355056405</ele>
        <time>2026-02-28T04:23:03.900000Z</time>
      </trkpt>
      <trkpt lat="31.084137787590976" lon="121.51541855013684">
        <ele>5.768059985712171</ele>
        <time>2026-02-28T04:23:04.900000Z</time>
      </trkpt>
      <trkpt lat="31.08414255188173" lon="121.51543144167462">
        <ele>5.763453276827931</ele>
        <time>2026-02-28T04:23:05.900000Z</time>
      </trkpt>
      <trkpt lat="31.084147340144117" lon="121.51544432613834">
        <ele>5.7588712172582746</ele>
        <time>2026-02-28T04:23:06.900000Z</time>
      </trkpt>
    </trkseg>
  </trk>
</gpx>