<?xml version="1.0" encoding="UTF-8"?>
<gpx xmlns="http://www.topografix.com/GPX/1/1" xmlns:gpxtpx="http://www.garmin.com/xmlschemas/TrackPointExtension/v1" xmlns:xsi="http://www.w3.org/2001/XMLSchema-instance" xsi:schemaLocation="http://www.topografix.com/GPX/1/1 http://www.topografix.com/GPX/1/1/gpx.xsd" version="1.1" creator="gpx.py -- https://github.com/tkrajina/gpxpy">
  <trk>
    <name>gpx from keep</name>
    <type>Walk</type>
    <trkseg>
      <trkpt lat="34.21330331022033" lon="108.83276217454826">
        <ele>406.3916243361309</ele>
        <time>2026-02-02T04:09:42Z</time>
      </trkpt>
      <trkpt lat="34.21329124135152" lon="108.83276395715943">
        <ele>406.7595631983131</ele>
        <time>2026-02-02T04:09:42.900000Z</time>
      </trkpt>
      <trkpt lat="34.21327944881943" lon="108.83276603324443">
        <ele>407.09511789958924</ele>
        <time>2026-02-02T04:09:43.900000Z</time>
      </trkpt>
      <trkpt lat="34.213267781763754" lon="108.83276790177982">
        <ele>407.4161022696644</ele>
        <time>2026-02-02T04:09:44.900000Z</time>
      </trkpt>
      <trkpt lat="34.21325588871774" lon="108.83276961543454">
        <ele>407.725138572976</ele>
        <time>2026-02-02T04:09:45.900000Z</time>
      </trkpt>
      <trkpt lat="34.21324216022963" lon="108.83277031986218">
        <ele>408.0191415408626</ele>
        <time>2026-02-02T04:09:46.900000Z</time>
      </trkpt>
      <trkpt lat="34.21322630101987" lon="108.83276967640167">
        <ele>408.2985950242728</ele>
        <time>2026-02-02T04:09:47.900000Z</time>
      </trkpt>
      <trkpt lat="34.21321055821213" lon="108.83276866652109">
        <ele>408.55579132493585</ele>
        <time>2026-02-02T04:09:48.900000Z</time>
      </trkpt>
      <trkpt lat="34.21319579323434" lon="108.8327679163956">
        <ele>408.7856925847009</ele>
        <time>2026-02-02T04:09:49.900000Z</time>
      </trkpt>
      <trkpt lat="34.21318173632561" lon="108.8327675063366">
        <ele>408.9823165871203</ele>
        <time>2026-02-02T04:09:50.900000Z</time>
      </trkpt>
      <trkpt lat="34.2131678409065" lon="108.83276715457424">
        <ele>409.16474728193134</ele>
        <time>2026-02-02T04:09:51.900000Z</time>
      </trkpt>
      <trkpt lat="34.2131542306298" lon="108.83276650658561">
        <ele>409.3321193968877</ele>
        <time>2026-02-02T04:09:52.900000Z</time>
      </trkpt>
      <trkpt lat="34.21314119401388" lon="108.83276548187894">
        <ele>409.47671685926616</ele>
        <time>2026-02-02T04:09:53.900000Z</time>
      </trkpt>
      <trkpt lat="34.21312851817692" lon="108.83276418761429">
        <ele>409.5932248644531</ele>
        <time>2026-02-02T04:09:54.900000Z</time>
      </trkpt>
      <trkpt lat="34.21311673015472" lon="108.83276264129215">
        <ele>409.6883052960038</ele>
        <time>2026-02-02T04:09:55.900000Z</time>
      </trkpt>
      <trkpt lat="34.21310500447364" lon="108.83276085105025">
        <ele>409.7690346557647</ele>
        <time>2026-02-02T04:09:56.900000Z</time>
      </trkpt>
      <trkpt lat="34.21309226439035" lon="108.83275904561052">
        <ele>409.828621850349</ele>
        <time>2026-02-02T04:09:57.900000Z</time>
      </trkpt>
      <trkpt lat="34.21307894833203" lon="108.83275741959783">
        <ele>409.8642656719312</ele>
        <time>2026-02-02T04:09:58.900000Z</time>
      </trkpt>
      <trkpt lat="34.21306555553152" lon="108.83275603199706">
        <ele>409.86872448958457</ele>
        <time>2026-02-02T04:09:59.900000Z</time>
      </trkpt>
      <trkpt lat="34.21305228725977" lon="108.83275518033842">
        <ele>409.85706147458404</ele>
        <time>2026-02-02T04:10:00.900000Z</time>
      </trkpt>
      <trkpt lat="34.2130398372957" lon="108.83275543731756">
        <ele>409.8354053096846</ele>
        <time>2026-02-02T04:10:01.900000Z</time>
      </trkpt>
      <trkpt lat="34.21302893010037" lon="108.8327578352919">
        <ele>409.8052031379193</ele>
        <time>2026-02-02T04:10:02.900000Z</time>
      </trkpt>
      <trkpt lat="34.21302014652793" lon="108.83276335672505">
        <ele>409.7651604730636</ele>
        <time>2026-02-02T04:10:03.900000Z</time>
      </trkpt>
      <trkpt lat="34.213014347578586" lon="108.8327719857036">
        <ele>409.709365661256</ele>
        <time>2026-02-02T04:10:04.900000Z</time>
      </trkpt>
      <trkpt lat="34.21301154835384" lon="108.83278310219276">
        <ele>409.631589660421</ele>
        <time>2026-02-02T04:10:05.900000Z</time>
      </trkpt>
      <trkpt lat="34.213010977651194" lon="108.83279571340732">
        <ele>409.5374302845448</ele>
        <time>2026-02-02T04:10:06.900000Z</time>
      </trkpt>
      <trkpt lat="34.21301186710396" lon="108.83280861542359">
        <ele>409.43221423681825</ele>
        <time>2026-02-02T04:10:07.900000Z</time>
      </trkpt>
      <trkpt lat="34.213013095480505" lon="108.83282155731999">
        <ele>409.32751712948084</ele>
        <time>2026-02-02T04:10:08.900000Z</time>
      </trkpt>
      <trkpt lat="34.21301344894793" lon="108.83283483990452">
        <ele>409.21473324485123</ele>
        <time>2026-02-02T04:10:09.900000Z</time>
      </trkpt>
      <trkpt lat="34.21301276875753" lon="108.83284860413397">
        <ele>409.087659987621</ele>
        <time>2026-02-02T04:10:10.900000Z</time>
      </trkpt>
      <trkpt lat="34.21301212932026" lon="108.83286259563384">
        <ele>408.9511016793549</ele>
        <time>2026-02-02T04:10:11.900000Z</time>
      </trkpt>
      <trkpt lat="34.21301209271039" lon="108.83287539013843">
        <ele>408.82058830652386</ele>
        <time>2026-02-02T04:10:12.900000Z</time>
      </trkpt>
      <trkpt lat="34.21301210786598" lon="108.83288600702637">
        <ele>408.6809637285769</ele>
        <time>2026-02-02T04:10:13.900000Z</time>
      </trkpt>
      <trkpt lat="34.2130118961337" lon="108.83289561894969">
        <ele>408.53538521472365</ele>
        <time>2026-02-02T04:10:14.900000Z</time>
      </trkpt>
      <trkpt lat="34.21301124999993" lon="108.83290585567104">
        <ele>408.39073515869677</ele>
        <time>2026-02-02T04:10:15.900000Z</time>
      </trkpt>
      <trkpt lat="34.2130102252741" lon="108.83291740100506">
        <ele>408.22069839108735</ele>
        <time>2026-02-02T04:10:16.900000Z</time>
      </trkpt>
      <trkpt lat="34.21300927141372" lon="108.8329304593888">
        <ele>408.0400413777679</ele>
        <time>2026-02-02T04:10:17.900000Z</time>
      </trkpt>
      <trkpt lat="34.213008492534556" lon="108.83294506355917">
        <ele>407.86914797034115</ele>
        <time>2026-02-02T04:10:18.900000Z</time>
      </trkpt>
      <trkpt lat="34.213007701286735" lon="108.83296067512717">
        <ele>407.6917204335332</ele>
        <time>2026-02-02T04:10:19.900000Z</time>
      </trkpt>
      <trkpt lat="34.213006995672245" lon="108.83297520194145">
        <ele>407.51362912356853</ele>
        <time>2026-02-02T04:10:20.900000Z</time>
      </trkpt>
      <trkpt lat="34.21300602821482" lon="108.83298678349007">
        <ele>407.34185810759664</ele>
        <time>2026-02-02T04:10:21.900000Z</time>
      </trkpt>
      <trkpt lat="34.213004657159395" lon="108.83299630889282">
        <ele>407.18363869097084</ele>
        <time>2026-02-02T04:10:22.900000Z</time>
      </trkpt>
      <trkpt lat="34.21300315990733" lon="108.83300620855749">
        <ele>407.0254989983514</ele>
        <time>2026-02-02T04:10:23.900000Z</time>
      </trkpt>
      <trkpt lat="34.213001580038444" lon="108.8330181550612">
        <ele>406.89240986667573</ele>
        <time>2026-02-02T04:10:24.900000Z</time>
      </trkpt>
      <trkpt lat="34.213000280212675" lon="108.83303189058972">
        <ele>406.7785453191027</ele>
        <time>2026-02-02T04:10:25.900000Z</time>
      </trkpt>
      <trkpt lat="34.21299893472161" lon="108.83304582449287">
        <ele>406.6908747255802</ele>
        <time>2026-02-02T04:10:26.900000Z</time>
      </trkpt>
      <trkpt lat="34.2129972171958" lon="108.83305848573701">
        <ele>406.62719313055277</ele>
        <time>2026-02-02T04:10:27.900000Z</time>
      </trkpt>
      <trkpt lat="34.2129954920354" lon="108.83306944472925">
        <ele>406.5759130362421</ele>
        <time>2026-02-02T04:10:28.900000Z</time>
      </trkpt>
      <trkpt lat="34.21299373756146" lon="108.83307969642753">
        <ele>406.53240227885544</ele>
        <time>2026-02-02T04:10:29.900000Z</time>
      </trkpt>
      <trkpt lat="34.212991552825244" lon="108.83308982212955">
        <ele>406.503211309202</ele>
        <time>2026-02-02T04:10:30.900000Z</time>
      </trkpt>
      <trkpt lat="34.212988122695876" lon="108.8330992970647">
        <ele>406.47636814508587</ele>
        <time>2026-02-02T04:10:31.900000Z</time>
      </trkpt>
      <trkpt lat="34.212982830781876" lon="108.83310785396603">
        <ele>406.4560320023447</ele>
        <time>2026-02-02T04:10:32.900000Z</time>
      </trkpt>
      <trkpt lat="34.21297524888494" lon="108.83311593873076">
        <ele>406.4543529190123</ele>
        <time>2026-02-02T04:10:33.900000Z</time>
      </trkpt>
      <trkpt lat="34.21296538784457" lon="108.83312330779232">
        <ele>406.467950229533</ele>
        <time>2026-02-02T04:10:34.900000Z</time>
      </trkpt>
      <trkpt lat="34.212954427091276" lon="108.83312914492801">
        <ele>406.48842187877744</ele>
        <time>2026-02-02T04:10:35.900000Z</time>
      </trkpt>
      <trkpt lat="34.21294404718302" lon="108.83313401739424">
        <ele>406.51146409194916</ele>
        <time>2026-02-02T04:10:36.900000Z</time>
      </trkpt>
      <trkpt lat="34.212936373264036" lon="108.83314122090928">
        <ele>406.5408649649471</ele>
        <time>2026-02-02T04:10:37.900000Z</time>
      </trkpt>
      <trkpt lat="34.21293209931853" lon="108.8331528121537">
        <ele>406.5706528900191</ele>
        <time>2026-02-02T04:10:38.900000Z</time>
      </trkpt>
      <trkpt lat="34.212930072085875" lon="108.83316736259792">
        <ele>406.60027161892503</ele>
        <time>2026-02-02T04:10:39.900000Z</time>
      </trkpt>
      <trkpt lat="34.212928632063374" lon="108.83318276137278">
        <ele>406.6404556808993</ele>
        <time>2026-02-02T04:10:40.900000Z</time>
      </trkpt>
      <trkpt lat="34.212926729966476" lon="108.83319825689175">
        <ele>406.68440352007747</ele>
        <time>2026-02-02T04:10:41.900000Z</time>
      </trkpt>
      <trkpt lat="34.21292416082478" lon="108.83321379111405">
        <ele>406.7366708172485</ele>
        <time>2026-02-02T04:10:42.900000Z</time>
      </trkpt>
      <trkpt lat="34.21292117603309" lon="108.83322845411678">
        <ele>406.79960888810456</ele>
        <time>2026-02-02T04:10:43.900000Z</time>
      </trkpt>
      <trkpt lat="34.212918502484804" lon="108.83324228266953">
        <ele>406.8732426939532</ele>
        <time>2026-02-02T04:10:44.900000Z</time>
      </trkpt>
      <trkpt lat="34.21291594144934" lon="108.8332556456394">
        <ele>406.94442097470164</ele>
        <time>2026-02-02T04:10:45.900000Z</time>
      </trkpt>
      <trkpt lat="34.21291301354471" lon="108.83326855231186">
        <ele>407.01424757018685</ele>
        <time>2026-02-02T04:10:46.900000Z</time>
      </trkpt>
      <trkpt lat="34.212909327959764" lon="108.8332811580461">
        <ele>407.0893243616447</ele>
        <time>2026-02-02T04:10:47.900000Z</time>
      </trkpt>
      <trkpt lat="34.2129022374388" lon="108.83329263721281">
        <ele>407.1650573313236</ele>
        <time>2026-02-02T04:10:48.900000Z</time>
      </trkpt>
      <trkpt lat="34.21289069971398" lon="108.83330011299303">
        <ele>407.23667173460126</ele>
        <time>2026-02-02T04:10:49.900000Z</time>
      </trkpt>
      <trkpt lat="34.21287819818599" lon="108.83330204570062">
        <ele>407.3037967365235</ele>
        <time>2026-02-02T04:10:50.900000Z</time>
      </trkpt>
      <trkpt lat="34.21286715962697" lon="108.83330015363636">
        <ele>407.3667918955907</ele>
        <time>2026-02-02T04:10:51.900000Z</time>
      </trkpt>
      <trkpt lat="34.21285709337356" lon="108.8332971970803">
        <ele>407.43151252437383</ele>
        <time>2026-02-02T04:10:52.900000Z</time>
      </trkpt>
      <trkpt lat="34.212847232944284" lon="108.83329487624518">
        <ele>407.4893229920417</ele>
        <time>2026-02-02T04:10:53.900000Z</time>
      </trkpt>
      <trkpt lat="34.21283832745223" lon="108.83329387269957">
        <ele>407.5367162413895</ele>
        <time>2026-02-02T04:10:54.900000Z</time>
      </trkpt>
      <trkpt lat="34.21283084881893" lon="108.83329470265922">
        <ele>407.56459771376103</ele>
        <time>2026-02-02T04:10:55.900000Z</time>
      </trkpt>
      <trkpt lat="34.21282418616978" lon="108.83329748926913">
        <ele>407.589758226648</ele>
        <time>2026-02-02T04:10:56.900000Z</time>
      </trkpt>
      <trkpt lat="34.2128170555994" lon="108.83330233583786">
        <ele>407.60749217960984</ele>
        <time>2026-02-02T04:10:57.900000Z</time>
      </trkpt>
      <trkpt lat="34.212808223124846" lon="108.83330942932402">
        <ele>407.607609401457</ele>
        <time>2026-02-02T04:10:58.900000Z</time>
      </trkpt>
      <trkpt lat="34.21279802688168" lon="108.83331866424028">
        <ele>407.59992704354227</ele>
        <time>2026-02-02T04:10:59.900000Z</time>
      </trkpt>
      <trkpt lat="34.21278704123919" lon="108.83333026275676">
        <ele>407.58711891435087</ele>
        <time>2026-02-02T04:11:00.900000Z</time>
      </trkpt>
      <trkpt lat="34.21277669208409" lon="108.8333442256103">
        <ele>407.5701338844374</ele>
        <time>2026-02-02T04:11:01.900000Z</time>
      </trkpt>
      <trkpt lat="34.212767828073495" lon="108.833360091286">
        <ele>407.55586668569595</ele>
        <time>2026-02-02T04:11:02.900000Z</time>
      </trkpt>
      <trkpt lat="34.212759515231994" lon="108.83337646962283">
        <ele>407.54111085738987</ele>
        <time>2026-02-02T04:11:03.900000Z</time>
      </trkpt>
      <trkpt lat="34.212750928026395" lon="108.83339251859572">
        <ele>407.5261456351727</ele>
        <time>2026-02-02T04:11:04.900000Z</time>
      </trkpt>
      <trkpt lat="34.212741380594" lon="108.83340841703392">
        <ele>407.5070272181183</ele>
        <time>2026-02-02T04:11:05.900000Z</time>
      </trkpt>
      <trkpt lat="34.21273139307845" lon="108.83342350990354">
        <ele>407.4893813263625</ele>
        <time>2026-02-02T04:11:06.900000Z</time>
      </trkpt>
      <trkpt lat="34.21272228689378" lon="108.83343781096991">
        <ele>407.46747228037566</ele>
        <time>2026-02-02T04:11:07.900000Z</time>
      </trkpt>
      <trkpt lat="34.21271299120845" lon="108.83345270841583">
        <ele>407.44091761205345</ele>
        <time>2026-02-02T04:11:08.900000Z</time>
      </trkpt>
      <trkpt lat="34.212702863240665" lon="108.8334669772328">
        <ele>407.4215892627835</ele>
        <time>2026-02-02T04:11:09.900000Z</time>
      </trkpt>
      <trkpt lat="34.212693173968034" lon="108.83347937513096">
        <ele>407.3965749051422</ele>
        <time>2026-02-02T04:11:10.900000Z</time>
      </trkpt>
      <trkpt lat="34.21268296681879" lon="108.83349093135912">
        <ele>407.38212589453906</ele>
        <time>2026-02-02T04:11:11.900000Z</time>
      </trkpt>
      <trkpt lat="34.212671932413414" lon="108.83350130969433">
        <ele>407.40622073598206</ele>
        <time>2026-02-02T04:11:12.900000Z</time>
      </trkpt>
      <trkpt lat="34.212660889047605" lon="108.83351098526084">
        <ele>407.44696091488004</ele>
        <time>2026-02-02T04:11:13.900000Z</time>
      </trkpt>
      <trkpt lat="34.212650321613715" lon="108.83352028297857">
        <ele>407.4806903572753</ele>
        <time>2026-02-02T04:11:14.900000Z</time>
      </trkpt>
      <trkpt lat="34.212640353445806" lon="108.83352834887896">
        <ele>407.51521820761263</ele>
        <time>2026-02-02T04:11:15.900000Z</time>
      </trkpt>
      <trkpt lat="34.21263116780042" lon="108.8335354710004">
        <ele>407.555477543734</ele>
        <time>2026-02-02T04:11:16.900000Z</time>
      </trkpt>
      <trkpt lat="34.21262339420614" lon="108.8335418751483">
        <ele>407.60306098870933</ele>
        <time>2026-02-02T04:11:17.900000Z</time>
      </trkpt>
      <trkpt lat="34.21261680537871" lon="108.83354784263113">
        <ele>407.64813959412277</ele>
        <time>2026-02-02T04:11:18.900000Z</time>
      </trkpt>
      <trkpt lat="34.21261021901217" lon="108.83355357035478">
        <ele>407.71390774380416</ele>
        <time>2026-02-02T04:11:19.900000Z</time>
      </trkpt>
      <trkpt lat="34.2126036161668" lon="108.83355920903065">
        <ele>407.79143669456244</ele>
        <time>2026-02-02T04:11:20.900000Z</time>
      </trkpt>
      <trkpt lat="34.212597113628135" lon="108.83356562277943">
        <ele>407.8715192573145</ele>
        <time>2026-02-02T04:11:21.900000Z</time>
      </trkpt>
      <trkpt lat="34.21259005509091" lon="108.83357323930261">
        <ele>407.9377753995359</ele>
        <time>2026-02-02T04:11:22.900000Z</time>
      </trkpt>
      <trkpt lat="34.21258224463393" lon="108.83358103980984">
        <ele>407.99181296955794</ele>
        <time>2026-02-02T04:11:23.900000Z</time>
      </trkpt>
      <trkpt lat="34.21257338107639" lon="108.833587883757">
        <ele>408.04580529686064</ele>
        <time>2026-02-02T04:11:24.900000Z</time>
      </trkpt>
      <trkpt lat="34.21256345306036" lon="108.83359368128357">
        <ele>408.08758742548525</ele>
        <time>2026-02-02T04:11:26Z</time>
      </trkpt>
      <trkpt lat="34.212552697691756" lon="108.83359828480206">
        <ele>408.13294925168157</ele>
        <time>2026-02-02T04:11:27Z</time>
      </trkpt>
      <trkpt lat="34.212541093657805" lon="108.83360162488762">
        <ele>408.1734545594081</ele>
        <time>2026-02-02T04:11:28Z</time>
      </trkpt>
      <trkpt lat="34.21252942793039" lon="108.8336034755886">
        <ele>408.21623368933797</ele>
        <time>2026-02-02T04:11:29Z</time>
      </trkpt>
      <trkpt lat="34.21251856878381" lon="108.83360392065963">
        <ele>408.26282863505185</ele>
        <time>2026-02-02T04:11:30Z</time>
      </trkpt>
      <trkpt lat="34.21250799948408" lon="108.83360398876178">
        <ele>408.29976539313793</ele>
        <time>2026-02-02T04:11:31Z</time>
      </trkpt>
      <trkpt lat="34.212497366210876" lon="108.83360489699561">
        <ele>408.3314437009394</ele>
        <time>2026-02-02T04:11:32Z</time>
      </trkpt>
      <trkpt lat="34.212486255668566" lon="108.83360733221785">
        <ele>408.362278659828</ele>
        <time>2026-02-02T04:11:33Z</time>
      </trkpt>
      <trkpt lat="34.21247379562962" lon="108.8336113326972">
        <ele>408.3998399535194</ele>
        <time>2026-02-02T04:11:34Z</time>
      </trkpt>
      <trkpt lat="34.21246078007834" lon="108.83361619844331">
        <ele>408.4434625990689</ele>
        <time>2026-02-02T04:11:35Z</time>
      </trkpt>
      <trkpt lat="34.21244779125289" lon="108.83362181176355">
        <ele>408.47425437066704</ele>
        <time>2026-02-02T04:11:36Z</time>
      </trkpt>
      <trkpt lat="34.21243405362429" lon="108.83362847492184">
        <ele>408.4940497819334</ele>
        <time>2026-02-02T04:11:37Z</time>
      </trkpt>
      <trkpt lat="34.21242020282017" lon="108.8336355636268">
        <ele>408.49830315914005</ele>
        <time>2026-02-02T04:11:38Z</time>
      </trkpt>
      <trkpt lat="34.212407607948585" lon="108.8336433191693">
        <ele>408.50630358047783</ele>
        <time>2026-02-02T04:11:39Z</time>
      </trkpt>
      <trkpt lat="34.21239737664649" lon="108.83365280025518">
        <ele>408.5087837334722</ele>
        <time>2026-02-02T04:11:40Z</time>
      </trkpt>
      <trkpt lat="34.21238944552003" lon="108.833664396395">
        <ele>408.50510864611715</ele>
        <time>2026-02-02T04:11:41Z</time>
      </trkpt>
      <trkpt lat="34.21238322454569" lon="108.83367780132713">
        <ele>408.4979321938008</ele>
        <time>2026-02-02T04:11:42Z</time>
      </trkpt>
      <trkpt lat="34.21237821202177" lon="108.83369259647394">
        <ele>408.47871992737055</ele>
        <time>2026-02-02T04:11:43Z</time>
      </trkpt>
      <trkpt lat="34.212373896521996" lon="108.83370836753193">
        <ele>408.4501301571727</ele>
        <time>2026-02-02T04:11:44Z</time>
      </trkpt>
      <trkpt lat="34.2123705576454" lon="108.83372386268668">
        <ele>408.4079253869131</ele>
        <time>2026-02-02T04:11:45Z</time>
      </trkpt>
      <trkpt lat="34.212367954619474" lon="108.83373915603994">
        <ele>408.3768916381523</ele>
        <time>2026-02-02T04:11:46Z</time>
      </trkpt>
      <trkpt lat="34.2123655977247" lon="108.83375478847762">
        <ele>408.3468637615442</ele>
        <time>2026-02-02T04:11:46.900000Z</time>
      </trkpt>
      <trkpt lat="34.21236341304707" lon="108.83376949345897">
        <ele>408.3144792113453</ele>
        <time>2026-02-02T04:11:47.900000Z</time>
      </trkpt>
      <trkpt lat="34.21236108699769" lon="108.83378279255255">
        <ele>408.2779761366546</ele>
        <time>2026-02-02T04:11:48.900000Z</time>
      </trkpt>
      <trkpt lat="34.21235855233291" lon="108.83379480087373">
        <ele>408.24334895052016</ele>
        <time>2026-02-02T04:11:49.900000Z</time>
      </trkpt>
      <trkpt lat="34.21235584969058" lon="108.83380637706549">
        <ele>408.21237012092024</ele>
        <time>2026-02-02T04:11:50.900000Z</time>
      </trkpt>
      <trkpt lat="34.21235317576283" lon="108.83381825917684">
        <ele>408.18226335570216</ele>
        <time>2026-02-02T04:11:51.900000Z</time>
      </trkpt>
      <trkpt lat="34.21235057605696" lon="108.83383105404101">
        <ele>408.17438371200114</ele>
        <time>2026-02-02T04:11:52.900000Z</time>
      </trkpt>
      <trkpt lat="34.212347976416574" lon="108.83384590412342">
        <ele>408.1751950811595</ele>
        <time>2026-02-02T04:11:53.900000Z</time>
      </trkpt>
      <trkpt lat="34.212345279415295" lon="108.8338625648715">
        <ele>408.17485673353076</ele>
        <time>2026-02-02T04:11:54.900000Z</time>
      </trkpt>
      <trkpt lat="34.21234270579446" lon="108.83388006130383">
        <ele>408.186956172809</ele>
        <time>2026-02-02T04:11:55.900000Z</time>
      </trkpt>
      <trkpt lat="34.21234063162261" lon="108.83389775384362">
        <ele>408.1923004454002</ele>
        <time>2026-02-02T04:11:56.900000Z</time>
      </trkpt>
      <trkpt lat="34.21233885506074" lon="108.83391539285473">
        <ele>408.1896643349901</ele>
        <time>2026-02-02T04:11:57.900000Z</time>
      </trkpt>
      <trkpt lat="34.21233656315931" lon="108.83393281871562">
        <ele>408.188107509166</ele>
        <time>2026-02-02T04:11:58.900000Z</time>
      </trkpt>
      <trkpt lat="34.21233351485498" lon="108.83394866586664">
        <ele>408.20993186254054</ele>
        <time>2026-02-02T04:11:59.900000Z</time>
      </trkpt>
      <trkpt lat="34.212329500396585" lon="108.83396480118073">
        <ele>408.2254396174103</ele>
        <time>2026-02-02T04:12:00.900000Z</time>
      </trkpt>
      <trkpt lat="34.21232484006499" lon="108.83398317438356">
        <ele>408.2324429517612</ele>
        <time>2026-02-02T04:12:01.900000Z</time>
      </trkpt>
      <trkpt lat="34.212320561277195" lon="108.83400340206494">
        <ele>408.2277032416314</ele>
        <time>2026-02-02T04:12:02.900000Z</time>
      </trkpt>
      <trkpt lat="34.212316667848995" lon="108.83402537694063">
        <ele>408.20875388849527</ele>
        <time>2026-02-02T04:12:03.900000Z</time>
      </trkpt>
      <trkpt lat="34.21231341142418" lon="108.83404681512921">
        <ele>408.18911629356444</ele>
        <time>2026-02-02T04:12:04.900000Z</time>
      </trkpt>
      <trkpt lat="34.212311088608324" lon="108.83406710776053">
        <ele>408.16032737120986</ele>
        <time>2026-02-02T04:12:05.900000Z</time>
      </trkpt>
      <trkpt lat="34.212309415085784" lon="108.834087269479">
        <ele>408.1331251654774</ele>
        <time>2026-02-02T04:12:06.900000Z</time>
      </trkpt>
      <trkpt lat="34.212307718491246" lon="108.83410784848434">
        <ele>408.12058403808624</ele>
        <time>2026-02-02T04:12:07.900000Z</time>
      </trkpt>
      <trkpt lat="34.21230648610804" lon="108.83412790464881">
        <ele>408.1082347072661</ele>
        <time>2026-02-02T04:12:08.900000Z</time>
      </trkpt>
      <trkpt lat="34.21230515828888" lon="108.83414833020372">
        <ele>408.0728180659935</ele>
        <time>2026-02-02T04:12:10.100000Z</time>
      </trkpt>
      <trkpt lat="34.212304223534325" lon="108.8341641053196">
        <ele>408.0018116859719</ele>
        <time>2026-02-02T04:12:10.900000Z</time>
      </trkpt>
      <trkpt lat="34.212303803918694" lon="108.83418236366929">
        <ele>407.93329418916255</ele>
        <time>2026-02-02T04:12:11.900000Z</time>
      </trkpt>
      <trkpt lat="34.21230436986107" lon="108.83420158250495">
        <ele>407.87449146900326</ele>
        <time>2026-02-02T04:12:12.900000Z</time>
      </trkpt>
      <trkpt lat="34.212305591960394" lon="108.83422152025864">
        <ele>407.8206976996735</ele>
        <time>2026-02-02T04:12:13.900000Z</time>
      </trkpt>
      <trkpt lat="34.21230724237378" lon="108.83424107793266">
        <ele>407.7751228949055</ele>
        <time>2026-02-02T04:12:14.900000Z</time>
      </trkpt>
      <trkpt lat="34.21230946418714" lon="108.83425969632047">
        <ele>407.72749242465943</ele>
        <time>2026-02-02T04:12:15.900000Z</time>
      </trkpt>
      <trkpt lat="34.21231242606886" lon="108.83427750036284">
        <ele>407.6818441962823</ele>
        <time>2026-02-02T04:12:16.900000Z</time>
      </trkpt>
      <trkpt lat="34.21231582102348" lon="108.83429400939765">
        <ele>407.64687200728804</ele>
        <time>2026-02-02T04:12:17.900000Z</time>
      </trkpt>
      <trkpt lat="34.21231986791588" lon="108.83430903036634">
        <ele>407.59976276755333</ele>
        <time>2026-02-02T04:12:18.900000Z</time>
      </trkpt>
      <trkpt lat="34.21232463041501" lon="108.83432340203258">
        <ele>407.54764262307435</ele>
        <time>2026-02-02T04:12:19.900000Z</time>
      </trkpt>
      <trkpt lat="34.212329752295396" lon="108.8343385539923">
        <ele>407.4924999522045</ele>
        <time>2026-02-02T04:12:20.900000Z</time>
      </trkpt>
      <trkpt lat="34.21233487811275" lon="108.83435441354004">
        <ele>407.4475558605045</ele>
        <time>2026-02-02T04:12:21.900000Z</time>
      </trkpt>
      <trkpt lat="34.21233949470425" lon="108.8343702426586">
        <ele>407.4124337248504</ele>
        <time>2026-02-02T04:12:22.900000Z</time>
      </trkpt>
      <trkpt lat="34.21234315028546" lon="108.83438604564489">
        <ele>407.39116101991385</ele>
        <time>2026-02-02T04:12:23.900000Z</time>
      </trkpt>
      <trkpt lat="34.21234522700869" lon="108.83440145829523">
        <ele>407.3804635135457</ele>
        <time>2026-02-02T04:12:24.900000Z</time>
      </trkpt>
      <trkpt lat="34.21234578068406" lon="108.83441533456748">
        <ele>407.37543967552483</ele>
        <time>2026-02-02T04:12:25.900000Z</time>
      </trkpt>
      <trkpt lat="34.21234554043184" lon="108.83442820296546">
        <ele>407.3754497105256</ele>
        <time>2026-02-02T04:12:26.900000Z</time>
      </trkpt>
      <trkpt lat="34.21234533126752" lon="108.83444163272527">
        <ele>407.38313142955303</ele>
        <time>2026-02-02T04:12:27.900000Z</time>
        <extensions>
          <gpxtpx:TrackPointExtension>
            <gpxtpx:hr>110</gpxtpx:hr>
          </gpxtpx:TrackPointExtension>
        </extensions>
      </trkpt>
      <trkpt lat="34.212345010585835" lon="108.83445631058694">
        <ele>407.3814688399434</ele>
        <time>2026-02-02T04:12:28.900000Z</time>
        <extensions>
          <gpxtpx:TrackPointExtension>
            <gpxtpx:hr>110</gpxtpx:hr>
          </gpxtpx:TrackPointExtension>
        </extensions>
      </trkpt>
      <trkpt lat="34.21234419099023" lon="108.83447269430118">
        <ele>407.3948172433302</ele>
        <time>2026-02-02T04:12:29.900000Z</time>
        <extensions>
          <gpxtpx:TrackPointExtension>
            <gpxtpx:hr>110</gpxtpx:hr>
          </gpxtpx:TrackPointExtension>
        </extensions>
      </trkpt>
      <trkpt lat="34.21234294985678" lon="108.83449038729874">
        <ele>407.4089330006391</ele>
        <time>2026-02-02T04:12:30.900000Z</time>
        <extensions>
          <gpxtpx:TrackPointExtension>
            <gpxtpx:hr>110</gpxtpx:hr>
          </gpxtpx:TrackPointExtension>
        </extensions>
      </trkpt>
      <trkpt lat="34.21234170396424" lon="108.83450797609055">
        <ele>407.41174169350415</ele>
        <time>2026-02-02T04:12:31.900000Z</time>
        <extensions>
          <gpxtpx:TrackPointExtension>
            <gpxtpx:hr>110</gpxtpx:hr>
          </gpxtpx:TrackPointExtension>
        </extensions>
      </trkpt>
      <trkpt lat="34.212340239097585" lon="108.8345249084229">
        <ele>407.4347691209987</ele>
        <time>2026-02-02T04:12:32.900000Z</time>
        <extensions>
          <gpxtpx:TrackPointExtension>
            <gpxtpx:hr>110</gpxtpx:hr>
          </gpxtpx:TrackPointExtension>
        </extensions>
      </trkpt>
      <trkpt lat="34.21233783336105" lon="108.83454136834362">
        <ele>407.4633135404438</ele>
        <time>2026-02-02T04:12:33.900000Z</time>
        <extensions>
          <gpxtpx:TrackPointExtension>
            <gpxtpx:hr>110</gpxtpx:hr>
          </gpxtpx:TrackPointExtension>
        </extensions>
      </trkpt>
      <trkpt lat="34.2123346939993" lon="108.83455757162822">
        <ele>407.4926047362387</ele>
        <time>2026-02-02T04:12:34.900000Z</time>
        <extensions>
          <gpxtpx:TrackPointExtension>
            <gpxtpx:hr>110</gpxtpx:hr>
          </gpxtpx:TrackPointExtension>
        </extensions>
      </trkpt>
      <trkpt lat="34.21233060555127" lon="108.83457352932832">
        <ele>407.4914961690083</ele>
        <time>2026-02-02T04:12:35.900000Z</time>
        <extensions>
          <gpxtpx:TrackPointExtension>
            <gpxtpx:hr>110</gpxtpx:hr>
          </gpxtpx:TrackPointExtension>
        </extensions>
      </trkpt>
      <trkpt lat="34.21232593058201" lon="108.83458958661114">
        <ele>407.4740589922294</ele>
        <time>2026-02-02T04:12:36.900000Z</time>
        <extensions>
          <gpxtpx:TrackPointExtension>
            <gpxtpx:hr>110</gpxtpx:hr>
          </gpxtpx:TrackPointExtension>
        </extensions>
      </trkpt>
      <trkpt lat="34.21232184254298" lon="108.8346070174384">
        <ele>407.4484503781423</ele>
        <time>2026-02-02T04:12:37.900000Z</time>
        <extensions>
          <gpxtpx:TrackPointExtension>
            <gpxtpx:hr>110</gpxtpx:hr>
          </gpxtpx:TrackPointExtension>
        </extensions>
      </trkpt>
      <trkpt lat="34.212318630651794" lon="108.8346242109007">
        <ele>407.393015941605</ele>
        <time>2026-02-02T04:12:38.900000Z</time>
        <extensions>
          <gpxtpx:TrackPointExtension>
            <gpxtpx:hr>110</gpxtpx:hr>
          </gpxtpx:TrackPointExtension>
        </extensions>
      </trkpt>
      <trkpt lat="34.21231544421545" lon="108.83463951275179">
        <ele>407.29486148338765</ele>
        <time>2026-02-02T04:12:39.900000Z</time>
        <extensions>
          <gpxtpx:TrackPointExtension>
            <gpxtpx:hr>112</gpxtpx:hr>
          </gpxtpx:TrackPointExtension>
        </extensions>
      </trkpt>
      <trkpt lat="34.2123114496869" lon="108.83465329838064">
        <ele>407.17012839205563</ele>
        <time>2026-02-02T04:12:40.900000Z</time>
        <extensions>
          <gpxtpx:TrackPointExtension>
            <gpxtpx:hr>112</gpxtpx:hr>
          </gpxtpx:TrackPointExtension>
        </extensions>
      </trkpt>
      <trkpt lat="34.212307017474494" lon="108.83466569346136">
        <ele>407.05189155973494</ele>
        <time>2026-02-02T04:12:41.900000Z</time>
        <extensions>
          <gpxtpx:TrackPointExtension>
            <gpxtpx:hr>112</gpxtpx:hr>
          </gpxtpx:TrackPointExtension>
        </extensions>
      </trkpt>
      <trkpt lat="34.21230328038047" lon="108.83467726186866">
        <ele>406.96721799857914</ele>
        <time>2026-02-02T04:12:42.900000Z</time>
        <extensions>
          <gpxtpx:TrackPointExtension>
            <gpxtpx:hr>112</gpxtpx:hr>
          </gpxtpx:TrackPointExtension>
        </extensions>
      </trkpt>
      <trkpt lat="34.21230174715601" lon="108.83468753802148">
        <ele>406.88104408979416</ele>
        <time>2026-02-02T04:12:43.900000Z</time>
        <extensions>
          <gpxtpx:TrackPointExtension>
            <gpxtpx:hr>113</gpxtpx:hr>
          </gpxtpx:TrackPointExtension>
        </extensions>
      </trkpt>
      <trkpt lat="34.21230228327362" lon="108.83469721208762">
        <ele>406.77094474155456</ele>
        <time>2026-02-02T04:12:44.900000Z</time>
        <extensions>
          <gpxtpx:TrackPointExtension>
            <gpxtpx:hr>113</gpxtpx:hr>
          </gpxtpx:TrackPointExtension>
        </extensions>
      </trkpt>
      <trkpt lat="34.21230348003473" lon="108.83470755123284">
        <ele>406.6772961989045</ele>
        <time>2026-02-02T04:12:45.900000Z</time>
        <extensions>
          <gpxtpx:TrackPointExtension>
            <gpxtpx:hr>113</gpxtpx:hr>
          </gpxtpx:TrackPointExtension>
        </extensions>
      </trkpt>
      <trkpt lat="34.21230508261391" lon="108.83471765152146">
        <ele>406.58007038757205</ele>
        <time>2026-02-02T04:12:46.900000Z</time>
        <extensions>
          <gpxtpx:TrackPointExtension>
            <gpxtpx:hr>113</gpxtpx:hr>
          </gpxtpx:TrackPointExtension>
        </extensions>
      </trkpt>
      <trkpt lat="34.212307216883346" lon="108.8347282621796">
        <ele>406.4962076647207</ele>
        <time>2026-02-02T04:12:47.900000Z</time>
        <extensions>
          <gpxtpx:TrackPointExtension>
            <gpxtpx:hr>113</gpxtpx:hr>
          </gpxtpx:TrackPointExtension>
        </extensions>
      </trkpt>
      <trkpt lat="34.21230963114718" lon="108.83474073061498">
        <ele>406.4150520320982</ele>
        <time>2026-02-02T04:12:48.900000Z</time>
        <extensions>
          <gpxtpx:TrackPointExtension>
            <gpxtpx:hr>104</gpxtpx:hr>
          </gpxtpx:TrackPointExtension>
        </extensions>
      </trkpt>
      <trkpt lat="34.212311617074455" lon="108.8347541151483">
        <ele>406.36286829970777</ele>
        <time>2026-02-02T04:12:49.900000Z</time>
        <extensions>
          <gpxtpx:TrackPointExtension>
            <gpxtpx:hr>104</gpxtpx:hr>
          </gpxtpx:TrackPointExtension>
        </extensions>
      </trkpt>
      <trkpt lat="34.21231281713889" lon="108.83476752298634">
        <ele>406.33097018208355</ele>
        <time>2026-02-02T04:12:50.900000Z</time>
        <extensions>
          <gpxtpx:TrackPointExtension>
            <gpxtpx:hr>104</gpxtpx:hr>
          </gpxtpx:TrackPointExtension>
        </extensions>
      </trkpt>
      <trkpt lat="34.21231368866391" lon="108.83478063657954">
        <ele>406.32541069574654</ele>
        <time>2026-02-02T04:12:51.900000Z</time>
        <extensions>
          <gpxtpx:TrackPointExtension>
            <gpxtpx:hr>104</gpxtpx:hr>
          </gpxtpx:TrackPointExtension>
        </extensions>
      </trkpt>
      <trkpt lat="34.2123145620594" lon="108.83479343572485">
        <ele>406.31781587190926</ele>
        <time>2026-02-02T04:12:52.900000Z</time>
        <extensions>
          <gpxtpx:TrackPointExtension>
            <gpxtpx:hr>104</gpxtpx:hr>
          </gpxtpx:TrackPointExtension>
        </extensions>
      </trkpt>
      <trkpt lat="34.21231537797335" lon="108.83480580347917">
        <ele>406.3182177161798</ele>
        <time>2026-02-02T04:12:53.900000Z</time>
        <extensions>
          <gpxtpx:TrackPointExtension>
            <gpxtpx:hr>104</gpxtpx:hr>
          </gpxtpx:TrackPointExtension>
        </extensions>
      </trkpt>
      <trkpt lat="34.212315853865746" lon="108.83481835930864">
        <ele>406.33540352247655</ele>
        <time>2026-02-02T04:12:54.900000Z</time>
        <extensions>
          <gpxtpx:TrackPointExtension>
            <gpxtpx:hr>104</gpxtpx:hr>
          </gpxtpx:TrackPointExtension>
        </extensions>
      </trkpt>
      <trkpt lat="34.21231526236278" lon="108.8348321216497">
        <ele>406.37278517801315</ele>
        <time>2026-02-02T04:12:55.900000Z</time>
        <extensions>
          <gpxtpx:TrackPointExtension>
            <gpxtpx:hr>108</gpxtpx:hr>
          </gpxtpx:TrackPointExtension>
        </extensions>
      </trkpt>
      <trkpt lat="34.21231289374806" lon="108.8348482587623">
        <ele>406.4320349311456</ele>
        <time>2026-02-02T04:12:56.900000Z</time>
        <extensions>
          <gpxtpx:TrackPointExtension>
            <gpxtpx:hr>108</gpxtpx:hr>
          </gpxtpx:TrackPointExtension>
        </extensions>
      </trkpt>
      <trkpt lat="34.21230891238403" lon="108.83486637691318">
        <ele>406.4931403491646</ele>
        <time>2026-02-02T04:12:57.900000Z</time>
        <extensions>
          <gpxtpx:TrackPointExtension>
            <gpxtpx:hr>108</gpxtpx:hr>
          </gpxtpx:TrackPointExtension>
        </extensions>
      </trkpt>
      <trkpt lat="34.21230364836544" lon="108.83488544510962">
        <ele>406.5615870207548</ele>
        <time>2026-02-02T04:12:58.900000Z</time>
        <extensions>
          <gpxtpx:TrackPointExtension>
            <gpxtpx:hr>108</gpxtpx:hr>
          </gpxtpx:TrackPointExtension>
        </extensions>
      </trkpt>
      <trkpt lat="34.21229746532076" lon="108.83490518355416">
        <ele>406.6339509980753</ele>
        <time>2026-02-02T04:12:59.900000Z</time>
        <extensions>
          <gpxtpx:TrackPointExtension>
            <gpxtpx:hr>108</gpxtpx:hr>
          </gpxtpx:TrackPointExtension>
        </extensions>
      </trkpt>
      <trkpt lat="34.21229113117942" lon="108.83492373562798">
        <ele>406.69005394447595</ele>
        <time>2026-02-02T04:13:00.900000Z</time>
        <extensions>
          <gpxtpx:TrackPointExtension>
            <gpxtpx:hr>107</gpxtpx:hr>
          </gpxtpx:TrackPointExtension>
        </extensions>
      </trkpt>
      <trkpt lat="34.21228540152134" lon="108.83494034099805">
        <ele>406.73635270260274</ele>
        <time>2026-02-02T04:13:01.900000Z</time>
        <extensions>
          <gpxtpx:TrackPointExtension>
            <gpxtpx:hr>107</gpxtpx:hr>
          </gpxtpx:TrackPointExtension>
        </extensions>
      </trkpt>
      <trkpt lat="34.21228047766825" lon="108.8349567630397">
        <ele>406.7626196667552</ele>
        <time>2026-02-02T04:13:02.900000Z</time>
        <extensions>
          <gpxtpx:TrackPointExtension>
            <gpxtpx:hr>107</gpxtpx:hr>
          </gpxtpx:TrackPointExtension>
        </extensions>
      </trkpt>
      <trkpt lat="34.2122760651628" lon="108.83497394351198">
        <ele>406.7983832247555</ele>
        <time>2026-02-02T04:13:03.900000Z</time>
        <extensions>
          <gpxtpx:TrackPointExtension>
            <gpxtpx:hr>107</gpxtpx:hr>
          </gpxtpx:TrackPointExtension>
        </extensions>
      </trkpt>
      <trkpt lat="34.21227158571029" lon="108.83499203731351">
        <ele>406.8561403611675</ele>
        <time>2026-02-02T04:13:04.900000Z</time>
        <extensions>
          <gpxtpx:TrackPointExtension>
            <gpxtpx:hr>107</gpxtpx:hr>
          </gpxtpx:TrackPointExtension>
        </extensions>
      </trkpt>
      <trkpt lat="34.21226642110969" lon="108.83501065268506">
        <ele>406.9339126376435</ele>
        <time>2026-02-02T04:13:05.900000Z</time>
        <extensions>
          <gpxtpx:TrackPointExtension>
            <gpxtpx:hr>107</gpxtpx:hr>
          </gpxtpx:TrackPointExtension>
        </extensions>
      </trkpt>
      <trkpt lat="34.2122608690064" lon="108.8350292660849">
        <ele>407.0015889639035</ele>
        <time>2026-02-02T04:13:06.900000Z</time>
        <extensions>
          <gpxtpx:TrackPointExtension>
            <gpxtpx:hr>107</gpxtpx:hr>
          </gpxtpx:TrackPointExtension>
        </extensions>
      </trkpt>
      <trkpt lat="34.2122556446636" lon="108.83504826238098">
        <ele>407.08255959581584</ele>
        <time>2026-02-02T04:13:07.900000Z</time>
        <extensions>
          <gpxtpx:TrackPointExtension>
            <gpxtpx:hr>105</gpxtpx:hr>
          </gpxtpx:TrackPointExtension>
        </extensions>
      </trkpt>
      <trkpt lat="34.21225097827289" lon="108.83506709513983">
        <ele>407.1760523011908</ele>
        <time>2026-02-02T04:13:08.900000Z</time>
        <extensions>
          <gpxtpx:TrackPointExtension>
            <gpxtpx:hr>105</gpxtpx:hr>
          </gpxtpx:TrackPointExtension>
        </extensions>
      </trkpt>
      <trkpt lat="34.21224675361073" lon="108.83508444378495">
        <ele>407.2534966962412</ele>
        <time>2026-02-02T04:13:09.900000Z</time>
        <extensions>
          <gpxtpx:TrackPointExtension>
            <gpxtpx:hr>105</gpxtpx:hr>
          </gpxtpx:TrackPointExtension>
        </extensions>
      </trkpt>
      <trkpt lat="34.21224225686188" lon="108.83509963850335">
        <ele>407.31832377798855</ele>
        <time>2026-02-02T04:13:10.900000Z</time>
        <extensions>
          <gpxtpx:TrackPointExtension>
            <gpxtpx:hr>105</gpxtpx:hr>
          </gpxtpx:TrackPointExtension>
        </extensions>
      </trkpt>
      <trkpt lat="34.21223638731864" lon="108.83511390010376">
        <ele>407.3771553421393</ele>
        <time>2026-02-02T04:13:11.900000Z</time>
        <extensions>
          <gpxtpx:TrackPointExtension>
            <gpxtpx:hr>105</gpxtpx:hr>
          </gpxtpx:TrackPointExtension>
        </extensions>
      </trkpt>
      <trkpt lat="34.212229587359644" lon="108.83512762233181">
        <ele>407.4459632653743</ele>
        <time>2026-02-02T04:13:12.900000Z</time>
        <extensions>
          <gpxtpx:TrackPointExtension>
            <gpxtpx:hr>105</gpxtpx:hr>
          </gpxtpx:TrackPointExtension>
        </extensions>
      </trkpt>
      <trkpt lat="34.212223457280295" lon="108.83513991411809">
        <ele>407.522476779297</ele>
        <time>2026-02-02T04:13:13.900000Z</time>
        <extensions>
          <gpxtpx:TrackPointExtension>
            <gpxtpx:hr>105</gpxtpx:hr>
          </gpxtpx:TrackPointExtension>
        </extensions>
      </trkpt>
      <trkpt lat="34.212218747517184" lon="108.835151964849">
        <ele>407.6079969936982</ele>
        <time>2026-02-02T04:13:14.900000Z</time>
        <extensions>
          <gpxtpx:TrackPointExtension>
            <gpxtpx:hr>104</gpxtpx:hr>
          </gpxtpx:TrackPointExtension>
        </extensions>
      </trkpt>
      <trkpt lat="34.21221496651746" lon="108.83516529970379">
        <ele>407.69375372398645</ele>
        <time>2026-02-02T04:13:15.900000Z</time>
        <extensions>
          <gpxtpx:TrackPointExtension>
            <gpxtpx:hr>104</gpxtpx:hr>
          </gpxtpx:TrackPointExtension>
        </extensions>
      </trkpt>
      <trkpt lat="34.21221124844383" lon="108.83518030407645">
        <ele>407.77734780311584</ele>
        <time>2026-02-02T04:13:16.900000Z</time>
        <extensions>
          <gpxtpx:TrackPointExtension>
            <gpxtpx:hr>104</gpxtpx:hr>
          </gpxtpx:TrackPointExtension>
        </extensions>
      </trkpt>
      <trkpt lat="34.21220755674361" lon="108.83519639915676">
        <ele>407.86148502957076</ele>
        <time>2026-02-02T04:13:17.900000Z</time>
        <extensions>
          <gpxtpx:TrackPointExtension>
            <gpxtpx:hr>104</gpxtpx:hr>
          </gpxtpx:TrackPointExtension>
        </extensions>
      </trkpt>
      <trkpt lat="34.21220379967597" lon="108.83521260875935">
        <ele>407.9314896641299</ele>
        <time>2026-02-02T04:13:18.900000Z</time>
        <extensions>
          <gpxtpx:TrackPointExtension>
            <gpxtpx:hr>104</gpxtpx:hr>
          </gpxtpx:TrackPointExtension>
        </extensions>
      </trkpt>
      <trkpt lat="34.21220021791702" lon="108.83522807855122">
        <ele>408.0158336069435</ele>
        <time>2026-02-02T04:13:19.900000Z</time>
        <extensions>
          <gpxtpx:TrackPointExtension>
            <gpxtpx:hr>105</gpxtpx:hr>
          </gpxtpx:TrackPointExtension>
        </extensions>
      </trkpt>
      <trkpt lat="34.21219690793653" lon="108.83524343201192">
        <ele>408.09133784659207</ele>
        <time>2026-02-02T04:13:20.900000Z</time>
        <extensions>
          <gpxtpx:TrackPointExtension>
            <gpxtpx:hr>105</gpxtpx:hr>
          </gpxtpx:TrackPointExtension>
        </extensions>
      </trkpt>
      <trkpt lat="34.21219381880417" lon="108.83525954811314">
        <ele>408.13651744648814</ele>
        <time>2026-02-02T04:13:21.900000Z</time>
        <extensions>
          <gpxtpx:TrackPointExtension>
            <gpxtpx:hr>105</gpxtpx:hr>
          </gpxtpx:TrackPointExtension>
        </extensions>
      </trkpt>
      <trkpt lat="34.21219101446795" lon="108.83527626394806">
        <ele>408.1796408770606</ele>
        <time>2026-02-02T04:13:22.900000Z</time>
        <extensions>
          <gpxtpx:TrackPointExtension>
            <gpxtpx:hr>105</gpxtpx:hr>
          </gpxtpx:TrackPointExtension>
        </extensions>
      </trkpt>
      <trkpt lat="34.21218809317403" lon="108.83529246921984">
        <ele>408.2088950313628</ele>
        <time>2026-02-02T04:13:23.900000Z</time>
        <extensions>
          <gpxtpx:TrackPointExtension>
            <gpxtpx:hr>105</gpxtpx:hr>
          </gpxtpx:TrackPointExtension>
        </extensions>
      </trkpt>
      <trkpt lat="34.21218432644525" lon="108.83530793942796">
        <ele>408.2423615325242</ele>
        <time>2026-02-02T04:13:24.900000Z</time>
        <extensions>
          <gpxtpx:TrackPointExtension>
            <gpxtpx:hr>105</gpxtpx:hr>
          </gpxtpx:TrackPointExtension>
        </extensions>
      </trkpt>
      <trkpt lat="34.21217973897181" lon="108.83532265097293">
        <ele>408.2470474522561</ele>
        <time>2026-02-02T04:13:25.900000Z</time>
        <extensions>
          <gpxtpx:TrackPointExtension>
            <gpxtpx:hr>105</gpxtpx:hr>
          </gpxtpx:TrackPointExtension>
        </extensions>
      </trkpt>
      <trkpt lat="34.21217450165997" lon="108.83533670145752">
        <ele>408.2451323168352</ele>
        <time>2026-02-02T04:13:26.900000Z</time>
        <extensions>
          <gpxtpx:TrackPointExtension>
            <gpxtpx:hr>105</gpxtpx:hr>
          </gpxtpx:TrackPointExtension>
        </extensions>
      </trkpt>
      <trkpt lat="34.21216862100287" lon="108.83535131893402">
        <ele>408.21517156995833</ele>
        <time>2026-02-02T04:13:27.900000Z</time>
        <extensions>
          <gpxtpx:TrackPointExtension>
            <gpxtpx:hr>105</gpxtpx:hr>
          </gpxtpx:TrackPointExtension>
        </extensions>
      </trkpt>
      <trkpt lat="34.212162378179364" lon="108.83536669707175">
        <ele>408.16687706299126</ele>
        <time>2026-02-02T04:13:28.900000Z</time>
        <extensions>
          <gpxtpx:TrackPointExtension>
            <gpxtpx:hr>107</gpxtpx:hr>
          </gpxtpx:TrackPointExtension>
        </extensions>
      </trkpt>
      <trkpt lat="34.21215607152859" lon="108.83538191966956">
        <ele>408.12521396856755</ele>
        <time>2026-02-02T04:13:29.900000Z</time>
        <extensions>
          <gpxtpx:TrackPointExtension>
            <gpxtpx:hr>107</gpxtpx:hr>
          </gpxtpx:TrackPointExtension>
        </extensions>
      </trkpt>
      <trkpt lat="34.212149106986544" lon="108.83539735122066">
        <ele>408.0617422964424</ele>
        <time>2026-02-02T04:13:31Z</time>
        <extensions>
          <gpxtpx:TrackPointExtension>
            <gpxtpx:hr>107</gpxtpx:hr>
          </gpxtpx:TrackPointExtension>
        </extensions>
      </trkpt>
      <trkpt lat="34.21214122985158" lon="108.83541320849119">
        <ele>408.00346833560616</ele>
        <time>2026-02-02T04:13:32Z</time>
        <extensions>
          <gpxtpx:TrackPointExtension>
            <gpxtpx:hr>107</gpxtpx:hr>
          </gpxtpx:TrackPointExtension>
        </extensions>
      </trkpt>
      <trkpt lat="34.21213228445492" lon="108.83542949224241">
        <ele>407.9413806460798</ele>
        <time>2026-02-02T04:13:33Z</time>
        <extensions>
          <gpxtpx:TrackPointExtension>
            <gpxtpx:hr>107</gpxtpx:hr>
          </gpxtpx:TrackPointExtension>
        </extensions>
      </trkpt>
      <trkpt lat="34.212122163233204" lon="108.83544583813575">
        <ele>407.88769154343754</ele>
        <time>2026-02-02T04:13:34Z</time>
        <extensions>
          <gpxtpx:TrackPointExtension>
            <gpxtpx:hr>107</gpxtpx:hr>
          </gpxtpx:TrackPointExtension>
        </extensions>
      </trkpt>
      <trkpt lat="34.21211161729921" lon="108.8354614558224">
        <ele>407.8566060299054</ele>
        <time>2026-02-02T04:13:35Z</time>
        <extensions>
          <gpxtpx:TrackPointExtension>
            <gpxtpx:hr>107</gpxtpx:hr>
          </gpxtpx:TrackPointExtension>
        </extensions>
      </trkpt>
      <trkpt lat="34.2121012676606" lon="108.83547636236683">
        <ele>407.8255943506956</ele>
        <time>2026-02-02T04:13:36Z</time>
        <extensions>
          <gpxtpx:TrackPointExtension>
            <gpxtpx:hr>107</gpxtpx:hr>
          </gpxtpx:TrackPointExtension>
        </extensions>
      </trkpt>
      <trkpt lat="34.212090552500946" lon="108.83549162689644">
        <ele>407.80705867055804</ele>
        <time>2026-02-02T04:13:37Z</time>
        <extensions>
          <gpxtpx:TrackPointExtension>
            <gpxtpx:hr>108</gpxtpx:hr>
          </gpxtpx:TrackPointExtension>
        </extensions>
      </trkpt>
      <trkpt lat="34.212079233290815" lon="108.83550798936547">
        <ele>407.7915733503178</ele>
        <time>2026-02-02T04:13:38Z</time>
        <extensions>
          <gpxtpx:TrackPointExtension>
            <gpxtpx:hr>108</gpxtpx:hr>
          </gpxtpx:TrackPointExtension>
        </extensions>
      </trkpt>
      <trkpt lat="34.21206837739666" lon="108.8355245364699">
        <ele>407.797420787625</ele>
        <time>2026-02-02T04:13:39Z</time>
        <extensions>
          <gpxtpx:TrackPointExtension>
            <gpxtpx:hr>108</gpxtpx:hr>
          </gpxtpx:TrackPointExtension>
        </extensions>
      </trkpt>
      <trkpt lat="34.2120584869247" lon="108.83553983387603">
        <ele>407.80324706993997</ele>
        <time>2026-02-02T04:13:40Z</time>
        <extensions>
          <gpxtpx:TrackPointExtension>
            <gpxtpx:hr>108</gpxtpx:hr>
          </gpxtpx:TrackPointExtension>
        </extensions>
      </trkpt>
      <trkpt lat="34.212048801584544" lon="108.83555451018107">
        <ele>407.802951220423</ele>
        <time>2026-02-02T04:13:41Z</time>
        <extensions>
          <gpxtpx:TrackPointExtension>
            <gpxtpx:hr>108</gpxtpx:hr>
          </gpxtpx:TrackPointExtension>
        </extensions>
      </trkpt>
      <trkpt lat="34.212039290413315" lon="108.83556919839324">
        <ele>407.82221007253975</ele>
        <time>2026-02-02T04:13:42Z</time>
        <extensions>
          <gpxtpx:TrackPointExtension>
            <gpxtpx:hr>108</gpxtpx:hr>
          </gpxtpx:TrackPointExtension>
        </extensions>
      </trkpt>
      <trkpt lat="34.21203096038397" lon="108.83558345584686">
        <ele>407.8333046892658</ele>
        <time>2026-02-02T04:13:43Z</time>
        <extensions>
          <gpxtpx:TrackPointExtension>
            <gpxtpx:hr>108</gpxtpx:hr>
          </gpxtpx:TrackPointExtension>
        </extensions>
      </trkpt>
      <trkpt lat="34.21202348176342" lon="108.83559769523683">
        <ele>407.84892913885415</ele>
        <time>2026-02-02T04:13:44Z</time>
        <extensions>
          <gpxtpx:TrackPointExtension>
            <gpxtpx:hr>108</gpxtpx:hr>
          </gpxtpx:TrackPointExtension>
        </extensions>
      </trkpt>
      <trkpt lat="34.21201538984007" lon="108.83561282569458">
        <ele>407.86205572634935</ele>
        <time>2026-02-02T04:13:45Z</time>
        <extensions>
          <gpxtpx:TrackPointExtension>
            <gpxtpx:hr>108</gpxtpx:hr>
          </gpxtpx:TrackPointExtension>
        </extensions>
      </trkpt>
      <trkpt lat="34.212007050598054" lon="108.83562879859345">
        <ele>407.88030903972685</ele>
        <time>2026-02-02T04:13:45.900000Z</time>
        <extensions>
          <gpxtpx:TrackPointExtension>
            <gpxtpx:hr>108</gpxtpx:hr>
          </gpxtpx:TrackPointExtension>
        </extensions>
      </trkpt>
      <trkpt lat="34.21199842112187" lon="108.83564570670808">
        <ele>407.90497007686645</ele>
        <time>2026-02-02T04:13:46.900000Z</time>
        <extensions>
          <gpxtpx:TrackPointExtension>
            <gpxtpx:hr>108</gpxtpx:hr>
          </gpxtpx:TrackPointExtension>
        </extensions>
      </trkpt>
      <trkpt lat="34.21199016052656" lon="108.83566204950908">
        <ele>407.92730651888996</ele>
        <time>2026-02-02T04:13:47.900000Z</time>
        <extensions>
          <gpxtpx:TrackPointExtension>
            <gpxtpx:hr>107</gpxtpx:hr>
          </gpxtpx:TrackPointExtension>
        </extensions>
      </trkpt>
      <trkpt lat="34.21198195774197" lon="108.83567714732266">
        <ele>407.9499503932893</ele>
        <time>2026-02-02T04:13:48.900000Z</time>
        <extensions>
          <gpxtpx:TrackPointExtension>
            <gpxtpx:hr>107</gpxtpx:hr>
          </gpxtpx:TrackPointExtension>
        </extensions>
      </trkpt>
      <trkpt lat="34.211973051804705" lon="108.83569162011183">
        <ele>407.96069262642413</ele>
        <time>2026-02-02T04:13:49.900000Z</time>
        <extensions>
          <gpxtpx:TrackPointExtension>
            <gpxtpx:hr>107</gpxtpx:hr>
          </gpxtpx:TrackPointExtension>
        </extensions>
      </trkpt>
      <trkpt lat="34.21196421448168" lon="108.83570513782018">
        <ele>407.96782099921256</ele>
        <time>2026-02-02T04:13:50.900000Z</time>
        <extensions>
          <gpxtpx:TrackPointExtension>
            <gpxtpx:hr>107</gpxtpx:hr>
          </gpxtpx:TrackPointExtension>
        </extensions>
      </trkpt>
      <trkpt lat="34.2119553441663" lon="108.83571852270045">
        <ele>407.9673256697133</ele>
        <time>2026-02-02T04:13:51.900000Z</time>
        <extensions>
          <gpxtpx:TrackPointExtension>
            <gpxtpx:hr>107</gpxtpx:hr>
          </gpxtpx:TrackPointExtension>
        </extensions>
      </trkpt>
      <trkpt lat="34.21194593141646" lon="108.83573292734565">
        <ele>407.9692400377244</ele>
        <time>2026-02-02T04:13:52.900000Z</time>
        <extensions>
          <gpxtpx:TrackPointExtension>
            <gpxtpx:hr>107</gpxtpx:hr>
          </gpxtpx:TrackPointExtension>
        </extensions>
      </trkpt>
      <trkpt lat="34.2119366847586" lon="108.8357478232089">
        <ele>407.9722301289439</ele>
        <time>2026-02-02T04:13:53.900000Z</time>
        <extensions>
          <gpxtpx:TrackPointExtension>
            <gpxtpx:hr>108</gpxtpx:hr>
          </gpxtpx:TrackPointExtension>
        </extensions>
      </trkpt>
      <trkpt lat="34.211927340722895" lon="108.83576282808856">
        <ele>407.97883106488734</ele>
        <time>2026-02-02T04:13:54.900000Z</time>
        <extensions>
          <gpxtpx:TrackPointExtension>
            <gpxtpx:hr>108</gpxtpx:hr>
          </gpxtpx:TrackPointExtension>
        </extensions>
      </trkpt>
      <trkpt lat="34.21191759114343" lon="108.8357774658498">
        <ele>407.97803464345634</ele>
        <time>2026-02-02T04:13:55.900000Z</time>
        <extensions>
          <gpxtpx:TrackPointExtension>
            <gpxtpx:hr>108</gpxtpx:hr>
          </gpxtpx:TrackPointExtension>
        </extensions>
      </trkpt>
      <trkpt lat="34.2119085516728" lon="108.83579092446718">
        <ele>407.96997316461056</ele>
        <time>2026-02-02T04:13:56.900000Z</time>
        <extensions>
          <gpxtpx:TrackPointExtension>
            <gpxtpx:hr>108</gpxtpx:hr>
          </gpxtpx:TrackPointExtension>
        </extensions>
      </trkpt>
      <trkpt lat="34.211899780781415" lon="108.83580337831648">
        <ele>407.966546327807</ele>
        <time>2026-02-02T04:13:57.900000Z</time>
        <extensions>
          <gpxtpx:TrackPointExtension>
            <gpxtpx:hr>108</gpxtpx:hr>
          </gpxtpx:TrackPointExtension>
        </extensions>
      </trkpt>
      <trkpt lat="34.21188996876215" lon="108.83581516195736">
        <ele>407.9666071925312</ele>
        <time>2026-02-02T04:13:58.900000Z</time>
        <extensions>
          <gpxtpx:TrackPointExtension>
            <gpxtpx:hr>108</gpxtpx:hr>
          </gpxtpx:TrackPointExtension>
        </extensions>
      </trkpt>
      <trkpt lat="34.21187883814992" lon="108.83582616382111">
        <ele>407.94835827033967</ele>
        <time>2026-02-02T04:13:59.900000Z</time>
        <extensions>
          <gpxtpx:TrackPointExtension>
            <gpxtpx:hr>108</gpxtpx:hr>
          </gpxtpx:TrackPointExtension>
        </extensions>
      </trkpt>
      <trkpt lat="34.21186700949313" lon="108.83583639856867">
        <ele>407.95740121323615</ele>
        <time>2026-02-02T04:14:00.900000Z</time>
        <extensions>
          <gpxtpx:TrackPointExtension>
            <gpxtpx:hr>108</gpxtpx:hr>
          </gpxtpx:TrackPointExtension>
        </extensions>
      </trkpt>
      <trkpt lat="34.2118549722913" lon="108.83584565558586">
        <ele>407.9816510314122</ele>
        <time>2026-02-02T04:14:01.900000Z</time>
        <extensions>
          <gpxtpx:TrackPointExtension>
            <gpxtpx:hr>108</gpxtpx:hr>
          </gpxtpx:TrackPointExtension>
        </extensions>
      </trkpt>
      <trkpt lat="34.21184271305378" lon="108.83585343911197">
        <ele>408.01112813688815</ele>
        <time>2026-02-02T04:14:02.900000Z</time>
        <extensions>
          <gpxtpx:TrackPointExtension>
            <gpxtpx:hr>108</gpxtpx:hr>
          </gpxtpx:TrackPointExtension>
        </extensions>
      </trkpt>
      <trkpt lat="34.21183050224783" lon="108.83585998311413">
        <ele>408.0444471882656</ele>
        <time>2026-02-02T04:14:03.900000Z</time>
        <extensions>
          <gpxtpx:TrackPointExtension>
            <gpxtpx:hr>108</gpxtpx:hr>
          </gpxtpx:TrackPointExtension>
        </extensions>
      </trkpt>
      <trkpt lat="34.21181913229833" lon="108.83586615542451">
        <ele>408.0812665997073</ele>
        <time>2026-02-02T04:14:04.900000Z</time>
        <extensions>
          <gpxtpx:TrackPointExtension>
            <gpxtpx:hr>108</gpxtpx:hr>
          </gpxtpx:TrackPointExtension>
        </extensions>
      </trkpt>
      <trkpt lat="34.21180761201522" lon="108.83587200548634">
        <ele>408.12621993292123</ele>
        <time>2026-02-02T04:14:05.900000Z</time>
        <extensions>
          <gpxtpx:TrackPointExtension>
            <gpxtpx:hr>105</gpxtpx:hr>
          </gpxtpx:TrackPointExtension>
        </extensions>
      </trkpt>
      <trkpt lat="34.21179433229986" lon="108.83587746587214">
        <ele>408.1820309627801</ele>
        <time>2026-02-02T04:14:06.900000Z</time>
        <extensions>
          <gpxtpx:TrackPointExtension>
            <gpxtpx:hr>105</gpxtpx:hr>
          </gpxtpx:TrackPointExtension>
        </extensions>
      </trkpt>
      <trkpt lat="34.21178114033924" lon="108.83588314650049">
        <ele>408.2299274718389</ele>
        <time>2026-02-02T04:14:07.900000Z</time>
        <extensions>
          <gpxtpx:TrackPointExtension>
            <gpxtpx:hr>105</gpxtpx:hr>
          </gpxtpx:TrackPointExtension>
        </extensions>
      </trkpt>
      <trkpt lat="34.2117692699896" lon="108.83588918320572">
        <ele>408.2744109854102</ele>
        <time>2026-02-02T04:14:08.900000Z</time>
        <extensions>
          <gpxtpx:TrackPointExtension>
            <gpxtpx:hr>105</gpxtpx:hr>
          </gpxtpx:TrackPointExtension>
        </extensions>
      </trkpt>
      <trkpt lat="34.21175591182213" lon="108.83589554362753">
        <ele>408.3354716040194</ele>
        <time>2026-02-02T04:14:10.100000Z</time>
        <extensions>
          <gpxtpx:TrackPointExtension>
            <gpxtpx:hr>105</gpxtpx:hr>
          </gpxtpx:TrackPointExtension>
        </extensions>
      </trkpt>
      <trkpt lat="34.2117447288294" lon="108.83589996155578">
        <ele>408.39374408032745</ele>
        <time>2026-02-02T04:14:10.900000Z</time>
        <extensions>
          <gpxtpx:TrackPointExtension>
            <gpxtpx:hr>105</gpxtpx:hr>
          </gpxtpx:TrackPointExtension>
        </extensions>
      </trkpt>
      <trkpt lat="34.211732016733016" lon="108.83590389801007">
        <ele>408.458459966816</ele>
        <time>2026-02-02T04:14:11.900000Z</time>
        <extensions>
          <gpxtpx:TrackPointExtension>
            <gpxtpx:hr>105</gpxtpx:hr>
          </gpxtpx:TrackPointExtension>
        </extensions>
      </trkpt>
      <trkpt lat="34.21171976357753" lon="108.83590723451151">
        <ele>408.5280685434118</ele>
        <time>2026-02-02T04:14:12.900000Z</time>
        <extensions>
          <gpxtpx:TrackPointExtension>
            <gpxtpx:hr>105</gpxtpx:hr>
          </gpxtpx:TrackPointExtension>
        </extensions>
      </trkpt>
      <trkpt lat="34.21170958669552" lon="108.83591158925">
        <ele>408.60597344860435</ele>
        <time>2026-02-02T04:14:13.900000Z</time>
        <extensions>
          <gpxtpx:TrackPointExtension>
            <gpxtpx:hr>103</gpxtpx:hr>
          </gpxtpx:TrackPointExtension>
        </extensions>
      </trkpt>
      <trkpt lat="34.21170199363858" lon="108.83591862509878">
        <ele>408.6799255684018</ele>
        <time>2026-02-02T04:14:14.900000Z</time>
        <extensions>
          <gpxtpx:TrackPointExtension>
            <gpxtpx:hr>103</gpxtpx:hr>
          </gpxtpx:TrackPointExtension>
        </extensions>
      </trkpt>
      <trkpt lat="34.21169549565948" lon="108.83592809236438">
        <ele>408.7422939790413</ele>
        <time>2026-02-02T04:14:15.900000Z</time>
        <extensions>
          <gpxtpx:TrackPointExtension>
            <gpxtpx:hr>103</gpxtpx:hr>
          </gpxtpx:TrackPointExtension>
        </extensions>
      </trkpt>
      <trkpt lat="34.211688934448716" lon="108.83593970053562">
        <ele>408.7996524441987</ele>
        <time>2026-02-02T04:14:16.900000Z</time>
        <extensions>
          <gpxtpx:TrackPointExtension>
            <gpxtpx:hr>103</gpxtpx:hr>
          </gpxtpx:TrackPointExtension>
        </extensions>
      </trkpt>
      <trkpt lat="34.21168281818179" lon="108.83595318958513">
        <ele>408.8555164085701</ele>
        <time>2026-02-02T04:14:17.900000Z</time>
        <extensions>
          <gpxtpx:TrackPointExtension>
            <gpxtpx:hr>103</gpxtpx:hr>
          </gpxtpx:TrackPointExtension>
        </extensions>
      </trkpt>
      <trkpt lat="34.211677243955876" lon="108.83596765997594">
        <ele>408.9141766699031</ele>
        <time>2026-02-02T04:14:18.900000Z</time>
        <extensions>
          <gpxtpx:TrackPointExtension>
            <gpxtpx:hr>102</gpxtpx:hr>
          </gpxtpx:TrackPointExtension>
        </extensions>
      </trkpt>
      <trkpt lat="34.211671975285334" lon="108.83598218810774">
        <ele>408.97740564122796</ele>
        <time>2026-02-02T04:14:19.900000Z</time>
        <extensions>
          <gpxtpx:TrackPointExtension>
            <gpxtpx:hr>102</gpxtpx:hr>
          </gpxtpx:TrackPointExtension>
        </extensions>
      </trkpt>
      <trkpt lat="34.211666469218656" lon="108.83599634091323">
        <ele>409.0467598512769</ele>
        <time>2026-02-02T04:14:20.900000Z</time>
        <extensions>
          <gpxtpx:TrackPointExtension>
            <gpxtpx:hr>102</gpxtpx:hr>
          </gpxtpx:TrackPointExtension>
        </extensions>
      </trkpt>
      <trkpt lat="34.21166021141143" lon="108.83601067332415">
        <ele>409.1094430014491</ele>
        <time>2026-02-02T04:14:21.900000Z</time>
        <extensions>
          <gpxtpx:TrackPointExtension>
            <gpxtpx:hr>102</gpxtpx:hr>
          </gpxtpx:TrackPointExtension>
        </extensions>
      </trkpt>
      <trkpt lat="34.21165413488256" lon="108.83602522356101">
        <ele>409.1621040897444</ele>
        <time>2026-02-02T04:14:22.900000Z</time>
        <extensions>
          <gpxtpx:TrackPointExtension>
            <gpxtpx:hr>102</gpxtpx:hr>
          </gpxtpx:TrackPointExtension>
        </extensions>
      </trkpt>
      <trkpt lat="34.21164886605014" lon="108.83603924380482">
        <ele>409.20424306578934</ele>
        <time>2026-02-02T04:14:23.900000Z</time>
        <extensions>
          <gpxtpx:TrackPointExtension>
            <gpxtpx:hr>102</gpxtpx:hr>
          </gpxtpx:TrackPointExtension>
        </extensions>
      </trkpt>
      <trkpt lat="34.21164329669967" lon="108.83605207536588">
        <ele>409.2461960259825</ele>
        <time>2026-02-02T04:14:24.900000Z</time>
        <extensions>
          <gpxtpx:TrackPointExtension>
            <gpxtpx:hr>102</gpxtpx:hr>
          </gpxtpx:TrackPointExtension>
        </extensions>
      </trkpt>
      <trkpt lat="34.2116365516298" lon="108.83606408185048">
        <ele>409.2800454031676</ele>
        <time>2026-02-02T04:14:25.900000Z</time>
        <extensions>
          <gpxtpx:TrackPointExtension>
            <gpxtpx:hr>103</gpxtpx:hr>
          </gpxtpx:TrackPointExtension>
        </extensions>
      </trkpt>
      <trkpt lat="34.21162935260577" lon="108.83607670410699">
        <ele>409.3082528701052</ele>
        <time>2026-02-02T04:14:26.900000Z</time>
        <extensions>
          <gpxtpx:TrackPointExtension>
            <gpxtpx:hr>103</gpxtpx:hr>
          </gpxtpx:TrackPointExtension>
        </extensions>
      </trkpt>
      <trkpt lat="34.211622439501625" lon="108.83609015349222">
        <ele>409.33923102356493</ele>
        <time>2026-02-02T04:14:27.900000Z</time>
        <extensions>
          <gpxtpx:TrackPointExtension>
            <gpxtpx:hr>103</gpxtpx:hr>
          </gpxtpx:TrackPointExtension>
        </extensions>
      </trkpt>
      <trkpt lat="34.21161566916474" lon="108.83610382104072">
        <ele>409.3621466550976</ele>
        <time>2026-02-02T04:14:28.900000Z</time>
        <extensions>
          <gpxtpx:TrackPointExtension>
            <gpxtpx:hr>103</gpxtpx:hr>
          </gpxtpx:TrackPointExtension>
        </extensions>
      </trkpt>
      <trkpt lat="34.211608486768014" lon="108.83611748003136">
        <ele>409.3790117893368</ele>
        <time>2026-02-02T04:14:29.900000Z</time>
        <extensions>
          <gpxtpx:TrackPointExtension>
            <gpxtpx:hr>103</gpxtpx:hr>
          </gpxtpx:TrackPointExtension>
        </extensions>
      </trkpt>
      <trkpt lat="34.211601242011064" lon="108.83613123450498">
        <ele>409.3925193613395</ele>
        <time>2026-02-02T04:14:30.900000Z</time>
        <extensions>
          <gpxtpx:TrackPointExtension>
            <gpxtpx:hr>103</gpxtpx:hr>
          </gpxtpx:TrackPointExtension>
        </extensions>
      </trkpt>
      <trkpt lat="34.211594807401774" lon="108.83614550880309">
        <ele>409.3962478451431</ele>
        <time>2026-02-02T04:14:31.900000Z</time>
        <extensions>
          <gpxtpx:TrackPointExtension>
            <gpxtpx:hr>103</gpxtpx:hr>
          </gpxtpx:TrackPointExtension>
        </extensions>
      </trkpt>
      <trkpt lat="34.21158933856296" lon="108.83616077412901">
        <ele>409.3979734731838</ele>
        <time>2026-02-02T04:14:32.900000Z</time>
        <extensions>
          <gpxtpx:TrackPointExtension>
            <gpxtpx:hr>103</gpxtpx:hr>
          </gpxtpx:TrackPointExtension>
        </extensions>
      </trkpt>
      <trkpt lat="34.2115842424921" lon="108.83617663468048">
        <ele>409.3923139022663</ele>
        <time>2026-02-02T04:14:33.900000Z</time>
        <extensions>
          <gpxtpx:TrackPointExtension>
            <gpxtpx:hr>102</gpxtpx:hr>
          </gpxtpx:TrackPointExtension>
        </extensions>
      </trkpt>
      <trkpt lat="34.21157921898078" lon="108.83619222034122">
        <ele>409.3792268494144</ele>
        <time>2026-02-02T04:14:34.900000Z</time>
        <extensions>
          <gpxtpx:TrackPointExtension>
            <gpxtpx:hr>102</gpxtpx:hr>
          </gpxtpx:TrackPointExtension>
        </extensions>
      </trkpt>
      <trkpt lat="34.211574124622025" lon="108.83620783702956">
        <ele>409.3610498132184</ele>
        <time>2026-02-02T04:14:35.900000Z</time>
        <extensions>
          <gpxtpx:TrackPointExtension>
            <gpxtpx:hr>102</gpxtpx:hr>
          </gpxtpx:TrackPointExtension>
        </extensions>
      </trkpt>
      <trkpt lat="34.21156864915177" lon="108.83622432633621">
        <ele>409.33305329084396</ele>
        <time>2026-02-02T04:14:36.900000Z</time>
        <extensions>
          <gpxtpx:TrackPointExtension>
            <gpxtpx:hr>102</gpxtpx:hr>
          </gpxtpx:TrackPointExtension>
        </extensions>
      </trkpt>
      <trkpt lat="34.211562950321536" lon="108.83624090343166">
        <ele>409.2923853956163</ele>
        <time>2026-02-02T04:14:37.900000Z</time>
        <extensions>
          <gpxtpx:TrackPointExtension>
            <gpxtpx:hr>102</gpxtpx:hr>
          </gpxtpx:TrackPointExtension>
        </extensions>
      </trkpt>
      <trkpt lat="34.21155705395907" lon="108.83625740723186">
        <ele>409.2581148631871</ele>
        <time>2026-02-02T04:14:38.900000Z</time>
        <extensions>
          <gpxtpx:TrackPointExtension>
            <gpxtpx:hr>103</gpxtpx:hr>
          </gpxtpx:TrackPointExtension>
        </extensions>
      </trkpt>
      <trkpt lat="34.21155120034895" lon="108.8362747877611">
        <ele>409.2279037544504</ele>
        <time>2026-02-02T04:14:39.900000Z</time>
        <extensions>
          <gpxtpx:TrackPointExtension>
            <gpxtpx:hr>103</gpxtpx:hr>
          </gpxtpx:TrackPointExtension>
        </extensions>
      </trkpt>
      <trkpt lat="34.211546488307654" lon="108.83629172478395">
        <ele>409.18619668483734</ele>
        <time>2026-02-02T04:14:40.900000Z</time>
        <extensions>
          <gpxtpx:TrackPointExtension>
            <gpxtpx:hr>103</gpxtpx:hr>
          </gpxtpx:TrackPointExtension>
        </extensions>
      </trkpt>
      <trkpt lat="34.21154334382532" lon="108.83630676913887">
        <ele>409.1206304002553</ele>
        <time>2026-02-02T04:14:41.900000Z</time>
        <extensions>
          <gpxtpx:TrackPointExtension>
            <gpxtpx:hr>103</gpxtpx:hr>
          </gpxtpx:TrackPointExtension>
        </extensions>
      </trkpt>
      <trkpt lat="34.21154112386838" lon="108.83632005658991">
        <ele>409.03491865843534</ele>
        <time>2026-02-02T04:14:42.900000Z</time>
        <extensions>
          <gpxtpx:TrackPointExtension>
            <gpxtpx:hr>102</gpxtpx:hr>
          </gpxtpx:TrackPointExtension>
        </extensions>
      </trkpt>
      <trkpt lat="34.21153936359529" lon="108.83633306226922">
        <ele>408.92179828416556</ele>
        <time>2026-02-02T04:14:43.900000Z</time>
        <extensions>
          <gpxtpx:TrackPointExtension>
            <gpxtpx:hr>102</gpxtpx:hr>
          </gpxtpx:TrackPointExtension>
        </extensions>
      </trkpt>
      <trkpt lat="34.21153757201394" lon="108.83634703330621">
        <ele>408.79597428813577</ele>
        <time>2026-02-02T04:14:44.900000Z</time>
        <extensions>
          <gpxtpx:TrackPointExtension>
            <gpxtpx:hr>102</gpxtpx:hr>
          </gpxtpx:TrackPointExtension>
        </extensions>
      </trkpt>
      <trkpt lat="34.211535705482575" lon="108.8363622834052">
        <ele>408.6665346818045</ele>
        <time>2026-02-02T04:14:45.900000Z</time>
        <extensions>
          <gpxtpx:TrackPointExtension>
            <gpxtpx:hr>102</gpxtpx:hr>
          </gpxtpx:TrackPointExtension>
        </extensions>
      </trkpt>
      <trkpt lat="34.21153404363359" lon="108.83637874127754">
        <ele>408.550743419677</ele>
        <time>2026-02-02T04:14:46.900000Z</time>
        <extensions>
          <gpxtpx:TrackPointExtension>
            <gpxtpx:hr>102</gpxtpx:hr>
          </gpxtpx:TrackPointExtension>
        </extensions>
      </trkpt>
      <trkpt lat="34.21153309184055" lon="108.83639598310087">
        <ele>408.4508714340627</ele>
        <time>2026-02-02T04:14:47.900000Z</time>
        <extensions>
          <gpxtpx:TrackPointExtension>
            <gpxtpx:hr>102</gpxtpx:hr>
          </gpxtpx:TrackPointExtension>
        </extensions>
      </trkpt>
      <trkpt lat="34.211532659800056" lon="108.83641319916366">
        <ele>408.34820431564003</ele>
        <time>2026-02-02T04:14:48.900000Z</time>
        <extensions>
          <gpxtpx:TrackPointExtension>
            <gpxtpx:hr>103</gpxtpx:hr>
          </gpxtpx:TrackPointExtension>
        </extensions>
      </trkpt>
      <trkpt lat="34.21153217427145" lon="108.83643031970199">
        <ele>408.2581728613004</ele>
        <time>2026-02-02T04:14:49.900000Z</time>
        <extensions>
          <gpxtpx:TrackPointExtension>
            <gpxtpx:hr>103</gpxtpx:hr>
          </gpxtpx:TrackPointExtension>
        </extensions>
      </trkpt>
      <trkpt lat="34.211531764993566" lon="108.83644785971312">
        <ele>408.17443249188364</ele>
        <time>2026-02-02T04:14:50.900000Z</time>
        <extensions>
          <gpxtpx:TrackPointExtension>
            <gpxtpx:hr>103</gpxtpx:hr>
          </gpxtpx:TrackPointExtension>
        </extensions>
      </trkpt>
      <trkpt lat="34.21153208461721" lon="108.83646569844936">
        <ele>408.1004660362378</ele>
        <time>2026-02-02T04:14:51.900000Z</time>
        <extensions>
          <gpxtpx:TrackPointExtension>
            <gpxtpx:hr>103</gpxtpx:hr>
          </gpxtpx:TrackPointExtension>
        </extensions>
      </trkpt>
      <trkpt lat="34.211533326908196" lon="108.83648389512405">
        <ele>408.0338330110535</ele>
        <time>2026-02-02T04:14:52.900000Z</time>
        <extensions>
          <gpxtpx:TrackPointExtension>
            <gpxtpx:hr>103</gpxtpx:hr>
          </gpxtpx:TrackPointExtension>
        </extensions>
      </trkpt>
      <trkpt lat="34.21153527519337" lon="108.83650268449125">
        <ele>407.98274679481983</ele>
        <time>2026-02-02T04:14:53.900000Z</time>
        <extensions>
          <gpxtpx:TrackPointExtension>
            <gpxtpx:hr>103</gpxtpx:hr>
          </gpxtpx:TrackPointExtension>
        </extensions>
      </trkpt>
      <trkpt lat="34.211537389860396" lon="108.83652185053569">
        <ele>407.94259692169726</ele>
        <time>2026-02-02T04:14:54.900000Z</time>
        <extensions>
          <gpxtpx:TrackPointExtension>
            <gpxtpx:hr>103</gpxtpx:hr>
          </gpxtpx:TrackPointExtension>
        </extensions>
      </trkpt>
      <trkpt lat="34.21153912414586" lon="108.83654115080354">
        <ele>407.917751298286</ele>
        <time>2026-02-02T04:14:55.900000Z</time>
        <extensions>
          <gpxtpx:TrackPointExtension>
            <gpxtpx:hr>103</gpxtpx:hr>
          </gpxtpx:TrackPointExtension>
        </extensions>
      </trkpt>
      <trkpt lat="34.21154040656146" lon="108.83656034944575">
        <ele>407.91489696409553</ele>
        <time>2026-02-02T04:14:56.900000Z</time>
        <extensions>
          <gpxtpx:TrackPointExtension>
            <gpxtpx:hr>103</gpxtpx:hr>
          </gpxtpx:TrackPointExtension>
        </extensions>
      </trkpt>
      <trkpt lat="34.211541573734245" lon="108.83657893206806">
        <ele>407.9133653640747</ele>
        <time>2026-02-02T04:14:57.900000Z</time>
        <extensions>
          <gpxtpx:TrackPointExtension>
            <gpxtpx:hr>103</gpxtpx:hr>
          </gpxtpx:TrackPointExtension>
        </extensions>
      </trkpt>
      <trkpt lat="34.21154310760197" lon="108.83659607670657">
        <ele>407.91721402294934</ele>
        <time>2026-02-02T04:14:58.900000Z</time>
        <extensions>
          <gpxtpx:TrackPointExtension>
            <gpxtpx:hr>103</gpxtpx:hr>
          </gpxtpx:TrackPointExtension>
        </extensions>
      </trkpt>
      <trkpt lat="34.21154482523417" lon="108.8366114253097">
        <ele>407.92523264698684</ele>
        <time>2026-02-02T04:14:59.900000Z</time>
        <extensions>
          <gpxtpx:TrackPointExtension>
            <gpxtpx:hr>104</gpxtpx:hr>
          </gpxtpx:TrackPointExtension>
        </extensions>
      </trkpt>
      <trkpt lat="34.21154639165932" lon="108.83662604596006">
        <ele>407.9279684992507</ele>
        <time>2026-02-02T04:15:00.900000Z</time>
        <extensions>
          <gpxtpx:TrackPointExtension>
            <gpxtpx:hr>104</gpxtpx:hr>
          </gpxtpx:TrackPointExtension>
        </extensions>
      </trkpt>
      <trkpt lat="34.21154751145635" lon="108.83664172870726">
        <ele>407.9416285669431</ele>
        <time>2026-02-02T04:15:01.900000Z</time>
        <extensions>
          <gpxtpx:TrackPointExtension>
            <gpxtpx:hr>104</gpxtpx:hr>
          </gpxtpx:TrackPointExtension>
        </extensions>
      </trkpt>
      <trkpt lat="34.211548055451345" lon="108.83665915748455">
        <ele>407.96233210526407</ele>
        <time>2026-02-02T04:15:02.900000Z</time>
        <extensions>
          <gpxtpx:TrackPointExtension>
            <gpxtpx:hr>104</gpxtpx:hr>
          </gpxtpx:TrackPointExtension>
        </extensions>
      </trkpt>
      <trkpt lat="34.211548109984044" lon="108.83667646801506">
        <ele>407.98049850109965</ele>
        <time>2026-02-02T04:15:03.900000Z</time>
        <extensions>
          <gpxtpx:TrackPointExtension>
            <gpxtpx:hr>104</gpxtpx:hr>
          </gpxtpx:TrackPointExtension>
        </extensions>
      </trkpt>
      <trkpt lat="34.211548202170604" lon="108.83669366918991">
        <ele>408.0124464929104</ele>
        <time>2026-02-02T04:15:04.900000Z</time>
        <extensions>
          <gpxtpx:TrackPointExtension>
            <gpxtpx:hr>104</gpxtpx:hr>
          </gpxtpx:TrackPointExtension>
        </extensions>
      </trkpt>
      <trkpt lat="34.21154931234863" lon="108.83671087161758">
        <ele>408.0397464334965</ele>
        <time>2026-02-02T04:15:05.900000Z</time>
        <extensions>
          <gpxtpx:TrackPointExtension>
            <gpxtpx:hr>104</gpxtpx:hr>
          </gpxtpx:TrackPointExtension>
        </extensions>
      </trkpt>
      <trkpt lat="34.21155185076503" lon="108.8367272335471">
        <ele>408.06544497050345</ele>
        <time>2026-02-02T04:15:06.900000Z</time>
        <extensions>
          <gpxtpx:TrackPointExtension>
            <gpxtpx:hr>104</gpxtpx:hr>
          </gpxtpx:TrackPointExtension>
        </extensions>
      </trkpt>
      <trkpt lat="34.21155543607122" lon="108.83674357696991">
        <ele>408.091605136171</ele>
        <time>2026-02-02T04:15:07.900000Z</time>
        <extensions>
          <gpxtpx:TrackPointExtension>
            <gpxtpx:hr>104</gpxtpx:hr>
          </gpxtpx:TrackPointExtension>
        </extensions>
      </trkpt>
      <trkpt lat="34.21155995592862" lon="108.83675993080183">
        <ele>408.120206868276</ele>
        <time>2026-02-02T04:15:08.900000Z</time>
        <extensions>
          <gpxtpx:TrackPointExtension>
            <gpxtpx:hr>104</gpxtpx:hr>
          </gpxtpx:TrackPointExtension>
        </extensions>
      </trkpt>
      <trkpt lat="34.21156519932919" lon="108.83677594183224">
        <ele>408.15383191406727</ele>
        <time>2026-02-02T04:15:09.900000Z</time>
        <extensions>
          <gpxtpx:TrackPointExtension>
            <gpxtpx:hr>105</gpxtpx:hr>
          </gpxtpx:TrackPointExtension>
        </extensions>
      </trkpt>
      <trkpt lat="34.21157027467542" lon="108.8367918157153">
        <ele>408.20102086197585</ele>
        <time>2026-02-02T04:15:10.900000Z</time>
        <extensions>
          <gpxtpx:TrackPointExtension>
            <gpxtpx:hr>105</gpxtpx:hr>
          </gpxtpx:TrackPointExtension>
        </extensions>
      </trkpt>
      <trkpt lat="34.21157440114289" lon="108.83680805746424">
        <ele>408.27998495846987</ele>
        <time>2026-02-02T04:15:11.900000Z</time>
        <extensions>
          <gpxtpx:TrackPointExtension>
            <gpxtpx:hr>105</gpxtpx:hr>
          </gpxtpx:TrackPointExtension>
        </extensions>
      </trkpt>
      <trkpt lat="34.21157757371705" lon="108.83682481295477">
        <ele>408.3659547790885</ele>
        <time>2026-02-02T04:15:12.900000Z</time>
        <extensions>
          <gpxtpx:TrackPointExtension>
            <gpxtpx:hr>105</gpxtpx:hr>
          </gpxtpx:TrackPointExtension>
        </extensions>
      </trkpt>
      <trkpt lat="34.21158047717237" lon="108.83684248473882">
        <ele>408.4465129086748</ele>
        <time>2026-02-02T04:15:13.900000Z</time>
        <extensions>
          <gpxtpx:TrackPointExtension>
            <gpxtpx:hr>105</gpxtpx:hr>
          </gpxtpx:TrackPointExtension>
        </extensions>
      </trkpt>
      <trkpt lat="34.211583018474485" lon="108.83686027982195">
        <ele>408.54035873152316</ele>
        <time>2026-02-02T04:15:14.900000Z</time>
        <extensions>
          <gpxtpx:TrackPointExtension>
            <gpxtpx:hr>105</gpxtpx:hr>
          </gpxtpx:TrackPointExtension>
        </extensions>
      </trkpt>
      <trkpt lat="34.2115851650555" lon="108.83687750355062">
        <ele>408.63937694672495</ele>
        <time>2026-02-02T04:15:15.900000Z</time>
        <extensions>
          <gpxtpx:TrackPointExtension>
            <gpxtpx:hr>105</gpxtpx:hr>
          </gpxtpx:TrackPointExtension>
        </extensions>
      </trkpt>
      <trkpt lat="34.211586753351725" lon="108.83689367188887">
        <ele>408.73509615659714</ele>
        <time>2026-02-02T04:15:16.900000Z</time>
        <extensions>
          <gpxtpx:TrackPointExtension>
            <gpxtpx:hr>105</gpxtpx:hr>
          </gpxtpx:TrackPointExtension>
        </extensions>
      </trkpt>
      <trkpt lat="34.21158718945563" lon="108.83690835111436">
        <ele>408.8474500356242</ele>
        <time>2026-02-02T04:15:17.900000Z</time>
        <extensions>
          <gpxtpx:TrackPointExtension>
            <gpxtpx:hr>104</gpxtpx:hr>
          </gpxtpx:TrackPointExtension>
        </extensions>
      </trkpt>
      <trkpt lat="34.211585289597636" lon="108.83692214764">
        <ele>408.9897539559752</ele>
        <time>2026-02-02T04:15:18.900000Z</time>
        <extensions>
          <gpxtpx:TrackPointExtension>
            <gpxtpx:hr>104</gpxtpx:hr>
          </gpxtpx:TrackPointExtension>
        </extensions>
      </trkpt>
      <trkpt lat="34.2115802174324" lon="108.83693475329845">
        <ele>409.1324066342786</ele>
        <time>2026-02-02T04:15:19.900000Z</time>
        <extensions>
          <gpxtpx:TrackPointExtension>
            <gpxtpx:hr>104</gpxtpx:hr>
          </gpxtpx:TrackPointExtension>
        </extensions>
      </trkpt>
      <trkpt lat="34.21157260457823" lon="108.83694485479516">
        <ele>409.26882351376116</ele>
        <time>2026-02-02T04:15:20.900000Z</time>
        <extensions>
          <gpxtpx:TrackPointExtension>
            <gpxtpx:hr>104</gpxtpx:hr>
          </gpxtpx:TrackPointExtension>
        </extensions>
      </trkpt>
      <trkpt lat="34.21156413010048" lon="108.83695189750716">
        <ele>409.4079826101661</ele>
        <time>2026-02-02T04:15:21.900000Z</time>
        <extensions>
          <gpxtpx:TrackPointExtension>
            <gpxtpx:hr>105</gpxtpx:hr>
          </gpxtpx:TrackPointExtension>
        </extensions>
      </trkpt>
      <trkpt lat="34.21155554314601" lon="108.83695691517767">
        <ele>409.5466468576342</ele>
        <time>2026-02-02T04:15:22.900000Z</time>
        <extensions>
          <gpxtpx:TrackPointExtension>
            <gpxtpx:hr>105</gpxtpx:hr>
          </gpxtpx:TrackPointExtension>
        </extensions>
      </trkpt>
      <trkpt lat="34.211546689854806" lon="108.8369613314585">
        <ele>409.6870413515717</ele>
        <time>2026-02-02T04:15:23.900000Z</time>
        <extensions>
          <gpxtpx:TrackPointExtension>
            <gpxtpx:hr>105</gpxtpx:hr>
          </gpxtpx:TrackPointExtension>
        </extensions>
      </trkpt>
      <trkpt lat="34.21153743871472" lon="108.83696646620152">
        <ele>409.82753544300795</ele>
        <time>2026-02-02T04:15:24.900000Z</time>
        <extensions>
          <gpxtpx:TrackPointExtension>
            <gpxtpx:hr>105</gpxtpx:hr>
          </gpxtpx:TrackPointExtension>
        </extensions>
      </trkpt>
      <trkpt lat="34.21152779891459" lon="108.83697317946736">
        <ele>409.96283478010446</ele>
        <time>2026-02-02T04:15:25.900000Z</time>
        <extensions>
          <gpxtpx:TrackPointExtension>
            <gpxtpx:hr>105</gpxtpx:hr>
          </gpxtpx:TrackPointExtension>
        </extensions>
      </trkpt>
      <trkpt lat="34.21151735175633" lon="108.83698094011596">
        <ele>410.08340907935053</ele>
        <time>2026-02-02T04:15:26.900000Z</time>
        <extensions>
          <gpxtpx:TrackPointExtension>
            <gpxtpx:hr>105</gpxtpx:hr>
          </gpxtpx:TrackPointExtension>
        </extensions>
      </trkpt>
      <trkpt lat="34.21150607147467" lon="108.83698745448028">
        <ele>410.1956701176241</ele>
        <time>2026-02-02T04:15:27.900000Z</time>
        <extensions>
          <gpxtpx:TrackPointExtension>
            <gpxtpx:hr>105</gpxtpx:hr>
          </gpxtpx:TrackPointExtension>
        </extensions>
      </trkpt>
      <trkpt lat="34.21149447949394" lon="108.83699162481072">
        <ele>410.30096878577024</ele>
        <time>2026-02-02T04:15:28.900000Z</time>
        <extensions>
          <gpxtpx:TrackPointExtension>
            <gpxtpx:hr>105</gpxtpx:hr>
          </gpxtpx:TrackPointExtension>
        </extensions>
      </trkpt>
      <trkpt lat="34.211482555910095" lon="108.83699436967012">
        <ele>410.3920083111152</ele>
        <time>2026-02-02T04:15:29.900000Z</time>
        <extensions>
          <gpxtpx:TrackPointExtension>
            <gpxtpx:hr>105</gpxtpx:hr>
          </gpxtpx:TrackPointExtension>
        </extensions>
      </trkpt>
      <trkpt lat="34.211470855177176" lon="108.83699676692176">
        <ele>410.469815521501</ele>
        <time>2026-02-02T04:15:30.900000Z</time>
        <extensions>
          <gpxtpx:TrackPointExtension>
            <gpxtpx:hr>105</gpxtpx:hr>
          </gpxtpx:TrackPointExtension>
        </extensions>
      </trkpt>
      <trkpt lat="34.21145991154538" lon="108.8369994563454">
        <ele>410.5249857585877</ele>
        <time>2026-02-02T04:15:31.900000Z</time>
        <extensions>
          <gpxtpx:TrackPointExtension>
            <gpxtpx:hr>105</gpxtpx:hr>
          </gpxtpx:TrackPointExtension>
        </extensions>
      </trkpt>
      <trkpt lat="34.21144938367642" lon="108.83700255998032">
        <ele>410.55921169929206</ele>
        <time>2026-02-02T04:15:32.900000Z</time>
        <extensions>
          <gpxtpx:TrackPointExtension>
            <gpxtpx:hr>105</gpxtpx:hr>
          </gpxtpx:TrackPointExtension>
        </extensions>
      </trkpt>
      <trkpt lat="34.211438911796115" lon="108.83700612222623">
        <ele>410.5761727532372</ele>
        <time>2026-02-02T04:15:33.900000Z</time>
        <extensions>
          <gpxtpx:TrackPointExtension>
            <gpxtpx:hr>105</gpxtpx:hr>
          </gpxtpx:TrackPointExtension>
        </extensions>
      </trkpt>
      <trkpt lat="34.21142808465396" lon="108.83700980553462">
        <ele>410.57797123584896</ele>
        <time>2026-02-02T04:15:34.900000Z</time>
        <extensions>
          <gpxtpx:TrackPointExtension>
            <gpxtpx:hr>105</gpxtpx:hr>
          </gpxtpx:TrackPointExtension>
        </extensions>
      </trkpt>
      <trkpt lat="34.21141614992873" lon="108.83701305220737">
        <ele>410.5631158379838</ele>
        <time>2026-02-02T04:15:35.900000Z</time>
        <extensions>
          <gpxtpx:TrackPointExtension>
            <gpxtpx:hr>105</gpxtpx:hr>
          </gpxtpx:TrackPointExtension>
        </extensions>
      </trkpt>
      <trkpt lat="34.21140255800053" lon="108.83701581935">
        <ele>410.5343759385869</ele>
        <time>2026-02-02T04:15:36.900000Z</time>
        <extensions>
          <gpxtpx:TrackPointExtension>
            <gpxtpx:hr>105</gpxtpx:hr>
          </gpxtpx:TrackPointExtension>
        </extensions>
      </trkpt>
      <trkpt lat="34.211388171434294" lon="108.83701807400772">
        <ele>410.5035216892138</ele>
        <time>2026-02-02T04:15:37.900000Z</time>
        <extensions>
          <gpxtpx:TrackPointExtension>
            <gpxtpx:hr>105</gpxtpx:hr>
          </gpxtpx:TrackPointExtension>
        </extensions>
      </trkpt>
      <trkpt lat="34.21137328518608" lon="108.83702025625513">
        <ele>410.4782716874033</ele>
        <time>2026-02-02T04:15:38.900000Z</time>
        <extensions>
          <gpxtpx:TrackPointExtension>
            <gpxtpx:hr>105</gpxtpx:hr>
          </gpxtpx:TrackPointExtension>
        </extensions>
      </trkpt>
      <trkpt lat="34.21135829615841" lon="108.83702292340831">
        <ele>410.45285413693637</ele>
        <time>2026-02-02T04:15:39.900000Z</time>
        <extensions>
          <gpxtpx:TrackPointExtension>
            <gpxtpx:hr>105</gpxtpx:hr>
          </gpxtpx:TrackPointExtension>
        </extensions>
      </trkpt>
      <trkpt lat="34.21134364640361" lon="108.83702607414799">
        <ele>410.4187566842884</ele>
        <time>2026-02-02T04:15:40.900000Z</time>
      </trkpt>
      <trkpt lat="34.21132844725984" lon="108.83702925467313">
        <ele>410.3686273228377</ele>
        <time>2026-02-02T04:15:41.900000Z</time>
      </trkpt>
      <trkpt lat="34.2113135240959" lon="108.83703179112304">
        <ele>410.3079656539485</ele>
        <time>2026-02-02T04:15:42.900000Z</time>
      </trkpt>
      <trkpt lat="34.211299606025015" lon="108.8370335295803">
        <ele>410.2613443220034</ele>
        <time>2026-02-02T04:15:43.900000Z</time>
      </trkpt>
      <trkpt lat="34.211285585434155" lon="108.83703493304986">
        <ele>410.21393767837435</ele>
        <time>2026-02-02T04:15:44.900000Z</time>
      </trkpt>
      <trkpt lat="34.21127162294207" lon="108.83703608247089">
        <ele>410.17814219370484</ele>
        <time>2026-02-02T04:15:45.900000Z</time>
      </trkpt>
      <trkpt lat="34.2112585115049" lon="108.837037272088">
        <ele>410.1500306976959</ele>
        <time>2026-02-02T04:15:46.900000Z</time>
      </trkpt>
      <trkpt lat="34.21124668567035" lon="108.83703883731478">
        <ele>410.10581002756953</ele>
        <time>2026-02-02T04:15:47.900000Z</time>
      </trkpt>
      <trkpt lat="34.2112353638249" lon="108.83704076228189">
        <ele>410.05588267650455</ele>
        <time>2026-02-02T04:15:48.900000Z</time>
      </trkpt>
      <trkpt lat="34.21122334874081" lon="108.83704280917678">
        <ele>410.02194595336914</ele>
        <time>2026-02-02T04:15:49.900000Z</time>
      </trkpt>
      <trkpt lat="34.21121036902013" lon="108.83704493021945">
        <ele>409.97044289298356</ele>
        <time>2026-02-02T04:15:50.900000Z</time>
      </trkpt>
      <trkpt lat="34.211196871688436" lon="108.83704721745377">
        <ele>409.9244594462216</ele>
        <time>2026-02-02T04:15:51.900000Z</time>
      </trkpt>
      <trkpt lat="34.21118290466906" lon="108.83704949154549">
        <ele>409.87366580590606</ele>
        <time>2026-02-02T04:15:52.900000Z</time>
      </trkpt>
      <trkpt lat="34.2111689923478" lon="108.83705157248902">
        <ele>409.83397086150944</ele>
        <time>2026-02-02T04:15:53.900000Z</time>
      </trkpt>
      <trkpt lat="34.2111563705588" lon="108.83705349953259">
        <ele>409.8085204716772</ele>
        <time>2026-02-02T04:15:54.900000Z</time>
      </trkpt>
      <trkpt lat="34.21114490921056" lon="108.83705526790172">
        <ele>409.79811216983944</ele>
        <time>2026-02-02T04:15:55.900000Z</time>
      </trkpt>
      <trkpt lat="34.21113303526237" lon="108.83705648304182">
        <ele>409.78865153715014</ele>
        <time>2026-02-02T04:15:56.900000Z</time>
      </trkpt>
      <trkpt lat="34.21111983765635" lon="108.83705708099504">
        <ele>409.75745227653533</ele>
        <time>2026-02-02T04:15:57.900000Z</time>
      </trkpt>
      <trkpt lat="34.2111059731014" lon="108.83705774698863">
        <ele>409.7125009065494</ele>
        <time>2026-02-02T04:15:58.900000Z</time>
      </trkpt>
      <trkpt lat="34.21109227566779" lon="108.83705893046691">
        <ele>409.6596017330885</ele>
        <time>2026-02-02T04:15:59.900000Z</time>
      </trkpt>
      <trkpt lat="34.21107883685759" lon="108.83706016887577">
        <ele>409.5971383759752</ele>
        <time>2026-02-02T04:16:00.900000Z</time>
      </trkpt>
      <trkpt lat="34.211064509905455" lon="108.83706081492652">
        <ele>409.53155980911106</ele>
        <time>2026-02-02T04:16:01.900000Z</time>
      </trkpt>
      <trkpt lat="34.2110497658418" lon="108.8370610486814">
        <ele>409.46296835131943</ele>
        <time>2026-02-02T04:16:02.900000Z</time>
      </trkpt>
      <trkpt lat="34.21103565344777" lon="108.83706160382177">
        <ele>409.3952013850212</ele>
        <time>2026-02-02T04:16:03.900000Z</time>
      </trkpt>
      <trkpt lat="34.211021404238565" lon="108.83706240439358">
        <ele>409.3255085963756</ele>
        <time>2026-02-02T04:16:04.900000Z</time>
      </trkpt>
      <trkpt lat="34.21100681654687" lon="108.8370628799229">
        <ele>409.2544279573485</ele>
        <time>2026-02-02T04:16:05.900000Z</time>
      </trkpt>
      <trkpt lat="34.21099205663144" lon="108.83706262177846">
        <ele>409.17730407975614</ele>
        <time>2026-02-02T04:16:06.900000Z</time>
      </trkpt>
      <trkpt lat="34.21097746943964" lon="108.83706181718503">
        <ele>409.10974410083145</ele>
        <time>2026-02-02T04:16:07.900000Z</time>
      </trkpt>
      <trkpt lat="34.210963444627964" lon="108.8370606989015">
        <ele>409.0441032703966</ele>
        <time>2026-02-02T04:16:08.900000Z</time>
      </trkpt>
      <trkpt lat="34.21094950663833" lon="108.83705926036289">
        <ele>408.95707842800766</ele>
        <time>2026-02-02T04:16:09.900000Z</time>
      </trkpt>
      <trkpt lat="34.210935453911674" lon="108.83705759846819">
        <ele>408.8714144229889</ele>
        <time>2026-02-02T04:16:10.900000Z</time>
      </trkpt>
      <trkpt lat="34.210921180451436" lon="108.837056021933">
        <ele>408.7825593072921</ele>
        <time>2026-02-02T04:16:11.900000Z</time>
      </trkpt>
      <trkpt lat="34.21090668227417" lon="108.83705492572297">
        <ele>408.6766582811251</ele>
        <time>2026-02-02T04:16:12.900000Z</time>
      </trkpt>
      <trkpt lat="34.210892497334214" lon="108.83705473939185">
        <ele>408.5789338648319</ele>
        <time>2026-02-02T04:16:13.900000Z</time>
      </trkpt>
      <trkpt lat="34.21087834347338" lon="108.83705562524995">
        <ele>408.49644730146974</ele>
        <time>2026-02-02T04:16:14.900000Z</time>
      </trkpt>
      <trkpt lat="34.21086459374144" lon="108.83705719003561">
        <ele>408.3940820740536</ele>
        <time>2026-02-02T04:16:15.900000Z</time>
      </trkpt>
      <trkpt lat="34.21085147767595" lon="108.83705884387983">
        <ele>408.30262158997357</ele>
        <time>2026-02-02T04:16:16.900000Z</time>
      </trkpt>
      <trkpt lat="34.21083811719445" lon="108.83706022161971">
        <ele>408.22967729810625</ele>
        <time>2026-02-02T04:16:17.900000Z</time>
      </trkpt>
      <trkpt lat="34.2108247908748" lon="108.83706163204558">
        <ele>408.17324098199606</ele>
        <time>2026-02-02T04:16:18.900000Z</time>
      </trkpt>
      <trkpt lat="34.21081185460762" lon="108.83706345733785">
        <ele>408.1073599057272</ele>
        <time>2026-02-02T04:16:19.900000Z</time>
      </trkpt>
      <trkpt lat="34.21079924575628" lon="108.83706574768148">
        <ele>408.0419138269499</ele>
        <time>2026-02-02T04:16:20.900000Z</time>
      </trkpt>
      <trkpt lat="34.21078637179591" lon="108.83706846031778">
        <ele>407.9955439651385</ele>
        <time>2026-02-02T04:16:21.900000Z</time>
      </trkpt>
      <trkpt lat="34.21077295529572" lon="108.83707170461973">
        <ele>407.96788694616407</ele>
        <time>2026-02-02T04:16:22.900000Z</time>
      </trkpt>
      <trkpt lat="34.21075969345228" lon="108.8370753661181">
        <ele>407.9380539804697</ele>
        <time>2026-02-02T04:16:23.900000Z</time>
      </trkpt>
      <trkpt lat="34.210746777901235" lon="108.83707901100134">
        <ele>407.93171066138893</ele>
        <time>2026-02-02T04:16:24.900000Z</time>
      </trkpt>
      <trkpt lat="34.21073386852595" lon="108.83708224414949">
        <ele>407.9285010797903</ele>
        <time>2026-02-02T04:16:25.900000Z</time>
      </trkpt>
      <trkpt lat="34.21072067639669" lon="108.83708510658126">
        <ele>407.9433882078156</ele>
        <time>2026-02-02T04:16:26.900000Z</time>
      </trkpt>
      <trkpt lat="34.21070735567842" lon="108.83708808836133">
        <ele>407.94562384765595</ele>
        <time>2026-02-02T04:16:27.900000Z</time>
      </trkpt>
      <trkpt lat="34.21069395007698" lon="108.83709149804535">
        <ele>407.9583134530112</ele>
        <time>2026-02-02T04:16:28.900000Z</time>
      </trkpt>
      <trkpt lat="34.21068026015908" lon="108.83709503354098">
        <ele>407.98323057964444</ele>
        <time>2026-02-02T04:16:29.900000Z</time>
      </trkpt>
      <trkpt lat="34.210667136387784" lon="108.83709793406419">
        <ele>408.0120572047308</ele>
        <time>2026-02-02T04:16:30.900000Z</time>
      </trkpt>
      <trkpt lat="34.21065498145084" lon="108.83710012247903">
        <ele>408.0451102806255</ele>
        <time>2026-02-02T04:16:31.900000Z</time>
      </trkpt>
      <trkpt lat="34.21064309048487" lon="108.83710186676903">
        <ele>408.0753541197628</ele>
        <time>2026-02-02T04:16:32.900000Z</time>
      </trkpt>
      <trkpt lat="34.210631026969715" lon="108.8371032253123">
        <ele>408.1147399302572</ele>
        <time>2026-02-02T04:16:33.900000Z</time>
      </trkpt>
      <trkpt lat="34.210618609183086" lon="108.83710440025607">
        <ele>408.1691216658801</ele>
        <time>2026-02-02T04:16:34.900000Z</time>
      </trkpt>
      <trkpt lat="34.21060643842849" lon="108.8371056577977">
        <ele>408.22864415403455</ele>
        <time>2026-02-02T04:16:35.900000Z</time>
      </trkpt>
      <trkpt lat="34.21059418502915" lon="108.83710695638644">
        <ele>408.29278868995607</ele>
        <time>2026-02-02T04:16:36.900000Z</time>
      </trkpt>
      <trkpt lat="34.21058121606118" lon="108.83710760397958">
        <ele>408.36253517959267</ele>
        <time>2026-02-02T04:16:37.900000Z</time>
      </trkpt>
      <trkpt lat="34.210568034174734" lon="108.8371072233563">
        <ele>408.44264797028154</ele>
        <time>2026-02-02T04:16:38.900000Z</time>
      </trkpt>
      <trkpt lat="34.21055503693806" lon="108.83710562554046">
        <ele>408.53258364927024</ele>
        <time>2026-02-02T04:16:39.900000Z</time>
      </trkpt>
      <trkpt lat="34.210542147430424" lon="108.83710290646061">
        <ele>408.6176027711481</ele>
        <time>2026-02-02T04:16:40.900000Z</time>
      </trkpt>
      <trkpt lat="34.21052906109513" lon="108.83709991713577">
        <ele>408.7157324645668</ele>
        <time>2026-02-02T04:16:41.900000Z</time>
      </trkpt>
      <trkpt lat="34.21051593546959" lon="108.83709795513626">
        <ele>408.81934234686196</ele>
        <time>2026-02-02T04:16:42.900000Z</time>
      </trkpt>
      <trkpt lat="34.2105032509162" lon="108.83709768335851">
        <ele>408.9184688208625</ele>
        <time>2026-02-02T04:16:43.900000Z</time>
      </trkpt>
      <trkpt lat="34.210490888079796" lon="108.8370985927558">
        <ele>409.02387409098446</ele>
        <time>2026-02-02T04:16:44.900000Z</time>
      </trkpt>
      <trkpt lat="34.21047860450117" lon="108.83710005851432">
        <ele>409.13891267590225</ele>
        <time>2026-02-02T04:16:45.900000Z</time>
      </trkpt>
      <trkpt lat="34.21046584879156" lon="108.83710179136494">
        <ele>409.2410016572103</ele>
        <time>2026-02-02T04:16:46.900000Z</time>
      </trkpt>
      <trkpt lat="34.210452941966295" lon="108.83710377762834">
        <ele>409.3257839214057</ele>
        <time>2026-02-02T04:16:47.900000Z</time>
      </trkpt>
      <trkpt lat="34.21044088467607" lon="108.83710595227578">
        <ele>409.39873710274696</ele>
        <time>2026-02-02T04:16:48.900000Z</time>
        <extensions>
          <gpxtpx:TrackPointExtension>
            <gpxtpx:hr>108</gpxtpx:hr>
          </gpxtpx:TrackPointExtension>
        </extensions>
      </trkpt>
      <trkpt lat="34.21042894216437" lon="108.83710825587788">
        <ele>409.45143878180534</ele>
        <time>2026-02-02T04:16:49.900000Z</time>
        <extensions>
          <gpxtpx:TrackPointExtension>
            <gpxtpx:hr>108</gpxtpx:hr>
          </gpxtpx:TrackPointExtension>
        </extensions>
      </trkpt>
      <trkpt lat="34.21041641562346" lon="108.83711065372185">
        <ele>409.5100333029404</ele>
        <time>2026-02-02T04:16:50.900000Z</time>
        <extensions>
          <gpxtpx:TrackPointExtension>
            <gpxtpx:hr>108</gpxtpx:hr>
          </gpxtpx:TrackPointExtension>
        </extensions>
      </trkpt>
      <trkpt lat="34.210403945894925" lon="108.83711292363488">
        <ele>409.5686174565926</ele>
        <time>2026-02-02T04:16:51.900000Z</time>
        <extensions>
          <gpxtpx:TrackPointExtension>
            <gpxtpx:hr>108</gpxtpx:hr>
          </gpxtpx:TrackPointExtension>
        </extensions>
      </trkpt>
      <trkpt lat="34.2103919254514" lon="108.83711522759432">
        <ele>409.62195805925876</ele>
        <time>2026-02-02T04:16:52.900000Z</time>
        <extensions>
          <gpxtpx:TrackPointExtension>
            <gpxtpx:hr>108</gpxtpx:hr>
          </gpxtpx:TrackPointExtension>
        </extensions>
      </trkpt>
      <trkpt lat="34.210379772056896" lon="108.83711805415527">
        <ele>409.67462683469057</ele>
        <time>2026-02-02T04:16:53.900000Z</time>
        <extensions>
          <gpxtpx:TrackPointExtension>
            <gpxtpx:hr>108</gpxtpx:hr>
          </gpxtpx:TrackPointExtension>
        </extensions>
      </trkpt>
      <trkpt lat="34.210367651171175" lon="108.83712182748586">
        <ele>409.7277755094692</ele>
        <time>2026-02-02T04:16:54.900000Z</time>
        <extensions>
          <gpxtpx:TrackPointExtension>
            <gpxtpx:hr>108</gpxtpx:hr>
          </gpxtpx:TrackPointExtension>
        </extensions>
      </trkpt>
      <trkpt lat="34.210356753830645" lon="108.83712689015098">
        <ele>409.7760401982814</ele>
        <time>2026-02-02T04:16:55.900000Z</time>
        <extensions>
          <gpxtpx:TrackPointExtension>
            <gpxtpx:hr>108</gpxtpx:hr>
          </gpxtpx:TrackPointExtension>
        </extensions>
      </trkpt>
      <trkpt lat="34.21034720245893" lon="108.83713332621664">
        <ele>409.81137298606336</ele>
        <time>2026-02-02T04:16:56.900000Z</time>
        <extensions>
          <gpxtpx:TrackPointExtension>
            <gpxtpx:hr>108</gpxtpx:hr>
          </gpxtpx:TrackPointExtension>
        </extensions>
      </trkpt>
      <trkpt lat="34.2103381437989" lon="108.83714131817852">
        <ele>409.8487574355677</ele>
        <time>2026-02-02T04:16:57.900000Z</time>
        <extensions>
          <gpxtpx:TrackPointExtension>
            <gpxtpx:hr>108</gpxtpx:hr>
          </gpxtpx:TrackPointExtension>
        </extensions>
      </trkpt>
      <trkpt lat="34.210329592503705" lon="108.83715078686573">
        <ele>409.90511630661786</ele>
        <time>2026-02-02T04:16:58.900000Z</time>
        <extensions>
          <gpxtpx:TrackPointExtension>
            <gpxtpx:hr>108</gpxtpx:hr>
          </gpxtpx:TrackPointExtension>
        </extensions>
      </trkpt>
      <trkpt lat="34.210322458030234" lon="108.83716101755881">
        <ele>409.95361508149654</ele>
        <time>2026-02-02T04:16:59.900000Z</time>
        <extensions>
          <gpxtpx:TrackPointExtension>
            <gpxtpx:hr>108</gpxtpx:hr>
          </gpxtpx:TrackPointExtension>
        </extensions>
      </trkpt>
      <trkpt lat="34.210317170058126" lon="108.83717174424505">
        <ele>409.99680326972157</ele>
        <time>2026-02-02T04:17:00.900000Z</time>
        <extensions>
          <gpxtpx:TrackPointExtension>
            <gpxtpx:hr>108</gpxtpx:hr>
          </gpxtpx:TrackPointExtension>
        </extensions>
      </trkpt>
      <trkpt lat="34.210313845483675" lon="108.83718336954566">
        <ele>410.0313084824011</ele>
        <time>2026-02-02T04:17:01.900000Z</time>
        <extensions>
          <gpxtpx:TrackPointExtension>
            <gpxtpx:hr>111</gpxtpx:hr>
          </gpxtpx:TrackPointExtension>
        </extensions>
      </trkpt>
      <trkpt lat="34.21031200078385" lon="108.83719624998999">
        <ele>410.0531441308558</ele>
        <time>2026-02-02T04:17:02.900000Z</time>
        <extensions>
          <gpxtpx:TrackPointExtension>
            <gpxtpx:hr>111</gpxtpx:hr>
          </gpxtpx:TrackPointExtension>
        </extensions>
      </trkpt>
      <trkpt lat="34.210310931077416" lon="108.83721002235818">
        <ele>410.07357314322144</ele>
        <time>2026-02-02T04:17:03.900000Z</time>
        <extensions>
          <gpxtpx:TrackPointExtension>
            <gpxtpx:hr>111</gpxtpx:hr>
          </gpxtpx:TrackPointExtension>
        </extensions>
      </trkpt>
      <trkpt lat="34.210310392459114" lon="108.8372240876532">
        <ele>410.08830081671476</ele>
        <time>2026-02-02T04:17:04.900000Z</time>
        <extensions>
          <gpxtpx:TrackPointExtension>
            <gpxtpx:hr>111</gpxtpx:hr>
          </gpxtpx:TrackPointExtension>
        </extensions>
      </trkpt>
      <trkpt lat="34.2103095636403" lon="108.83723876632068">
        <ele>410.0968730915338</ele>
        <time>2026-02-02T04:17:05.900000Z</time>
        <extensions>
          <gpxtpx:TrackPointExtension>
            <gpxtpx:hr>111</gpxtpx:hr>
          </gpxtpx:TrackPointExtension>
        </extensions>
      </trkpt>
      <trkpt lat="34.21030778263089" lon="108.83725410099791">
        <ele>410.0908899353817</ele>
        <time>2026-02-02T04:17:06.900000Z</time>
        <extensions>
          <gpxtpx:TrackPointExtension>
            <gpxtpx:hr>113</gpxtpx:hr>
          </gpxtpx:TrackPointExtension>
        </extensions>
      </trkpt>
      <trkpt lat="34.21030520094847" lon="108.83726916942095">
        <ele>410.0747376643121</ele>
        <time>2026-02-02T04:17:07.900000Z</time>
        <extensions>
          <gpxtpx:TrackPointExtension>
            <gpxtpx:hr>113</gpxtpx:hr>
          </gpxtpx:TrackPointExtension>
        </extensions>
      </trkpt>
      <trkpt lat="34.21030139735112" lon="108.83728435528847">
        <ele>410.04356478061527</ele>
        <time>2026-02-02T04:17:08.900000Z</time>
        <extensions>
          <gpxtpx:TrackPointExtension>
            <gpxtpx:hr>113</gpxtpx:hr>
          </gpxtpx:TrackPointExtension>
        </extensions>
      </trkpt>
      <trkpt lat="34.21029575790438" lon="108.83730047753865">
        <ele>409.9959584828466</ele>
        <time>2026-02-02T04:17:09.900000Z</time>
        <extensions>
          <gpxtpx:TrackPointExtension>
            <gpxtpx:hr>113</gpxtpx:hr>
          </gpxtpx:TrackPointExtension>
        </extensions>
      </trkpt>
      <trkpt lat="34.2102884257223" lon="108.83731544866939">
        <ele>409.9445910397917</ele>
        <time>2026-02-02T04:17:10.900000Z</time>
        <extensions>
          <gpxtpx:TrackPointExtension>
            <gpxtpx:hr>113</gpxtpx:hr>
          </gpxtpx:TrackPointExtension>
        </extensions>
      </trkpt>
      <trkpt lat="34.210279819676906" lon="108.8373280873917">
        <ele>409.8977702734992</ele>
        <time>2026-02-02T04:17:11.900000Z</time>
        <extensions>
          <gpxtpx:TrackPointExtension>
            <gpxtpx:hr>113</gpxtpx:hr>
          </gpxtpx:TrackPointExtension>
        </extensions>
      </trkpt>
      <trkpt lat="34.210270603891296" lon="108.83733986871853">
        <ele>409.8406733032316</ele>
        <time>2026-02-02T04:17:12.900000Z</time>
        <extensions>
          <gpxtpx:TrackPointExtension>
            <gpxtpx:hr>115</gpxtpx:hr>
          </gpxtpx:TrackPointExtension>
        </extensions>
      </trkpt>
      <trkpt lat="34.210261019190085" lon="108.83735206868504">
        <ele>409.7776894951239</ele>
        <time>2026-02-02T04:17:13.900000Z</time>
        <extensions>
          <gpxtpx:TrackPointExtension>
            <gpxtpx:hr>115</gpxtpx:hr>
          </gpxtpx:TrackPointExtension>
        </extensions>
      </trkpt>
      <trkpt lat="34.210251810533606" lon="108.83736415766805">
        <ele>409.7175264758989</ele>
        <time>2026-02-02T04:17:14.900000Z</time>
        <extensions>
          <gpxtpx:TrackPointExtension>
            <gpxtpx:hr>115</gpxtpx:hr>
          </gpxtpx:TrackPointExtension>
        </extensions>
      </trkpt>
      <trkpt lat="34.21024308122597" lon="108.83737576294497">
        <ele>409.671310945414</ele>
        <time>2026-02-02T04:17:15.900000Z</time>
        <extensions>
          <gpxtpx:TrackPointExtension>
            <gpxtpx:hr>115</gpxtpx:hr>
          </gpxtpx:TrackPointExtension>
        </extensions>
      </trkpt>
      <trkpt lat="34.210233861907" lon="108.83738850593353">
        <ele>409.6209923084825</ele>
        <time>2026-02-02T04:17:16.900000Z</time>
        <extensions>
          <gpxtpx:TrackPointExtension>
            <gpxtpx:hr>115</gpxtpx:hr>
          </gpxtpx:TrackPointExtension>
        </extensions>
      </trkpt>
      <trkpt lat="34.210224378683606" lon="108.83740276422914">
        <ele>409.56627911608666</ele>
        <time>2026-02-02T04:17:17.900000Z</time>
        <extensions>
          <gpxtpx:TrackPointExtension>
            <gpxtpx:hr>115</gpxtpx:hr>
          </gpxtpx:TrackPointExtension>
        </extensions>
      </trkpt>
      <trkpt lat="34.21021529938241" lon="108.83741808458952">
        <ele>409.5030177375302</ele>
        <time>2026-02-02T04:17:18.900000Z</time>
        <extensions>
          <gpxtpx:TrackPointExtension>
            <gpxtpx:hr>115</gpxtpx:hr>
          </gpxtpx:TrackPointExtension>
        </extensions>
      </trkpt>
      <trkpt lat="34.21020718249704" lon="108.83743439447446">
        <ele>409.4367129486054</ele>
        <time>2026-02-02T04:17:19.900000Z</time>
        <extensions>
          <gpxtpx:TrackPointExtension>
            <gpxtpx:hr>115</gpxtpx:hr>
          </gpxtpx:TrackPointExtension>
        </extensions>
      </trkpt>
      <trkpt lat="34.21020020667971" lon="108.8374517886371">
        <ele>409.37891223467886</ele>
        <time>2026-02-02T04:17:20.900000Z</time>
        <extensions>
          <gpxtpx:TrackPointExtension>
            <gpxtpx:hr>115</gpxtpx:hr>
          </gpxtpx:TrackPointExtension>
        </extensions>
      </trkpt>
      <trkpt lat="34.21019413759848" lon="108.83746981672482">
        <ele>409.33161291480064</ele>
        <time>2026-02-02T04:17:21.900000Z</time>
        <extensions>
          <gpxtpx:TrackPointExtension>
            <gpxtpx:hr>115</gpxtpx:hr>
          </gpxtpx:TrackPointExtension>
        </extensions>
      </trkpt>
      <trkpt lat="34.21018867482575" lon="108.83748806759665">
        <ele>409.2817837866023</ele>
        <time>2026-02-02T04:17:22.900000Z</time>
        <extensions>
          <gpxtpx:TrackPointExtension>
            <gpxtpx:hr>115</gpxtpx:hr>
          </gpxtpx:TrackPointExtension>
        </extensions>
      </trkpt>
      <trkpt lat="34.21018404321311" lon="108.83750652343116">
        <ele>409.23423531092703</ele>
        <time>2026-02-02T04:17:23.900000Z</time>
        <extensions>
          <gpxtpx:TrackPointExtension>
            <gpxtpx:hr>116</gpxtpx:hr>
          </gpxtpx:TrackPointExtension>
        </extensions>
      </trkpt>
      <trkpt lat="34.21018087277034" lon="108.83752520007779">
        <ele>409.1896114349365</ele>
        <time>2026-02-02T04:17:24.900000Z</time>
        <extensions>
          <gpxtpx:TrackPointExtension>
            <gpxtpx:hr>116</gpxtpx:hr>
          </gpxtpx:TrackPointExtension>
        </extensions>
      </trkpt>
      <trkpt lat="34.210179301413284" lon="108.83754367457375">
        <ele>409.1454106820747</ele>
        <time>2026-02-02T04:17:25.900000Z</time>
        <extensions>
          <gpxtpx:TrackPointExtension>
            <gpxtpx:hr>116</gpxtpx:hr>
          </gpxtpx:TrackPointExtension>
        </extensions>
      </trkpt>
      <trkpt lat="34.2101786100342" lon="108.8375615546738">
        <ele>409.10700768698007</ele>
        <time>2026-02-02T04:17:26.900000Z</time>
        <extensions>
          <gpxtpx:TrackPointExtension>
            <gpxtpx:hr>116</gpxtpx:hr>
          </gpxtpx:TrackPointExtension>
        </extensions>
      </trkpt>
      <trkpt lat="34.210177175926425" lon="108.83757767844847">
        <ele>409.0670469002798</ele>
        <time>2026-02-02T04:17:27.900000Z</time>
        <extensions>
          <gpxtpx:TrackPointExtension>
            <gpxtpx:hr>116</gpxtpx:hr>
          </gpxtpx:TrackPointExtension>
        </extensions>
      </trkpt>
      <trkpt lat="34.21017345885313" lon="108.83759193892556">
        <ele>409.0345986150205</ele>
        <time>2026-02-02T04:17:28.900000Z</time>
        <extensions>
          <gpxtpx:TrackPointExtension>
            <gpxtpx:hr>115</gpxtpx:hr>
          </gpxtpx:TrackPointExtension>
        </extensions>
      </trkpt>
      <trkpt lat="34.210167361894804" lon="108.83760519246677">
        <ele>408.9896600553766</ele>
        <time>2026-02-02T04:17:29.900000Z</time>
        <extensions>
          <gpxtpx:TrackPointExtension>
            <gpxtpx:hr>115</gpxtpx:hr>
          </gpxtpx:TrackPointExtension>
        </extensions>
      </trkpt>
      <trkpt lat="34.210159225806656" lon="108.8376182954046">
        <ele>408.95265691541135</ele>
        <time>2026-02-02T04:17:30.900000Z</time>
        <extensions>
          <gpxtpx:TrackPointExtension>
            <gpxtpx:hr>115</gpxtpx:hr>
          </gpxtpx:TrackPointExtension>
        </extensions>
      </trkpt>
      <trkpt lat="34.21015006473611" lon="108.83763213896607">
        <ele>408.9220100082457</ele>
        <time>2026-02-02T04:17:31.900000Z</time>
        <extensions>
          <gpxtpx:TrackPointExtension>
            <gpxtpx:hr>115</gpxtpx:hr>
          </gpxtpx:TrackPointExtension>
        </extensions>
      </trkpt>
      <trkpt lat="34.210141836446084" lon="108.83764646783848">
        <ele>408.8933308776468</ele>
        <time>2026-02-02T04:17:32.900000Z</time>
        <extensions>
          <gpxtpx:TrackPointExtension>
            <gpxtpx:hr>115</gpxtpx:hr>
          </gpxtpx:TrackPointExtension>
        </extensions>
      </trkpt>
      <trkpt lat="34.21013487824366" lon="108.83766111975383">
        <ele>408.8599522188306</ele>
        <time>2026-02-02T04:17:33.900000Z</time>
        <extensions>
          <gpxtpx:TrackPointExtension>
            <gpxtpx:hr>117</gpxtpx:hr>
          </gpxtpx:TrackPointExtension>
        </extensions>
      </trkpt>
      <trkpt lat="34.21012898115445" lon="108.83767590678812">
        <ele>408.835677722469</ele>
        <time>2026-02-02T04:17:34.900000Z</time>
        <extensions>
          <gpxtpx:TrackPointExtension>
            <gpxtpx:hr>117</gpxtpx:hr>
          </gpxtpx:TrackPointExtension>
        </extensions>
      </trkpt>
      <trkpt lat="34.210124393830235" lon="108.83769047785441">
        <ele>408.81194111239165</ele>
        <time>2026-02-02T04:17:35.900000Z</time>
        <extensions>
          <gpxtpx:TrackPointExtension>
            <gpxtpx:hr>117</gpxtpx:hr>
          </gpxtpx:TrackPointExtension>
        </extensions>
      </trkpt>
      <trkpt lat="34.210120452073475" lon="108.83770457975662">
        <ele>408.7955375248566</ele>
        <time>2026-02-02T04:17:36.900000Z</time>
        <extensions>
          <gpxtpx:TrackPointExtension>
            <gpxtpx:hr>117</gpxtpx:hr>
          </gpxtpx:TrackPointExtension>
        </extensions>
      </trkpt>
      <trkpt lat="34.21011656629523" lon="108.83771741818988">
        <ele>408.7813791129738</ele>
        <time>2026-02-02T04:17:37.900000Z</time>
        <extensions>
          <gpxtpx:TrackPointExtension>
            <gpxtpx:hr>117</gpxtpx:hr>
          </gpxtpx:TrackPointExtension>
        </extensions>
      </trkpt>
      <trkpt lat="34.21011275365414" lon="108.83772824356555">
        <ele>408.75514305382967</ele>
        <time>2026-02-02T04:17:38.900000Z</time>
        <extensions>
          <gpxtpx:TrackPointExtension>
            <gpxtpx:hr>118</gpxtpx:hr>
          </gpxtpx:TrackPointExtension>
        </extensions>
      </trkpt>
      <trkpt lat="34.21010868784019" lon="108.83773720701262">
        <ele>408.7315167244524</ele>
        <time>2026-02-02T04:17:39.900000Z</time>
        <extensions>
          <gpxtpx:TrackPointExtension>
            <gpxtpx:hr>118</gpxtpx:hr>
          </gpxtpx:TrackPointExtension>
        </extensions>
      </trkpt>
      <trkpt lat="34.21010396434864" lon="108.83774609570939">
        <ele>408.71521996334195</ele>
        <time>2026-02-02T04:17:40.900000Z</time>
        <extensions>
          <gpxtpx:TrackPointExtension>
            <gpxtpx:hr>118</gpxtpx:hr>
          </gpxtpx:TrackPointExtension>
        </extensions>
      </trkpt>
      <trkpt lat="34.2100983510855" lon="108.83775517346788">
        <ele>408.7028646264225</ele>
        <time>2026-02-02T04:17:41.900000Z</time>
        <extensions>
          <gpxtpx:TrackPointExtension>
            <gpxtpx:hr>118</gpxtpx:hr>
          </gpxtpx:TrackPointExtension>
        </extensions>
      </trkpt>
      <trkpt lat="34.21009202036048" lon="108.837764321635">
        <ele>408.6922710267827</ele>
        <time>2026-02-02T04:17:42.900000Z</time>
        <extensions>
          <gpxtpx:TrackPointExtension>
            <gpxtpx:hr>118</gpxtpx:hr>
          </gpxtpx:TrackPointExtension>
        </extensions>
      </trkpt>
      <trkpt lat="34.210085860148425" lon="108.83777353626174">
        <ele>408.67974452022463</ele>
        <time>2026-02-02T04:17:43.900000Z</time>
        <extensions>
          <gpxtpx:TrackPointExtension>
            <gpxtpx:hr>118</gpxtpx:hr>
          </gpxtpx:TrackPointExtension>
        </extensions>
      </trkpt>
      <trkpt lat="34.210080404149934" lon="108.83778166874559">
        <ele>408.67949120979756</ele>
        <time>2026-02-02T04:17:44.900000Z</time>
        <extensions>
          <gpxtpx:TrackPointExtension>
            <gpxtpx:hr>118</gpxtpx:hr>
          </gpxtpx:TrackPointExtension>
        </extensions>
      </trkpt>
      <trkpt lat="34.21007543817259" lon="108.8377884089828">
        <ele>408.69908051751554</ele>
        <time>2026-02-02T04:17:45.900000Z</time>
        <extensions>
          <gpxtpx:TrackPointExtension>
            <gpxtpx:hr>109</gpxtpx:hr>
          </gpxtpx:TrackPointExtension>
        </extensions>
      </trkpt>
      <trkpt lat="34.21007059544484" lon="108.83779381734274">
        <ele>408.7254744954407</ele>
        <time>2026-02-02T04:17:46.900000Z</time>
        <extensions>
          <gpxtpx:TrackPointExtension>
            <gpxtpx:hr>109</gpxtpx:hr>
          </gpxtpx:TrackPointExtension>
        </extensions>
      </trkpt>
      <trkpt lat="34.21006561503719" lon="108.83779759326292">
        <ele>408.7464254023507</ele>
        <time>2026-02-02T04:17:47.900000Z</time>
        <extensions>
          <gpxtpx:TrackPointExtension>
            <gpxtpx:hr>109</gpxtpx:hr>
          </gpxtpx:TrackPointExtension>
        </extensions>
      </trkpt>
      <trkpt lat="34.21006087468093" lon="108.83779969279682">
        <ele>408.76474962197244</ele>
        <time>2026-02-02T04:17:48.900000Z</time>
        <extensions>
          <gpxtpx:TrackPointExtension>
            <gpxtpx:hr>109</gpxtpx:hr>
          </gpxtpx:TrackPointExtension>
        </extensions>
      </trkpt>
      <trkpt lat="34.21005721531345" lon="108.83780078364451">
        <ele>408.78405810520053</ele>
        <time>2026-02-02T04:17:49.900000Z</time>
        <extensions>
          <gpxtpx:TrackPointExtension>
            <gpxtpx:hr>109</gpxtpx:hr>
          </gpxtpx:TrackPointExtension>
        </extensions>
      </trkpt>
      <trkpt lat="34.210055294644505" lon="108.83780121888967">
        <ele>408.8081938130781</ele>
        <time>2026-02-02T04:17:50.900000Z</time>
        <extensions>
          <gpxtpx:TrackPointExtension>
            <gpxtpx:hr>109</gpxtpx:hr>
          </gpxtpx:TrackPointExtension>
        </extensions>
      </trkpt>
      <trkpt lat="34.2100551251573" lon="108.83780161773552">
        <ele>408.8341211434454</ele>
        <time>2026-02-02T04:17:51.900000Z</time>
        <extensions>
          <gpxtpx:TrackPointExtension>
            <gpxtpx:hr>109</gpxtpx:hr>
          </gpxtpx:TrackPointExtension>
        </extensions>
      </trkpt>
      <trkpt lat="34.2100547825307" lon="108.8378031162325">
        <ele>408.86121405195445</ele>
        <time>2026-02-02T04:17:52.900000Z</time>
        <extensions>
          <gpxtpx:TrackPointExtension>
            <gpxtpx:hr>109</gpxtpx:hr>
          </gpxtpx:TrackPointExtension>
        </extensions>
      </trkpt>
      <trkpt lat="34.2100533734142" lon="108.83780579690418">
        <ele>408.8851022096351</ele>
        <time>2026-02-02T04:17:53.900000Z</time>
        <extensions>
          <gpxtpx:TrackPointExtension>
            <gpxtpx:hr>109</gpxtpx:hr>
          </gpxtpx:TrackPointExtension>
        </extensions>
      </trkpt>
      <trkpt lat="34.210052464135366" lon="108.8378091572678">
        <ele>408.90438674762845</ele>
        <time>2026-02-02T04:17:54.900000Z</time>
        <extensions>
          <gpxtpx:TrackPointExtension>
            <gpxtpx:hr>109</gpxtpx:hr>
          </gpxtpx:TrackPointExtension>
        </extensions>
      </trkpt>
      <trkpt lat="34.210053717133086" lon="108.83781282996179">
        <ele>408.91723693255335</ele>
        <time>2026-02-02T04:17:55.900000Z</time>
        <extensions>
          <gpxtpx:TrackPointExtension>
            <gpxtpx:hr>109</gpxtpx:hr>
          </gpxtpx:TrackPointExtension>
        </extensions>
      </trkpt>
      <trkpt lat="34.21005741168123" lon="108.83781608283668">
        <ele>408.91873108875006</ele>
        <time>2026-02-02T04:17:56.900000Z</time>
        <extensions>
          <gpxtpx:TrackPointExtension>
            <gpxtpx:hr>109</gpxtpx:hr>
          </gpxtpx:TrackPointExtension>
        </extensions>
      </trkpt>
      <trkpt lat="34.21006245228582" lon="108.83781841779674">
        <ele>408.9127314714715</ele>
        <time>2026-02-02T04:17:57.900000Z</time>
        <extensions>
          <gpxtpx:TrackPointExtension>
            <gpxtpx:hr>109</gpxtpx:hr>
          </gpxtpx:TrackPointExtension>
        </extensions>
      </trkpt>
      <trkpt lat="34.210067184982435" lon="108.83781962969962">
        <ele>408.8965391535312</ele>
        <time>2026-02-02T04:17:58.900000Z</time>
        <extensions>
          <gpxtpx:TrackPointExtension>
            <gpxtpx:hr>109</gpxtpx:hr>
          </gpxtpx:TrackPointExtension>
        </extensions>
      </trkpt>
      <trkpt lat="34.21006980580242" lon="108.837819622347">
        <ele>408.8624641885981</ele>
        <time>2026-02-02T04:17:59.900000Z</time>
        <extensions>
          <gpxtpx:TrackPointExtension>
            <gpxtpx:hr>108</gpxtpx:hr>
          </gpxtpx:TrackPointExtension>
        </extensions>
      </trkpt>
      <trkpt lat="34.21006995469108" lon="108.83781885236858">
        <ele>408.81585463136435</ele>
        <time>2026-02-02T04:18:00.900000Z</time>
        <extensions>
          <gpxtpx:TrackPointExtension>
            <gpxtpx:hr>108</gpxtpx:hr>
          </gpxtpx:TrackPointExtension>
        </extensions>
      </trkpt>
      <trkpt lat="34.21006846023831" lon="108.83781836012874">
        <ele>408.75571707077324</ele>
        <time>2026-02-02T04:18:01.900000Z</time>
        <extensions>
          <gpxtpx:TrackPointExtension>
            <gpxtpx:hr>108</gpxtpx:hr>
          </gpxtpx:TrackPointExtension>
        </extensions>
      </trkpt>
      <trkpt lat="34.210066095659194" lon="108.8378185804086">
        <ele>408.68977973237634</ele>
        <time>2026-02-02T04:18:02.900000Z</time>
        <extensions>
          <gpxtpx:TrackPointExtension>
            <gpxtpx:hr>108</gpxtpx:hr>
          </gpxtpx:TrackPointExtension>
        </extensions>
      </trkpt>
      <trkpt lat="34.21006311770384" lon="108.8378195607751">
        <ele>408.60986837372184</ele>
        <time>2026-02-02T04:18:03.900000Z</time>
        <extensions>
          <gpxtpx:TrackPointExtension>
            <gpxtpx:hr>105</gpxtpx:hr>
          </gpxtpx:TrackPointExtension>
        </extensions>
      </trkpt>
      <trkpt lat="34.2100599854267" lon="108.83782120824584">
        <ele>408.5143250199035</ele>
        <time>2026-02-02T04:18:04.900000Z</time>
        <extensions>
          <gpxtpx:TrackPointExtension>
            <gpxtpx:hr>105</gpxtpx:hr>
          </gpxtpx:TrackPointExtension>
        </extensions>
      </trkpt>
      <trkpt lat="34.210056783396354" lon="108.83782350906989">
        <ele>408.41666273307055</ele>
        <time>2026-02-02T04:18:05.900000Z</time>
        <extensions>
          <gpxtpx:TrackPointExtension>
            <gpxtpx:hr>105</gpxtpx:hr>
          </gpxtpx:TrackPointExtension>
        </extensions>
      </trkpt>
      <trkpt lat="34.21005367307989" lon="108.83782610854536">
        <ele>408.3074123421684</ele>
        <time>2026-02-02T04:18:06.900000Z</time>
        <extensions>
          <gpxtpx:TrackPointExtension>
            <gpxtpx:hr>105</gpxtpx:hr>
          </gpxtpx:TrackPointExtension>
        </extensions>
      </trkpt>
      <trkpt lat="34.2100509389217" lon="108.83782885133901">
        <ele>408.1940177688375</ele>
        <time>2026-02-02T04:18:07.900000Z</time>
        <extensions>
          <gpxtpx:TrackPointExtension>
            <gpxtpx:hr>105</gpxtpx:hr>
          </gpxtpx:TrackPointExtension>
        </extensions>
      </trkpt>
      <trkpt lat="34.21004851796193" lon="108.83783167367692">
        <ele>408.0729650836438</ele>
        <time>2026-02-02T04:18:08.900000Z</time>
        <extensions>
          <gpxtpx:TrackPointExtension>
            <gpxtpx:hr>107</gpxtpx:hr>
          </gpxtpx:TrackPointExtension>
        </extensions>
      </trkpt>
      <trkpt lat="34.21004637984256" lon="108.83783418085049">
        <ele>407.93911163974553</ele>
        <time>2026-02-02T04:18:09.900000Z</time>
        <extensions>
          <gpxtpx:TrackPointExtension>
            <gpxtpx:hr>107</gpxtpx:hr>
          </gpxtpx:TrackPointExtension>
        </extensions>
      </trkpt>
      <trkpt lat="34.21004449721522" lon="108.83783727017259">
        <ele>407.8000360978767</ele>
        <time>2026-02-02T04:18:10.900000Z</time>
        <extensions>
          <gpxtpx:TrackPointExtension>
            <gpxtpx:hr>107</gpxtpx:hr>
          </gpxtpx:TrackPointExtension>
        </extensions>
      </trkpt>
      <trkpt lat="34.21004245048787" lon="108.8378415890267">
        <ele>407.67290388792753</ele>
        <time>2026-02-02T04:18:11.900000Z</time>
        <extensions>
          <gpxtpx:TrackPointExtension>
            <gpxtpx:hr>107</gpxtpx:hr>
          </gpxtpx:TrackPointExtension>
        </extensions>
      </trkpt>
      <trkpt lat="34.21003948384646" lon="108.83784654307773">
        <ele>407.552073886618</ele>
        <time>2026-02-02T04:18:12.900000Z</time>
        <extensions>
          <gpxtpx:TrackPointExtension>
            <gpxtpx:hr>107</gpxtpx:hr>
          </gpxtpx:TrackPointExtension>
        </extensions>
      </trkpt>
      <trkpt lat="34.21003512522854" lon="108.83785224019047">
        <ele>407.4306341772899</ele>
        <time>2026-02-02T04:18:13.900000Z</time>
        <extensions>
          <gpxtpx:TrackPointExtension>
            <gpxtpx:hr>107</gpxtpx:hr>
          </gpxtpx:TrackPointExtension>
        </extensions>
      </trkpt>
      <trkpt lat="34.21003056801897" lon="108.83785867076155">
        <ele>407.3139596162364</ele>
        <time>2026-02-02T04:18:14.900000Z</time>
        <extensions>
          <gpxtpx:TrackPointExtension>
            <gpxtpx:hr>106</gpxtpx:hr>
          </gpxtpx:TrackPointExtension>
        </extensions>
      </trkpt>
      <trkpt lat="34.210026807783194" lon="108.83786570017784">
        <ele>407.20078034419566</ele>
        <time>2026-02-02T04:18:15.900000Z</time>
        <extensions>
          <gpxtpx:TrackPointExtension>
            <gpxtpx:hr>106</gpxtpx:hr>
          </gpxtpx:TrackPointExtension>
        </extensions>
      </trkpt>
      <trkpt lat="34.21002370800759" lon="108.83787362264123">
        <ele>407.0925046149641</ele>
        <time>2026-02-02T04:18:16.900000Z</time>
        <extensions>
          <gpxtpx:TrackPointExtension>
            <gpxtpx:hr>106</gpxtpx:hr>
          </gpxtpx:TrackPointExtension>
        </extensions>
      </trkpt>
      <trkpt lat="34.21002083828017" lon="108.83788283712929">
        <ele>406.9897622857243</ele>
        <time>2026-02-02T04:18:17.900000Z</time>
        <extensions>
          <gpxtpx:TrackPointExtension>
            <gpxtpx:hr>106</gpxtpx:hr>
          </gpxtpx:TrackPointExtension>
        </extensions>
      </trkpt>
      <trkpt lat="34.21001825036944" lon="108.83789327594707">
        <ele>406.8921056576073</ele>
        <time>2026-02-02T04:18:18.900000Z</time>
        <extensions>
          <gpxtpx:TrackPointExtension>
            <gpxtpx:hr>106</gpxtpx:hr>
          </gpxtpx:TrackPointExtension>
        </extensions>
      </trkpt>
      <trkpt lat="34.21001575592178" lon="108.83790415000719">
        <ele>406.79968579206616</ele>
        <time>2026-02-02T04:18:19.900000Z</time>
        <extensions>
          <gpxtpx:TrackPointExtension>
            <gpxtpx:hr>106</gpxtpx:hr>
          </gpxtpx:TrackPointExtension>
        </extensions>
      </trkpt>
      <trkpt lat="34.21001354844536" lon="108.83791477714973">
        <ele>406.7147859111428</ele>
        <time>2026-02-02T04:18:20.900000Z</time>
        <extensions>
          <gpxtpx:TrackPointExtension>
            <gpxtpx:hr>107</gpxtpx:hr>
          </gpxtpx:TrackPointExtension>
        </extensions>
      </trkpt>
      <trkpt lat="34.21001230614896" lon="108.83792372080785">
        <ele>406.63895176071674</ele>
        <time>2026-02-02T04:18:21.900000Z</time>
        <extensions>
          <gpxtpx:TrackPointExtension>
            <gpxtpx:hr>107</gpxtpx:hr>
          </gpxtpx:TrackPointExtension>
        </extensions>
      </trkpt>
      <trkpt lat="34.210012540183875" lon="108.83792948976397">
        <ele>406.5716291265562</ele>
        <time>2026-02-02T04:18:22.900000Z</time>
        <extensions>
          <gpxtpx:TrackPointExtension>
            <gpxtpx:hr>107</gpxtpx:hr>
          </gpxtpx:TrackPointExtension>
        </extensions>
      </trkpt>
      <trkpt lat="34.210013514151356" lon="108.83793277199995">
        <ele>406.50891821086407</ele>
        <time>2026-02-02T04:18:23.900000Z</time>
        <extensions>
          <gpxtpx:TrackPointExtension>
            <gpxtpx:hr>107</gpxtpx:hr>
          </gpxtpx:TrackPointExtension>
        </extensions>
      </trkpt>
      <trkpt lat="34.21000952652772" lon="108.83793576661746">
        <ele>406.4507768340409</ele>
        <time>2026-02-02T04:18:24.900000Z</time>
        <extensions>
          <gpxtpx:TrackPointExtension>
            <gpxtpx:hr>107</gpxtpx:hr>
          </gpxtpx:TrackPointExtension>
        </extensions>
      </trkpt>
      <trkpt lat="34.210003219290506" lon="108.83793874333992">
        <ele>406.3994243182242</ele>
        <time>2026-02-02T04:18:25.900000Z</time>
        <extensions>
          <gpxtpx:TrackPointExtension>
            <gpxtpx:hr>107</gpxtpx:hr>
          </gpxtpx:TrackPointExtension>
        </extensions>
      </trkpt>
      <trkpt lat="34.20999930506596" lon="108.83793812875624">
        <ele>406.35809092316777</ele>
        <time>2026-02-02T04:18:26.900000Z</time>
        <extensions>
          <gpxtpx:TrackPointExtension>
            <gpxtpx:hr>107</gpxtpx:hr>
          </gpxtpx:TrackPointExtension>
        </extensions>
      </trkpt>
      <trkpt lat="34.20999711319137" lon="108.83793971028916">
        <ele>406.32307992875576</ele>
        <time>2026-02-02T04:18:27.900000Z</time>
        <extensions>
          <gpxtpx:TrackPointExtension>
            <gpxtpx:hr>107</gpxtpx:hr>
          </gpxtpx:TrackPointExtension>
        </extensions>
      </trkpt>
      <trkpt lat="34.20999663616942" lon="108.83794359836031">
        <ele>406.30520901083946</ele>
        <time>2026-02-02T04:18:28.900000Z</time>
        <extensions>
          <gpxtpx:TrackPointExtension>
            <gpxtpx:hr>107</gpxtpx:hr>
          </gpxtpx:TrackPointExtension>
        </extensions>
      </trkpt>
      <trkpt lat="34.20999593885493" lon="108.83795172133145">
        <ele>406.29138974286616</ele>
        <time>2026-02-02T04:18:29.900000Z</time>
        <extensions>
          <gpxtpx:TrackPointExtension>
            <gpxtpx:hr>112</gpxtpx:hr>
          </gpxtpx:TrackPointExtension>
        </extensions>
      </trkpt>
      <trkpt lat="34.20999383677618" lon="108.83796290142439">
        <ele>406.2885228404775</ele>
        <time>2026-02-02T04:18:30.900000Z</time>
        <extensions>
          <gpxtpx:TrackPointExtension>
            <gpxtpx:hr>112</gpxtpx:hr>
          </gpxtpx:TrackPointExtension>
        </extensions>
      </trkpt>
      <trkpt lat="34.20999037217447" lon="108.8379759962672">
        <ele>406.2991536827758</ele>
        <time>2026-02-02T04:18:31.900000Z</time>
        <extensions>
          <gpxtpx:TrackPointExtension>
            <gpxtpx:hr>112</gpxtpx:hr>
          </gpxtpx:TrackPointExtension>
        </extensions>
      </trkpt>
      <trkpt lat="34.20998734123804" lon="108.8379908250915">
        <ele>406.31236272584647</ele>
        <time>2026-02-02T04:18:32.900000Z</time>
        <extensions>
          <gpxtpx:TrackPointExtension>
            <gpxtpx:hr>112</gpxtpx:hr>
          </gpxtpx:TrackPointExtension>
        </extensions>
      </trkpt>
      <trkpt lat="34.20998583831387" lon="108.83800888271888">
        <ele>406.3317373385653</ele>
        <time>2026-02-02T04:18:33.900000Z</time>
        <extensions>
          <gpxtpx:TrackPointExtension>
            <gpxtpx:hr>112</gpxtpx:hr>
          </gpxtpx:TrackPointExtension>
        </extensions>
      </trkpt>
      <trkpt lat="34.2099864238745" lon="108.83802732417755">
        <ele>406.3426123894751</ele>
        <time>2026-02-02T04:18:34.900000Z</time>
        <extensions>
          <gpxtpx:TrackPointExtension>
            <gpxtpx:hr>114</gpxtpx:hr>
          </gpxtpx:TrackPointExtension>
        </extensions>
      </trkpt>
      <trkpt lat="34.20999002985497" lon="108.83804549658245">
        <ele>406.35084671899676</ele>
        <time>2026-02-02T04:18:35.900000Z</time>
        <extensions>
          <gpxtpx:TrackPointExtension>
            <gpxtpx:hr>114</gpxtpx:hr>
          </gpxtpx:TrackPointExtension>
        </extensions>
      </trkpt>
      <trkpt lat="34.2099972325919" lon="108.83806458905276">
        <ele>406.36533680930734</ele>
        <time>2026-02-02T04:18:36.900000Z</time>
        <extensions>
          <gpxtpx:TrackPointExtension>
            <gpxtpx:hr>114</gpxtpx:hr>
          </gpxtpx:TrackPointExtension>
        </extensions>
      </trkpt>
      <trkpt lat="34.21000715390381" lon="108.83808763353137">
        <ele>406.37788349948823</ele>
        <time>2026-02-02T04:18:37.900000Z</time>
        <extensions>
          <gpxtpx:TrackPointExtension>
            <gpxtpx:hr>114</gpxtpx:hr>
          </gpxtpx:TrackPointExtension>
        </extensions>
      </trkpt>
      <trkpt lat="34.21001862982361" lon="108.83811673880949">
        <ele>406.39351537730545</ele>
        <time>2026-02-02T04:18:38.900000Z</time>
        <extensions>
          <gpxtpx:TrackPointExtension>
            <gpxtpx:hr>115</gpxtpx:hr>
          </gpxtpx:TrackPointExtension>
        </extensions>
      </trkpt>
      <trkpt lat="34.21003018842288" lon="108.83815195745925">
        <ele>406.411447821185</ele>
        <time>2026-02-02T04:18:39.900000Z</time>
        <extensions>
          <gpxtpx:TrackPointExtension>
            <gpxtpx:hr>115</gpxtpx:hr>
          </gpxtpx:TrackPointExtension>
        </extensions>
      </trkpt>
      <trkpt lat="34.21004062326995" lon="108.83819204994096">
        <ele>406.43597490526736</ele>
        <time>2026-02-02T04:18:40.900000Z</time>
        <extensions>
          <gpxtpx:TrackPointExtension>
            <gpxtpx:hr>115</gpxtpx:hr>
          </gpxtpx:TrackPointExtension>
        </extensions>
      </trkpt>
      <trkpt lat="34.21004949995328" lon="108.83823465862434">
        <ele>406.47174729034305</ele>
        <time>2026-02-02T04:18:41.900000Z</time>
        <extensions>
          <gpxtpx:TrackPointExtension>
            <gpxtpx:hr>115</gpxtpx:hr>
          </gpxtpx:TrackPointExtension>
        </extensions>
      </trkpt>
      <trkpt lat="34.210057231366" lon="108.83827783758184">
        <ele>406.5196933336556</ele>
        <time>2026-02-02T04:18:42.900000Z</time>
        <extensions>
          <gpxtpx:TrackPointExtension>
            <gpxtpx:hr>115</gpxtpx:hr>
          </gpxtpx:TrackPointExtension>
        </extensions>
      </trkpt>
      <trkpt lat="34.210063983235884" lon="108.83831932169717">
        <ele>406.5787484338507</ele>
        <time>2026-02-02T04:18:43.900000Z</time>
        <extensions>
          <gpxtpx:TrackPointExtension>
            <gpxtpx:hr>115</gpxtpx:hr>
          </gpxtpx:TrackPointExtension>
        </extensions>
      </trkpt>
      <trkpt lat="34.210069793605044" lon="108.83835653502369">
        <ele>406.64400182385</ele>
        <time>2026-02-02T04:18:44.900000Z</time>
        <extensions>
          <gpxtpx:TrackPointExtension>
            <gpxtpx:hr>120</gpxtpx:hr>
          </gpxtpx:TrackPointExtension>
        </extensions>
      </trkpt>
      <trkpt lat="34.210074801498266" lon="108.8383884528746">
        <ele>406.7148323217407</ele>
        <time>2026-02-02T04:18:45.900000Z</time>
        <extensions>
          <gpxtpx:TrackPointExtension>
            <gpxtpx:hr>120</gpxtpx:hr>
          </gpxtpx:TrackPointExtension>
        </extensions>
      </trkpt>
      <trkpt lat="34.2100792054649" lon="108.8384151116243">
        <ele>406.77576997410506</ele>
        <time>2026-02-02T04:18:46.900000Z</time>
        <extensions>
          <gpxtpx:TrackPointExtension>
            <gpxtpx:hr>120</gpxtpx:hr>
          </gpxtpx:TrackPointExtension>
        </extensions>
      </trkpt>
      <trkpt lat="34.21008340513748" lon="108.83843727240188">
        <ele>406.8399907303974</ele>
        <time>2026-02-02T04:18:47.900000Z</time>
        <extensions>
          <gpxtpx:TrackPointExtension>
            <gpxtpx:hr>120</gpxtpx:hr>
          </gpxtpx:TrackPointExtension>
        </extensions>
      </trkpt>
      <trkpt lat="34.21008775608768" lon="108.83845537645753">
        <ele>406.90087140817195</ele>
        <time>2026-02-02T04:18:48.900000Z</time>
        <extensions>
          <gpxtpx:TrackPointExtension>
            <gpxtpx:hr>120</gpxtpx:hr>
          </gpxtpx:TrackPointExtension>
        </extensions>
      </trkpt>
      <trkpt lat="34.210092517433964" lon="108.83846963846024">
        <ele>406.9585993858054</ele>
        <time>2026-02-02T04:18:49.900000Z</time>
        <extensions>
          <gpxtpx:TrackPointExtension>
            <gpxtpx:hr>120</gpxtpx:hr>
          </gpxtpx:TrackPointExtension>
        </extensions>
      </trkpt>
      <trkpt lat="34.21009801961451" lon="108.83848062717342">
        <ele>407.0106040984392</ele>
        <time>2026-02-02T04:18:50.900000Z</time>
        <extensions>
          <gpxtpx:TrackPointExtension>
            <gpxtpx:hr>120</gpxtpx:hr>
          </gpxtpx:TrackPointExtension>
        </extensions>
      </trkpt>
      <trkpt lat="34.21010431494871" lon="108.83848930715155">
        <ele>407.0549070229754</ele>
        <time>2026-02-02T04:18:51.900000Z</time>
        <extensions>
          <gpxtpx:TrackPointExtension>
            <gpxtpx:hr>120</gpxtpx:hr>
          </gpxtpx:TrackPointExtension>
        </extensions>
      </trkpt>
      <trkpt lat="34.21011137821842" lon="108.8384969337872">
        <ele>407.0853449283168</ele>
        <time>2026-02-02T04:18:52.900000Z</time>
        <extensions>
          <gpxtpx:TrackPointExtension>
            <gpxtpx:hr>122</gpxtpx:hr>
          </gpxtpx:TrackPointExtension>
        </extensions>
      </trkpt>
      <trkpt lat="34.21011966635891" lon="108.83850419911865">
        <ele>407.10011933743954</ele>
        <time>2026-02-02T04:18:53.900000Z</time>
        <extensions>
          <gpxtpx:TrackPointExtension>
            <gpxtpx:hr>122</gpxtpx:hr>
          </gpxtpx:TrackPointExtension>
        </extensions>
      </trkpt>
      <trkpt lat="34.21012913007325" lon="108.83851154376437">
        <ele>407.09945799503475</ele>
        <time>2026-02-02T04:18:54.900000Z</time>
        <extensions>
          <gpxtpx:TrackPointExtension>
            <gpxtpx:hr>122</gpxtpx:hr>
          </gpxtpx:TrackPointExtension>
        </extensions>
      </trkpt>
      <trkpt lat="34.21013903050813" lon="108.83851887679035">
        <ele>407.08289889711887</ele>
        <time>2026-02-02T04:18:55.900000Z</time>
        <extensions>
          <gpxtpx:TrackPointExtension>
            <gpxtpx:hr>122</gpxtpx:hr>
          </gpxtpx:TrackPointExtension>
        </extensions>
      </trkpt>
      <trkpt lat="34.21014884011448" lon="108.83852657771911">
        <ele>407.05242243781686</ele>
        <time>2026-02-02T04:18:56.900000Z</time>
        <extensions>
          <gpxtpx:TrackPointExtension>
            <gpxtpx:hr>122</gpxtpx:hr>
          </gpxtpx:TrackPointExtension>
        </extensions>
      </trkpt>
      <trkpt lat="34.21015813894451" lon="108.83853513971758">
        <ele>407.004204868339</ele>
        <time>2026-02-02T04:18:57.900000Z</time>
        <extensions>
          <gpxtpx:TrackPointExtension>
            <gpxtpx:hr>122</gpxtpx:hr>
          </gpxtpx:TrackPointExtension>
        </extensions>
      </trkpt>
      <trkpt lat="34.21016676618612" lon="108.83854428139209">
        <ele>406.94865077733994</ele>
        <time>2026-02-02T04:18:58.900000Z</time>
        <extensions>
          <gpxtpx:TrackPointExtension>
            <gpxtpx:hr>122</gpxtpx:hr>
          </gpxtpx:TrackPointExtension>
        </extensions>
      </trkpt>
      <trkpt lat="34.21017427299252" lon="108.83855376017085">
        <ele>406.8838618248701</ele>
        <time>2026-02-02T04:18:59.900000Z</time>
        <extensions>
          <gpxtpx:TrackPointExtension>
            <gpxtpx:hr>122</gpxtpx:hr>
          </gpxtpx:TrackPointExtension>
        </extensions>
      </trkpt>
      <trkpt lat="34.210180798928434" lon="108.83856283363066">
        <ele>406.8148479219526</ele>
        <time>2026-02-02T04:19:00.900000Z</time>
        <extensions>
          <gpxtpx:TrackPointExtension>
            <gpxtpx:hr>122</gpxtpx:hr>
          </gpxtpx:TrackPointExtension>
        </extensions>
      </trkpt>
      <trkpt lat="34.210186082452054" lon="108.838572574711">
        <ele>406.74591856542975</ele>
        <time>2026-02-02T04:19:01.900000Z</time>
        <extensions>
          <gpxtpx:TrackPointExtension>
            <gpxtpx:hr>122</gpxtpx:hr>
          </gpxtpx:TrackPointExtension>
        </extensions>
      </trkpt>
      <trkpt lat="34.21018835870936" lon="108.83858458959942">
        <ele>406.6789417145774</ele>
        <time>2026-02-02T04:19:02.900000Z</time>
        <extensions>
          <gpxtpx:TrackPointExtension>
            <gpxtpx:hr>122</gpxtpx:hr>
          </gpxtpx:TrackPointExtension>
        </extensions>
      </trkpt>
      <trkpt lat="34.21018655022989" lon="108.83859799552117">
        <ele>406.6147767538205</ele>
        <time>2026-02-02T04:19:03.900000Z</time>
        <extensions>
          <gpxtpx:TrackPointExtension>
            <gpxtpx:hr>122</gpxtpx:hr>
          </gpxtpx:TrackPointExtension>
        </extensions>
      </trkpt>
      <trkpt lat="34.21018099385757" lon="108.83861211205705">
        <ele>406.55513007659465</ele>
        <time>2026-02-02T04:19:04.900000Z</time>
        <extensions>
          <gpxtpx:TrackPointExtension>
            <gpxtpx:hr>122</gpxtpx:hr>
          </gpxtpx:TrackPointExtension>
        </extensions>
      </trkpt>
      <trkpt lat="34.21017214310601" lon="108.83862726718063">
        <ele>406.50361374393106</ele>
        <time>2026-02-02T04:19:05.900000Z</time>
        <extensions>
          <gpxtpx:TrackPointExtension>
            <gpxtpx:hr>124</gpxtpx:hr>
          </gpxtpx:TrackPointExtension>
        </extensions>
      </trkpt>
      <trkpt lat="34.210160044686866" lon="108.83864402715035">
        <ele>406.460501187481</ele>
        <time>2026-02-02T04:19:06.900000Z</time>
        <extensions>
          <gpxtpx:TrackPointExtension>
            <gpxtpx:hr>124</gpxtpx:hr>
          </gpxtpx:TrackPointExtension>
        </extensions>
      </trkpt>
      <trkpt lat="34.210145013756716" lon="108.83866322197098">
        <ele>406.4268895899877</ele>
        <time>2026-02-02T04:19:07.900000Z</time>
        <extensions>
          <gpxtpx:TrackPointExtension>
            <gpxtpx:hr>124</gpxtpx:hr>
          </gpxtpx:TrackPointExtension>
        </extensions>
      </trkpt>
      <trkpt lat="34.21012774006351" lon="108.83868376478975">
        <ele>406.4026406807825</ele>
        <time>2026-02-02T04:19:08.900000Z</time>
        <extensions>
          <gpxtpx:TrackPointExtension>
            <gpxtpx:hr>124</gpxtpx:hr>
          </gpxtpx:TrackPointExtension>
        </extensions>
      </trkpt>
      <trkpt lat="34.21010879464488" lon="108.83870305154595">
        <ele>406.388055793941</ele>
        <time>2026-02-02T04:19:09.900000Z</time>
        <extensions>
          <gpxtpx:TrackPointExtension>
            <gpxtpx:hr>124</gpxtpx:hr>
          </gpxtpx:TrackPointExtension>
        </extensions>
      </trkpt>
      <trkpt lat="34.2100893744272" lon="108.83871892259116">
        <ele>406.38216493465006</ele>
        <time>2026-02-02T04:19:10.900000Z</time>
        <extensions>
          <gpxtpx:TrackPointExtension>
            <gpxtpx:hr>124</gpxtpx:hr>
          </gpxtpx:TrackPointExtension>
        </extensions>
      </trkpt>
      <trkpt lat="34.21007088629915" lon="108.83873218776611">
        <ele>406.3848490389064</ele>
        <time>2026-02-02T04:19:11.900000Z</time>
        <extensions>
          <gpxtpx:TrackPointExtension>
            <gpxtpx:hr>125</gpxtpx:hr>
          </gpxtpx:TrackPointExtension>
        </extensions>
      </trkpt>
      <trkpt lat="34.21005350138595" lon="108.83874456464201">
        <ele>406.3912766119465</ele>
        <time>2026-02-02T04:19:12.900000Z</time>
        <extensions>
          <gpxtpx:TrackPointExtension>
            <gpxtpx:hr>125</gpxtpx:hr>
          </gpxtpx:TrackPointExtension>
        </extensions>
      </trkpt>
      <trkpt lat="34.210036849171786" lon="108.83875608625368">
        <ele>406.39945081062615</ele>
        <time>2026-02-02T04:19:13.900000Z</time>
        <extensions>
          <gpxtpx:TrackPointExtension>
            <gpxtpx:hr>125</gpxtpx:hr>
          </gpxtpx:TrackPointExtension>
        </extensions>
      </trkpt>
      <trkpt lat="34.2100199713101" lon="108.83876708113684">
        <ele>406.41101436316967</ele>
        <time>2026-02-02T04:19:14.900000Z</time>
        <extensions>
          <gpxtpx:TrackPointExtension>
            <gpxtpx:hr>124</gpxtpx:hr>
          </gpxtpx:TrackPointExtension>
        </extensions>
      </trkpt>
      <trkpt lat="34.210002018603724" lon="108.83877775827095">
        <ele>406.42276218906045</ele>
        <time>2026-02-02T04:19:15.900000Z</time>
        <extensions>
          <gpxtpx:TrackPointExtension>
            <gpxtpx:hr>124</gpxtpx:hr>
          </gpxtpx:TrackPointExtension>
        </extensions>
      </trkpt>
      <trkpt lat="34.209982320908544" lon="108.83878805928788">
        <ele>406.43398639094085</ele>
        <time>2026-02-02T04:19:16.900000Z</time>
        <extensions>
          <gpxtpx:TrackPointExtension>
            <gpxtpx:hr>124</gpxtpx:hr>
          </gpxtpx:TrackPointExtension>
        </extensions>
      </trkpt>
      <trkpt lat="34.20996027864711" lon="108.83879776768886">
        <ele>406.4434113781899</ele>
        <time>2026-02-02T04:19:17.900000Z</time>
        <extensions>
          <gpxtpx:TrackPointExtension>
            <gpxtpx:hr>124</gpxtpx:hr>
          </gpxtpx:TrackPointExtension>
        </extensions>
      </trkpt>
      <trkpt lat="34.20993540642694" lon="108.83880668668473">
        <ele>406.4502512663603</ele>
        <time>2026-02-02T04:19:18.900000Z</time>
        <extensions>
          <gpxtpx:TrackPointExtension>
            <gpxtpx:hr>124</gpxtpx:hr>
          </gpxtpx:TrackPointExtension>
        </extensions>
      </trkpt>
      <trkpt lat="34.20990721437134" lon="108.83881465046643">
        <ele>406.45444173924625</ele>
        <time>2026-02-02T04:19:19.900000Z</time>
        <extensions>
          <gpxtpx:TrackPointExtension>
            <gpxtpx:hr>114</gpxtpx:hr>
          </gpxtpx:TrackPointExtension>
        </extensions>
      </trkpt>
      <trkpt lat="34.2098757121323" lon="108.83882143464466">
        <ele>406.45576081611216</ele>
        <time>2026-02-02T04:19:20.900000Z</time>
        <extensions>
          <gpxtpx:TrackPointExtension>
            <gpxtpx:hr>114</gpxtpx:hr>
          </gpxtpx:TrackPointExtension>
        </extensions>
      </trkpt>
      <trkpt lat="34.209840058765906" lon="108.83882689067578">
        <ele>406.45087473653257</ele>
        <time>2026-02-02T04:19:21.900000Z</time>
        <extensions>
          <gpxtpx:TrackPointExtension>
            <gpxtpx:hr>114</gpxtpx:hr>
          </gpxtpx:TrackPointExtension>
        </extensions>
      </trkpt>
      <trkpt lat="34.20980203636208" lon="108.83883076066657">
        <ele>406.4424890317023</ele>
        <time>2026-02-02T04:19:22.900000Z</time>
        <extensions>
          <gpxtpx:TrackPointExtension>
            <gpxtpx:hr>114</gpxtpx:hr>
          </gpxtpx:TrackPointExtension>
        </extensions>
      </trkpt>
      <trkpt lat="34.20976109745557" lon="108.83883366876019">
        <ele>406.42940003983676</ele>
        <time>2026-02-02T04:19:23.900000Z</time>
        <extensions>
          <gpxtpx:TrackPointExtension>
            <gpxtpx:hr>114</gpxtpx:hr>
          </gpxtpx:TrackPointExtension>
        </extensions>
      </trkpt>
      <trkpt lat="34.20972097616505" lon="108.83883629586956">
        <ele>406.41435872297734</ele>
        <time>2026-02-02T04:19:24.900000Z</time>
        <extensions>
          <gpxtpx:TrackPointExtension>
            <gpxtpx:hr>114</gpxtpx:hr>
          </gpxtpx:TrackPointExtension>
        </extensions>
      </trkpt>
      <trkpt lat="34.20967939557199" lon="108.83883968086937">
        <ele>406.39830310456455</ele>
        <time>2026-02-02T04:19:25.900000Z</time>
        <extensions>
          <gpxtpx:TrackPointExtension>
            <gpxtpx:hr>118</gpxtpx:hr>
          </gpxtpx:TrackPointExtension>
        </extensions>
      </trkpt>
      <trkpt lat="34.2096367083029" lon="108.83884427177082">
        <ele>406.3798726182431</ele>
        <time>2026-02-02T04:19:26.900000Z</time>
        <extensions>
          <gpxtpx:TrackPointExtension>
            <gpxtpx:hr>118</gpxtpx:hr>
          </gpxtpx:TrackPointExtension>
        </extensions>
      </trkpt>
      <trkpt lat="34.20959502050627" lon="108.83884950474194">
        <ele>406.3615430574864</ele>
        <time>2026-02-02T04:19:27.900000Z</time>
        <extensions>
          <gpxtpx:TrackPointExtension>
            <gpxtpx:hr>118</gpxtpx:hr>
          </gpxtpx:TrackPointExtension>
        </extensions>
      </trkpt>
      <trkpt lat="34.209553059741566" lon="108.83885595874924">
        <ele>406.3426622785628</ele>
        <time>2026-02-02T04:19:28.900000Z</time>
        <extensions>
          <gpxtpx:TrackPointExtension>
            <gpxtpx:hr>118</gpxtpx:hr>
          </gpxtpx:TrackPointExtension>
        </extensions>
      </trkpt>
      <trkpt lat="34.20950961935824" lon="108.83886346717429">
        <ele>406.32465890981257</ele>
        <time>2026-02-02T04:19:29.900000Z</time>
        <extensions>
          <gpxtpx:TrackPointExtension>
            <gpxtpx:hr>110</gpxtpx:hr>
          </gpxtpx:TrackPointExtension>
        </extensions>
      </trkpt>
      <trkpt lat="34.20946469166354" lon="108.83887258205311">
        <ele>406.31027871835977</ele>
        <time>2026-02-02T04:19:30.900000Z</time>
        <extensions>
          <gpxtpx:TrackPointExtension>
            <gpxtpx:hr>110</gpxtpx:hr>
          </gpxtpx:TrackPointExtension>
        </extensions>
      </trkpt>
      <trkpt lat="34.20941998304284" lon="108.83888257163109">
        <ele>406.3000528542325</ele>
        <time>2026-02-02T04:19:31.900000Z</time>
        <extensions>
          <gpxtpx:TrackPointExtension>
            <gpxtpx:hr>110</gpxtpx:hr>
          </gpxtpx:TrackPointExtension>
        </extensions>
      </trkpt>
      <trkpt lat="34.209375940831414" lon="108.83889346650538">
        <ele>406.29629373177886</ele>
        <time>2026-02-02T04:19:32.900000Z</time>
        <extensions>
          <gpxtpx:TrackPointExtension>
            <gpxtpx:hr>110</gpxtpx:hr>
          </gpxtpx:TrackPointExtension>
        </extensions>
      </trkpt>
      <trkpt lat="34.20933211327495" lon="108.83890569703406">
        <ele>406.29809168260545</ele>
        <time>2026-02-02T04:19:33.900000Z</time>
        <extensions>
          <gpxtpx:TrackPointExtension>
            <gpxtpx:hr>110</gpxtpx:hr>
          </gpxtpx:TrackPointExtension>
        </extensions>
      </trkpt>
      <trkpt lat="34.20928565368416" lon="108.83891938557751">
        <ele>406.3082081861794</ele>
        <time>2026-02-02T04:19:34.900000Z</time>
        <extensions>
          <gpxtpx:TrackPointExtension>
            <gpxtpx:hr>110</gpxtpx:hr>
          </gpxtpx:TrackPointExtension>
        </extensions>
      </trkpt>
      <trkpt lat="34.209234051682635" lon="108.83893539125565">
        <ele>406.32724529132247</ele>
        <time>2026-02-02T04:19:35.900000Z</time>
        <extensions>
          <gpxtpx:TrackPointExtension>
            <gpxtpx:hr>110</gpxtpx:hr>
          </gpxtpx:TrackPointExtension>
        </extensions>
      </trkpt>
      <trkpt lat="34.20917729063205" lon="108.83895352202673">
        <ele>406.3561273571104</ele>
        <time>2026-02-02T04:19:36.900000Z</time>
        <extensions>
          <gpxtpx:TrackPointExtension>
            <gpxtpx:hr>109</gpxtpx:hr>
          </gpxtpx:TrackPointExtension>
        </extensions>
      </trkpt>
      <trkpt lat="34.20911623017422" lon="108.83897320864298">
        <ele>406.3956176638603</ele>
        <time>2026-02-02T04:19:37.900000Z</time>
        <extensions>
          <gpxtpx:TrackPointExtension>
            <gpxtpx:hr>109</gpxtpx:hr>
          </gpxtpx:TrackPointExtension>
        </extensions>
      </trkpt>
      <trkpt lat="34.20904974057807" lon="108.8389939865477">
        <ele>406.4472081437707</ele>
        <time>2026-02-02T04:19:38.900000Z</time>
        <extensions>
          <gpxtpx:TrackPointExtension>
            <gpxtpx:hr>109</gpxtpx:hr>
          </gpxtpx:TrackPointExtension>
        </extensions>
      </trkpt>
      <trkpt lat="34.20897758721813" lon="108.83901568048691">
        <ele>406.5170835405588</ele>
        <time>2026-02-02T04:19:39.900000Z</time>
        <extensions>
          <gpxtpx:TrackPointExtension>
            <gpxtpx:hr>109</gpxtpx:hr>
          </gpxtpx:TrackPointExtension>
        </extensions>
      </trkpt>
      <trkpt lat="34.208901921323296" lon="108.83903786581384">
        <ele>406.603588251397</ele>
        <time>2026-02-02T04:19:40.900000Z</time>
        <extensions>
          <gpxtpx:TrackPointExtension>
            <gpxtpx:hr>109</gpxtpx:hr>
          </gpxtpx:TrackPointExtension>
        </extensions>
      </trkpt>
      <trkpt lat="34.20882361551633" lon="108.83906034461245">
        <ele>406.70536793768406</ele>
        <time>2026-02-02T04:19:41.900000Z</time>
        <extensions>
          <gpxtpx:TrackPointExtension>
            <gpxtpx:hr>109</gpxtpx:hr>
          </gpxtpx:TrackPointExtension>
        </extensions>
      </trkpt>
      <trkpt lat="34.20875014720812" lon="108.83908128669131">
        <ele>406.8160270769149</ele>
        <time>2026-02-02T04:19:42.900000Z</time>
        <extensions>
          <gpxtpx:TrackPointExtension>
            <gpxtpx:hr>109</gpxtpx:hr>
          </gpxtpx:TrackPointExtension>
        </extensions>
      </trkpt>
      <trkpt lat="34.208686862692716" lon="108.83909952300478">
        <ele>406.9324175743386</ele>
        <time>2026-02-02T04:19:43.900000Z</time>
        <extensions>
          <gpxtpx:TrackPointExtension>
            <gpxtpx:hr>109</gpxtpx:hr>
          </gpxtpx:TrackPointExtension>
        </extensions>
      </trkpt>
      <trkpt lat="34.208626709873215" lon="108.8391166203773">
        <ele>407.0548159889877</ele>
        <time>2026-02-02T04:19:44.900000Z</time>
        <extensions>
          <gpxtpx:TrackPointExtension>
            <gpxtpx:hr>109</gpxtpx:hr>
          </gpxtpx:TrackPointExtension>
        </extensions>
      </trkpt>
      <trkpt lat="34.20857151818484" lon="108.83913293054866">
        <ele>407.17530835047364</ele>
        <time>2026-02-02T04:19:45.900000Z</time>
        <extensions>
          <gpxtpx:TrackPointExtension>
            <gpxtpx:hr>111</gpxtpx:hr>
          </gpxtpx:TrackPointExtension>
        </extensions>
      </trkpt>
      <trkpt lat="34.208520926217766" lon="108.8391478030098">
        <ele>407.29700367338955</ele>
        <time>2026-02-02T04:19:46.900000Z</time>
        <extensions>
          <gpxtpx:TrackPointExtension>
            <gpxtpx:hr>111</gpxtpx:hr>
          </gpxtpx:TrackPointExtension>
        </extensions>
      </trkpt>
      <trkpt lat="34.20847536479627" lon="108.83916108341656">
        <ele>407.4182703914121</ele>
        <time>2026-02-02T04:19:47.900000Z</time>
        <extensions>
          <gpxtpx:TrackPointExtension>
            <gpxtpx:hr>111</gpxtpx:hr>
          </gpxtpx:TrackPointExtension>
        </extensions>
      </trkpt>
      <trkpt lat="34.20843570064312" lon="108.83917249294154">
        <ele>407.5361016560346</ele>
        <time>2026-02-02T04:19:48.900000Z</time>
        <extensions>
          <gpxtpx:TrackPointExtension>
            <gpxtpx:hr>111</gpxtpx:hr>
          </gpxtpx:TrackPointExtension>
        </extensions>
      </trkpt>
      <trkpt lat="34.20839981220392" lon="108.83918264456065">
        <ele>407.6574585121125</ele>
        <time>2026-02-02T04:19:50Z</time>
        <extensions>
          <gpxtpx:TrackPointExtension>
            <gpxtpx:hr>109</gpxtpx:hr>
          </gpxtpx:TrackPointExtension>
        </extensions>
      </trkpt>
      <trkpt lat="34.208375623630054" lon="108.83918961906004">
        <ele>407.7614698903635</ele>
        <time>2026-02-02T04:19:51Z</time>
        <extensions>
          <gpxtpx:TrackPointExtension>
            <gpxtpx:hr>109</gpxtpx:hr>
          </gpxtpx:TrackPointExtension>
        </extensions>
      </trkpt>
      <trkpt lat="34.20836134511078" lon="108.83919465471261">
        <ele>407.8477306570858</ele>
        <time>2026-02-02T04:19:52Z</time>
        <extensions>
          <gpxtpx:TrackPointExtension>
            <gpxtpx:hr>109</gpxtpx:hr>
          </gpxtpx:TrackPointExtension>
        </extensions>
      </trkpt>
      <trkpt lat="34.20835750988653" lon="108.8391970662893">
        <ele>407.91793523635715</ele>
        <time>2026-02-02T04:19:53Z</time>
        <extensions>
          <gpxtpx:TrackPointExtension>
            <gpxtpx:hr>109</gpxtpx:hr>
          </gpxtpx:TrackPointExtension>
        </extensions>
      </trkpt>
      <trkpt lat="34.20836129110998" lon="108.83919753045166">
        <ele>407.9746103528887</ele>
        <time>2026-02-02T04:19:54Z</time>
        <extensions>
          <gpxtpx:TrackPointExtension>
            <gpxtpx:hr>109</gpxtpx:hr>
          </gpxtpx:TrackPointExtension>
        </extensions>
      </trkpt>
      <trkpt lat="34.20836843906785" lon="108.83919713660005">
        <ele>408.0176909947768</ele>
        <time>2026-02-02T04:19:55Z</time>
        <extensions>
          <gpxtpx:TrackPointExtension>
            <gpxtpx:hr>110</gpxtpx:hr>
          </gpxtpx:TrackPointExtension>
        </extensions>
      </trkpt>
      <trkpt lat="34.20837730528854" lon="108.83919631621833">
        <ele>408.04780811071396</ele>
        <time>2026-02-02T04:19:56Z</time>
        <extensions>
          <gpxtpx:TrackPointExtension>
            <gpxtpx:hr>110</gpxtpx:hr>
          </gpxtpx:TrackPointExtension>
        </extensions>
      </trkpt>
      <trkpt lat="34.20838685462138" lon="108.83919531662247">
        <ele>408.06616024672985</ele>
        <time>2026-02-02T04:19:57Z</time>
        <extensions>
          <gpxtpx:TrackPointExtension>
            <gpxtpx:hr>110</gpxtpx:hr>
          </gpxtpx:TrackPointExtension>
        </extensions>
      </trkpt>
      <trkpt lat="34.20839631022163" lon="108.83919429130401">
        <ele>408.0738191213459</ele>
        <time>2026-02-02T04:19:58Z</time>
        <extensions>
          <gpxtpx:TrackPointExtension>
            <gpxtpx:hr>110</gpxtpx:hr>
          </gpxtpx:TrackPointExtension>
        </extensions>
      </trkpt>
      <trkpt lat="34.208405407322076" lon="108.8391933045205">
        <ele>408.0720677841455</ele>
        <time>2026-02-02T04:19:59Z</time>
        <extensions>
          <gpxtpx:TrackPointExtension>
            <gpxtpx:hr>110</gpxtpx:hr>
          </gpxtpx:TrackPointExtension>
        </extensions>
      </trkpt>
      <trkpt lat="34.20841387800477" lon="108.83919240230551">
        <ele>408.06221061758697</ele>
        <time>2026-02-02T04:20:00Z</time>
        <extensions>
          <gpxtpx:TrackPointExtension>
            <gpxtpx:hr>112</gpxtpx:hr>
          </gpxtpx:TrackPointExtension>
        </extensions>
      </trkpt>
      <trkpt lat="34.20842166056658" lon="108.8391915968861">
        <ele>408.04572122357786</ele>
        <time>2026-02-02T04:20:01Z</time>
        <extensions>
          <gpxtpx:TrackPointExtension>
            <gpxtpx:hr>112</gpxtpx:hr>
          </gpxtpx:TrackPointExtension>
        </extensions>
      </trkpt>
      <trkpt lat="34.20842868737601" lon="108.83919089111212">
        <ele>408.02424166351557</ele>
        <time>2026-02-02T04:20:02Z</time>
        <extensions>
          <gpxtpx:TrackPointExtension>
            <gpxtpx:hr>112</gpxtpx:hr>
          </gpxtpx:TrackPointExtension>
        </extensions>
      </trkpt>
      <trkpt lat="34.20843520094738" lon="108.83919068047682">
        <ele>407.99722487386316</ele>
        <time>2026-02-02T04:20:03Z</time>
        <extensions>
          <gpxtpx:TrackPointExtension>
            <gpxtpx:hr>112</gpxtpx:hr>
          </gpxtpx:TrackPointExtension>
        </extensions>
      </trkpt>
      <trkpt lat="34.208440791655235" lon="108.83919049255597">
        <ele>407.9671865431592</ele>
        <time>2026-02-02T04:20:04Z</time>
        <extensions>
          <gpxtpx:TrackPointExtension>
            <gpxtpx:hr>113</gpxtpx:hr>
          </gpxtpx:TrackPointExtension>
        </extensions>
      </trkpt>
      <trkpt lat="34.20844577857888" lon="108.83919035556941">
        <ele>407.93582967855036</ele>
        <time>2026-02-02T04:20:05Z</time>
        <extensions>
          <gpxtpx:TrackPointExtension>
            <gpxtpx:hr>113</gpxtpx:hr>
          </gpxtpx:TrackPointExtension>
        </extensions>
      </trkpt>
      <trkpt lat="34.208450235470735" lon="108.83919025399604">
        <ele>407.904171329923</ele>
        <time>2026-02-02T04:20:06Z</time>
        <extensions>
          <gpxtpx:TrackPointExtension>
            <gpxtpx:hr>113</gpxtpx:hr>
          </gpxtpx:TrackPointExtension>
        </extensions>
      </trkpt>
      <trkpt lat="34.20845431258749" lon="108.83919018156388">
        <ele>407.87303612567484</ele>
        <time>2026-02-02T04:20:07Z</time>
        <extensions>
          <gpxtpx:TrackPointExtension>
            <gpxtpx:hr>113</gpxtpx:hr>
          </gpxtpx:TrackPointExtension>
        </extensions>
      </trkpt>
      <trkpt lat="34.20845823681354" lon="108.83919012774902">
        <ele>407.84286621492356</ele>
        <time>2026-02-02T04:20:08Z</time>
        <extensions>
          <gpxtpx:TrackPointExtension>
            <gpxtpx:hr>113</gpxtpx:hr>
          </gpxtpx:TrackPointExtension>
        </extensions>
      </trkpt>
      <trkpt lat="34.20846201345598" lon="108.83919009467027">
        <ele>407.8139703143388</ele>
        <time>2026-02-02T04:20:09Z</time>
        <extensions>
          <gpxtpx:TrackPointExtension>
            <gpxtpx:hr>113</gpxtpx:hr>
          </gpxtpx:TrackPointExtension>
        </extensions>
      </trkpt>
      <trkpt lat="34.20846569157894" lon="108.83919008661734">
        <ele>407.78669374249876</ele>
        <time>2026-02-02T04:20:10Z</time>
        <extensions>
          <gpxtpx:TrackPointExtension>
            <gpxtpx:hr>112</gpxtpx:hr>
          </gpxtpx:TrackPointExtension>
        </extensions>
      </trkpt>
      <trkpt lat="34.2084694378976" lon="108.83919010132642">
        <ele>407.7610376700759</ele>
        <time>2026-02-02T04:20:11Z</time>
        <extensions>
          <gpxtpx:TrackPointExtension>
            <gpxtpx:hr>112</gpxtpx:hr>
          </gpxtpx:TrackPointExtension>
        </extensions>
      </trkpt>
      <trkpt lat="34.208473055999306" lon="108.83919014143564">
        <ele>407.7374432515353</ele>
        <time>2026-02-02T04:20:12Z</time>
        <extensions>
          <gpxtpx:TrackPointExtension>
            <gpxtpx:hr>112</gpxtpx:hr>
          </gpxtpx:TrackPointExtension>
        </extensions>
      </trkpt>
      <trkpt lat="34.20847645364696" lon="108.83919020130642">
        <ele>407.71584891248494</ele>
        <time>2026-02-02T04:20:13Z</time>
        <extensions>
          <gpxtpx:TrackPointExtension>
            <gpxtpx:hr>112</gpxtpx:hr>
          </gpxtpx:TrackPointExtension>
        </extensions>
      </trkpt>
      <trkpt lat="34.2084796024527" lon="108.83919026928795">
        <ele>407.6964060738683</ele>
        <time>2026-02-02T04:20:14Z</time>
        <extensions>
          <gpxtpx:TrackPointExtension>
            <gpxtpx:hr>112</gpxtpx:hr>
          </gpxtpx:TrackPointExtension>
        </extensions>
      </trkpt>
      <trkpt lat="34.20848227584105" lon="108.83919082514993">
        <ele>407.67759566381574</ele>
        <time>2026-02-02T04:20:15Z</time>
        <extensions>
          <gpxtpx:TrackPointExtension>
            <gpxtpx:hr>112</gpxtpx:hr>
          </gpxtpx:TrackPointExtension>
        </extensions>
      </trkpt>
      <trkpt lat="34.208484725224686" lon="108.83919139427027">
        <ele>407.66078290343285</ele>
        <time>2026-02-02T04:20:16Z</time>
        <extensions>
          <gpxtpx:TrackPointExtension>
            <gpxtpx:hr>109</gpxtpx:hr>
          </gpxtpx:TrackPointExtension>
        </extensions>
      </trkpt>
      <trkpt lat="34.20848772768321" lon="108.83919172068799">
        <ele>407.6465067015961</ele>
        <time>2026-02-02T04:20:17Z</time>
        <extensions>
          <gpxtpx:TrackPointExtension>
            <gpxtpx:hr>109</gpxtpx:hr>
          </gpxtpx:TrackPointExtension>
        </extensions>
      </trkpt>
      <trkpt lat="34.20849068682476" lon="108.83919204685725">
        <ele>407.6346209673211</ele>
        <time>2026-02-02T04:20:18Z</time>
        <extensions>
          <gpxtpx:TrackPointExtension>
            <gpxtpx:hr>109</gpxtpx:hr>
          </gpxtpx:TrackPointExtension>
        </extensions>
      </trkpt>
      <trkpt lat="34.20849354906044" lon="108.83919238158006">
        <ele>407.6244296487421</ele>
        <time>2026-02-02T04:20:19Z</time>
        <extensions>
          <gpxtpx:TrackPointExtension>
            <gpxtpx:hr>109</gpxtpx:hr>
          </gpxtpx:TrackPointExtension>
        </extensions>
      </trkpt>
      <trkpt lat="34.20849622345484" lon="108.83919271364394">
        <ele>407.61592311784625</ele>
        <time>2026-02-02T04:20:20Z</time>
        <extensions>
          <gpxtpx:TrackPointExtension>
            <gpxtpx:hr>111</gpxtpx:hr>
          </gpxtpx:TrackPointExtension>
        </extensions>
      </trkpt>
      <trkpt lat="34.20849864182083" lon="108.83919303173052">
        <ele>407.6088967071846</ele>
        <time>2026-02-02T04:20:21Z</time>
        <extensions>
          <gpxtpx:TrackPointExtension>
            <gpxtpx:hr>111</gpxtpx:hr>
          </gpxtpx:TrackPointExtension>
        </extensions>
      </trkpt>
      <trkpt lat="34.20850076336077" lon="108.83919332666208">
        <ele>407.6031740941107</ele>
        <time>2026-02-02T04:20:22Z</time>
        <extensions>
          <gpxtpx:TrackPointExtension>
            <gpxtpx:hr>111</gpxtpx:hr>
          </gpxtpx:TrackPointExtension>
        </extensions>
      </trkpt>
      <trkpt lat="34.20850554453271" lon="108.83919266892478">
        <ele>407.5975532606244</ele>
        <time>2026-02-02T04:20:23Z</time>
        <extensions>
          <gpxtpx:TrackPointExtension>
            <gpxtpx:hr>111</gpxtpx:hr>
          </gpxtpx:TrackPointExtension>
        </extensions>
      </trkpt>
      <trkpt lat="34.208510329818694" lon="108.83919195393311">
        <ele>407.5916741034016</ele>
        <time>2026-02-02T04:20:24Z</time>
        <extensions>
          <gpxtpx:TrackPointExtension>
            <gpxtpx:hr>111</gpxtpx:hr>
          </gpxtpx:TrackPointExtension>
        </extensions>
      </trkpt>
      <trkpt lat="34.208557632232285" lon="108.8391888344507">
        <ele>407.58836358226836</ele>
        <time>2026-02-02T04:20:25Z</time>
        <extensions>
          <gpxtpx:TrackPointExtension>
            <gpxtpx:hr>111</gpxtpx:hr>
          </gpxtpx:TrackPointExtension>
        </extensions>
      </trkpt>
      <trkpt lat="34.208611722770215" lon="108.83918428110927">
        <ele>407.58209638670087</ele>
        <time>2026-02-02T04:20:26Z</time>
        <extensions>
          <gpxtpx:TrackPointExtension>
            <gpxtpx:hr>111</gpxtpx:hr>
          </gpxtpx:TrackPointExtension>
        </extensions>
      </trkpt>
      <trkpt lat="34.20867140834556" lon="108.83917872919136">
        <ele>407.57259278651327</ele>
        <time>2026-02-02T04:20:27Z</time>
        <extensions>
          <gpxtpx:TrackPointExtension>
            <gpxtpx:hr>111</gpxtpx:hr>
          </gpxtpx:TrackPointExtension>
        </extensions>
      </trkpt>
      <trkpt lat="34.20873089812849" lon="108.83917284830594">
        <ele>407.5594856981188</ele>
        <time>2026-02-02T04:20:28Z</time>
        <extensions>
          <gpxtpx:TrackPointExtension>
            <gpxtpx:hr>111</gpxtpx:hr>
          </gpxtpx:TrackPointExtension>
        </extensions>
      </trkpt>
      <trkpt lat="34.208786314311176" lon="108.83916808680016">
        <ele>407.5429834667593</ele>
        <time>2026-02-02T04:20:29Z</time>
        <extensions>
          <gpxtpx:TrackPointExtension>
            <gpxtpx:hr>111</gpxtpx:hr>
          </gpxtpx:TrackPointExtension>
        </extensions>
      </trkpt>
      <trkpt lat="34.208837835182706" lon="108.83916353335306">
        <ele>407.5226630633697</ele>
        <time>2026-02-02T04:20:30Z</time>
        <extensions>
          <gpxtpx:TrackPointExtension>
            <gpxtpx:hr>111</gpxtpx:hr>
          </gpxtpx:TrackPointExtension>
        </extensions>
      </trkpt>
      <trkpt lat="34.20888962059835" lon="108.83915971875581">
        <ele>407.49850468337536</ele>
        <time>2026-02-02T04:20:31Z</time>
        <extensions>
          <gpxtpx:TrackPointExtension>
            <gpxtpx:hr>111</gpxtpx:hr>
          </gpxtpx:TrackPointExtension>
        </extensions>
      </trkpt>
      <trkpt lat="34.20894021352272" lon="108.83915603511855">
        <ele>407.4680024823174</ele>
        <time>2026-02-02T04:20:32Z</time>
        <extensions>
          <gpxtpx:TrackPointExtension>
            <gpxtpx:hr>111</gpxtpx:hr>
          </gpxtpx:TrackPointExtension>
        </extensions>
      </trkpt>
      <trkpt lat="34.208999967362196" lon="108.83915162118156">
        <ele>407.43313343357295</ele>
        <time>2026-02-02T04:20:33Z</time>
        <extensions>
          <gpxtpx:TrackPointExtension>
            <gpxtpx:hr>111</gpxtpx:hr>
          </gpxtpx:TrackPointExtension>
        </extensions>
      </trkpt>
      <trkpt lat="34.20906333924443" lon="108.83914693056218">
        <ele>407.39414009824395</ele>
        <time>2026-02-02T04:20:34Z</time>
        <extensions>
          <gpxtpx:TrackPointExtension>
            <gpxtpx:hr>111</gpxtpx:hr>
          </gpxtpx:TrackPointExtension>
        </extensions>
      </trkpt>
      <trkpt lat="34.20924656813391" lon="108.83913285602476">
        <ele>407.2268493119627</ele>
        <time>2026-02-02T04:20:36.900000Z</time>
        <extensions>
          <gpxtpx:TrackPointExtension>
            <gpxtpx:hr>112</gpxtpx:hr>
          </gpxtpx:TrackPointExtension>
        </extensions>
      </trkpt>
      <trkpt lat="34.20930706356415" lon="108.8391288090973">
        <ele>407.14868360664696</ele>
        <time>2026-02-02T04:20:37.900000Z</time>
        <extensions>
          <gpxtpx:TrackPointExtension>
            <gpxtpx:hr>112</gpxtpx:hr>
          </gpxtpx:TrackPointExtension>
        </extensions>
      </trkpt>
      <trkpt lat="34.209357534884376" lon="108.83912573524432">
        <ele>407.0677085071802</ele>
        <time>2026-02-02T04:20:38.900000Z</time>
        <extensions>
          <gpxtpx:TrackPointExtension>
            <gpxtpx:hr>112</gpxtpx:hr>
          </gpxtpx:TrackPointExtension>
        </extensions>
      </trkpt>
      <trkpt lat="34.20940236987859" lon="108.83912371650855">
        <ele>406.9860020186752</ele>
        <time>2026-02-02T04:20:39.900000Z</time>
        <extensions>
          <gpxtpx:TrackPointExtension>
            <gpxtpx:hr>112</gpxtpx:hr>
          </gpxtpx:TrackPointExtension>
        </extensions>
      </trkpt>
      <trkpt lat="34.2094434336717" lon="108.8391220969448">
        <ele>406.90319905616343</ele>
        <time>2026-02-02T04:20:40.900000Z</time>
        <extensions>
          <gpxtpx:TrackPointExtension>
            <gpxtpx:hr>112</gpxtpx:hr>
          </gpxtpx:TrackPointExtension>
        </extensions>
      </trkpt>
      <trkpt lat="34.209479920659476" lon="108.83912197995696">
        <ele>406.8229733640328</ele>
        <time>2026-02-02T04:20:41.900000Z</time>
        <extensions>
          <gpxtpx:TrackPointExtension>
            <gpxtpx:hr>112</gpxtpx:hr>
          </gpxtpx:TrackPointExtension>
        </extensions>
      </trkpt>
      <trkpt lat="34.209510774568486" lon="108.83912361034008">
        <ele>406.7453111000359</ele>
        <time>2026-02-02T04:20:42.900000Z</time>
        <extensions>
          <gpxtpx:TrackPointExtension>
            <gpxtpx:hr>112</gpxtpx:hr>
          </gpxtpx:TrackPointExtension>
        </extensions>
      </trkpt>
      <trkpt lat="34.20953756147471" lon="108.83912661588114">
        <ele>406.67128260433674</ele>
        <time>2026-02-02T04:20:43.900000Z</time>
        <extensions>
          <gpxtpx:TrackPointExtension>
            <gpxtpx:hr>110</gpxtpx:hr>
          </gpxtpx:TrackPointExtension>
        </extensions>
      </trkpt>
      <trkpt lat="34.20956330058471" lon="108.83913021121516">
        <ele>406.5972944619134</ele>
        <time>2026-02-02T04:20:45Z</time>
        <extensions>
          <gpxtpx:TrackPointExtension>
            <gpxtpx:hr>110</gpxtpx:hr>
          </gpxtpx:TrackPointExtension>
        </extensions>
      </trkpt>
      <trkpt lat="34.209583782896196" lon="108.83913337377491">
        <ele>406.5340159293264</ele>
        <time>2026-02-02T04:20:46Z</time>
        <extensions>
          <gpxtpx:TrackPointExtension>
            <gpxtpx:hr>110</gpxtpx:hr>
          </gpxtpx:TrackPointExtension>
        </extensions>
      </trkpt>
      <trkpt lat="34.209600089274446" lon="108.83913597128013">
        <ele>406.47648673318326</ele>
        <time>2026-02-02T04:20:47Z</time>
        <extensions>
          <gpxtpx:TrackPointExtension>
            <gpxtpx:hr>110</gpxtpx:hr>
          </gpxtpx:TrackPointExtension>
        </extensions>
      </trkpt>
      <trkpt lat="34.20961315006383" lon="108.83913812042843">
        <ele>406.4250755533576</ele>
        <time>2026-02-02T04:20:48Z</time>
        <extensions>
          <gpxtpx:TrackPointExtension>
            <gpxtpx:hr>110</gpxtpx:hr>
          </gpxtpx:TrackPointExtension>
        </extensions>
      </trkpt>
      <trkpt lat="34.20962460982303" lon="108.83914021701378">
        <ele>406.37950700707734</ele>
        <time>2026-02-02T04:20:49Z</time>
        <extensions>
          <gpxtpx:TrackPointExtension>
            <gpxtpx:hr>110</gpxtpx:hr>
          </gpxtpx:TrackPointExtension>
        </extensions>
      </trkpt>
      <trkpt lat="34.2096344137562" lon="108.83914215732321">
        <ele>406.3402371928096</ele>
        <time>2026-02-02T04:20:50Z</time>
        <extensions>
          <gpxtpx:TrackPointExtension>
            <gpxtpx:hr>110</gpxtpx:hr>
          </gpxtpx:TrackPointExtension>
        </extensions>
      </trkpt>
      <trkpt lat="34.20964238830067" lon="108.83914382488858">
        <ele>406.3065686952323</ele>
        <time>2026-02-02T04:20:51Z</time>
        <extensions>
          <gpxtpx:TrackPointExtension>
            <gpxtpx:hr>106</gpxtpx:hr>
          </gpxtpx:TrackPointExtension>
        </extensions>
      </trkpt>
      <trkpt lat="34.20964834273453" lon="108.83914501581742">
        <ele>406.27872508764267</ele>
        <time>2026-02-02T04:20:52Z</time>
        <extensions>
          <gpxtpx:TrackPointExtension>
            <gpxtpx:hr>106</gpxtpx:hr>
          </gpxtpx:TrackPointExtension>
        </extensions>
      </trkpt>
      <trkpt lat="34.20965281633438" lon="108.83914564020701">
        <ele>406.2554609095678</ele>
        <time>2026-02-02T04:20:53Z</time>
        <extensions>
          <gpxtpx:TrackPointExtension>
            <gpxtpx:hr>106</gpxtpx:hr>
          </gpxtpx:TrackPointExtension>
        </extensions>
      </trkpt>
      <trkpt lat="34.20965611098345" lon="108.8391459454257">
        <ele>406.23657102510333</ele>
        <time>2026-02-02T04:20:54Z</time>
        <extensions>
          <gpxtpx:TrackPointExtension>
            <gpxtpx:hr>106</gpxtpx:hr>
          </gpxtpx:TrackPointExtension>
        </extensions>
      </trkpt>
      <trkpt lat="34.20965851152509" lon="108.83914608119115">
        <ele>406.2215249799192</ele>
        <time>2026-02-02T04:20:55Z</time>
        <extensions>
          <gpxtpx:TrackPointExtension>
            <gpxtpx:hr>106</gpxtpx:hr>
          </gpxtpx:TrackPointExtension>
        </extensions>
      </trkpt>
      <trkpt lat="34.20966046611384" lon="108.83914617064283">
        <ele>406.2102084727958</ele>
        <time>2026-02-02T04:20:56Z</time>
        <extensions>
          <gpxtpx:TrackPointExtension>
            <gpxtpx:hr>106</gpxtpx:hr>
          </gpxtpx:TrackPointExtension>
        </extensions>
      </trkpt>
      <trkpt lat="34.209661977955015" lon="108.83914621977983">
        <ele>406.2016263687983</ele>
        <time>2026-02-02T04:20:57Z</time>
        <extensions>
          <gpxtpx:TrackPointExtension>
            <gpxtpx:hr>108</gpxtpx:hr>
          </gpxtpx:TrackPointExtension>
        </extensions>
      </trkpt>
      <trkpt lat="34.20966303516495" lon="108.83914627807899">
        <ele>406.1942600142211</ele>
        <time>2026-02-02T04:20:58Z</time>
        <extensions>
          <gpxtpx:TrackPointExtension>
            <gpxtpx:hr>108</gpxtpx:hr>
          </gpxtpx:TrackPointExtension>
        </extensions>
      </trkpt>
      <trkpt lat="34.20966379648619" lon="108.8391463273544">
        <ele>406.1887142555788</ele>
        <time>2026-02-02T04:20:59Z</time>
        <extensions>
          <gpxtpx:TrackPointExtension>
            <gpxtpx:hr>108</gpxtpx:hr>
          </gpxtpx:TrackPointExtension>
        </extensions>
      </trkpt>
      <trkpt lat="34.20966446573358" lon="108.83914637975509">
        <ele>406.1846087798476</ele>
        <time>2026-02-02T04:21:00Z</time>
        <extensions>
          <gpxtpx:TrackPointExtension>
            <gpxtpx:hr>108</gpxtpx:hr>
          </gpxtpx:TrackPointExtension>
        </extensions>
      </trkpt>
      <trkpt lat="34.209665167748625" lon="108.83914644762362">
        <ele>406.18160832393914</ele>
        <time>2026-02-02T04:21:01Z</time>
        <extensions>
          <gpxtpx:TrackPointExtension>
            <gpxtpx:hr>108</gpxtpx:hr>
          </gpxtpx:TrackPointExtension>
        </extensions>
      </trkpt>
      <trkpt lat="34.20966596416925" lon="108.8391471580612">
        <ele>406.1797150373459</ele>
        <time>2026-02-02T04:21:02Z</time>
        <extensions>
          <gpxtpx:TrackPointExtension>
            <gpxtpx:hr>108</gpxtpx:hr>
          </gpxtpx:TrackPointExtension>
        </extensions>
      </trkpt>
      <trkpt lat="34.209666816929825" lon="108.83914801447968">
        <ele>406.17843968514353</ele>
        <time>2026-02-02T04:21:03Z</time>
        <extensions>
          <gpxtpx:TrackPointExtension>
            <gpxtpx:hr>108</gpxtpx:hr>
          </gpxtpx:TrackPointExtension>
        </extensions>
      </trkpt>
      <trkpt lat="34.2096676652911" lon="108.83914904167452">
        <ele>406.1775719039142</ele>
        <time>2026-02-02T04:21:04Z</time>
        <extensions>
          <gpxtpx:TrackPointExtension>
            <gpxtpx:hr>108</gpxtpx:hr>
          </gpxtpx:TrackPointExtension>
        </extensions>
      </trkpt>
      <trkpt lat="34.20966845638965" lon="108.83915021233952">
        <ele>406.1769563900307</ele>
        <time>2026-02-02T04:21:05Z</time>
        <extensions>
          <gpxtpx:TrackPointExtension>
            <gpxtpx:hr>108</gpxtpx:hr>
          </gpxtpx:TrackPointExtension>
        </extensions>
      </trkpt>
      <trkpt lat="34.209669146381536" lon="108.83915149493494">
        <ele>406.17647356912494</ele>
        <time>2026-02-02T04:21:06Z</time>
        <extensions>
          <gpxtpx:TrackPointExtension>
            <gpxtpx:hr>108</gpxtpx:hr>
          </gpxtpx:TrackPointExtension>
        </extensions>
      </trkpt>
      <trkpt lat="34.20966969719688" lon="108.83915281508172">
        <ele>406.17606132570654</ele>
        <time>2026-02-02T04:21:07Z</time>
        <extensions>
          <gpxtpx:TrackPointExtension>
            <gpxtpx:hr>108</gpxtpx:hr>
          </gpxtpx:TrackPointExtension>
        </extensions>
      </trkpt>
      <trkpt lat="34.20967018072009" lon="108.83915350308823">
        <ele>406.17634715512395</ele>
        <time>2026-02-02T04:21:08Z</time>
        <extensions>
          <gpxtpx:TrackPointExtension>
            <gpxtpx:hr>108</gpxtpx:hr>
          </gpxtpx:TrackPointExtension>
        </extensions>
      </trkpt>
      <trkpt lat="34.20967053509955" lon="108.8391541498865">
        <ele>406.1768304454163</ele>
        <time>2026-02-02T04:21:09Z</time>
        <extensions>
          <gpxtpx:TrackPointExtension>
            <gpxtpx:hr>108</gpxtpx:hr>
          </gpxtpx:TrackPointExtension>
        </extensions>
      </trkpt>
      <trkpt lat="34.2096708059191" lon="108.83915479750841">
        <ele>406.1775315683335</ele>
        <time>2026-02-02T04:21:10Z</time>
        <extensions>
          <gpxtpx:TrackPointExtension>
            <gpxtpx:hr>111</gpxtpx:hr>
          </gpxtpx:TrackPointExtension>
        </extensions>
      </trkpt>
      <trkpt lat="34.20967127925768" lon="108.83915567421174">
        <ele>406.17938392981887</ele>
        <time>2026-02-02T04:21:11Z</time>
        <extensions>
          <gpxtpx:TrackPointExtension>
            <gpxtpx:hr>111</gpxtpx:hr>
          </gpxtpx:TrackPointExtension>
        </extensions>
      </trkpt>
      <trkpt lat="34.209671778602726" lon="108.83915666241467">
        <ele>406.1816609175876</ele>
        <time>2026-02-02T04:21:12Z</time>
        <extensions>
          <gpxtpx:TrackPointExtension>
            <gpxtpx:hr>111</gpxtpx:hr>
          </gpxtpx:TrackPointExtension>
        </extensions>
      </trkpt>
      <trkpt lat="34.20967236691009" lon="108.83915763923447">
        <ele>406.18434065021574</ele>
        <time>2026-02-02T04:21:13Z</time>
        <extensions>
          <gpxtpx:TrackPointExtension>
            <gpxtpx:hr>111</gpxtpx:hr>
          </gpxtpx:TrackPointExtension>
        </extensions>
      </trkpt>
      <trkpt lat="34.20967306722877" lon="108.83915842488412">
        <ele>406.18739555589855</ele>
        <time>2026-02-02T04:21:14Z</time>
        <extensions>
          <gpxtpx:TrackPointExtension>
            <gpxtpx:hr>111</gpxtpx:hr>
          </gpxtpx:TrackPointExtension>
        </extensions>
      </trkpt>
      <trkpt lat="34.20967385727368" lon="108.83915883283147">
        <ele>406.1907971361652</ele>
        <time>2026-02-02T04:21:15Z</time>
        <extensions>
          <gpxtpx:TrackPointExtension>
            <gpxtpx:hr>111</gpxtpx:hr>
          </gpxtpx:TrackPointExtension>
        </extensions>
      </trkpt>
      <trkpt lat="34.20967519168264" lon="108.83915833627862">
        <ele>406.1943309549242</ele>
        <time>2026-02-02T04:21:16Z</time>
        <extensions>
          <gpxtpx:TrackPointExtension>
            <gpxtpx:hr>111</gpxtpx:hr>
          </gpxtpx:TrackPointExtension>
        </extensions>
      </trkpt>
      <trkpt lat="34.20967660762817" lon="108.83915759376862">
        <ele>406.1980140833184</ele>
        <time>2026-02-02T04:21:17Z</time>
        <extensions>
          <gpxtpx:TrackPointExtension>
            <gpxtpx:hr>110</gpxtpx:hr>
          </gpxtpx:TrackPointExtension>
        </extensions>
      </trkpt>
      <trkpt lat="34.209678128140816" lon="108.83915675974859">
        <ele>406.2017859444022</ele>
        <time>2026-02-02T04:21:18Z</time>
        <extensions>
          <gpxtpx:TrackPointExtension>
            <gpxtpx:hr>110</gpxtpx:hr>
          </gpxtpx:TrackPointExtension>
        </extensions>
      </trkpt>
      <trkpt lat="34.20967980521246" lon="108.83915585160138">
        <ele>406.205593617633</ele>
        <time>2026-02-02T04:21:19Z</time>
        <extensions>
          <gpxtpx:TrackPointExtension>
            <gpxtpx:hr>110</gpxtpx:hr>
          </gpxtpx:TrackPointExtension>
        </extensions>
      </trkpt>
      <trkpt lat="34.20968162895323" lon="108.83915499774974">
        <ele>406.2093519344926</ele>
        <time>2026-02-02T04:21:20Z</time>
        <extensions>
          <gpxtpx:TrackPointExtension>
            <gpxtpx:hr>110</gpxtpx:hr>
          </gpxtpx:TrackPointExtension>
        </extensions>
      </trkpt>
      <trkpt lat="34.20968358849573" lon="108.83915422346307">
        <ele>406.2129594180733</ele>
        <time>2026-02-02T04:21:21Z</time>
        <extensions>
          <gpxtpx:TrackPointExtension>
            <gpxtpx:hr>112</gpxtpx:hr>
          </gpxtpx:TrackPointExtension>
        </extensions>
      </trkpt>
      <trkpt lat="34.209685590213354" lon="108.83915349204423">
        <ele>406.21633305586874</ele>
        <time>2026-02-02T04:21:22Z</time>
        <extensions>
          <gpxtpx:TrackPointExtension>
            <gpxtpx:hr>112</gpxtpx:hr>
          </gpxtpx:TrackPointExtension>
        </extensions>
      </trkpt>
      <trkpt lat="34.20968752940024" lon="108.83915278169808">
        <ele>406.219405583106</ele>
        <time>2026-02-02T04:21:23Z</time>
        <extensions>
          <gpxtpx:TrackPointExtension>
            <gpxtpx:hr>112</gpxtpx:hr>
          </gpxtpx:TrackPointExtension>
        </extensions>
      </trkpt>
      <trkpt lat="34.209689416706254" lon="108.83915209634145">
        <ele>406.22213685233146</ele>
        <time>2026-02-02T04:21:24Z</time>
        <extensions>
          <gpxtpx:TrackPointExtension>
            <gpxtpx:hr>112</gpxtpx:hr>
          </gpxtpx:TrackPointExtension>
        </extensions>
      </trkpt>
      <trkpt lat="34.209691256322245" lon="108.83915147079803">
        <ele>406.2245039008558</ele>
        <time>2026-02-02T04:21:25Z</time>
        <extensions>
          <gpxtpx:TrackPointExtension>
            <gpxtpx:hr>110</gpxtpx:hr>
          </gpxtpx:TrackPointExtension>
        </extensions>
      </trkpt>
      <trkpt lat="34.20969296570175" lon="108.83915099929294">
        <ele>406.22666194383055</ele>
        <time>2026-02-02T04:21:26Z</time>
        <extensions>
          <gpxtpx:TrackPointExtension>
            <gpxtpx:hr>110</gpxtpx:hr>
          </gpxtpx:TrackPointExtension>
        </extensions>
      </trkpt>
      <trkpt lat="34.209694634067155" lon="108.83915074599521">
        <ele>406.22854395303875</ele>
        <time>2026-02-02T04:21:27Z</time>
        <extensions>
          <gpxtpx:TrackPointExtension>
            <gpxtpx:hr>110</gpxtpx:hr>
          </gpxtpx:TrackPointExtension>
        </extensions>
      </trkpt>
      <trkpt lat="34.20969625151966" lon="108.83915063400256">
        <ele>406.23017416428775</ele>
        <time>2026-02-02T04:21:28Z</time>
        <extensions>
          <gpxtpx:TrackPointExtension>
            <gpxtpx:hr>110</gpxtpx:hr>
          </gpxtpx:TrackPointExtension>
        </extensions>
      </trkpt>
      <trkpt lat="34.209697681700845" lon="108.83915057470031">
        <ele>406.231599108316</ele>
        <time>2026-02-02T04:21:29Z</time>
        <extensions>
          <gpxtpx:TrackPointExtension>
            <gpxtpx:hr>109</gpxtpx:hr>
          </gpxtpx:TrackPointExtension>
        </extensions>
      </trkpt>
      <trkpt lat="34.20969884035825" lon="108.83915054662548">
        <ele>406.2328582815826</ele>
        <time>2026-02-02T04:21:30Z</time>
        <extensions>
          <gpxtpx:TrackPointExtension>
            <gpxtpx:hr>109</gpxtpx:hr>
          </gpxtpx:TrackPointExtension>
        </extensions>
      </trkpt>
      <trkpt lat="34.2096997409482" lon="108.83915053534255">
        <ele>406.23398798145354</ele>
        <time>2026-02-02T04:21:31Z</time>
        <extensions>
          <gpxtpx:TrackPointExtension>
            <gpxtpx:hr>109</gpxtpx:hr>
          </gpxtpx:TrackPointExtension>
        </extensions>
      </trkpt>
      <trkpt lat="34.20970041965457" lon="108.8391505323454">
        <ele>406.2350206775591</ele>
        <time>2026-02-02T04:21:32Z</time>
        <extensions>
          <gpxtpx:TrackPointExtension>
            <gpxtpx:hr>109</gpxtpx:hr>
          </gpxtpx:TrackPointExtension>
        </extensions>
      </trkpt>
      <trkpt lat="34.209700913432044" lon="108.83915053291692">
        <ele>406.2359865652397</ele>
        <time>2026-02-02T04:21:33Z</time>
        <extensions>
          <gpxtpx:TrackPointExtension>
            <gpxtpx:hr>110</gpxtpx:hr>
          </gpxtpx:TrackPointExtension>
        </extensions>
      </trkpt>
      <trkpt lat="34.20970126485508" lon="108.83915053461303">
        <ele>406.2369129182771</ele>
        <time>2026-02-02T04:21:34Z</time>
        <extensions>
          <gpxtpx:TrackPointExtension>
            <gpxtpx:hr>110</gpxtpx:hr>
          </gpxtpx:TrackPointExtension>
        </extensions>
      </trkpt>
      <trkpt lat="34.20970152373366" lon="108.83915053636642">
        <ele>406.2378194704652</ele>
        <time>2026-02-02T04:21:35Z</time>
        <extensions>
          <gpxtpx:TrackPointExtension>
            <gpxtpx:hr>110</gpxtpx:hr>
          </gpxtpx:TrackPointExtension>
        </extensions>
      </trkpt>
    </trkseg>
  </trk>
</gpx>