<?xml version="1.0" encoding="UTF-8"?>
<gpx xmlns="http://www.topografix.com/GPX/1/1" xmlns:gpxtpx="http://www.garmin.com/xmlschemas/TrackPointExtension/v1" xmlns:xsi="http://www.w3.org/2001/XMLSchema-instance" xsi:schemaLocation="http://www.topografix.com/GPX/1/1 http://www.topografix.com/GPX/1/1/gpx.xsd" version="1.1" creator="gpx.py -- https://github.com/tkrajina/gpxpy">
  <trk>
    <name>gpx from keep</name>
    <type>Walk</type>
    <trkseg>
      <trkpt lat="34.21193173789603" lon="108.83461591402836">
        <ele>406.7538816416636</ele>
        <time>2025-11-24T04:14:35Z</time>
      </trkpt>
      <trkpt lat="34.21193624264347" lon="108.83462030777466">
        <ele>406.75988660752773</ele>
        <time>2025-11-24T04:14:35.900000Z</time>
      </trkpt>
      <trkpt lat="34.211940960605666" lon="108.83462470685609">
        <ele>406.76626258622855</ele>
        <time>2025-11-24T04:14:36.900000Z</time>
      </trkpt>
      <trkpt lat="34.211945951886314" lon="108.83462908782411">
        <ele>406.7726540090516</ele>
        <time>2025-11-24T04:14:38Z</time>
      </trkpt>
      <trkpt lat="34.21195100026298" lon="108.83463327015491">
        <ele>406.7790509592742</ele>
        <time>2025-11-24T04:14:38.900000Z</time>
      </trkpt>
      <trkpt lat="34.21195595054808" lon="108.834632599389">
        <ele>406.7901545027271</ele>
        <time>2025-11-24T04:14:39.900000Z</time>
      </trkpt>
      <trkpt lat="34.2119592741567" lon="108.8346321691212">
        <ele>406.7912464393303</ele>
        <time>2025-11-24T04:14:40.900000Z</time>
      </trkpt>
      <trkpt lat="34.21196112934923" lon="108.83463122713843">
        <ele>406.79011724423617</ele>
        <time>2025-11-24T04:14:41.900000Z</time>
      </trkpt>
      <trkpt lat="34.211962329881246" lon="108.83462985929341">
        <ele>406.78814223688096</ele>
        <time>2025-11-24T04:14:42.900000Z</time>
      </trkpt>
      <trkpt lat="34.21196346379235" lon="108.83462777087838">
        <ele>406.7847130680457</ele>
        <time>2025-11-24T04:14:43.900000Z</time>
      </trkpt>
      <trkpt lat="34.21196541698586" lon="108.83462392295877">
        <ele>406.7794278068468</ele>
        <time>2025-11-24T04:14:44.900000Z</time>
      </trkpt>
      <trkpt lat="34.211966570503094" lon="108.83461853365378">
        <ele>406.7721573840827</ele>
        <time>2025-11-24T04:14:45.900000Z</time>
      </trkpt>
      <trkpt lat="34.21196783027727" lon="108.83461071157093">
        <ele>406.7629989720881</ele>
        <time>2025-11-24T04:14:46.900000Z</time>
      </trkpt>
      <trkpt lat="34.21196891997028" lon="108.83459987719196">
        <ele>406.75291803479195</ele>
        <time>2025-11-24T04:14:47.900000Z</time>
      </trkpt>
      <trkpt lat="34.211970314156204" lon="108.83458350691376">
        <ele>406.7382803475484</ele>
        <time>2025-11-24T04:14:49.100000Z</time>
      </trkpt>
      <trkpt lat="34.21198953464985" lon="108.83451437814206">
        <ele>406.62628419790417</ele>
        <time>2025-11-24T04:14:53.900000Z</time>
      </trkpt>
      <trkpt lat="34.21199356201096" lon="108.83450398837897">
        <ele>406.59154629148543</ele>
        <time>2025-11-24T04:14:54.900000Z</time>
      </trkpt>
      <trkpt lat="34.21199733644714" lon="108.83449547739338">
        <ele>406.55457529518753</ele>
        <time>2025-11-24T04:14:55.900000Z</time>
      </trkpt>
      <trkpt lat="34.21200022858548" lon="108.83448865192094">
        <ele>406.51587638352066</ele>
        <time>2025-11-24T04:14:56.900000Z</time>
      </trkpt>
      <trkpt lat="34.212001807474955" lon="108.83448340596162">
        <ele>406.47939348127693</ele>
        <time>2025-11-24T04:14:57.900000Z</time>
      </trkpt>
      <trkpt lat="34.2120015356932" lon="108.83448015155699">
        <ele>406.44348258432</ele>
        <time>2025-11-24T04:14:58.900000Z</time>
      </trkpt>
      <trkpt lat="34.21199958522895" lon="108.83447856650568">
        <ele>406.41113517805934</ele>
        <time>2025-11-24T04:14:59.900000Z</time>
      </trkpt>
      <trkpt lat="34.21199700205078" lon="108.83447758574444">
        <ele>406.3798177652061</ele>
        <time>2025-11-24T04:15:00.900000Z</time>
      </trkpt>
      <trkpt lat="34.211994066895805" lon="108.8344773667485">
        <ele>406.3510531699285</ele>
        <time>2025-11-24T04:15:01.900000Z</time>
      </trkpt>
      <trkpt lat="34.211990778046015" lon="108.8344777028565">
        <ele>406.3269905485213</ele>
        <time>2025-11-24T04:15:02.900000Z</time>
      </trkpt>
      <trkpt lat="34.211986319503126" lon="108.83447885383855">
        <ele>406.3044600011781</ele>
        <time>2025-11-24T04:15:03.900000Z</time>
      </trkpt>
      <trkpt lat="34.21198206893255" lon="108.8344804290312">
        <ele>406.2863205745816</ele>
        <time>2025-11-24T04:15:04.900000Z</time>
      </trkpt>
      <trkpt lat="34.21197770416627" lon="108.83448244591239">
        <ele>406.27155033499</ele>
        <time>2025-11-24T04:15:05.900000Z</time>
      </trkpt>
      <trkpt lat="34.21197323086662" lon="108.83448521249936">
        <ele>406.2614407138899</ele>
        <time>2025-11-24T04:15:06.900000Z</time>
      </trkpt>
      <trkpt lat="34.211968391496086" lon="108.8344886705932">
        <ele>406.25522871501744</ele>
        <time>2025-11-24T04:15:07.900000Z</time>
      </trkpt>
      <trkpt lat="34.21196345112937" lon="108.83449245096621">
        <ele>406.25126361567527</ele>
        <time>2025-11-24T04:15:08.900000Z</time>
      </trkpt>
      <trkpt lat="34.21195842936015" lon="108.83449654034752">
        <ele>406.2496062004939</ele>
        <time>2025-11-24T04:15:09.900000Z</time>
      </trkpt>
      <trkpt lat="34.21194620384886" lon="108.83450703396186">
        <ele>406.2575458381325</ele>
        <time>2025-11-24T04:15:12Z</time>
      </trkpt>
      <trkpt lat="34.21193919012876" lon="108.83451323204288">
        <ele>406.2677593585104</ele>
        <time>2025-11-24T04:15:13Z</time>
      </trkpt>
      <trkpt lat="34.21193125271929" lon="108.83451991152499">
        <ele>406.2799587137997</ele>
        <time>2025-11-24T04:15:14Z</time>
      </trkpt>
      <trkpt lat="34.211917429018044" lon="108.83453189234949">
        <ele>406.3074370548129</ele>
        <time>2025-11-24T04:15:15.900000Z</time>
      </trkpt>
      <trkpt lat="34.21191134426795" lon="108.83453703651011">
        <ele>406.3257354032248</ele>
        <time>2025-11-24T04:15:16.900000Z</time>
      </trkpt>
      <trkpt lat="34.21190678405002" lon="108.83454132832797">
        <ele>406.3444903222844</ele>
        <time>2025-11-24T04:15:17.900000Z</time>
      </trkpt>
      <trkpt lat="34.211904224569714" lon="108.83454469297034">
        <ele>406.3622358189896</ele>
        <time>2025-11-24T04:15:18.900000Z</time>
      </trkpt>
      <trkpt lat="34.21190288949553" lon="108.83454749963444">
        <ele>406.3772592721507</ele>
        <time>2025-11-24T04:15:19.900000Z</time>
      </trkpt>
      <trkpt lat="34.21190155777453" lon="108.83455010129599">
        <ele>406.3884149752557</ele>
        <time>2025-11-24T04:15:20.900000Z</time>
      </trkpt>
      <trkpt lat="34.21189862611118" lon="108.83455241279846">
        <ele>406.3951548477635</ele>
        <time>2025-11-24T04:15:21.900000Z</time>
      </trkpt>
      <trkpt lat="34.21189546178454" lon="108.83455449869948">
        <ele>406.3996475189924</ele>
        <time>2025-11-24T04:15:22.900000Z</time>
      </trkpt>
      <trkpt lat="34.21189074831855" lon="108.83455703296029">
        <ele>406.40534144453704</ele>
        <time>2025-11-24T04:15:23.900000Z</time>
      </trkpt>
      <trkpt lat="34.21188526878638" lon="108.8345601179163">
        <ele>406.4100912781432</ele>
        <time>2025-11-24T04:15:24.900000Z</time>
      </trkpt>
      <trkpt lat="34.21187909678854" lon="108.83456303029341">
        <ele>406.41458778548986</ele>
        <time>2025-11-24T04:15:25.900000Z</time>
      </trkpt>
      <trkpt lat="34.21187192270065" lon="108.83456502863368">
        <ele>406.4184852046892</ele>
        <time>2025-11-24T04:15:26.900000Z</time>
      </trkpt>
      <trkpt lat="34.21186370732348" lon="108.83456741069081">
        <ele>406.4235431291163</ele>
        <time>2025-11-24T04:15:27.900000Z</time>
      </trkpt>
      <trkpt lat="34.21185508322664" lon="108.83456985990345">
        <ele>406.4273160966113</ele>
        <time>2025-11-24T04:15:28.900000Z</time>
      </trkpt>
      <trkpt lat="34.211846693199135" lon="108.8345721447657">
        <ele>406.43000882864</ele>
        <time>2025-11-24T04:15:29.900000Z</time>
      </trkpt>
      <trkpt lat="34.21183903403065" lon="108.834574228561">
        <ele>406.43222806975245</ele>
        <time>2025-11-24T04:15:30.900000Z</time>
      </trkpt>
      <trkpt lat="34.211827301463494" lon="108.83457945647272">
        <ele>406.44046923704445</ele>
        <time>2025-11-24T04:15:32.900000Z</time>
      </trkpt>
      <trkpt lat="34.21181996489132" lon="108.83458380099546">
        <ele>406.4502978567034</ele>
        <time>2025-11-24T04:15:33.900000Z</time>
      </trkpt>
      <trkpt lat="34.21181389065359" lon="108.83458845656024">
        <ele>406.4624875970185</ele>
        <time>2025-11-24T04:15:34.900000Z</time>
      </trkpt>
      <trkpt lat="34.21180728521217" lon="108.8345941542706">
        <ele>406.473419255577</ele>
        <time>2025-11-24T04:15:35.900000Z</time>
      </trkpt>
      <trkpt lat="34.21180247932196" lon="108.83460015927521">
        <ele>406.4882600074634</ele>
        <time>2025-11-24T04:15:36.900000Z</time>
      </trkpt>
      <trkpt lat="34.21179852453749" lon="108.83460570736592">
        <ele>406.5072245532647</ele>
        <time>2025-11-24T04:15:37.900000Z</time>
        <extensions>
          <gpxtpx:TrackPointExtension>
            <gpxtpx:hr>108</gpxtpx:hr>
          </gpxtpx:TrackPointExtension>
        </extensions>
      </trkpt>
      <trkpt lat="34.211796650149665" lon="108.83461030409781">
        <ele>406.5316238217056</ele>
        <time>2025-11-24T04:15:38.900000Z</time>
        <extensions>
          <gpxtpx:TrackPointExtension>
            <gpxtpx:hr>108</gpxtpx:hr>
          </gpxtpx:TrackPointExtension>
        </extensions>
      </trkpt>
      <trkpt lat="34.21179599498985" lon="108.83461425082663">
        <ele>406.56075547169894</ele>
        <time>2025-11-24T04:15:39.900000Z</time>
        <extensions>
          <gpxtpx:TrackPointExtension>
            <gpxtpx:hr>108</gpxtpx:hr>
          </gpxtpx:TrackPointExtension>
        </extensions>
      </trkpt>
      <trkpt lat="34.211795143200824" lon="108.83461695756094">
        <ele>406.5918959993869</ele>
        <time>2025-11-24T04:15:40.900000Z</time>
        <extensions>
          <gpxtpx:TrackPointExtension>
            <gpxtpx:hr>108</gpxtpx:hr>
          </gpxtpx:TrackPointExtension>
        </extensions>
      </trkpt>
      <trkpt lat="34.211794869043096" lon="108.83461977339267">
        <ele>406.62459543626755</ele>
        <time>2025-11-24T04:15:41.900000Z</time>
        <extensions>
          <gpxtpx:TrackPointExtension>
            <gpxtpx:hr>108</gpxtpx:hr>
          </gpxtpx:TrackPointExtension>
        </extensions>
      </trkpt>
      <trkpt lat="34.211793805146975" lon="108.83462283910868">
        <ele>406.6585762454197</ele>
        <time>2025-11-24T04:15:42.900000Z</time>
        <extensions>
          <gpxtpx:TrackPointExtension>
            <gpxtpx:hr>108</gpxtpx:hr>
          </gpxtpx:TrackPointExtension>
        </extensions>
      </trkpt>
      <trkpt lat="34.21179391436577" lon="108.83462748157241">
        <ele>406.6932921940461</ele>
        <time>2025-11-24T04:15:43.900000Z</time>
        <extensions>
          <gpxtpx:TrackPointExtension>
            <gpxtpx:hr>108</gpxtpx:hr>
          </gpxtpx:TrackPointExtension>
        </extensions>
      </trkpt>
      <trkpt lat="34.21179486354491" lon="108.83463352095735">
        <ele>406.7285163104534</ele>
        <time>2025-11-24T04:15:44.900000Z</time>
        <extensions>
          <gpxtpx:TrackPointExtension>
            <gpxtpx:hr>108</gpxtpx:hr>
          </gpxtpx:TrackPointExtension>
        </extensions>
      </trkpt>
      <trkpt lat="34.211796218181995" lon="108.83464134374493">
        <ele>406.76382852345705</ele>
        <time>2025-11-24T04:15:45.900000Z</time>
        <extensions>
          <gpxtpx:TrackPointExtension>
            <gpxtpx:hr>108</gpxtpx:hr>
          </gpxtpx:TrackPointExtension>
        </extensions>
      </trkpt>
      <trkpt lat="34.21179838269829" lon="108.83465032931872">
        <ele>406.7988267010078</ele>
        <time>2025-11-24T04:15:46.900000Z</time>
        <extensions>
          <gpxtpx:TrackPointExtension>
            <gpxtpx:hr>108</gpxtpx:hr>
          </gpxtpx:TrackPointExtension>
        </extensions>
      </trkpt>
      <trkpt lat="34.21180062013699" lon="108.83465663151156">
        <ele>406.83227967843413</ele>
        <time>2025-11-24T04:15:47.900000Z</time>
        <extensions>
          <gpxtpx:TrackPointExtension>
            <gpxtpx:hr>108</gpxtpx:hr>
          </gpxtpx:TrackPointExtension>
        </extensions>
      </trkpt>
      <trkpt lat="34.21180348794507" lon="108.83466102266729">
        <ele>406.8650323199108</ele>
        <time>2025-11-24T04:15:48.900000Z</time>
        <extensions>
          <gpxtpx:TrackPointExtension>
            <gpxtpx:hr>108</gpxtpx:hr>
          </gpxtpx:TrackPointExtension>
        </extensions>
      </trkpt>
      <trkpt lat="34.21180667682808" lon="108.8346610687729">
        <ele>406.894549112767</ele>
        <time>2025-11-24T04:15:49.900000Z</time>
        <extensions>
          <gpxtpx:TrackPointExtension>
            <gpxtpx:hr>108</gpxtpx:hr>
          </gpxtpx:TrackPointExtension>
        </extensions>
      </trkpt>
      <trkpt lat="34.21180877735532" lon="108.83465900508682">
        <ele>406.92227814067155</ele>
        <time>2025-11-24T04:15:50.900000Z</time>
        <extensions>
          <gpxtpx:TrackPointExtension>
            <gpxtpx:hr>108</gpxtpx:hr>
          </gpxtpx:TrackPointExtension>
        </extensions>
      </trkpt>
      <trkpt lat="34.21181340068753" lon="108.8346504958097">
        <ele>406.9466677987948</ele>
        <time>2025-11-24T04:15:51.900000Z</time>
        <extensions>
          <gpxtpx:TrackPointExtension>
            <gpxtpx:hr>108</gpxtpx:hr>
          </gpxtpx:TrackPointExtension>
        </extensions>
      </trkpt>
      <trkpt lat="34.211818262822106" lon="108.83464286636621">
        <ele>406.9683174081147</ele>
        <time>2025-11-24T04:15:52.900000Z</time>
        <extensions>
          <gpxtpx:TrackPointExtension>
            <gpxtpx:hr>108</gpxtpx:hr>
          </gpxtpx:TrackPointExtension>
        </extensions>
      </trkpt>
      <trkpt lat="34.21182044075657" lon="108.83462893395777">
        <ele>406.9750830139965</ele>
        <time>2025-11-24T04:15:53.900000Z</time>
        <extensions>
          <gpxtpx:TrackPointExtension>
            <gpxtpx:hr>108</gpxtpx:hr>
          </gpxtpx:TrackPointExtension>
        </extensions>
      </trkpt>
      <trkpt lat="34.21182104883211" lon="108.83461048348866">
        <ele>406.9781507300213</ele>
        <time>2025-11-24T04:15:54.900000Z</time>
        <extensions>
          <gpxtpx:TrackPointExtension>
            <gpxtpx:hr>108</gpxtpx:hr>
          </gpxtpx:TrackPointExtension>
        </extensions>
      </trkpt>
      <trkpt lat="34.21182122469426" lon="108.83459556471011">
        <ele>406.9775639474392</ele>
        <time>2025-11-24T04:15:55.900000Z</time>
        <extensions>
          <gpxtpx:TrackPointExtension>
            <gpxtpx:hr>108</gpxtpx:hr>
          </gpxtpx:TrackPointExtension>
        </extensions>
      </trkpt>
      <trkpt lat="34.211822106154244" lon="108.83458505245018">
        <ele>406.96712337154895</ele>
        <time>2025-11-24T04:15:56.900000Z</time>
        <extensions>
          <gpxtpx:TrackPointExtension>
            <gpxtpx:hr>108</gpxtpx:hr>
          </gpxtpx:TrackPointExtension>
        </extensions>
      </trkpt>
      <trkpt lat="34.21182424783272" lon="108.83457239499445">
        <ele>406.94923988357186</ele>
        <time>2025-11-24T04:15:57.900000Z</time>
      </trkpt>
      <trkpt lat="34.21182689653744" lon="108.83455860551918">
        <ele>406.91412808187306</ele>
        <time>2025-11-24T04:15:58.900000Z</time>
      </trkpt>
      <trkpt lat="34.211829785948076" lon="108.83454593932132">
        <ele>406.8775568753481</ele>
        <time>2025-11-24T04:15:59.900000Z</time>
      </trkpt>
      <trkpt lat="34.211831476727994" lon="108.83453322359925">
        <ele>406.8337708916515</ele>
        <time>2025-11-24T04:16:00.900000Z</time>
      </trkpt>
      <trkpt lat="34.21183220943913" lon="108.8345215247658">
        <ele>406.7816436747089</ele>
        <time>2025-11-24T04:16:01.900000Z</time>
      </trkpt>
      <trkpt lat="34.21183268498671" lon="108.83451008196658">
        <ele>406.7218033345416</ele>
        <time>2025-11-24T04:16:02.900000Z</time>
      </trkpt>
      <trkpt lat="34.21183320960972" lon="108.83449908816881">
        <ele>406.6559738731012</ele>
        <time>2025-11-24T04:16:03.900000Z</time>
      </trkpt>
      <trkpt lat="34.21183406498812" lon="108.8344888953821">
        <ele>406.5848610298708</ele>
        <time>2025-11-24T04:16:04.900000Z</time>
      </trkpt>
      <trkpt lat="34.2118354590558" lon="108.83447995150114">
        <ele>406.51121457479894</ele>
        <time>2025-11-24T04:16:05.900000Z</time>
      </trkpt>
      <trkpt lat="34.211838326839725" lon="108.83447203743526">
        <ele>406.43553627841175</ele>
        <time>2025-11-24T04:16:06.900000Z</time>
      </trkpt>
      <trkpt lat="34.211842649305" lon="108.83446515408225">
        <ele>406.3605658477172</ele>
        <time>2025-11-24T04:16:07.900000Z</time>
      </trkpt>
      <trkpt lat="34.211847615183714" lon="108.83446001654828">
        <ele>406.2852323167026</ele>
        <time>2025-11-24T04:16:08.900000Z</time>
      </trkpt>
      <trkpt lat="34.211853268077974" lon="108.83445559373001">
        <ele>406.14352782350034</ele>
        <time>2025-11-24T04:16:10.900000Z</time>
      </trkpt>
      <trkpt lat="34.211851512423436" lon="108.83445534604844">
        <ele>406.0821828674525</ele>
        <time>2025-11-24T04:16:11.900000Z</time>
      </trkpt>
      <trkpt lat="34.211843734668946" lon="108.83445474219435">
        <ele>406.023781016469</ele>
        <time>2025-11-24T04:16:12.900000Z</time>
      </trkpt>
      <trkpt lat="34.21183693800085" lon="108.83445421980707">
        <ele>405.9675352331251</ele>
        <time>2025-11-24T04:16:13.900000Z</time>
      </trkpt>
      <trkpt lat="34.211831263729714" lon="108.8344525515606">
        <ele>405.9148053769022</ele>
        <time>2025-11-24T04:16:14.900000Z</time>
      </trkpt>
      <trkpt lat="34.211825194601666" lon="108.83444933584347">
        <ele>405.870860283263</ele>
        <time>2025-11-24T04:16:15.900000Z</time>
      </trkpt>
      <trkpt lat="34.211817830379154" lon="108.83444572265577">
        <ele>405.82875216938555</ele>
        <time>2025-11-24T04:16:16.900000Z</time>
      </trkpt>
      <trkpt lat="34.21180940493197" lon="108.83444163925748">
        <ele>405.79129287973046</ele>
        <time>2025-11-24T04:16:17.900000Z</time>
      </trkpt>
      <trkpt lat="34.21180027596227" lon="108.83443749109561">
        <ele>405.757844270207</ele>
        <time>2025-11-24T04:16:18.900000Z</time>
      </trkpt>
      <trkpt lat="34.21179134679087" lon="108.83443306534457">
        <ele>405.7257720967755</ele>
        <time>2025-11-24T04:16:19.900000Z</time>
      </trkpt>
      <trkpt lat="34.211782734602195" lon="108.83442839208944">
        <ele>405.6905814195052</ele>
        <time>2025-11-24T04:16:20.900000Z</time>
      </trkpt>
      <trkpt lat="34.21177440821026" lon="108.83442405766702">
        <ele>405.6673951689154</ele>
        <time>2025-11-24T04:16:21.900000Z</time>
      </trkpt>
      <trkpt lat="34.21176665790264" lon="108.83442020710741">
        <ele>405.6459765266627</ele>
        <time>2025-11-24T04:16:22.900000Z</time>
      </trkpt>
      <trkpt lat="34.211760087988196" lon="108.83441694352454">
        <ele>405.6316200103611</ele>
        <time>2025-11-24T04:16:23.900000Z</time>
      </trkpt>
      <trkpt lat="34.211754107998544" lon="108.83441454443684">
        <ele>405.6316241528839</ele>
        <time>2025-11-24T04:16:24.900000Z</time>
      </trkpt>
      <trkpt lat="34.21174839117526" lon="108.83441311375854">
        <ele>405.640137553215</ele>
        <time>2025-11-24T04:16:25.900000Z</time>
      </trkpt>
      <trkpt lat="34.21174247989652" lon="108.83441330062911">
        <ele>405.6563611086458</ele>
        <time>2025-11-24T04:16:26.900000Z</time>
      </trkpt>
      <trkpt lat="34.21173697793495" lon="108.83441496677915">
        <ele>405.6767286574468</ele>
        <time>2025-11-24T04:16:27.900000Z</time>
      </trkpt>
      <trkpt lat="34.211732735387606" lon="108.83441633404986">
        <ele>405.69666576758027</ele>
        <time>2025-11-24T04:16:28.900000Z</time>
      </trkpt>
      <trkpt lat="34.21172882415162" lon="108.83441639583485">
        <ele>405.71481243893504</ele>
        <time>2025-11-24T04:16:29.900000Z</time>
      </trkpt>
      <trkpt lat="34.21172412571034" lon="108.83441632205582">
        <ele>405.73053549882025</ele>
        <time>2025-11-24T04:16:30.900000Z</time>
      </trkpt>
      <trkpt lat="34.21171898011786" lon="108.83441622486406">
        <ele>405.748541707173</ele>
        <time>2025-11-24T04:16:31.900000Z</time>
      </trkpt>
      <trkpt lat="34.21171383455805" lon="108.83441607123689">
        <ele>405.76905120536685</ele>
        <time>2025-11-24T04:16:32.900000Z</time>
      </trkpt>
      <trkpt lat="34.21170932699721" lon="108.8344167665703">
        <ele>405.79185141343623</ele>
        <time>2025-11-24T04:16:33.900000Z</time>
      </trkpt>
      <trkpt lat="34.21169439464063" lon="108.83442692523151">
        <ele>405.84055518265814</ele>
        <time>2025-11-24T04:16:35.900000Z</time>
      </trkpt>
      <trkpt lat="34.21168411482852" lon="108.83443478997529">
        <ele>405.86564066261053</ele>
        <time>2025-11-24T04:16:36.900000Z</time>
      </trkpt>
      <trkpt lat="34.21167336148799" lon="108.83444207403635">
        <ele>405.88896287139505</ele>
        <time>2025-11-24T04:16:37.900000Z</time>
      </trkpt>
      <trkpt lat="34.211663217779694" lon="108.83444715857452">
        <ele>405.9133500820026</ele>
        <time>2025-11-24T04:16:38.900000Z</time>
      </trkpt>
      <trkpt lat="34.211655717925886" lon="108.83444959395533">
        <ele>405.93674321845174</ele>
        <time>2025-11-24T04:16:39.900000Z</time>
      </trkpt>
      <trkpt lat="34.21165020423817" lon="108.83444999281693">
        <ele>405.95816726982594</ele>
        <time>2025-11-24T04:16:40.900000Z</time>
      </trkpt>
      <trkpt lat="34.21164577543828" lon="108.83444871514808">
        <ele>405.9798571318388</ele>
        <time>2025-11-24T04:16:41.900000Z</time>
      </trkpt>
      <trkpt lat="34.21164276085098" lon="108.8344463425242">
        <ele>406.0006625028327</ele>
        <time>2025-11-24T04:16:42.900000Z</time>
      </trkpt>
      <trkpt lat="34.21164135170874" lon="108.8344436547456">
        <ele>406.01565122883767</ele>
        <time>2025-11-24T04:16:43.900000Z</time>
      </trkpt>
      <trkpt lat="34.211640890954996" lon="108.83444107925162">
        <ele>406.0295012630522</ele>
        <time>2025-11-24T04:16:44.900000Z</time>
      </trkpt>
      <trkpt lat="34.211640647798234" lon="108.83443864203139">
        <ele>406.0401843804866</ele>
        <time>2025-11-24T04:16:45.900000Z</time>
      </trkpt>
      <trkpt lat="34.21163981144513" lon="108.83443595570651">
        <ele>406.051794372499</ele>
        <time>2025-11-24T04:16:46.900000Z</time>
      </trkpt>
      <trkpt lat="34.211638018872385" lon="108.83443316927374">
        <ele>406.0625098608434</ele>
        <time>2025-11-24T04:16:47.900000Z</time>
      </trkpt>
      <trkpt lat="34.21163505498552" lon="108.8344297577042">
        <ele>406.07949760369956</ele>
        <time>2025-11-24T04:16:48.900000Z</time>
      </trkpt>
      <trkpt lat="34.21163024823911" lon="108.83442572348001">
        <ele>406.0913440808654</ele>
        <time>2025-11-24T04:16:49.900000Z</time>
      </trkpt>
      <trkpt lat="34.21162412531529" lon="108.83442154768517">
        <ele>406.1026354311034</ele>
        <time>2025-11-24T04:16:50.900000Z</time>
      </trkpt>
      <trkpt lat="34.21161805438172" lon="108.83441807623282">
        <ele>406.1091201370582</ele>
        <time>2025-11-24T04:16:51.900000Z</time>
      </trkpt>
      <trkpt lat="34.21161378203543" lon="108.83441580686348">
        <ele>406.12279356550425</ele>
        <time>2025-11-24T04:16:52.900000Z</time>
      </trkpt>
      <trkpt lat="34.21161108419555" lon="108.8344148132399">
        <ele>406.1369884060696</ele>
        <time>2025-11-24T04:16:53.900000Z</time>
      </trkpt>
      <trkpt lat="34.21161017960361" lon="108.8344146717915">
        <ele>406.14862385205925</ele>
        <time>2025-11-24T04:16:54.900000Z</time>
      </trkpt>
      <trkpt lat="34.21161059898602" lon="108.83441501977502">
        <ele>406.16164487134665</ele>
        <time>2025-11-24T04:16:55.900000Z</time>
      </trkpt>
      <trkpt lat="34.21161111519763" lon="108.83441558746033">
        <ele>406.17541598621756</ele>
        <time>2025-11-24T04:16:56.900000Z</time>
      </trkpt>
      <trkpt lat="34.21161188699253" lon="108.83441620690508">
        <ele>406.18927727639675</ele>
        <time>2025-11-24T04:16:57.900000Z</time>
      </trkpt>
      <trkpt lat="34.2116138062257" lon="108.8344171240656">
        <ele>406.2030275044963</ele>
        <time>2025-11-24T04:16:58.900000Z</time>
      </trkpt>
      <trkpt lat="34.211617581626115" lon="108.8344179135119">
        <ele>406.21343061700463</ele>
        <time>2025-11-24T04:16:59.900000Z</time>
      </trkpt>
      <trkpt lat="34.211622216570895" lon="108.83441879073564">
        <ele>406.2231140593067</ele>
        <time>2025-11-24T04:17:00.900000Z</time>
      </trkpt>
      <trkpt lat="34.211627504240234" lon="108.83441988396122">
        <ele>406.23136964347214</ele>
        <time>2025-11-24T04:17:01.900000Z</time>
      </trkpt>
      <trkpt lat="34.211633215657045" lon="108.83442101594531">
        <ele>406.23740951903164</ele>
        <time>2025-11-24T04:17:02.900000Z</time>
      </trkpt>
      <trkpt lat="34.21163904369868" lon="108.83442246170283">
        <ele>406.24249853473157</ele>
        <time>2025-11-24T04:17:03.900000Z</time>
      </trkpt>
      <trkpt lat="34.21164430179187" lon="108.83442386686592">
        <ele>406.24378327373415</ele>
        <time>2025-11-24T04:17:04.900000Z</time>
      </trkpt>
      <trkpt lat="34.21164888764845" lon="108.8344253090119">
        <ele>406.2384003205225</ele>
        <time>2025-11-24T04:17:05.900000Z</time>
      </trkpt>
      <trkpt lat="34.21165297094272" lon="108.83442696561384">
        <ele>406.23158350307494</ele>
        <time>2025-11-24T04:17:06.900000Z</time>
      </trkpt>
      <trkpt lat="34.21165694084581" lon="108.83442877924543">
        <ele>406.225057085976</ele>
        <time>2025-11-24T04:17:07.900000Z</time>
      </trkpt>
      <trkpt lat="34.211660413527774" lon="108.83443065444595">
        <ele>406.21806344855577</ele>
        <time>2025-11-24T04:17:08.900000Z</time>
      </trkpt>
      <trkpt lat="34.21166354743403" lon="108.83443261039878">
        <ele>406.20971342083067</ele>
        <time>2025-11-24T04:17:09.900000Z</time>
      </trkpt>
      <trkpt lat="34.211666434181275" lon="108.83443478189294">
        <ele>406.19856459926814</ele>
        <time>2025-11-24T04:17:10.900000Z</time>
      </trkpt>
      <trkpt lat="34.2116693818504" lon="108.83443742859511">
        <ele>406.18558137957007</ele>
        <time>2025-11-24T04:17:11.900000Z</time>
      </trkpt>
      <trkpt lat="34.2116728336953" lon="108.83444094068997">
        <ele>406.16963076777756</ele>
        <time>2025-11-24T04:17:12.900000Z</time>
      </trkpt>
      <trkpt lat="34.211676214951986" lon="108.8344451402485">
        <ele>406.1508497754112</ele>
        <time>2025-11-24T04:17:13.900000Z</time>
      </trkpt>
      <trkpt lat="34.21167994212126" lon="108.83444999691532">
        <ele>406.13495594263077</ele>
        <time>2025-11-24T04:17:14.900000Z</time>
      </trkpt>
      <trkpt lat="34.21168367919931" lon="108.83445512893525">
        <ele>406.1194532895461</ele>
        <time>2025-11-24T04:17:15.900000Z</time>
      </trkpt>
      <trkpt lat="34.2116877841846" lon="108.83446045827165">
        <ele>406.1060968693346</ele>
        <time>2025-11-24T04:17:16.900000Z</time>
      </trkpt>
      <trkpt lat="34.211692445772854" lon="108.83446513732858">
        <ele>406.09688299894333</ele>
        <time>2025-11-24T04:17:17.900000Z</time>
      </trkpt>
      <trkpt lat="34.21169705124855" lon="108.83446944564564">
        <ele>406.08082201331854</ele>
        <time>2025-11-24T04:17:18.900000Z</time>
      </trkpt>
      <trkpt lat="34.21170188157611" lon="108.83447322446008">
        <ele>406.0682525001466</ele>
        <time>2025-11-24T04:17:19.900000Z</time>
      </trkpt>
      <trkpt lat="34.21170726210399" lon="108.83447647569005">
        <ele>406.0542284781113</ele>
        <time>2025-11-24T04:17:20.900000Z</time>
      </trkpt>
      <trkpt lat="34.211712962502126" lon="108.83447981049052">
        <ele>406.0365408696234</ele>
        <time>2025-11-24T04:17:21.900000Z</time>
      </trkpt>
      <trkpt lat="34.21171862184" lon="108.83448282720602">
        <ele>406.0205089272931</ele>
        <time>2025-11-24T04:17:22.900000Z</time>
      </trkpt>
      <trkpt lat="34.21172434446553" lon="108.8344856355966">
        <ele>406.0095133157447</ele>
        <time>2025-11-24T04:17:23.900000Z</time>
      </trkpt>
      <trkpt lat="34.21173036276711" lon="108.83448845868213">
        <ele>406.00263456162065</ele>
        <time>2025-11-24T04:17:24.900000Z</time>
      </trkpt>
      <trkpt lat="34.21173572988839" lon="108.8344909721792">
        <ele>406.00988913793117</ele>
        <time>2025-11-24T04:17:25.900000Z</time>
      </trkpt>
      <trkpt lat="34.21174074506053" lon="108.83449336008813">
        <ele>405.9950121482834</ele>
        <time>2025-11-24T04:17:26.900000Z</time>
      </trkpt>
      <trkpt lat="34.21174521826377" lon="108.83449579426232">
        <ele>405.9920902233571</ele>
        <time>2025-11-24T04:17:27.900000Z</time>
      </trkpt>
      <trkpt lat="34.211749024527776" lon="108.83449777803213">
        <ele>405.98350619804114</ele>
        <time>2025-11-24T04:17:28.900000Z</time>
      </trkpt>
      <trkpt lat="34.21175208023808" lon="108.83449943247798">
        <ele>405.9772151336074</ele>
        <time>2025-11-24T04:17:29.900000Z</time>
      </trkpt>
      <trkpt lat="34.21175425156209" lon="108.83450087561006">
        <ele>405.9780982481316</ele>
        <time>2025-11-24T04:17:30.900000Z</time>
      </trkpt>
      <trkpt lat="34.21175554663796" lon="108.83450215319232">
        <ele>405.9821825148538</ele>
        <time>2025-11-24T04:17:31.900000Z</time>
      </trkpt>
      <trkpt lat="34.21175630029137" lon="108.83450349159108">
        <ele>405.9867634475231</ele>
        <time>2025-11-24T04:17:32.900000Z</time>
      </trkpt>
      <trkpt lat="34.21175684516416" lon="108.83450500537114">
        <ele>405.99370802380145</ele>
        <time>2025-11-24T04:17:33.900000Z</time>
      </trkpt>
      <trkpt lat="34.211757263427415" lon="108.8345067631842">
        <ele>406.0017291530967</ele>
        <time>2025-11-24T04:17:34.900000Z</time>
      </trkpt>
      <trkpt lat="34.2117574450109" lon="108.83450858979404">
        <ele>406.0136379590258</ele>
        <time>2025-11-24T04:17:35.900000Z</time>
      </trkpt>
      <trkpt lat="34.21175652962813" lon="108.83451014491712">
        <ele>406.0183295989409</ele>
        <time>2025-11-24T04:17:36.900000Z</time>
      </trkpt>
      <trkpt lat="34.211755658104465" lon="108.83451118518829">
        <ele>406.0262841572985</ele>
        <time>2025-11-24T04:17:37.900000Z</time>
      </trkpt>
      <trkpt lat="34.21175249819947" lon="108.83451139399496">
        <ele>406.0345413964242</ele>
        <time>2025-11-24T04:17:38.900000Z</time>
      </trkpt>
      <trkpt lat="34.211749113915296" lon="108.83451117504109">
        <ele>406.043015233241</ele>
        <time>2025-11-24T04:17:39.900000Z</time>
      </trkpt>
      <trkpt lat="34.21174562692364" lon="108.8345106610565">
        <ele>406.05142057780176</ele>
        <time>2025-11-24T04:17:40.900000Z</time>
      </trkpt>
      <trkpt lat="34.21174427485671" lon="108.83451059794697">
        <ele>406.06142943445593</ele>
        <time>2025-11-24T04:17:41.900000Z</time>
      </trkpt>
      <trkpt lat="34.211742777670835" lon="108.83451066361924">
        <ele>406.07067938894033</ele>
        <time>2025-11-24T04:17:42.900000Z</time>
      </trkpt>
      <trkpt lat="34.21174130378749" lon="108.8345106080128">
        <ele>406.0792652750388</ele>
        <time>2025-11-24T04:17:43.900000Z</time>
      </trkpt>
      <trkpt lat="34.211739492841325" lon="108.83451030448694">
        <ele>406.08702426217496</ele>
        <time>2025-11-24T04:17:44.900000Z</time>
      </trkpt>
      <trkpt lat="34.21173709599587" lon="108.83450964084818">
        <ele>406.0939183831215</ele>
        <time>2025-11-24T04:17:45.900000Z</time>
      </trkpt>
      <trkpt lat="34.211734348393605" lon="108.83450855024472">
        <ele>406.1000429093838</ele>
        <time>2025-11-24T04:17:46.900000Z</time>
      </trkpt>
      <trkpt lat="34.2117316518401" lon="108.83450691289956">
        <ele>406.1055911993608</ele>
        <time>2025-11-24T04:17:47.900000Z</time>
      </trkpt>
      <trkpt lat="34.21172959891984" lon="108.83450561034297">
        <ele>406.1107379235327</ele>
        <time>2025-11-24T04:17:48.900000Z</time>
      </trkpt>
      <trkpt lat="34.21172854592135" lon="108.83450537049951">
        <ele>406.1155334748328</ele>
        <time>2025-11-24T04:17:49.900000Z</time>
      </trkpt>
      <trkpt lat="34.21172845089477" lon="108.83450580628929">
        <ele>406.12000449746847</ele>
        <time>2025-11-24T04:17:50.900000Z</time>
      </trkpt>
      <trkpt lat="34.211728981756856" lon="108.83450657727131">
        <ele>406.1241204440594</ele>
        <time>2025-11-24T04:17:51.900000Z</time>
      </trkpt>
      <trkpt lat="34.21172969771252" lon="108.83450737992031">
        <ele>406.1278577381745</ele>
        <time>2025-11-24T04:17:52.900000Z</time>
      </trkpt>
      <trkpt lat="34.21173037934227" lon="108.83450809749183">
        <ele>406.1311781294644</ele>
        <time>2025-11-24T04:17:53.900000Z</time>
      </trkpt>
      <trkpt lat="34.2117310004487" lon="108.83450873444386">
        <ele>406.13408456463367</ele>
        <time>2025-11-24T04:17:54.900000Z</time>
      </trkpt>
      <trkpt lat="34.211731571746306" lon="108.83450931368927">
        <ele>406.1365901455283</ele>
        <time>2025-11-24T04:17:55.900000Z</time>
      </trkpt>
      <trkpt lat="34.21173214524962" lon="108.8345098923251">
        <ele>406.1387270633131</ele>
        <time>2025-11-24T04:17:56.900000Z</time>
      </trkpt>
      <trkpt lat="34.21173268943817" lon="108.8345104403474">
        <ele>406.1405189279467</ele>
        <time>2025-11-24T04:17:57.900000Z</time>
      </trkpt>
      <trkpt lat="34.21173319570507" lon="108.83451094966725">
        <ele>406.1420265901834</ele>
        <time>2025-11-24T04:17:58.900000Z</time>
      </trkpt>
      <trkpt lat="34.21173371291234" lon="108.83451146976017">
        <ele>406.1432782197371</ele>
        <time>2025-11-24T04:17:59.900000Z</time>
      </trkpt>
      <trkpt lat="34.21173420599169" lon="108.83451196547988">
        <ele>406.1442833933979</ele>
        <time>2025-11-24T04:18:00.900000Z</time>
      </trkpt>
      <trkpt lat="34.211734661353276" lon="108.83451242322344">
        <ele>406.1450605643913</ele>
        <time>2025-11-24T04:18:01.900000Z</time>
      </trkpt>
      <trkpt lat="34.21173506998873" lon="108.83451283396727">
        <ele>406.14565162267536</ele>
        <time>2025-11-24T04:18:02.900000Z</time>
      </trkpt>
      <trkpt lat="34.21173543276934" lon="108.83451319860391">
        <ele>406.14607627969235</ele>
        <time>2025-11-24T04:18:03.900000Z</time>
      </trkpt>
      <trkpt lat="34.21173574775075" lon="108.83451351518855">
        <ele>406.1463713850826</ele>
        <time>2025-11-24T04:18:04.900000Z</time>
      </trkpt>
      <trkpt lat="34.211736016080444" lon="108.83451378487975">
        <ele>406.14656337723136</ele>
        <time>2025-11-24T04:18:05.900000Z</time>
      </trkpt>
      <trkpt lat="34.21173624257438" lon="108.83451401252056">
        <ele>406.14666339661926</ele>
        <time>2025-11-24T04:18:06.900000Z</time>
      </trkpt>
      <trkpt lat="34.211736431488745" lon="108.83451420239022">
        <ele>406.1466933032498</ele>
        <time>2025-11-24T04:18:07.900000Z</time>
      </trkpt>
      <trkpt lat="34.21173658932951" lon="108.8345143610285">
        <ele>406.1466656252742</ele>
        <time>2025-11-24T04:18:08.900000Z</time>
      </trkpt>
      <trkpt lat="34.2117367219228" lon="108.83451449429135">
        <ele>406.14659183472395</ele>
        <time>2025-11-24T04:18:09.900000Z</time>
      </trkpt>
      <trkpt lat="34.21173683225542" lon="108.83451460518093">
        <ele>406.1464846851304</ele>
        <time>2025-11-24T04:18:10.900000Z</time>
      </trkpt>
      <trkpt lat="34.21173692465634" lon="108.8345146980482">
        <ele>406.1463552583009</ele>
        <time>2025-11-24T04:18:11.900000Z</time>
      </trkpt>
      <trkpt lat="34.211737002349395" lon="108.83451477613335">
        <ele>406.1462122062221</ele>
        <time>2025-11-24T04:18:12.900000Z</time>
      </trkpt>
      <trkpt lat="34.21173706646114" lon="108.83451484056857">
        <ele>406.1460622632876</ele>
        <time>2025-11-24T04:18:13.900000Z</time>
      </trkpt>
      <trkpt lat="34.211737117900576" lon="108.83451489226758">
        <ele>406.14591076411307</ele>
        <time>2025-11-24T04:18:14.900000Z</time>
      </trkpt>
      <trkpt lat="34.21173716004589" lon="108.83451493462557">
        <ele>406.1457618577406</ele>
        <time>2025-11-24T04:18:15.900000Z</time>
      </trkpt>
      <trkpt lat="34.21173719586096" lon="108.83451497062133">
        <ele>406.14561854302883</ele>
        <time>2025-11-24T04:18:16.900000Z</time>
      </trkpt>
      <trkpt lat="34.21173722983674" lon="108.83451500476855">
        <ele>406.145481181331</ele>
        <time>2025-11-24T04:18:17.900000Z</time>
      </trkpt>
      <trkpt lat="34.21173726469464" lon="108.83451503980234">
        <ele>406.1453513754532</ele>
        <time>2025-11-24T04:18:18.900000Z</time>
      </trkpt>
      <trkpt lat="34.21173729793935" lon="108.83451507321476">
        <ele>406.14523110352457</ele>
        <time>2025-11-24T04:18:19.900000Z</time>
      </trkpt>
      <trkpt lat="34.21173732843522" lon="108.83451510386452">
        <ele>406.14512215182185</ele>
        <time>2025-11-24T04:18:20.900000Z</time>
      </trkpt>
      <trkpt lat="34.21173735575661" lon="108.83451513132377">
        <ele>406.1450248863548</ele>
        <time>2025-11-24T04:18:21.900000Z</time>
      </trkpt>
      <trkpt lat="34.21173738008396" lon="108.83451515577387">
        <ele>406.14494010526687</ele>
        <time>2025-11-24T04:18:22.900000Z</time>
      </trkpt>
      <trkpt lat="34.21173740141046" lon="108.83451517720796">
        <ele>406.1448661694303</ele>
        <time>2025-11-24T04:18:23.900000Z</time>
      </trkpt>
      <trkpt lat="34.211737419568635" lon="108.83451519545775">
        <ele>406.14480213355273</ele>
        <time>2025-11-24T04:18:24.900000Z</time>
      </trkpt>
      <trkpt lat="34.211737435070376" lon="108.8345152110377">
        <ele>406.1447459971532</ele>
        <time>2025-11-24T04:18:25.900000Z</time>
      </trkpt>
      <trkpt lat="34.21173744821408" lon="108.83451522424774">
        <ele>406.14469824917614</ele>
        <time>2025-11-24T04:18:26.900000Z</time>
      </trkpt>
      <trkpt lat="34.21173745935978" lon="108.83451523544969">
        <ele>406.14465875178576</ele>
        <time>2025-11-24T04:18:27.900000Z</time>
      </trkpt>
      <trkpt lat="34.21173746899817" lon="108.83451524513667">
        <ele>406.1446268064901</ele>
        <time>2025-11-24T04:18:28.900000Z</time>
      </trkpt>
      <trkpt lat="34.211737477390884" lon="108.83451525357177">
        <ele>406.1446020985022</ele>
        <time>2025-11-24T04:18:29.900000Z</time>
      </trkpt>
      <trkpt lat="34.21173748478518" lon="108.83451526100335">
        <ele>406.1445825966075</ele>
        <time>2025-11-24T04:18:30.900000Z</time>
      </trkpt>
      <trkpt lat="34.21173749149664" lon="108.8345152677487">
        <ele>406.14456852152944</ele>
        <time>2025-11-24T04:18:31.900000Z</time>
      </trkpt>
      <trkpt lat="34.21173749736285" lon="108.83451527364447">
        <ele>406.14455816615373</ele>
        <time>2025-11-24T04:18:32.900000Z</time>
      </trkpt>
      <trkpt lat="34.211737502511134" lon="108.83451527881876">
        <ele>406.14455127250403</ele>
        <time>2025-11-24T04:18:33.900000Z</time>
      </trkpt>
      <trkpt lat="34.211737507003214" lon="108.8345152833335">
        <ele>406.1445472482592</ele>
        <time>2025-11-24T04:18:34.900000Z</time>
      </trkpt>
      <trkpt lat="34.2117375109696" lon="108.8345152873199">
        <ele>406.1445455402136</ele>
        <time>2025-11-24T04:18:35.900000Z</time>
      </trkpt>
      <trkpt lat="34.211737518655085" lon="108.83451529504416">
        <ele>406.14454795699567</ele>
        <time>2025-11-24T04:18:37.900000Z</time>
      </trkpt>
      <trkpt lat="34.211730964836356" lon="108.8345381414892">
        <ele>407.07333276141435</ele>
        <time>2025-11-24T04:23:39.900000Z</time>
        <extensions>
          <gpxtpx:TrackPointExtension>
            <gpxtpx:hr>105</gpxtpx:hr>
          </gpxtpx:TrackPointExtension>
        </extensions>
      </trkpt>
      <trkpt lat="34.21173608810997" lon="108.83453599600765">
        <ele>407.135402164422</ele>
        <time>2025-11-24T04:23:40.900000Z</time>
        <extensions>
          <gpxtpx:TrackPointExtension>
            <gpxtpx:hr>105</gpxtpx:hr>
          </gpxtpx:TrackPointExtension>
        </extensions>
      </trkpt>
      <trkpt lat="34.21174104998533" lon="108.83453370682484">
        <ele>407.1334422454238</ele>
        <time>2025-11-24T04:23:41.900000Z</time>
        <extensions>
          <gpxtpx:TrackPointExtension>
            <gpxtpx:hr>105</gpxtpx:hr>
          </gpxtpx:TrackPointExtension>
        </extensions>
      </trkpt>
      <trkpt lat="34.211745222050325" lon="108.83453017869148">
        <ele>407.1351198060438</ele>
        <time>2025-11-24T04:23:42.900000Z</time>
        <extensions>
          <gpxtpx:TrackPointExtension>
            <gpxtpx:hr>105</gpxtpx:hr>
          </gpxtpx:TrackPointExtension>
        </extensions>
      </trkpt>
      <trkpt lat="34.21174822682863" lon="108.83452439618235">
        <ele>407.1297973524779</ele>
        <time>2025-11-24T04:23:43.900000Z</time>
        <extensions>
          <gpxtpx:TrackPointExtension>
            <gpxtpx:hr>105</gpxtpx:hr>
          </gpxtpx:TrackPointExtension>
        </extensions>
      </trkpt>
      <trkpt lat="34.21175088814688" lon="108.83451641821333">
        <ele>407.11661303881556</ele>
        <time>2025-11-24T04:23:44.900000Z</time>
        <extensions>
          <gpxtpx:TrackPointExtension>
            <gpxtpx:hr>115</gpxtpx:hr>
          </gpxtpx:TrackPointExtension>
        </extensions>
      </trkpt>
      <trkpt lat="34.21175489164404" lon="108.83450773985564">
        <ele>407.1158916167915</ele>
        <time>2025-11-24T04:23:45.900000Z</time>
        <extensions>
          <gpxtpx:TrackPointExtension>
            <gpxtpx:hr>115</gpxtpx:hr>
          </gpxtpx:TrackPointExtension>
        </extensions>
      </trkpt>
      <trkpt lat="34.2117599898394" lon="108.83449865291354">
        <ele>407.13204491790384</ele>
        <time>2025-11-24T04:23:46.900000Z</time>
        <extensions>
          <gpxtpx:TrackPointExtension>
            <gpxtpx:hr>115</gpxtpx:hr>
          </gpxtpx:TrackPointExtension>
        </extensions>
      </trkpt>
      <trkpt lat="34.21176559504494" lon="108.83449075050139">
        <ele>407.14261649455875</ele>
        <time>2025-11-24T04:23:47.900000Z</time>
        <extensions>
          <gpxtpx:TrackPointExtension>
            <gpxtpx:hr>115</gpxtpx:hr>
          </gpxtpx:TrackPointExtension>
        </extensions>
      </trkpt>
      <trkpt lat="34.21177061345514" lon="108.83448388819723">
        <ele>407.140861203894</ele>
        <time>2025-11-24T04:23:48.900000Z</time>
        <extensions>
          <gpxtpx:TrackPointExtension>
            <gpxtpx:hr>115</gpxtpx:hr>
          </gpxtpx:TrackPointExtension>
        </extensions>
      </trkpt>
      <trkpt lat="34.21177547477531" lon="108.83447609026601">
        <ele>407.12727042566985</ele>
        <time>2025-11-24T04:23:49.900000Z</time>
        <extensions>
          <gpxtpx:TrackPointExtension>
            <gpxtpx:hr>117</gpxtpx:hr>
          </gpxtpx:TrackPointExtension>
        </extensions>
      </trkpt>
      <trkpt lat="34.211780471307165" lon="108.83446798603303">
        <ele>407.10045780520886</ele>
        <time>2025-11-24T04:23:50.900000Z</time>
        <extensions>
          <gpxtpx:TrackPointExtension>
            <gpxtpx:hr>117</gpxtpx:hr>
          </gpxtpx:TrackPointExtension>
        </extensions>
      </trkpt>
      <trkpt lat="34.21178530813681" lon="108.83446043351148">
        <ele>407.07869782298803</ele>
        <time>2025-11-24T04:23:51.900000Z</time>
        <extensions>
          <gpxtpx:TrackPointExtension>
            <gpxtpx:hr>117</gpxtpx:hr>
          </gpxtpx:TrackPointExtension>
        </extensions>
      </trkpt>
      <trkpt lat="34.21179047016619" lon="108.83445392531816">
        <ele>407.092652595602</ele>
        <time>2025-11-24T04:23:52.900000Z</time>
        <extensions>
          <gpxtpx:TrackPointExtension>
            <gpxtpx:hr>117</gpxtpx:hr>
          </gpxtpx:TrackPointExtension>
        </extensions>
      </trkpt>
      <trkpt lat="34.21179577436951" lon="108.83444839006884">
        <ele>407.11934491526335</ele>
        <time>2025-11-24T04:23:53.900000Z</time>
        <extensions>
          <gpxtpx:TrackPointExtension>
            <gpxtpx:hr>121</gpxtpx:hr>
          </gpxtpx:TrackPointExtension>
        </extensions>
      </trkpt>
      <trkpt lat="34.21180173949998" lon="108.83444397793536">
        <ele>407.1308370390907</ele>
        <time>2025-11-24T04:23:54.900000Z</time>
        <extensions>
          <gpxtpx:TrackPointExtension>
            <gpxtpx:hr>121</gpxtpx:hr>
          </gpxtpx:TrackPointExtension>
        </extensions>
      </trkpt>
      <trkpt lat="34.2118082004181" lon="108.83444113130084">
        <ele>407.11312467139214</ele>
        <time>2025-11-24T04:23:55.900000Z</time>
        <extensions>
          <gpxtpx:TrackPointExtension>
            <gpxtpx:hr>121</gpxtpx:hr>
          </gpxtpx:TrackPointExtension>
        </extensions>
      </trkpt>
      <trkpt lat="34.211814822588444" lon="108.8344392995711">
        <ele>407.104921285063</ele>
        <time>2025-11-24T04:23:56.900000Z</time>
        <extensions>
          <gpxtpx:TrackPointExtension>
            <gpxtpx:hr>121</gpxtpx:hr>
          </gpxtpx:TrackPointExtension>
        </extensions>
      </trkpt>
      <trkpt lat="34.211821306882605" lon="108.83443804569677">
        <ele>407.1082853898406</ele>
        <time>2025-11-24T04:23:57.900000Z</time>
        <extensions>
          <gpxtpx:TrackPointExtension>
            <gpxtpx:hr>121</gpxtpx:hr>
          </gpxtpx:TrackPointExtension>
        </extensions>
      </trkpt>
      <trkpt lat="34.21182731236076" lon="108.83443704632582">
        <ele>407.13504140172154</ele>
        <time>2025-11-24T04:23:58.900000Z</time>
        <extensions>
          <gpxtpx:TrackPointExtension>
            <gpxtpx:hr>121</gpxtpx:hr>
          </gpxtpx:TrackPointExtension>
        </extensions>
      </trkpt>
      <trkpt lat="34.211832716484324" lon="108.83443647237385">
        <ele>407.1406350536272</ele>
        <time>2025-11-24T04:23:59.900000Z</time>
        <extensions>
          <gpxtpx:TrackPointExtension>
            <gpxtpx:hr>121</gpxtpx:hr>
          </gpxtpx:TrackPointExtension>
        </extensions>
      </trkpt>
      <trkpt lat="34.21183743635738" lon="108.83443599335978">
        <ele>407.149942047894</ele>
        <time>2025-11-24T04:24:00.900000Z</time>
        <extensions>
          <gpxtpx:TrackPointExtension>
            <gpxtpx:hr>121</gpxtpx:hr>
          </gpxtpx:TrackPointExtension>
        </extensions>
      </trkpt>
      <trkpt lat="34.211841479337075" lon="108.83443576155324">
        <ele>407.1594000654295</ele>
        <time>2025-11-24T04:24:01.900000Z</time>
        <extensions>
          <gpxtpx:TrackPointExtension>
            <gpxtpx:hr>121</gpxtpx:hr>
          </gpxtpx:TrackPointExtension>
        </extensions>
      </trkpt>
      <trkpt lat="34.21184469836931" lon="108.8344358390451">
        <ele>407.15183945558965</ele>
        <time>2025-11-24T04:24:02.900000Z</time>
        <extensions>
          <gpxtpx:TrackPointExtension>
            <gpxtpx:hr>121</gpxtpx:hr>
          </gpxtpx:TrackPointExtension>
        </extensions>
      </trkpt>
      <trkpt lat="34.21184717885984" lon="108.83443599769409">
        <ele>407.1413171039894</ele>
        <time>2025-11-24T04:24:03.900000Z</time>
        <extensions>
          <gpxtpx:TrackPointExtension>
            <gpxtpx:hr>126</gpxtpx:hr>
          </gpxtpx:TrackPointExtension>
        </extensions>
      </trkpt>
      <trkpt lat="34.211848940129066" lon="108.83443581025497">
        <ele>407.1526712924242</ele>
        <time>2025-11-24T04:24:04.900000Z</time>
        <extensions>
          <gpxtpx:TrackPointExtension>
            <gpxtpx:hr>126</gpxtpx:hr>
          </gpxtpx:TrackPointExtension>
        </extensions>
      </trkpt>
      <trkpt lat="34.21185019064765" lon="108.83443508343726">
        <ele>407.1568400459364</ele>
        <time>2025-11-24T04:24:05.900000Z</time>
        <extensions>
          <gpxtpx:TrackPointExtension>
            <gpxtpx:hr>126</gpxtpx:hr>
          </gpxtpx:TrackPointExtension>
        </extensions>
      </trkpt>
      <trkpt lat="34.21185065126208" lon="108.83443352202372">
        <ele>407.1409896016121</ele>
        <time>2025-11-24T04:24:06.900000Z</time>
        <extensions>
          <gpxtpx:TrackPointExtension>
            <gpxtpx:hr>126</gpxtpx:hr>
          </gpxtpx:TrackPointExtension>
        </extensions>
      </trkpt>
      <trkpt lat="34.21185026724906" lon="108.83443128952325">
        <ele>407.12389533035457</ele>
        <time>2025-11-24T04:24:07.900000Z</time>
        <extensions>
          <gpxtpx:TrackPointExtension>
            <gpxtpx:hr>126</gpxtpx:hr>
          </gpxtpx:TrackPointExtension>
        </extensions>
      </trkpt>
      <trkpt lat="34.211849037121674" lon="108.83442941751143">
        <ele>407.1202928395942</ele>
        <time>2025-11-24T04:24:08.900000Z</time>
        <extensions>
          <gpxtpx:TrackPointExtension>
            <gpxtpx:hr>126</gpxtpx:hr>
          </gpxtpx:TrackPointExtension>
        </extensions>
      </trkpt>
      <trkpt lat="34.21184707125662" lon="108.83442845400461">
        <ele>407.1495611984283</ele>
        <time>2025-11-24T04:24:09.900000Z</time>
        <extensions>
          <gpxtpx:TrackPointExtension>
            <gpxtpx:hr>126</gpxtpx:hr>
          </gpxtpx:TrackPointExtension>
        </extensions>
      </trkpt>
      <trkpt lat="34.21184402421583" lon="108.83442845105724">
        <ele>407.1807886445895</ele>
        <time>2025-11-24T04:24:10.900000Z</time>
        <extensions>
          <gpxtpx:TrackPointExtension>
            <gpxtpx:hr>126</gpxtpx:hr>
          </gpxtpx:TrackPointExtension>
        </extensions>
      </trkpt>
      <trkpt lat="34.21183965958088" lon="108.83442976835903">
        <ele>407.20722542423755</ele>
        <time>2025-11-24T04:24:11.900000Z</time>
        <extensions>
          <gpxtpx:TrackPointExtension>
            <gpxtpx:hr>126</gpxtpx:hr>
          </gpxtpx:TrackPointExtension>
        </extensions>
      </trkpt>
      <trkpt lat="34.211834895971776" lon="108.83443192674572">
        <ele>407.24979063495994</ele>
        <time>2025-11-24T04:24:12.900000Z</time>
        <extensions>
          <gpxtpx:TrackPointExtension>
            <gpxtpx:hr>129</gpxtpx:hr>
          </gpxtpx:TrackPointExtension>
        </extensions>
      </trkpt>
      <trkpt lat="34.211830217379884" lon="108.83443391159462">
        <ele>407.27098283171654</ele>
        <time>2025-11-24T04:24:13.900000Z</time>
        <extensions>
          <gpxtpx:TrackPointExtension>
            <gpxtpx:hr>129</gpxtpx:hr>
          </gpxtpx:TrackPointExtension>
        </extensions>
      </trkpt>
      <trkpt lat="34.21182546057919" lon="108.83443526454214">
        <ele>407.27163009904325</ele>
        <time>2025-11-24T04:24:14.900000Z</time>
        <extensions>
          <gpxtpx:TrackPointExtension>
            <gpxtpx:hr>129</gpxtpx:hr>
          </gpxtpx:TrackPointExtension>
        </extensions>
      </trkpt>
      <trkpt lat="34.21182040963833" lon="108.8344354759971">
        <ele>407.27149518206716</ele>
        <time>2025-11-24T04:24:15.900000Z</time>
        <extensions>
          <gpxtpx:TrackPointExtension>
            <gpxtpx:hr>129</gpxtpx:hr>
          </gpxtpx:TrackPointExtension>
        </extensions>
      </trkpt>
      <trkpt lat="34.21181533053362" lon="108.8344347575128">
        <ele>407.2630760585889</ele>
        <time>2025-11-24T04:24:16.900000Z</time>
        <extensions>
          <gpxtpx:TrackPointExtension>
            <gpxtpx:hr>129</gpxtpx:hr>
          </gpxtpx:TrackPointExtension>
        </extensions>
      </trkpt>
      <trkpt lat="34.21180998597641" lon="108.83443365660841">
        <ele>407.24813154060394</ele>
        <time>2025-11-24T04:24:17.900000Z</time>
        <extensions>
          <gpxtpx:TrackPointExtension>
            <gpxtpx:hr>129</gpxtpx:hr>
          </gpxtpx:TrackPointExtension>
        </extensions>
      </trkpt>
      <trkpt lat="34.21180385609545" lon="108.8344321972117">
        <ele>407.2431871602312</ele>
        <time>2025-11-24T04:24:18.900000Z</time>
        <extensions>
          <gpxtpx:TrackPointExtension>
            <gpxtpx:hr>129</gpxtpx:hr>
          </gpxtpx:TrackPointExtension>
        </extensions>
      </trkpt>
      <trkpt lat="34.21179723286847" lon="108.83443045939474">
        <ele>407.223793704994</ele>
        <time>2025-11-24T04:24:19.900000Z</time>
        <extensions>
          <gpxtpx:TrackPointExtension>
            <gpxtpx:hr>129</gpxtpx:hr>
          </gpxtpx:TrackPointExtension>
        </extensions>
      </trkpt>
      <trkpt lat="34.211790523864614" lon="108.83442895285579">
        <ele>407.18017164617777</ele>
        <time>2025-11-24T04:24:20.900000Z</time>
        <extensions>
          <gpxtpx:TrackPointExtension>
            <gpxtpx:hr>129</gpxtpx:hr>
          </gpxtpx:TrackPointExtension>
        </extensions>
      </trkpt>
      <trkpt lat="34.211783518844015" lon="108.83442816166692">
        <ele>407.13776518125087</ele>
        <time>2025-11-24T04:24:21.900000Z</time>
        <extensions>
          <gpxtpx:TrackPointExtension>
            <gpxtpx:hr>127</gpxtpx:hr>
          </gpxtpx:TrackPointExtension>
        </extensions>
      </trkpt>
      <trkpt lat="34.21177624091116" lon="108.83442782051095">
        <ele>407.0877639306709</ele>
        <time>2025-11-24T04:24:22.900000Z</time>
        <extensions>
          <gpxtpx:TrackPointExtension>
            <gpxtpx:hr>127</gpxtpx:hr>
          </gpxtpx:TrackPointExtension>
        </extensions>
      </trkpt>
      <trkpt lat="34.21176919042819" lon="108.83442737245734">
        <ele>406.9965572245419</ele>
        <time>2025-11-24T04:24:23.900000Z</time>
        <extensions>
          <gpxtpx:TrackPointExtension>
            <gpxtpx:hr>127</gpxtpx:hr>
          </gpxtpx:TrackPointExtension>
        </extensions>
      </trkpt>
      <trkpt lat="34.211762576902416" lon="108.83442658802127">
        <ele>406.9082519579679</ele>
        <time>2025-11-24T04:24:24.900000Z</time>
        <extensions>
          <gpxtpx:TrackPointExtension>
            <gpxtpx:hr>127</gpxtpx:hr>
          </gpxtpx:TrackPointExtension>
        </extensions>
      </trkpt>
      <trkpt lat="34.21175646138187" lon="108.83442564765667">
        <ele>406.8205982046202</ele>
        <time>2025-11-24T04:24:25.900000Z</time>
        <extensions>
          <gpxtpx:TrackPointExtension>
            <gpxtpx:hr>127</gpxtpx:hr>
          </gpxtpx:TrackPointExtension>
        </extensions>
      </trkpt>
      <trkpt lat="34.2117509330522" lon="108.83442474213048">
        <ele>406.7278295205906</ele>
        <time>2025-11-24T04:24:26.900000Z</time>
        <extensions>
          <gpxtpx:TrackPointExtension>
            <gpxtpx:hr>127</gpxtpx:hr>
          </gpxtpx:TrackPointExtension>
        </extensions>
      </trkpt>
      <trkpt lat="34.21174577395382" lon="108.83442407130576">
        <ele>406.63990947790444</ele>
        <time>2025-11-24T04:24:27.900000Z</time>
        <extensions>
          <gpxtpx:TrackPointExtension>
            <gpxtpx:hr>127</gpxtpx:hr>
          </gpxtpx:TrackPointExtension>
        </extensions>
      </trkpt>
      <trkpt lat="34.21174100446526" lon="108.83442328116614">
        <ele>406.54017542116344</ele>
        <time>2025-11-24T04:24:28.900000Z</time>
        <extensions>
          <gpxtpx:TrackPointExtension>
            <gpxtpx:hr>127</gpxtpx:hr>
          </gpxtpx:TrackPointExtension>
        </extensions>
      </trkpt>
      <trkpt lat="34.21173707806635" lon="108.83442220673571">
        <ele>406.4481982346624</ele>
        <time>2025-11-24T04:24:29.900000Z</time>
        <extensions>
          <gpxtpx:TrackPointExtension>
            <gpxtpx:hr>125</gpxtpx:hr>
          </gpxtpx:TrackPointExtension>
        </extensions>
      </trkpt>
      <trkpt lat="34.2117341260775" lon="108.83442107779352">
        <ele>406.35123045928776</ele>
        <time>2025-11-24T04:24:30.900000Z</time>
        <extensions>
          <gpxtpx:TrackPointExtension>
            <gpxtpx:hr>125</gpxtpx:hr>
          </gpxtpx:TrackPointExtension>
        </extensions>
      </trkpt>
      <trkpt lat="34.2117317600332" lon="108.83441954388086">
        <ele>406.20225244015455</ele>
        <time>2025-11-24T04:24:31.900000Z</time>
        <extensions>
          <gpxtpx:TrackPointExtension>
            <gpxtpx:hr>125</gpxtpx:hr>
          </gpxtpx:TrackPointExtension>
        </extensions>
      </trkpt>
      <trkpt lat="34.21172945310882" lon="108.83441705850753">
        <ele>406.0230250861496</ele>
        <time>2025-11-24T04:24:32.900000Z</time>
        <extensions>
          <gpxtpx:TrackPointExtension>
            <gpxtpx:hr>125</gpxtpx:hr>
          </gpxtpx:TrackPointExtension>
        </extensions>
      </trkpt>
      <trkpt lat="34.21172734667335" lon="108.83441310093164">
        <ele>405.87535036262125</ele>
        <time>2025-11-24T04:24:33.900000Z</time>
        <extensions>
          <gpxtpx:TrackPointExtension>
            <gpxtpx:hr>125</gpxtpx:hr>
          </gpxtpx:TrackPointExtension>
        </extensions>
      </trkpt>
      <trkpt lat="34.21172587795598" lon="108.83440806794273">
        <ele>405.73953238967806</ele>
        <time>2025-11-24T04:24:34.900000Z</time>
        <extensions>
          <gpxtpx:TrackPointExtension>
            <gpxtpx:hr>125</gpxtpx:hr>
          </gpxtpx:TrackPointExtension>
        </extensions>
      </trkpt>
      <trkpt lat="34.211725191865476" lon="108.83440261747391">
        <ele>405.6345538860187</ele>
        <time>2025-11-24T04:24:35.900000Z</time>
        <extensions>
          <gpxtpx:TrackPointExtension>
            <gpxtpx:hr>125</gpxtpx:hr>
          </gpxtpx:TrackPointExtension>
        </extensions>
      </trkpt>
      <trkpt lat="34.21172524562657" lon="108.83439658257896">
        <ele>405.5443219197914</ele>
        <time>2025-11-24T04:24:36.900000Z</time>
        <extensions>
          <gpxtpx:TrackPointExtension>
            <gpxtpx:hr>122</gpxtpx:hr>
          </gpxtpx:TrackPointExtension>
        </extensions>
      </trkpt>
      <trkpt lat="34.21172585281739" lon="108.83438955756066">
        <ele>405.4452011231333</ele>
        <time>2025-11-24T04:24:37.900000Z</time>
        <extensions>
          <gpxtpx:TrackPointExtension>
            <gpxtpx:hr>122</gpxtpx:hr>
          </gpxtpx:TrackPointExtension>
        </extensions>
      </trkpt>
      <trkpt lat="34.21172684614647" lon="108.83438193345715">
        <ele>405.3447141312063</ele>
        <time>2025-11-24T04:24:38.900000Z</time>
        <extensions>
          <gpxtpx:TrackPointExtension>
            <gpxtpx:hr>122</gpxtpx:hr>
          </gpxtpx:TrackPointExtension>
        </extensions>
      </trkpt>
      <trkpt lat="34.211728012908104" lon="108.83437457004739">
        <ele>405.2459315797314</ele>
        <time>2025-11-24T04:24:39.900000Z</time>
        <extensions>
          <gpxtpx:TrackPointExtension>
            <gpxtpx:hr>122</gpxtpx:hr>
          </gpxtpx:TrackPointExtension>
        </extensions>
      </trkpt>
      <trkpt lat="34.211729207547556" lon="108.83436784400165">
        <ele>405.1801238786429</ele>
        <time>2025-11-24T04:24:40.900000Z</time>
        <extensions>
          <gpxtpx:TrackPointExtension>
            <gpxtpx:hr>121</gpxtpx:hr>
          </gpxtpx:TrackPointExtension>
        </extensions>
      </trkpt>
      <trkpt lat="34.21173071510829" lon="108.83436196921939">
        <ele>405.1376745002344</ele>
        <time>2025-11-24T04:24:41.900000Z</time>
        <extensions>
          <gpxtpx:TrackPointExtension>
            <gpxtpx:hr>121</gpxtpx:hr>
          </gpxtpx:TrackPointExtension>
        </extensions>
      </trkpt>
      <trkpt lat="34.211732890635396" lon="108.83435544453165">
        <ele>405.0971737578511</ele>
        <time>2025-11-24T04:24:42.900000Z</time>
        <extensions>
          <gpxtpx:TrackPointExtension>
            <gpxtpx:hr>121</gpxtpx:hr>
          </gpxtpx:TrackPointExtension>
        </extensions>
      </trkpt>
      <trkpt lat="34.211735469090875" lon="108.83434672917029">
        <ele>405.0549606895074</ele>
        <time>2025-11-24T04:24:43.900000Z</time>
        <extensions>
          <gpxtpx:TrackPointExtension>
            <gpxtpx:hr>121</gpxtpx:hr>
          </gpxtpx:TrackPointExtension>
        </extensions>
      </trkpt>
      <trkpt lat="34.21173765060794" lon="108.83433609367421">
        <ele>405.01717755477875</ele>
        <time>2025-11-24T04:24:44.900000Z</time>
        <extensions>
          <gpxtpx:TrackPointExtension>
            <gpxtpx:hr>120</gpxtpx:hr>
          </gpxtpx:TrackPointExtension>
        </extensions>
      </trkpt>
      <trkpt lat="34.21173905565004" lon="108.83432397879363">
        <ele>404.96953134797513</ele>
        <time>2025-11-24T04:24:45.900000Z</time>
        <extensions>
          <gpxtpx:TrackPointExtension>
            <gpxtpx:hr>120</gpxtpx:hr>
          </gpxtpx:TrackPointExtension>
        </extensions>
      </trkpt>
      <trkpt lat="34.211739821944015" lon="108.83431137907773">
        <ele>404.93780976720154</ele>
        <time>2025-11-24T04:24:46.900000Z</time>
        <extensions>
          <gpxtpx:TrackPointExtension>
            <gpxtpx:hr>120</gpxtpx:hr>
          </gpxtpx:TrackPointExtension>
        </extensions>
      </trkpt>
      <trkpt lat="34.211740707050005" lon="108.83429981017231">
        <ele>404.94569521117955</ele>
        <time>2025-11-24T04:24:47.900000Z</time>
        <extensions>
          <gpxtpx:TrackPointExtension>
            <gpxtpx:hr>120</gpxtpx:hr>
          </gpxtpx:TrackPointExtension>
        </extensions>
      </trkpt>
      <trkpt lat="34.211742101830396" lon="108.83428933570582">
        <ele>404.97001338750124</ele>
        <time>2025-11-24T04:24:48.900000Z</time>
        <extensions>
          <gpxtpx:TrackPointExtension>
            <gpxtpx:hr>120</gpxtpx:hr>
          </gpxtpx:TrackPointExtension>
        </extensions>
      </trkpt>
      <trkpt lat="34.21174390958898" lon="108.83427963860736">
        <ele>404.99780176300555</ele>
        <time>2025-11-24T04:24:49.900000Z</time>
        <extensions>
          <gpxtpx:TrackPointExtension>
            <gpxtpx:hr>119</gpxtpx:hr>
          </gpxtpx:TrackPointExtension>
        </extensions>
      </trkpt>
      <trkpt lat="34.21174638568672" lon="108.83427064479018">
        <ele>405.02005439903587</ele>
        <time>2025-11-24T04:24:50.900000Z</time>
        <extensions>
          <gpxtpx:TrackPointExtension>
            <gpxtpx:hr>119</gpxtpx:hr>
          </gpxtpx:TrackPointExtension>
        </extensions>
      </trkpt>
      <trkpt lat="34.21175004348445" lon="108.83426178911218">
        <ele>405.03413018677384</ele>
        <time>2025-11-24T04:24:51.900000Z</time>
        <extensions>
          <gpxtpx:TrackPointExtension>
            <gpxtpx:hr>119</gpxtpx:hr>
          </gpxtpx:TrackPointExtension>
        </extensions>
      </trkpt>
      <trkpt lat="34.21175485168945" lon="108.83425273757906">
        <ele>405.0406159432605</ele>
        <time>2025-11-24T04:24:52.900000Z</time>
        <extensions>
          <gpxtpx:TrackPointExtension>
            <gpxtpx:hr>119</gpxtpx:hr>
          </gpxtpx:TrackPointExtension>
        </extensions>
      </trkpt>
      <trkpt lat="34.21176025174572" lon="108.83424367967154">
        <ele>405.03635310567915</ele>
        <time>2025-11-24T04:24:53.900000Z</time>
        <extensions>
          <gpxtpx:TrackPointExtension>
            <gpxtpx:hr>119</gpxtpx:hr>
          </gpxtpx:TrackPointExtension>
        </extensions>
      </trkpt>
      <trkpt lat="34.2117654850725" lon="108.834235356148">
        <ele>405.01245923992246</ele>
        <time>2025-11-24T04:24:54.900000Z</time>
        <extensions>
          <gpxtpx:TrackPointExtension>
            <gpxtpx:hr>119</gpxtpx:hr>
          </gpxtpx:TrackPointExtension>
        </extensions>
      </trkpt>
      <trkpt lat="34.21176999203261" lon="108.83422768162697">
        <ele>404.9790334412828</ele>
        <time>2025-11-24T04:24:55.900000Z</time>
        <extensions>
          <gpxtpx:TrackPointExtension>
            <gpxtpx:hr>118</gpxtpx:hr>
          </gpxtpx:TrackPointExtension>
        </extensions>
      </trkpt>
      <trkpt lat="34.211773639155275" lon="108.83422033907459">
        <ele>404.92196922935545</ele>
        <time>2025-11-24T04:24:56.900000Z</time>
        <extensions>
          <gpxtpx:TrackPointExtension>
            <gpxtpx:hr>118</gpxtpx:hr>
          </gpxtpx:TrackPointExtension>
        </extensions>
      </trkpt>
      <trkpt lat="34.21177686009298" lon="108.83421174625123">
        <ele>404.81912009138614</ele>
        <time>2025-11-24T04:24:57.900000Z</time>
        <extensions>
          <gpxtpx:TrackPointExtension>
            <gpxtpx:hr>118</gpxtpx:hr>
          </gpxtpx:TrackPointExtension>
        </extensions>
      </trkpt>
      <trkpt lat="34.211779783034025" lon="108.83420121366348">
        <ele>404.6949136154726</ele>
        <time>2025-11-24T04:24:58.900000Z</time>
        <extensions>
          <gpxtpx:TrackPointExtension>
            <gpxtpx:hr>118</gpxtpx:hr>
          </gpxtpx:TrackPointExtension>
        </extensions>
      </trkpt>
      <trkpt lat="34.21178251599739" lon="108.83418991966803">
        <ele>404.57356390729547</ele>
        <time>2025-11-24T04:24:59.900000Z</time>
        <extensions>
          <gpxtpx:TrackPointExtension>
            <gpxtpx:hr>118</gpxtpx:hr>
          </gpxtpx:TrackPointExtension>
        </extensions>
      </trkpt>
      <trkpt lat="34.211786062167704" lon="108.83417784139634">
        <ele>404.45827507507056</ele>
        <time>2025-11-24T04:25:00.900000Z</time>
        <extensions>
          <gpxtpx:TrackPointExtension>
            <gpxtpx:hr>118</gpxtpx:hr>
          </gpxtpx:TrackPointExtension>
        </extensions>
      </trkpt>
      <trkpt lat="34.21179107822397" lon="108.8341651664568">
        <ele>404.3338066386059</ele>
        <time>2025-11-24T04:25:01.900000Z</time>
        <extensions>
          <gpxtpx:TrackPointExtension>
            <gpxtpx:hr>118</gpxtpx:hr>
          </gpxtpx:TrackPointExtension>
        </extensions>
      </trkpt>
      <trkpt lat="34.21179739385836" lon="108.834152990704">
        <ele>404.2272157240659</ele>
        <time>2025-11-24T04:25:02.900000Z</time>
        <extensions>
          <gpxtpx:TrackPointExtension>
            <gpxtpx:hr>118</gpxtpx:hr>
          </gpxtpx:TrackPointExtension>
        </extensions>
      </trkpt>
      <trkpt lat="34.211804907664586" lon="108.83414195593086">
        <ele>404.12301668990403</ele>
        <time>2025-11-24T04:25:03.900000Z</time>
        <extensions>
          <gpxtpx:TrackPointExtension>
            <gpxtpx:hr>118</gpxtpx:hr>
          </gpxtpx:TrackPointExtension>
        </extensions>
      </trkpt>
      <trkpt lat="34.211813462212" lon="108.83413219901936">
        <ele>404.00077691022307</ele>
        <time>2025-11-24T04:25:04.900000Z</time>
        <extensions>
          <gpxtpx:TrackPointExtension>
            <gpxtpx:hr>118</gpxtpx:hr>
          </gpxtpx:TrackPointExtension>
        </extensions>
      </trkpt>
      <trkpt lat="34.2118227533257" lon="108.83412373026313">
        <ele>403.87858755886555</ele>
        <time>2025-11-24T04:25:05.900000Z</time>
        <extensions>
          <gpxtpx:TrackPointExtension>
            <gpxtpx:hr>118</gpxtpx:hr>
          </gpxtpx:TrackPointExtension>
        </extensions>
      </trkpt>
      <trkpt lat="34.211832795376274" lon="108.83411614269647">
        <ele>403.7725813118741</ele>
        <time>2025-11-24T04:25:06.900000Z</time>
        <extensions>
          <gpxtpx:TrackPointExtension>
            <gpxtpx:hr>118</gpxtpx:hr>
          </gpxtpx:TrackPointExtension>
        </extensions>
      </trkpt>
      <trkpt lat="34.211843430269774" lon="108.83410951726228">
        <ele>403.68893658183515</ele>
        <time>2025-11-24T04:25:07.900000Z</time>
        <extensions>
          <gpxtpx:TrackPointExtension>
            <gpxtpx:hr>118</gpxtpx:hr>
          </gpxtpx:TrackPointExtension>
        </extensions>
      </trkpt>
      <trkpt lat="34.21185411125701" lon="108.83410388160658">
        <ele>403.6176761845127</ele>
        <time>2025-11-24T04:25:08.900000Z</time>
        <extensions>
          <gpxtpx:TrackPointExtension>
            <gpxtpx:hr>118</gpxtpx:hr>
          </gpxtpx:TrackPointExtension>
        </extensions>
      </trkpt>
      <trkpt lat="34.211864298826114" lon="108.83409916001463">
        <ele>403.5191665161401</ele>
        <time>2025-11-24T04:25:09.900000Z</time>
        <extensions>
          <gpxtpx:TrackPointExtension>
            <gpxtpx:hr>118</gpxtpx:hr>
          </gpxtpx:TrackPointExtension>
        </extensions>
      </trkpt>
      <trkpt lat="34.21187448345496" lon="108.83409513986855">
        <ele>403.40922706667334</ele>
        <time>2025-11-24T04:25:10.900000Z</time>
        <extensions>
          <gpxtpx:TrackPointExtension>
            <gpxtpx:hr>118</gpxtpx:hr>
          </gpxtpx:TrackPointExtension>
        </extensions>
      </trkpt>
      <trkpt lat="34.21188491827432" lon="108.8340916222189">
        <ele>403.30597812961787</ele>
        <time>2025-11-24T04:25:11.900000Z</time>
        <extensions>
          <gpxtpx:TrackPointExtension>
            <gpxtpx:hr>118</gpxtpx:hr>
          </gpxtpx:TrackPointExtension>
        </extensions>
      </trkpt>
      <trkpt lat="34.211895381244815" lon="108.83408886432416">
        <ele>403.22931238729507</ele>
        <time>2025-11-24T04:25:12.900000Z</time>
        <extensions>
          <gpxtpx:TrackPointExtension>
            <gpxtpx:hr>118</gpxtpx:hr>
          </gpxtpx:TrackPointExtension>
        </extensions>
      </trkpt>
      <trkpt lat="34.211906517861884" lon="108.83408671640632">
        <ele>403.1744383070618</ele>
        <time>2025-11-24T04:25:13.900000Z</time>
        <extensions>
          <gpxtpx:TrackPointExtension>
            <gpxtpx:hr>118</gpxtpx:hr>
          </gpxtpx:TrackPointExtension>
        </extensions>
      </trkpt>
      <trkpt lat="34.21191763467183" lon="108.83408551921961">
        <ele>403.12856645789</ele>
        <time>2025-11-24T04:25:14.900000Z</time>
        <extensions>
          <gpxtpx:TrackPointExtension>
            <gpxtpx:hr>118</gpxtpx:hr>
          </gpxtpx:TrackPointExtension>
        </extensions>
      </trkpt>
      <trkpt lat="34.21192822257834" lon="108.83408627294865">
        <ele>403.0883240085095</ele>
        <time>2025-11-24T04:25:15.900000Z</time>
        <extensions>
          <gpxtpx:TrackPointExtension>
            <gpxtpx:hr>119</gpxtpx:hr>
          </gpxtpx:TrackPointExtension>
        </extensions>
      </trkpt>
      <trkpt lat="34.211939713323204" lon="108.8340884513334">
        <ele>403.06342165730894</ele>
        <time>2025-11-24T04:25:16.900000Z</time>
        <extensions>
          <gpxtpx:TrackPointExtension>
            <gpxtpx:hr>119</gpxtpx:hr>
          </gpxtpx:TrackPointExtension>
        </extensions>
      </trkpt>
      <trkpt lat="34.21195175430685" lon="108.83409059632945">
        <ele>403.0562919098884</ele>
        <time>2025-11-24T04:25:17.900000Z</time>
        <extensions>
          <gpxtpx:TrackPointExtension>
            <gpxtpx:hr>119</gpxtpx:hr>
          </gpxtpx:TrackPointExtension>
        </extensions>
      </trkpt>
      <trkpt lat="34.211963479705986" lon="108.83409155529499">
        <ele>403.0511638773605</ele>
        <time>2025-11-24T04:25:18.900000Z</time>
        <extensions>
          <gpxtpx:TrackPointExtension>
            <gpxtpx:hr>119</gpxtpx:hr>
          </gpxtpx:TrackPointExtension>
        </extensions>
      </trkpt>
      <trkpt lat="34.21197477570207" lon="108.834092107276">
        <ele>403.04702129308134</ele>
        <time>2025-11-24T04:25:19.900000Z</time>
        <extensions>
          <gpxtpx:TrackPointExtension>
            <gpxtpx:hr>119</gpxtpx:hr>
          </gpxtpx:TrackPointExtension>
        </extensions>
      </trkpt>
      <trkpt lat="34.21198520678661" lon="108.83409399947087">
        <ele>403.06723979115486</ele>
        <time>2025-11-24T04:25:20.900000Z</time>
        <extensions>
          <gpxtpx:TrackPointExtension>
            <gpxtpx:hr>119</gpxtpx:hr>
          </gpxtpx:TrackPointExtension>
        </extensions>
      </trkpt>
      <trkpt lat="34.211994829604635" lon="108.83409782821023">
        <ele>403.0857335869223</ele>
        <time>2025-11-24T04:25:21.900000Z</time>
        <extensions>
          <gpxtpx:TrackPointExtension>
            <gpxtpx:hr>119</gpxtpx:hr>
          </gpxtpx:TrackPointExtension>
        </extensions>
      </trkpt>
      <trkpt lat="34.21200318543818" lon="108.83410413227129">
        <ele>403.1152385380119</ele>
        <time>2025-11-24T04:25:22.900000Z</time>
        <extensions>
          <gpxtpx:TrackPointExtension>
            <gpxtpx:hr>117</gpxtpx:hr>
          </gpxtpx:TrackPointExtension>
        </extensions>
      </trkpt>
      <trkpt lat="34.21201014052352" lon="108.83411330783679">
        <ele>403.1541127646342</ele>
        <time>2025-11-24T04:25:23.900000Z</time>
        <extensions>
          <gpxtpx:TrackPointExtension>
            <gpxtpx:hr>117</gpxtpx:hr>
          </gpxtpx:TrackPointExtension>
        </extensions>
      </trkpt>
      <trkpt lat="34.21201647915093" lon="108.83412531789598">
        <ele>403.1903946995735</ele>
        <time>2025-11-24T04:25:24.900000Z</time>
        <extensions>
          <gpxtpx:TrackPointExtension>
            <gpxtpx:hr>117</gpxtpx:hr>
          </gpxtpx:TrackPointExtension>
        </extensions>
      </trkpt>
      <trkpt lat="34.212021781287426" lon="108.83413843643508">
        <ele>403.2191084381193</ele>
        <time>2025-11-24T04:25:25.900000Z</time>
        <extensions>
          <gpxtpx:TrackPointExtension>
            <gpxtpx:hr>117</gpxtpx:hr>
          </gpxtpx:TrackPointExtension>
        </extensions>
      </trkpt>
      <trkpt lat="34.21202641503096" lon="108.83415164369771">
        <ele>403.2490288512781</ele>
        <time>2025-11-24T04:25:26.900000Z</time>
        <extensions>
          <gpxtpx:TrackPointExtension>
            <gpxtpx:hr>117</gpxtpx:hr>
          </gpxtpx:TrackPointExtension>
        </extensions>
      </trkpt>
      <trkpt lat="34.21203173086501" lon="108.83416511095801">
        <ele>403.2829872854054</ele>
        <time>2025-11-24T04:25:27.900000Z</time>
        <extensions>
          <gpxtpx:TrackPointExtension>
            <gpxtpx:hr>117</gpxtpx:hr>
          </gpxtpx:TrackPointExtension>
        </extensions>
      </trkpt>
      <trkpt lat="34.212038133867495" lon="108.83417831421193">
        <ele>403.3228049753234</ele>
        <time>2025-11-24T04:25:28.900000Z</time>
        <extensions>
          <gpxtpx:TrackPointExtension>
            <gpxtpx:hr>117</gpxtpx:hr>
          </gpxtpx:TrackPointExtension>
        </extensions>
      </trkpt>
      <trkpt lat="34.212045288036805" lon="108.83419029180685">
        <ele>403.3666386846453</ele>
        <time>2025-11-24T04:25:29.900000Z</time>
        <extensions>
          <gpxtpx:TrackPointExtension>
            <gpxtpx:hr>117</gpxtpx:hr>
          </gpxtpx:TrackPointExtension>
        </extensions>
      </trkpt>
      <trkpt lat="34.21205167588768" lon="108.83420146089453">
        <ele>403.41748797893524</ele>
        <time>2025-11-24T04:25:30.900000Z</time>
        <extensions>
          <gpxtpx:TrackPointExtension>
            <gpxtpx:hr>115</gpxtpx:hr>
          </gpxtpx:TrackPointExtension>
        </extensions>
      </trkpt>
      <trkpt lat="34.212056671365794" lon="108.83421302309152">
        <ele>403.4577220277861</ele>
        <time>2025-11-24T04:25:31.900000Z</time>
        <extensions>
          <gpxtpx:TrackPointExtension>
            <gpxtpx:hr>115</gpxtpx:hr>
          </gpxtpx:TrackPointExtension>
        </extensions>
      </trkpt>
      <trkpt lat="34.21206109348159" lon="108.83422477729526">
        <ele>403.4922372335568</ele>
        <time>2025-11-24T04:25:32.900000Z</time>
        <extensions>
          <gpxtpx:TrackPointExtension>
            <gpxtpx:hr>115</gpxtpx:hr>
          </gpxtpx:TrackPointExtension>
        </extensions>
      </trkpt>
      <trkpt lat="34.21206547565846" lon="108.8342357878203">
        <ele>403.5124933151528</ele>
        <time>2025-11-24T04:25:33.900000Z</time>
        <extensions>
          <gpxtpx:TrackPointExtension>
            <gpxtpx:hr>115</gpxtpx:hr>
          </gpxtpx:TrackPointExtension>
        </extensions>
      </trkpt>
      <trkpt lat="34.212070201040895" lon="108.83424456529197">
        <ele>403.520017683506</ele>
        <time>2025-11-24T04:25:34.900000Z</time>
        <extensions>
          <gpxtpx:TrackPointExtension>
            <gpxtpx:hr>115</gpxtpx:hr>
          </gpxtpx:TrackPointExtension>
        </extensions>
      </trkpt>
      <trkpt lat="34.2120761863391" lon="108.83425216215682">
        <ele>403.51910236198455</ele>
        <time>2025-11-24T04:25:35.900000Z</time>
        <extensions>
          <gpxtpx:TrackPointExtension>
            <gpxtpx:hr>115</gpxtpx:hr>
          </gpxtpx:TrackPointExtension>
        </extensions>
      </trkpt>
      <trkpt lat="34.21208333746157" lon="108.83426038724184">
        <ele>403.5000228052959</ele>
        <time>2025-11-24T04:25:36.900000Z</time>
        <extensions>
          <gpxtpx:TrackPointExtension>
            <gpxtpx:hr>115</gpxtpx:hr>
          </gpxtpx:TrackPointExtension>
        </extensions>
      </trkpt>
      <trkpt lat="34.21209063290103" lon="108.83426957552174">
        <ele>403.48416252527386</ele>
        <time>2025-11-24T04:25:37.900000Z</time>
        <extensions>
          <gpxtpx:TrackPointExtension>
            <gpxtpx:hr>115</gpxtpx:hr>
          </gpxtpx:TrackPointExtension>
        </extensions>
      </trkpt>
      <trkpt lat="34.21209745471164" lon="108.83427965719464">
        <ele>403.46474460791796</ele>
        <time>2025-11-24T04:25:38.900000Z</time>
        <extensions>
          <gpxtpx:TrackPointExtension>
            <gpxtpx:hr>115</gpxtpx:hr>
          </gpxtpx:TrackPointExtension>
        </extensions>
      </trkpt>
      <trkpt lat="34.21210417982866" lon="108.83429018307442">
        <ele>403.4493027739227</ele>
        <time>2025-11-24T04:25:39.900000Z</time>
        <extensions>
          <gpxtpx:TrackPointExtension>
            <gpxtpx:hr>115</gpxtpx:hr>
          </gpxtpx:TrackPointExtension>
        </extensions>
      </trkpt>
      <trkpt lat="34.212111545714876" lon="108.83429973282061">
        <ele>403.43542059883475</ele>
        <time>2025-11-24T04:25:40.900000Z</time>
        <extensions>
          <gpxtpx:TrackPointExtension>
            <gpxtpx:hr>115</gpxtpx:hr>
          </gpxtpx:TrackPointExtension>
        </extensions>
      </trkpt>
      <trkpt lat="34.21211974685664" lon="108.83430731619545">
        <ele>403.4365854850039</ele>
        <time>2025-11-24T04:25:41.900000Z</time>
        <extensions>
          <gpxtpx:TrackPointExtension>
            <gpxtpx:hr>115</gpxtpx:hr>
          </gpxtpx:TrackPointExtension>
        </extensions>
      </trkpt>
      <trkpt lat="34.21212885097684" lon="108.83431317638401">
        <ele>403.4438291415572</ele>
        <time>2025-11-24T04:25:42.900000Z</time>
        <extensions>
          <gpxtpx:TrackPointExtension>
            <gpxtpx:hr>115</gpxtpx:hr>
          </gpxtpx:TrackPointExtension>
        </extensions>
      </trkpt>
      <trkpt lat="34.21213814151258" lon="108.83431710257415">
        <ele>403.46612050477415</ele>
        <time>2025-11-24T04:25:43.900000Z</time>
        <extensions>
          <gpxtpx:TrackPointExtension>
            <gpxtpx:hr>115</gpxtpx:hr>
          </gpxtpx:TrackPointExtension>
        </extensions>
      </trkpt>
      <trkpt lat="34.21214673335318" lon="108.83431847243524">
        <ele>403.5191812478006</ele>
        <time>2025-11-24T04:25:44.900000Z</time>
      </trkpt>
      <trkpt lat="34.21215384353675" lon="108.83431792924937">
        <ele>403.590813530609</ele>
        <time>2025-11-24T04:25:45.900000Z</time>
      </trkpt>
      <trkpt lat="34.21215865588349" lon="108.83431674585032">
        <ele>403.67607485037297</ele>
        <time>2025-11-24T04:25:46.900000Z</time>
      </trkpt>
      <trkpt lat="34.212162215978296" lon="108.83431481301676">
        <ele>403.76260998286307</ele>
        <time>2025-11-24T04:25:47.900000Z</time>
      </trkpt>
      <trkpt lat="34.21216559657476" lon="108.83431113971369">
        <ele>403.8604147406295</ele>
        <time>2025-11-24T04:25:48.900000Z</time>
      </trkpt>
      <trkpt lat="34.212168523648245" lon="108.83430569571443">
        <ele>403.95602762605995</ele>
        <time>2025-11-24T04:25:49.900000Z</time>
        <extensions>
          <gpxtpx:TrackPointExtension>
            <gpxtpx:hr>117</gpxtpx:hr>
          </gpxtpx:TrackPointExtension>
        </extensions>
      </trkpt>
      <trkpt lat="34.21217010555048" lon="108.83429942283223">
        <ele>404.06093441788107</ele>
        <time>2025-11-24T04:25:50.900000Z</time>
        <extensions>
          <gpxtpx:TrackPointExtension>
            <gpxtpx:hr>117</gpxtpx:hr>
          </gpxtpx:TrackPointExtension>
        </extensions>
      </trkpt>
      <trkpt lat="34.2121694488681" lon="108.834292504605">
        <ele>404.1379200303927</ele>
        <time>2025-11-24T04:25:51.900000Z</time>
        <extensions>
          <gpxtpx:TrackPointExtension>
            <gpxtpx:hr>117</gpxtpx:hr>
          </gpxtpx:TrackPointExtension>
        </extensions>
      </trkpt>
      <trkpt lat="34.21216877217891" lon="108.83428410207773">
        <ele>404.2256712978706</ele>
        <time>2025-11-24T04:25:52.900000Z</time>
        <extensions>
          <gpxtpx:TrackPointExtension>
            <gpxtpx:hr>117</gpxtpx:hr>
          </gpxtpx:TrackPointExtension>
        </extensions>
      </trkpt>
      <trkpt lat="34.212171455569326" lon="108.83427409528564">
        <ele>404.31486988812685</ele>
        <time>2025-11-24T04:25:53.900000Z</time>
        <extensions>
          <gpxtpx:TrackPointExtension>
            <gpxtpx:hr>117</gpxtpx:hr>
          </gpxtpx:TrackPointExtension>
        </extensions>
      </trkpt>
      <trkpt lat="34.21217953794602" lon="108.83426330939787">
        <ele>404.404204364866</ele>
        <time>2025-11-24T04:25:54.900000Z</time>
        <extensions>
          <gpxtpx:TrackPointExtension>
            <gpxtpx:hr>117</gpxtpx:hr>
          </gpxtpx:TrackPointExtension>
        </extensions>
      </trkpt>
      <trkpt lat="34.21219314490877" lon="108.83425211122947">
        <ele>404.46582418400794</ele>
        <time>2025-11-24T04:25:55.900000Z</time>
        <extensions>
          <gpxtpx:TrackPointExtension>
            <gpxtpx:hr>117</gpxtpx:hr>
          </gpxtpx:TrackPointExtension>
        </extensions>
      </trkpt>
      <trkpt lat="34.21220933838829" lon="108.83424071887508">
        <ele>404.5162054123357</ele>
        <time>2025-11-24T04:25:56.900000Z</time>
        <extensions>
          <gpxtpx:TrackPointExtension>
            <gpxtpx:hr>117</gpxtpx:hr>
          </gpxtpx:TrackPointExtension>
        </extensions>
      </trkpt>
      <trkpt lat="34.21222636653167" lon="108.83422861651101">
        <ele>404.53492000792176</ele>
        <time>2025-11-24T04:25:57.900000Z</time>
        <extensions>
          <gpxtpx:TrackPointExtension>
            <gpxtpx:hr>117</gpxtpx:hr>
          </gpxtpx:TrackPointExtension>
        </extensions>
      </trkpt>
      <trkpt lat="34.21224311328113" lon="108.8342155503019">
        <ele>404.5161891002208</ele>
        <time>2025-11-24T04:25:58.900000Z</time>
        <extensions>
          <gpxtpx:TrackPointExtension>
            <gpxtpx:hr>117</gpxtpx:hr>
          </gpxtpx:TrackPointExtension>
        </extensions>
      </trkpt>
      <trkpt lat="34.212258178804355" lon="108.83420266426204">
        <ele>404.5026669241488</ele>
        <time>2025-11-24T04:25:59.900000Z</time>
        <extensions>
          <gpxtpx:TrackPointExtension>
            <gpxtpx:hr>117</gpxtpx:hr>
          </gpxtpx:TrackPointExtension>
        </extensions>
      </trkpt>
      <trkpt lat="34.21227237436844" lon="108.83418877409125">
        <ele>404.4681552182883</ele>
        <time>2025-11-24T04:26:00.900000Z</time>
        <extensions>
          <gpxtpx:TrackPointExtension>
            <gpxtpx:hr>117</gpxtpx:hr>
          </gpxtpx:TrackPointExtension>
        </extensions>
      </trkpt>
      <trkpt lat="34.21228576979116" lon="108.83417271069467">
        <ele>404.4205356044695</ele>
        <time>2025-11-24T04:26:01.900000Z</time>
        <extensions>
          <gpxtpx:TrackPointExtension>
            <gpxtpx:hr>116</gpxtpx:hr>
          </gpxtpx:TrackPointExtension>
        </extensions>
      </trkpt>
      <trkpt lat="34.21229596799046" lon="108.8341572009549">
        <ele>404.3740886710584</ele>
        <time>2025-11-24T04:26:02.900000Z</time>
        <extensions>
          <gpxtpx:TrackPointExtension>
            <gpxtpx:hr>116</gpxtpx:hr>
          </gpxtpx:TrackPointExtension>
        </extensions>
      </trkpt>
      <trkpt lat="34.21230400059109" lon="108.83414382641143">
        <ele>404.3158756913617</ele>
        <time>2025-11-24T04:26:03.900000Z</time>
        <extensions>
          <gpxtpx:TrackPointExtension>
            <gpxtpx:hr>116</gpxtpx:hr>
          </gpxtpx:TrackPointExtension>
        </extensions>
      </trkpt>
      <trkpt lat="34.21231196438099" lon="108.83413113076556">
        <ele>404.2687829853967</ele>
        <time>2025-11-24T04:26:04.900000Z</time>
        <extensions>
          <gpxtpx:TrackPointExtension>
            <gpxtpx:hr>116</gpxtpx:hr>
          </gpxtpx:TrackPointExtension>
        </extensions>
      </trkpt>
      <trkpt lat="34.21232037905433" lon="108.83411775612547">
        <ele>404.2387986946851</ele>
        <time>2025-11-24T04:26:05.900000Z</time>
        <extensions>
          <gpxtpx:TrackPointExtension>
            <gpxtpx:hr>116</gpxtpx:hr>
          </gpxtpx:TrackPointExtension>
        </extensions>
      </trkpt>
      <trkpt lat="34.212329226250795" lon="108.8341038582271">
        <ele>404.2186338528991</ele>
        <time>2025-11-24T04:26:06.900000Z</time>
        <extensions>
          <gpxtpx:TrackPointExtension>
            <gpxtpx:hr>115</gpxtpx:hr>
          </gpxtpx:TrackPointExtension>
        </extensions>
      </trkpt>
      <trkpt lat="34.21233820617124" lon="108.83409035233097">
        <ele>404.2001044014469</ele>
        <time>2025-11-24T04:26:07.900000Z</time>
        <extensions>
          <gpxtpx:TrackPointExtension>
            <gpxtpx:hr>115</gpxtpx:hr>
          </gpxtpx:TrackPointExtension>
        </extensions>
      </trkpt>
      <trkpt lat="34.21234719175118" lon="108.83407777062345">
        <ele>404.208584648557</ele>
        <time>2025-11-24T04:26:08.900000Z</time>
        <extensions>
          <gpxtpx:TrackPointExtension>
            <gpxtpx:hr>115</gpxtpx:hr>
          </gpxtpx:TrackPointExtension>
        </extensions>
      </trkpt>
      <trkpt lat="34.21235536365624" lon="108.8340663482732">
        <ele>404.2051724186167</ele>
        <time>2025-11-24T04:26:09.900000Z</time>
        <extensions>
          <gpxtpx:TrackPointExtension>
            <gpxtpx:hr>115</gpxtpx:hr>
          </gpxtpx:TrackPointExtension>
        </extensions>
      </trkpt>
      <trkpt lat="34.21236287615283" lon="108.83405564654673">
        <ele>404.1996212359518</ele>
        <time>2025-11-24T04:26:10.900000Z</time>
        <extensions>
          <gpxtpx:TrackPointExtension>
            <gpxtpx:hr>116</gpxtpx:hr>
          </gpxtpx:TrackPointExtension>
        </extensions>
      </trkpt>
      <trkpt lat="34.212370126241666" lon="108.83404563721662">
        <ele>404.2036688802764</ele>
        <time>2025-11-24T04:26:11.900000Z</time>
        <extensions>
          <gpxtpx:TrackPointExtension>
            <gpxtpx:hr>116</gpxtpx:hr>
          </gpxtpx:TrackPointExtension>
        </extensions>
      </trkpt>
      <trkpt lat="34.2123766157292" lon="108.83403662365858">
        <ele>404.21716034878045</ele>
        <time>2025-11-24T04:26:12.900000Z</time>
        <extensions>
          <gpxtpx:TrackPointExtension>
            <gpxtpx:hr>116</gpxtpx:hr>
          </gpxtpx:TrackPointExtension>
        </extensions>
      </trkpt>
      <trkpt lat="34.21238153262456" lon="108.83402805592152">
        <ele>404.21590873692185</ele>
        <time>2025-11-24T04:26:13.900000Z</time>
        <extensions>
          <gpxtpx:TrackPointExtension>
            <gpxtpx:hr>116</gpxtpx:hr>
          </gpxtpx:TrackPointExtension>
        </extensions>
      </trkpt>
      <trkpt lat="34.21238450588361" lon="108.83401933798444">
        <ele>404.21146435663104</ele>
        <time>2025-11-24T04:26:14.900000Z</time>
        <extensions>
          <gpxtpx:TrackPointExtension>
            <gpxtpx:hr>116</gpxtpx:hr>
          </gpxtpx:TrackPointExtension>
        </extensions>
      </trkpt>
      <trkpt lat="34.21238604708944" lon="108.83401012741597">
        <ele>404.1344509497285</ele>
        <time>2025-11-24T04:26:15.900000Z</time>
        <extensions>
          <gpxtpx:TrackPointExtension>
            <gpxtpx:hr>118</gpxtpx:hr>
          </gpxtpx:TrackPointExtension>
        </extensions>
      </trkpt>
      <trkpt lat="34.21238677401135" lon="108.83400019400963">
        <ele>404.0692227501422</ele>
        <time>2025-11-24T04:26:16.900000Z</time>
        <extensions>
          <gpxtpx:TrackPointExtension>
            <gpxtpx:hr>118</gpxtpx:hr>
          </gpxtpx:TrackPointExtension>
        </extensions>
      </trkpt>
      <trkpt lat="34.212387476508894" lon="108.83398920799914">
        <ele>404.01155234407634</ele>
        <time>2025-11-24T04:26:17.900000Z</time>
        <extensions>
          <gpxtpx:TrackPointExtension>
            <gpxtpx:hr>118</gpxtpx:hr>
          </gpxtpx:TrackPointExtension>
        </extensions>
      </trkpt>
      <trkpt lat="34.2123889158739" lon="108.83397723376143">
        <ele>403.98096421174705</ele>
        <time>2025-11-24T04:26:18.900000Z</time>
        <extensions>
          <gpxtpx:TrackPointExtension>
            <gpxtpx:hr>118</gpxtpx:hr>
          </gpxtpx:TrackPointExtension>
        </extensions>
      </trkpt>
      <trkpt lat="34.212391404000904" lon="108.83396510949098">
        <ele>403.98329708818346</ele>
        <time>2025-11-24T04:26:19.900000Z</time>
        <extensions>
          <gpxtpx:TrackPointExtension>
            <gpxtpx:hr>118</gpxtpx:hr>
          </gpxtpx:TrackPointExtension>
        </extensions>
      </trkpt>
      <trkpt lat="34.212394486479845" lon="108.83395332705354">
        <ele>403.99908503796905</ele>
        <time>2025-11-24T04:26:20.900000Z</time>
        <extensions>
          <gpxtpx:TrackPointExtension>
            <gpxtpx:hr>118</gpxtpx:hr>
          </gpxtpx:TrackPointExtension>
        </extensions>
      </trkpt>
      <trkpt lat="34.212397562833544" lon="108.83394151263386">
        <ele>404.0211568651721</ele>
        <time>2025-11-24T04:26:21.900000Z</time>
        <extensions>
          <gpxtpx:TrackPointExtension>
            <gpxtpx:hr>118</gpxtpx:hr>
          </gpxtpx:TrackPointExtension>
        </extensions>
      </trkpt>
      <trkpt lat="34.21240069609789" lon="108.83393005050858">
        <ele>404.0476666819304</ele>
        <time>2025-11-24T04:26:22.900000Z</time>
        <extensions>
          <gpxtpx:TrackPointExtension>
            <gpxtpx:hr>118</gpxtpx:hr>
          </gpxtpx:TrackPointExtension>
        </extensions>
      </trkpt>
      <trkpt lat="34.212403742795004" lon="108.83391882567777">
        <ele>404.0894913338125</ele>
        <time>2025-11-24T04:26:23.900000Z</time>
        <extensions>
          <gpxtpx:TrackPointExtension>
            <gpxtpx:hr>118</gpxtpx:hr>
          </gpxtpx:TrackPointExtension>
        </extensions>
      </trkpt>
      <trkpt lat="34.212406295205646" lon="108.83390766643072">
        <ele>404.1496668998152</ele>
        <time>2025-11-24T04:26:24.900000Z</time>
        <extensions>
          <gpxtpx:TrackPointExtension>
            <gpxtpx:hr>118</gpxtpx:hr>
          </gpxtpx:TrackPointExtension>
        </extensions>
      </trkpt>
      <trkpt lat="34.212408169507" lon="108.83389751476452">
        <ele>404.2064265245572</ele>
        <time>2025-11-24T04:26:25.900000Z</time>
        <extensions>
          <gpxtpx:TrackPointExtension>
            <gpxtpx:hr>118</gpxtpx:hr>
          </gpxtpx:TrackPointExtension>
        </extensions>
      </trkpt>
      <trkpt lat="34.2124094129908" lon="108.83388894884195">
        <ele>404.28342300094664</ele>
        <time>2025-11-24T04:26:26.900000Z</time>
        <extensions>
          <gpxtpx:TrackPointExtension>
            <gpxtpx:hr>118</gpxtpx:hr>
          </gpxtpx:TrackPointExtension>
        </extensions>
      </trkpt>
      <trkpt lat="34.212410634506035" lon="108.83388118971496">
        <ele>404.3878900585696</ele>
        <time>2025-11-24T04:26:27.900000Z</time>
        <extensions>
          <gpxtpx:TrackPointExtension>
            <gpxtpx:hr>118</gpxtpx:hr>
          </gpxtpx:TrackPointExtension>
        </extensions>
      </trkpt>
      <trkpt lat="34.212412355715024" lon="108.83387289820602">
        <ele>404.50253530126065</ele>
        <time>2025-11-24T04:26:28.900000Z</time>
        <extensions>
          <gpxtpx:TrackPointExtension>
            <gpxtpx:hr>118</gpxtpx:hr>
          </gpxtpx:TrackPointExtension>
        </extensions>
      </trkpt>
      <trkpt lat="34.212414720831994" lon="108.8338636834183">
        <ele>404.62535274773836</ele>
        <time>2025-11-24T04:26:29.900000Z</time>
        <extensions>
          <gpxtpx:TrackPointExtension>
            <gpxtpx:hr>118</gpxtpx:hr>
          </gpxtpx:TrackPointExtension>
        </extensions>
      </trkpt>
      <trkpt lat="34.21241764970124" lon="108.83385386865761">
        <ele>404.74944393802434</ele>
        <time>2025-11-24T04:26:30.900000Z</time>
        <extensions>
          <gpxtpx:TrackPointExtension>
            <gpxtpx:hr>118</gpxtpx:hr>
          </gpxtpx:TrackPointExtension>
        </extensions>
      </trkpt>
      <trkpt lat="34.21242138626349" lon="108.83384362805869">
        <ele>404.8658309709281</ele>
        <time>2025-11-24T04:26:31.900000Z</time>
        <extensions>
          <gpxtpx:TrackPointExtension>
            <gpxtpx:hr>118</gpxtpx:hr>
          </gpxtpx:TrackPointExtension>
        </extensions>
      </trkpt>
      <trkpt lat="34.21242649646025" lon="108.8338332162261">
        <ele>405.0030647069216</ele>
        <time>2025-11-24T04:26:32.900000Z</time>
        <extensions>
          <gpxtpx:TrackPointExtension>
            <gpxtpx:hr>118</gpxtpx:hr>
          </gpxtpx:TrackPointExtension>
        </extensions>
      </trkpt>
      <trkpt lat="34.21243281627639" lon="108.83382318379005">
        <ele>405.1418205043301</ele>
        <time>2025-11-24T04:26:33.900000Z</time>
        <extensions>
          <gpxtpx:TrackPointExtension>
            <gpxtpx:hr>118</gpxtpx:hr>
          </gpxtpx:TrackPointExtension>
        </extensions>
      </trkpt>
      <trkpt lat="34.21243944488063" lon="108.83381352699855">
        <ele>405.2752658938989</ele>
        <time>2025-11-24T04:26:34.900000Z</time>
        <extensions>
          <gpxtpx:TrackPointExtension>
            <gpxtpx:hr>118</gpxtpx:hr>
          </gpxtpx:TrackPointExtension>
        </extensions>
      </trkpt>
      <trkpt lat="34.21244604047374" lon="108.83380379903548">
        <ele>405.4030301030725</ele>
        <time>2025-11-24T04:26:35.900000Z</time>
        <extensions>
          <gpxtpx:TrackPointExtension>
            <gpxtpx:hr>118</gpxtpx:hr>
          </gpxtpx:TrackPointExtension>
        </extensions>
      </trkpt>
      <trkpt lat="34.2124531643315" lon="108.83379365081571">
        <ele>405.5427381321788</ele>
        <time>2025-11-24T04:26:36.900000Z</time>
        <extensions>
          <gpxtpx:TrackPointExtension>
            <gpxtpx:hr>118</gpxtpx:hr>
          </gpxtpx:TrackPointExtension>
        </extensions>
      </trkpt>
      <trkpt lat="34.21246125353786" lon="108.83378332629">
        <ele>405.66591006331146</ele>
        <time>2025-11-24T04:26:37.900000Z</time>
        <extensions>
          <gpxtpx:TrackPointExtension>
            <gpxtpx:hr>118</gpxtpx:hr>
          </gpxtpx:TrackPointExtension>
        </extensions>
      </trkpt>
      <trkpt lat="34.21246986165772" lon="108.83377283897006">
        <ele>405.7867502672598</ele>
        <time>2025-11-24T04:26:38.900000Z</time>
        <extensions>
          <gpxtpx:TrackPointExtension>
            <gpxtpx:hr>118</gpxtpx:hr>
          </gpxtpx:TrackPointExtension>
        </extensions>
      </trkpt>
      <trkpt lat="34.212479060114426" lon="108.83376191432511">
        <ele>405.8676938302815</ele>
        <time>2025-11-24T04:26:39.900000Z</time>
        <extensions>
          <gpxtpx:TrackPointExtension>
            <gpxtpx:hr>118</gpxtpx:hr>
          </gpxtpx:TrackPointExtension>
        </extensions>
      </trkpt>
      <trkpt lat="34.21248876271398" lon="108.83375057547416">
        <ele>405.9712396701798</ele>
        <time>2025-11-24T04:26:40.900000Z</time>
        <extensions>
          <gpxtpx:TrackPointExtension>
            <gpxtpx:hr>118</gpxtpx:hr>
          </gpxtpx:TrackPointExtension>
        </extensions>
      </trkpt>
      <trkpt lat="34.21249930119002" lon="108.8337390626538">
        <ele>406.06600123178214</ele>
        <time>2025-11-24T04:26:41.900000Z</time>
        <extensions>
          <gpxtpx:TrackPointExtension>
            <gpxtpx:hr>118</gpxtpx:hr>
          </gpxtpx:TrackPointExtension>
        </extensions>
      </trkpt>
      <trkpt lat="34.21251110913927" lon="108.83372822889933">
        <ele>406.1166436858475</ele>
        <time>2025-11-24T04:26:42.900000Z</time>
      </trkpt>
      <trkpt lat="34.21252269053963" lon="108.83371949865173">
        <ele>406.1721013681963</ele>
        <time>2025-11-24T04:26:43.900000Z</time>
      </trkpt>
      <trkpt lat="34.21253174844622" lon="108.83371088263493">
        <ele>406.219879549928</ele>
        <time>2025-11-24T04:26:44.900000Z</time>
      </trkpt>
      <trkpt lat="34.21253904582864" lon="108.83369936803312">
        <ele>406.2459659082815</ele>
        <time>2025-11-24T04:26:45.900000Z</time>
      </trkpt>
      <trkpt lat="34.212546638050576" lon="108.83368643942359">
        <ele>406.2249069241807</ele>
        <time>2025-11-24T04:26:46.900000Z</time>
      </trkpt>
      <trkpt lat="34.212555268802554" lon="108.83367309551639">
        <ele>406.19417258910835</ele>
        <time>2025-11-24T04:26:47.900000Z</time>
      </trkpt>
      <trkpt lat="34.212564563575675" lon="108.83365836617688">
        <ele>406.19043958745897</ele>
        <time>2025-11-24T04:26:48.900000Z</time>
      </trkpt>
      <trkpt lat="34.212574796926134" lon="108.83364134925061">
        <ele>406.20297916885465</ele>
        <time>2025-11-24T04:26:49.900000Z</time>
      </trkpt>
      <trkpt lat="34.21258585230251" lon="108.83362325178611">
        <ele>406.20390128623694</ele>
        <time>2025-11-24T04:26:50.900000Z</time>
      </trkpt>
      <trkpt lat="34.2125972220042" lon="108.83360651196311">
        <ele>406.1887843757868</ele>
        <time>2025-11-24T04:26:51.900000Z</time>
      </trkpt>
      <trkpt lat="34.212609388859214" lon="108.83359105935676">
        <ele>406.1861833082512</ele>
        <time>2025-11-24T04:26:52.900000Z</time>
      </trkpt>
      <trkpt lat="34.21262153429454" lon="108.83357700288569">
        <ele>406.18917513825</ele>
        <time>2025-11-24T04:26:53.900000Z</time>
      </trkpt>
      <trkpt lat="34.212633706941695" lon="108.83356230729828">
        <ele>406.18688301183283</ele>
        <time>2025-11-24T04:26:54.900000Z</time>
      </trkpt>
      <trkpt lat="34.21264615591411" lon="108.8335457045656">
        <ele>406.1813115188852</ele>
        <time>2025-11-24T04:26:55.900000Z</time>
      </trkpt>
      <trkpt lat="34.21265745112976" lon="108.83352878996776">
        <ele>406.1578048579395</ele>
        <time>2025-11-24T04:26:56.900000Z</time>
      </trkpt>
      <trkpt lat="34.21266811739732" lon="108.83351137793524">
        <ele>406.1634279889986</ele>
        <time>2025-11-24T04:26:57.900000Z</time>
      </trkpt>
      <trkpt lat="34.21267903919858" lon="108.83349379717247">
        <ele>406.1618697848171</ele>
        <time>2025-11-24T04:26:58.900000Z</time>
      </trkpt>
      <trkpt lat="34.212691169719726" lon="108.83347610982122">
        <ele>406.2098992653191</ele>
        <time>2025-11-24T04:26:59.900000Z</time>
      </trkpt>
      <trkpt lat="34.212703827077306" lon="108.8334594583624">
        <ele>406.3073220429942</ele>
        <time>2025-11-24T04:27:00.900000Z</time>
      </trkpt>
      <trkpt lat="34.21271649139267" lon="108.8334438287431">
        <ele>406.38449897803366</ele>
        <time>2025-11-24T04:27:01.900000Z</time>
      </trkpt>
      <trkpt lat="34.21272893320006" lon="108.83342935930365">
        <ele>406.4833175940439</ele>
        <time>2025-11-24T04:27:02.900000Z</time>
      </trkpt>
      <trkpt lat="34.21274090148661" lon="108.83341549150491">
        <ele>406.5850625708699</ele>
        <time>2025-11-24T04:27:03.900000Z</time>
      </trkpt>
      <trkpt lat="34.21275145497991" lon="108.83340199374437">
        <ele>406.6845227405429</ele>
        <time>2025-11-24T04:27:04.900000Z</time>
      </trkpt>
      <trkpt lat="34.21276038705762" lon="108.8333885413099">
        <ele>406.7751809852198</ele>
        <time>2025-11-24T04:27:05.900000Z</time>
      </trkpt>
      <trkpt lat="34.212768966564404" lon="108.83337380374651">
        <ele>406.8894425109029</ele>
        <time>2025-11-24T04:27:06.900000Z</time>
      </trkpt>
      <trkpt lat="34.2127772809738" lon="108.83335946423618">
        <ele>406.9965698076412</ele>
        <time>2025-11-24T04:27:07.900000Z</time>
      </trkpt>
      <trkpt lat="34.21278575030302" lon="108.83334686719542">
        <ele>407.09552078694105</ele>
        <time>2025-11-24T04:27:08.900000Z</time>
      </trkpt>
      <trkpt lat="34.21279404745967" lon="108.83333637046118">
        <ele>407.18232975993305</ele>
        <time>2025-11-24T04:27:09.900000Z</time>
      </trkpt>
      <trkpt lat="34.21280202248793" lon="108.83332823325684">
        <ele>407.25419933442026</ele>
        <time>2025-11-24T04:27:10.900000Z</time>
      </trkpt>
      <trkpt lat="34.21281031144647" lon="108.833322217059">
        <ele>407.3150353031233</ele>
        <time>2025-11-24T04:27:11.900000Z</time>
      </trkpt>
      <trkpt lat="34.21281929491126" lon="108.83331843946603">
        <ele>407.3534362940118</ele>
        <time>2025-11-24T04:27:12.900000Z</time>
      </trkpt>
      <trkpt lat="34.21282867235101" lon="108.8333171004154">
        <ele>407.36675076931715</ele>
        <time>2025-11-24T04:27:13.900000Z</time>
      </trkpt>
      <trkpt lat="34.2128366928129" lon="108.83331670858254">
        <ele>407.3628648482263</ele>
        <time>2025-11-24T04:27:14.900000Z</time>
      </trkpt>
      <trkpt lat="34.2128421927655" lon="108.8333157501705">
        <ele>407.366112222895</ele>
        <time>2025-11-24T04:27:15.900000Z</time>
      </trkpt>
      <trkpt lat="34.21284595539579" lon="108.8333144294023">
        <ele>407.3537324909121</ele>
        <time>2025-11-24T04:27:16.900000Z</time>
      </trkpt>
      <trkpt lat="34.21284950406378" lon="108.83331306708699">
        <ele>407.3098411029205</ele>
        <time>2025-11-24T04:27:17.900000Z</time>
      </trkpt>
      <trkpt lat="34.21285292537482" lon="108.83331187051448">
        <ele>407.25006934069097</ele>
        <time>2025-11-24T04:27:18.900000Z</time>
        <extensions>
          <gpxtpx:TrackPointExtension>
            <gpxtpx:hr>122</gpxtpx:hr>
          </gpxtpx:TrackPointExtension>
        </extensions>
      </trkpt>
      <trkpt lat="34.212855262414514" lon="108.83331072951954">
        <ele>407.1942886095494</ele>
        <time>2025-11-24T04:27:19.900000Z</time>
        <extensions>
          <gpxtpx:TrackPointExtension>
            <gpxtpx:hr>122</gpxtpx:hr>
          </gpxtpx:TrackPointExtension>
        </extensions>
      </trkpt>
      <trkpt lat="34.21285674601589" lon="108.83330934381577">
        <ele>407.1390212578699</ele>
        <time>2025-11-24T04:27:20.900000Z</time>
        <extensions>
          <gpxtpx:TrackPointExtension>
            <gpxtpx:hr>122</gpxtpx:hr>
          </gpxtpx:TrackPointExtension>
        </extensions>
      </trkpt>
      <trkpt lat="34.21285822637547" lon="108.83330726727252">
        <ele>407.0793492915109</ele>
        <time>2025-11-24T04:27:21.900000Z</time>
        <extensions>
          <gpxtpx:TrackPointExtension>
            <gpxtpx:hr>122</gpxtpx:hr>
          </gpxtpx:TrackPointExtension>
        </extensions>
      </trkpt>
      <trkpt lat="34.212860095032745" lon="108.83330361646362">
        <ele>406.981809460558</ele>
        <time>2025-11-24T04:27:22.900000Z</time>
        <extensions>
          <gpxtpx:TrackPointExtension>
            <gpxtpx:hr>122</gpxtpx:hr>
          </gpxtpx:TrackPointExtension>
        </extensions>
      </trkpt>
      <trkpt lat="34.212862514328336" lon="108.83329890045853">
        <ele>406.88156795687973</ele>
        <time>2025-11-24T04:27:23.900000Z</time>
        <extensions>
          <gpxtpx:TrackPointExtension>
            <gpxtpx:hr>122</gpxtpx:hr>
          </gpxtpx:TrackPointExtension>
        </extensions>
      </trkpt>
      <trkpt lat="34.2128663050839" lon="108.83329528481079">
        <ele>406.78119849879295</ele>
        <time>2025-11-24T04:27:24.900000Z</time>
        <extensions>
          <gpxtpx:TrackPointExtension>
            <gpxtpx:hr>122</gpxtpx:hr>
          </gpxtpx:TrackPointExtension>
        </extensions>
      </trkpt>
      <trkpt lat="34.21287265699381" lon="108.8332933646825">
        <ele>406.6823912104592</ele>
        <time>2025-11-24T04:27:25.900000Z</time>
        <extensions>
          <gpxtpx:TrackPointExtension>
            <gpxtpx:hr>122</gpxtpx:hr>
          </gpxtpx:TrackPointExtension>
        </extensions>
      </trkpt>
      <trkpt lat="34.21288106722155" lon="108.83329239900041">
        <ele>406.57771029882133</ele>
        <time>2025-11-24T04:27:26.900000Z</time>
        <extensions>
          <gpxtpx:TrackPointExtension>
            <gpxtpx:hr>122</gpxtpx:hr>
          </gpxtpx:TrackPointExtension>
        </extensions>
      </trkpt>
      <trkpt lat="34.21289062815038" lon="108.83329191274898">
        <ele>406.46087232325226</ele>
        <time>2025-11-24T04:27:27.900000Z</time>
        <extensions>
          <gpxtpx:TrackPointExtension>
            <gpxtpx:hr>122</gpxtpx:hr>
          </gpxtpx:TrackPointExtension>
        </extensions>
      </trkpt>
      <trkpt lat="34.21290128506989" lon="108.83329138624804">
        <ele>406.3479540813714</ele>
        <time>2025-11-24T04:27:28.900000Z</time>
        <extensions>
          <gpxtpx:TrackPointExtension>
            <gpxtpx:hr>122</gpxtpx:hr>
          </gpxtpx:TrackPointExtension>
        </extensions>
      </trkpt>
      <trkpt lat="34.21291227747355" lon="108.83329000052738">
        <ele>406.240726926364</ele>
        <time>2025-11-24T04:27:29.900000Z</time>
        <extensions>
          <gpxtpx:TrackPointExtension>
            <gpxtpx:hr>122</gpxtpx:hr>
          </gpxtpx:TrackPointExtension>
        </extensions>
      </trkpt>
      <trkpt lat="34.21292255246623" lon="108.83328717976703">
        <ele>406.1362915728241</ele>
        <time>2025-11-24T04:27:30.900000Z</time>
        <extensions>
          <gpxtpx:TrackPointExtension>
            <gpxtpx:hr>122</gpxtpx:hr>
          </gpxtpx:TrackPointExtension>
        </extensions>
      </trkpt>
      <trkpt lat="34.21293151507601" lon="108.83328245143461">
        <ele>406.00515972450376</ele>
        <time>2025-11-24T04:27:31.900000Z</time>
        <extensions>
          <gpxtpx:TrackPointExtension>
            <gpxtpx:hr>122</gpxtpx:hr>
          </gpxtpx:TrackPointExtension>
        </extensions>
      </trkpt>
      <trkpt lat="34.21293890530368" lon="108.83327564027951">
        <ele>405.8656836580485</ele>
        <time>2025-11-24T04:27:32.900000Z</time>
        <extensions>
          <gpxtpx:TrackPointExtension>
            <gpxtpx:hr>117</gpxtpx:hr>
          </gpxtpx:TrackPointExtension>
        </extensions>
      </trkpt>
      <trkpt lat="34.212943987390375" lon="108.83326784320137">
        <ele>405.72282223124057</ele>
        <time>2025-11-24T04:27:33.900000Z</time>
        <extensions>
          <gpxtpx:TrackPointExtension>
            <gpxtpx:hr>117</gpxtpx:hr>
          </gpxtpx:TrackPointExtension>
        </extensions>
      </trkpt>
      <trkpt lat="34.21294597974035" lon="108.83326047992902">
        <ele>405.5779226263985</ele>
        <time>2025-11-24T04:27:34.900000Z</time>
        <extensions>
          <gpxtpx:TrackPointExtension>
            <gpxtpx:hr>117</gpxtpx:hr>
          </gpxtpx:TrackPointExtension>
        </extensions>
      </trkpt>
      <trkpt lat="34.212944620628924" lon="108.8332531078985">
        <ele>405.43616675771773</ele>
        <time>2025-11-24T04:27:35.900000Z</time>
        <extensions>
          <gpxtpx:TrackPointExtension>
            <gpxtpx:hr>117</gpxtpx:hr>
          </gpxtpx:TrackPointExtension>
        </extensions>
      </trkpt>
      <trkpt lat="34.212940434111886" lon="108.83324491428824">
        <ele>405.2905132379383</ele>
        <time>2025-11-24T04:27:36.900000Z</time>
        <extensions>
          <gpxtpx:TrackPointExtension>
            <gpxtpx:hr>117</gpxtpx:hr>
          </gpxtpx:TrackPointExtension>
        </extensions>
      </trkpt>
      <trkpt lat="34.2129362633531" lon="108.83323554859591">
        <ele>405.1300822496414</ele>
        <time>2025-11-24T04:27:37.900000Z</time>
        <extensions>
          <gpxtpx:TrackPointExtension>
            <gpxtpx:hr>117</gpxtpx:hr>
          </gpxtpx:TrackPointExtension>
        </extensions>
      </trkpt>
      <trkpt lat="34.21293458305796" lon="108.83322483109437">
        <ele>404.9631485212594</ele>
        <time>2025-11-24T04:27:38.900000Z</time>
        <extensions>
          <gpxtpx:TrackPointExtension>
            <gpxtpx:hr>112</gpxtpx:hr>
          </gpxtpx:TrackPointExtension>
        </extensions>
      </trkpt>
      <trkpt lat="34.2129351080841" lon="108.8332131255255">
        <ele>404.79938917048275</ele>
        <time>2025-11-24T04:27:39.900000Z</time>
        <extensions>
          <gpxtpx:TrackPointExtension>
            <gpxtpx:hr>112</gpxtpx:hr>
          </gpxtpx:TrackPointExtension>
        </extensions>
      </trkpt>
      <trkpt lat="34.21293649510716" lon="108.83320049233804">
        <ele>404.65193815436214</ele>
        <time>2025-11-24T04:27:40.900000Z</time>
        <extensions>
          <gpxtpx:TrackPointExtension>
            <gpxtpx:hr>112</gpxtpx:hr>
          </gpxtpx:TrackPointExtension>
        </extensions>
      </trkpt>
      <trkpt lat="34.21293817220824" lon="108.83318682103783">
        <ele>404.52913622558117</ele>
        <time>2025-11-24T04:27:41.900000Z</time>
        <extensions>
          <gpxtpx:TrackPointExtension>
            <gpxtpx:hr>112</gpxtpx:hr>
          </gpxtpx:TrackPointExtension>
        </extensions>
      </trkpt>
      <trkpt lat="34.21294014324971" lon="108.8331725497409">
        <ele>404.4158709309995</ele>
        <time>2025-11-24T04:27:42.900000Z</time>
        <extensions>
          <gpxtpx:TrackPointExtension>
            <gpxtpx:hr>112</gpxtpx:hr>
          </gpxtpx:TrackPointExtension>
        </extensions>
      </trkpt>
      <trkpt lat="34.21294236070007" lon="108.83315887774276">
        <ele>404.3191717164591</ele>
        <time>2025-11-24T04:27:43.900000Z</time>
        <extensions>
          <gpxtpx:TrackPointExtension>
            <gpxtpx:hr>112</gpxtpx:hr>
          </gpxtpx:TrackPointExtension>
        </extensions>
      </trkpt>
      <trkpt lat="34.212945533497354" lon="108.83314683072345">
        <ele>404.2236042795703</ele>
        <time>2025-11-24T04:27:44.900000Z</time>
        <extensions>
          <gpxtpx:TrackPointExtension>
            <gpxtpx:hr>112</gpxtpx:hr>
          </gpxtpx:TrackPointExtension>
        </extensions>
      </trkpt>
      <trkpt lat="34.2129503864656" lon="108.83313726070261">
        <ele>404.13824805337936</ele>
        <time>2025-11-24T04:27:45.900000Z</time>
        <extensions>
          <gpxtpx:TrackPointExtension>
            <gpxtpx:hr>112</gpxtpx:hr>
          </gpxtpx:TrackPointExtension>
        </extensions>
      </trkpt>
      <trkpt lat="34.21295681585771" lon="108.83313024429363">
        <ele>404.0796861704439</ele>
        <time>2025-11-24T04:27:46.900000Z</time>
        <extensions>
          <gpxtpx:TrackPointExtension>
            <gpxtpx:hr>110</gpxtpx:hr>
          </gpxtpx:TrackPointExtension>
        </extensions>
      </trkpt>
      <trkpt lat="34.21296452949018" lon="108.83312464719022">
        <ele>404.03684037551284</ele>
        <time>2025-11-24T04:27:47.900000Z</time>
        <extensions>
          <gpxtpx:TrackPointExtension>
            <gpxtpx:hr>110</gpxtpx:hr>
          </gpxtpx:TrackPointExtension>
        </extensions>
      </trkpt>
      <trkpt lat="34.21297314926942" lon="108.83311910465886">
        <ele>404.01846433244646</ele>
        <time>2025-11-24T04:27:48.900000Z</time>
        <extensions>
          <gpxtpx:TrackPointExtension>
            <gpxtpx:hr>110</gpxtpx:hr>
          </gpxtpx:TrackPointExtension>
        </extensions>
      </trkpt>
      <trkpt lat="34.212981999413095" lon="108.83311255322602">
        <ele>404.02176706213504</ele>
        <time>2025-11-24T04:27:49.900000Z</time>
        <extensions>
          <gpxtpx:TrackPointExtension>
            <gpxtpx:hr>110</gpxtpx:hr>
          </gpxtpx:TrackPointExtension>
        </extensions>
      </trkpt>
      <trkpt lat="34.21298983683236" lon="108.83310470617654">
        <ele>404.0423239096999</ele>
        <time>2025-11-24T04:27:50.900000Z</time>
        <extensions>
          <gpxtpx:TrackPointExtension>
            <gpxtpx:hr>110</gpxtpx:hr>
          </gpxtpx:TrackPointExtension>
        </extensions>
      </trkpt>
      <trkpt lat="34.21299605096074" lon="108.83309489806156">
        <ele>404.08622475434095</ele>
        <time>2025-11-24T04:27:51.900000Z</time>
        <extensions>
          <gpxtpx:TrackPointExtension>
            <gpxtpx:hr>110</gpxtpx:hr>
          </gpxtpx:TrackPointExtension>
        </extensions>
      </trkpt>
      <trkpt lat="34.213000717825686" lon="108.8330829605719">
        <ele>404.13807787932456</ele>
        <time>2025-11-24T04:27:52.900000Z</time>
        <extensions>
          <gpxtpx:TrackPointExtension>
            <gpxtpx:hr>110</gpxtpx:hr>
          </gpxtpx:TrackPointExtension>
        </extensions>
      </trkpt>
      <trkpt lat="34.213003591556166" lon="108.8330707404377">
        <ele>404.20158431399614</ele>
        <time>2025-11-24T04:27:53.900000Z</time>
        <extensions>
          <gpxtpx:TrackPointExtension>
            <gpxtpx:hr>110</gpxtpx:hr>
          </gpxtpx:TrackPointExtension>
        </extensions>
      </trkpt>
      <trkpt lat="34.21300520602038" lon="108.83305897672702">
        <ele>404.27366178296506</ele>
        <time>2025-11-24T04:27:54.900000Z</time>
        <extensions>
          <gpxtpx:TrackPointExtension>
            <gpxtpx:hr>110</gpxtpx:hr>
          </gpxtpx:TrackPointExtension>
        </extensions>
      </trkpt>
      <trkpt lat="34.21300628092819" lon="108.83304626295191">
        <ele>404.35347473155707</ele>
        <time>2025-11-24T04:27:55.900000Z</time>
        <extensions>
          <gpxtpx:TrackPointExtension>
            <gpxtpx:hr>110</gpxtpx:hr>
          </gpxtpx:TrackPointExtension>
        </extensions>
      </trkpt>
      <trkpt lat="34.21300715775656" lon="108.83303187724044">
        <ele>404.4308861726895</ele>
        <time>2025-11-24T04:27:56.900000Z</time>
        <extensions>
          <gpxtpx:TrackPointExtension>
            <gpxtpx:hr>110</gpxtpx:hr>
          </gpxtpx:TrackPointExtension>
        </extensions>
      </trkpt>
      <trkpt lat="34.21300799875507" lon="108.8330174222694">
        <ele>404.51886445097625</ele>
        <time>2025-11-24T04:27:57.900000Z</time>
        <extensions>
          <gpxtpx:TrackPointExtension>
            <gpxtpx:hr>110</gpxtpx:hr>
          </gpxtpx:TrackPointExtension>
        </extensions>
      </trkpt>
      <trkpt lat="34.213008826981245" lon="108.83300403346753">
        <ele>404.62989677861333</ele>
        <time>2025-11-24T04:27:58.900000Z</time>
        <extensions>
          <gpxtpx:TrackPointExtension>
            <gpxtpx:hr>111</gpxtpx:hr>
          </gpxtpx:TrackPointExtension>
        </extensions>
      </trkpt>
      <trkpt lat="34.21300945391537" lon="108.83299208906404">
        <ele>404.75641223601997</ele>
        <time>2025-11-24T04:27:59.900000Z</time>
        <extensions>
          <gpxtpx:TrackPointExtension>
            <gpxtpx:hr>111</gpxtpx:hr>
          </gpxtpx:TrackPointExtension>
        </extensions>
      </trkpt>
      <trkpt lat="34.21300967378905" lon="108.83298242942595">
        <ele>404.88868415914476</ele>
        <time>2025-11-24T04:28:00.900000Z</time>
        <extensions>
          <gpxtpx:TrackPointExtension>
            <gpxtpx:hr>111</gpxtpx:hr>
          </gpxtpx:TrackPointExtension>
        </extensions>
      </trkpt>
      <trkpt lat="34.21300947840653" lon="108.83297621352715">
        <ele>405.04209274891764</ele>
        <time>2025-11-24T04:28:01.900000Z</time>
        <extensions>
          <gpxtpx:TrackPointExtension>
            <gpxtpx:hr>111</gpxtpx:hr>
          </gpxtpx:TrackPointExtension>
        </extensions>
      </trkpt>
      <trkpt lat="34.213008800257334" lon="108.83297350191978">
        <ele>405.1996259242296</ele>
        <time>2025-11-24T04:28:02.900000Z</time>
        <extensions>
          <gpxtpx:TrackPointExtension>
            <gpxtpx:hr>111</gpxtpx:hr>
          </gpxtpx:TrackPointExtension>
        </extensions>
      </trkpt>
      <trkpt lat="34.21300772583271" lon="108.83297204679961">
        <ele>405.3568050209433</ele>
        <time>2025-11-24T04:28:03.900000Z</time>
        <extensions>
          <gpxtpx:TrackPointExtension>
            <gpxtpx:hr>111</gpxtpx:hr>
          </gpxtpx:TrackPointExtension>
        </extensions>
      </trkpt>
      <trkpt lat="34.213006553426865" lon="108.83296958458457">
        <ele>405.51956013962626</ele>
        <time>2025-11-24T04:28:04.900000Z</time>
        <extensions>
          <gpxtpx:TrackPointExtension>
            <gpxtpx:hr>105</gpxtpx:hr>
          </gpxtpx:TrackPointExtension>
        </extensions>
      </trkpt>
      <trkpt lat="34.21300554093165" lon="108.83296415907297">
        <ele>405.6950157089159</ele>
        <time>2025-11-24T04:28:05.900000Z</time>
        <extensions>
          <gpxtpx:TrackPointExtension>
            <gpxtpx:hr>105</gpxtpx:hr>
          </gpxtpx:TrackPointExtension>
        </extensions>
      </trkpt>
      <trkpt lat="34.21300502276288" lon="108.83295499635932">
        <ele>405.88724398147315</ele>
        <time>2025-11-24T04:28:06.900000Z</time>
        <extensions>
          <gpxtpx:TrackPointExtension>
            <gpxtpx:hr>105</gpxtpx:hr>
          </gpxtpx:TrackPointExtension>
        </extensions>
      </trkpt>
      <trkpt lat="34.213004871707945" lon="108.83294242610775">
        <ele>406.08695049677044</ele>
        <time>2025-11-24T04:28:07.900000Z</time>
        <extensions>
          <gpxtpx:TrackPointExtension>
            <gpxtpx:hr>105</gpxtpx:hr>
          </gpxtpx:TrackPointExtension>
        </extensions>
      </trkpt>
      <trkpt lat="34.213004440145575" lon="108.83292734120612">
        <ele>406.2947421418503</ele>
        <time>2025-11-24T04:28:08.900000Z</time>
        <extensions>
          <gpxtpx:TrackPointExtension>
            <gpxtpx:hr>105</gpxtpx:hr>
          </gpxtpx:TrackPointExtension>
        </extensions>
      </trkpt>
      <trkpt lat="34.213003400024554" lon="108.8329113912167">
        <ele>406.5079366834834</ele>
        <time>2025-11-24T04:28:09.900000Z</time>
        <extensions>
          <gpxtpx:TrackPointExtension>
            <gpxtpx:hr>105</gpxtpx:hr>
          </gpxtpx:TrackPointExtension>
        </extensions>
      </trkpt>
      <trkpt lat="34.213002403824404" lon="108.83289571819634">
        <ele>406.7132475627586</ele>
        <time>2025-11-24T04:28:10.900000Z</time>
        <extensions>
          <gpxtpx:TrackPointExtension>
            <gpxtpx:hr>105</gpxtpx:hr>
          </gpxtpx:TrackPointExtension>
        </extensions>
      </trkpt>
      <trkpt lat="34.213002030012355" lon="108.83288053608436">
        <ele>406.9106857292354</ele>
        <time>2025-11-24T04:28:11.900000Z</time>
        <extensions>
          <gpxtpx:TrackPointExtension>
            <gpxtpx:hr>105</gpxtpx:hr>
          </gpxtpx:TrackPointExtension>
        </extensions>
      </trkpt>
      <trkpt lat="34.21300203952524" lon="108.83286529725463">
        <ele>407.0981627572328</ele>
        <time>2025-11-24T04:28:12.900000Z</time>
        <extensions>
          <gpxtpx:TrackPointExtension>
            <gpxtpx:hr>105</gpxtpx:hr>
          </gpxtpx:TrackPointExtension>
        </extensions>
      </trkpt>
      <trkpt lat="34.21300214786773" lon="108.83284913956562">
        <ele>407.2714724726975</ele>
        <time>2025-11-24T04:28:13.900000Z</time>
        <extensions>
          <gpxtpx:TrackPointExtension>
            <gpxtpx:hr>105</gpxtpx:hr>
          </gpxtpx:TrackPointExtension>
        </extensions>
      </trkpt>
      <trkpt lat="34.21300232275681" lon="108.83283236051753">
        <ele>407.43560020346195</ele>
        <time>2025-11-24T04:28:14.900000Z</time>
        <extensions>
          <gpxtpx:TrackPointExtension>
            <gpxtpx:hr>107</gpxtpx:hr>
          </gpxtpx:TrackPointExtension>
        </extensions>
      </trkpt>
      <trkpt lat="34.21300332105482" lon="108.83281636478971">
        <ele>407.59089268930256</ele>
        <time>2025-11-24T04:28:15.900000Z</time>
        <extensions>
          <gpxtpx:TrackPointExtension>
            <gpxtpx:hr>107</gpxtpx:hr>
          </gpxtpx:TrackPointExtension>
        </extensions>
      </trkpt>
      <trkpt lat="34.21300562439362" lon="108.83280151158326">
        <ele>407.73211546894163</ele>
        <time>2025-11-24T04:28:16.900000Z</time>
        <extensions>
          <gpxtpx:TrackPointExtension>
            <gpxtpx:hr>107</gpxtpx:hr>
          </gpxtpx:TrackPointExtension>
        </extensions>
      </trkpt>
      <trkpt lat="34.2130088733302" lon="108.83278760871005">
        <ele>407.85416350793093</ele>
        <time>2025-11-24T04:28:17.900000Z</time>
        <extensions>
          <gpxtpx:TrackPointExtension>
            <gpxtpx:hr>107</gpxtpx:hr>
          </gpxtpx:TrackPointExtension>
        </extensions>
      </trkpt>
      <trkpt lat="34.21301325535688" lon="108.83277505976181">
        <ele>407.9590703267604</ele>
        <time>2025-11-24T04:28:18.900000Z</time>
        <extensions>
          <gpxtpx:TrackPointExtension>
            <gpxtpx:hr>107</gpxtpx:hr>
          </gpxtpx:TrackPointExtension>
        </extensions>
      </trkpt>
      <trkpt lat="34.21301926794436" lon="108.83276467246415">
        <ele>408.0430729901418</ele>
        <time>2025-11-24T04:28:19.900000Z</time>
        <extensions>
          <gpxtpx:TrackPointExtension>
            <gpxtpx:hr>107</gpxtpx:hr>
          </gpxtpx:TrackPointExtension>
        </extensions>
      </trkpt>
      <trkpt lat="34.213027503002124" lon="108.83275661931833">
        <ele>408.11376580782235</ele>
        <time>2025-11-24T04:28:20.900000Z</time>
        <extensions>
          <gpxtpx:TrackPointExtension>
            <gpxtpx:hr>107</gpxtpx:hr>
          </gpxtpx:TrackPointExtension>
        </extensions>
      </trkpt>
      <trkpt lat="34.21303827868737" lon="108.83274982456172">
        <ele>408.16862356010824</ele>
        <time>2025-11-24T04:28:21.900000Z</time>
        <extensions>
          <gpxtpx:TrackPointExtension>
            <gpxtpx:hr>107</gpxtpx:hr>
          </gpxtpx:TrackPointExtension>
        </extensions>
      </trkpt>
      <trkpt lat="34.21305145620185" lon="108.83274406833335">
        <ele>408.20372500736266</ele>
        <time>2025-11-24T04:28:22.900000Z</time>
        <extensions>
          <gpxtpx:TrackPointExtension>
            <gpxtpx:hr>109</gpxtpx:hr>
          </gpxtpx:TrackPointExtension>
        </extensions>
      </trkpt>
      <trkpt lat="34.21306520581708" lon="108.83273987315405">
        <ele>408.2326027825475</ele>
        <time>2025-11-24T04:28:23.900000Z</time>
        <extensions>
          <gpxtpx:TrackPointExtension>
            <gpxtpx:hr>109</gpxtpx:hr>
          </gpxtpx:TrackPointExtension>
        </extensions>
      </trkpt>
      <trkpt lat="34.213078820638536" lon="108.8327363579933">
        <ele>408.25159934163094</ele>
        <time>2025-11-24T04:28:24.900000Z</time>
        <extensions>
          <gpxtpx:TrackPointExtension>
            <gpxtpx:hr>109</gpxtpx:hr>
          </gpxtpx:TrackPointExtension>
        </extensions>
      </trkpt>
      <trkpt lat="34.21309221756623" lon="108.83273285831154">
        <ele>408.25369836296886</ele>
        <time>2025-11-24T04:28:25.900000Z</time>
        <extensions>
          <gpxtpx:TrackPointExtension>
            <gpxtpx:hr>109</gpxtpx:hr>
          </gpxtpx:TrackPointExtension>
        </extensions>
      </trkpt>
      <trkpt lat="34.21310522425216" lon="108.83272962192854">
        <ele>408.2495407741517</ele>
        <time>2025-11-24T04:28:26.900000Z</time>
        <extensions>
          <gpxtpx:TrackPointExtension>
            <gpxtpx:hr>109</gpxtpx:hr>
          </gpxtpx:TrackPointExtension>
        </extensions>
      </trkpt>
      <trkpt lat="34.21311765563619" lon="108.83272702293058">
        <ele>408.24248085543513</ele>
        <time>2025-11-24T04:28:27.900000Z</time>
        <extensions>
          <gpxtpx:TrackPointExtension>
            <gpxtpx:hr>109</gpxtpx:hr>
          </gpxtpx:TrackPointExtension>
        </extensions>
      </trkpt>
      <trkpt lat="34.213129365516124" lon="108.8327255473976">
        <ele>408.2307389518246</ele>
        <time>2025-11-24T04:28:28.900000Z</time>
        <extensions>
          <gpxtpx:TrackPointExtension>
            <gpxtpx:hr>109</gpxtpx:hr>
          </gpxtpx:TrackPointExtension>
        </extensions>
      </trkpt>
      <trkpt lat="34.21314078582083" lon="108.83272520740978">
        <ele>408.2212877199054</ele>
        <time>2025-11-24T04:28:29.900000Z</time>
        <extensions>
          <gpxtpx:TrackPointExtension>
            <gpxtpx:hr>110</gpxtpx:hr>
          </gpxtpx:TrackPointExtension>
        </extensions>
      </trkpt>
      <trkpt lat="34.213152189182615" lon="108.83272533733815">
        <ele>408.2136864559725</ele>
        <time>2025-11-24T04:28:30.900000Z</time>
        <extensions>
          <gpxtpx:TrackPointExtension>
            <gpxtpx:hr>110</gpxtpx:hr>
          </gpxtpx:TrackPointExtension>
        </extensions>
      </trkpt>
      <trkpt lat="34.21316391256693" lon="108.83272540219815">
        <ele>408.2020598119125</ele>
        <time>2025-11-24T04:28:31.900000Z</time>
        <extensions>
          <gpxtpx:TrackPointExtension>
            <gpxtpx:hr>110</gpxtpx:hr>
          </gpxtpx:TrackPointExtension>
        </extensions>
      </trkpt>
      <trkpt lat="34.21317537768063" lon="108.83272536185223">
        <ele>408.1879631737247</ele>
        <time>2025-11-24T04:28:32.900000Z</time>
        <extensions>
          <gpxtpx:TrackPointExtension>
            <gpxtpx:hr>110</gpxtpx:hr>
          </gpxtpx:TrackPointExtension>
        </extensions>
      </trkpt>
      <trkpt lat="34.21318696517434" lon="108.83272508528374">
        <ele>408.16818326711655</ele>
        <time>2025-11-24T04:28:33.900000Z</time>
        <extensions>
          <gpxtpx:TrackPointExtension>
            <gpxtpx:hr>110</gpxtpx:hr>
          </gpxtpx:TrackPointExtension>
        </extensions>
      </trkpt>
      <trkpt lat="34.21319879940819" lon="108.83272462791668">
        <ele>408.15023524686694</ele>
        <time>2025-11-24T04:28:34.900000Z</time>
        <extensions>
          <gpxtpx:TrackPointExtension>
            <gpxtpx:hr>110</gpxtpx:hr>
          </gpxtpx:TrackPointExtension>
        </extensions>
      </trkpt>
      <trkpt lat="34.2132103802073" lon="108.83272399862133">
        <ele>408.1368288230151</ele>
        <time>2025-11-24T04:28:35.900000Z</time>
        <extensions>
          <gpxtpx:TrackPointExtension>
            <gpxtpx:hr>110</gpxtpx:hr>
          </gpxtpx:TrackPointExtension>
        </extensions>
      </trkpt>
      <trkpt lat="34.21322209091122" lon="108.83272299607154">
        <ele>408.1233649039641</ele>
        <time>2025-11-24T04:28:36.900000Z</time>
        <extensions>
          <gpxtpx:TrackPointExtension>
            <gpxtpx:hr>110</gpxtpx:hr>
          </gpxtpx:TrackPointExtension>
        </extensions>
      </trkpt>
      <trkpt lat="34.21323443629493" lon="108.832721744165">
        <ele>408.1117712697014</ele>
        <time>2025-11-24T04:28:37.900000Z</time>
        <extensions>
          <gpxtpx:TrackPointExtension>
            <gpxtpx:hr>110</gpxtpx:hr>
          </gpxtpx:TrackPointExtension>
        </extensions>
      </trkpt>
      <trkpt lat="34.21324655076481" lon="108.83272079807494">
        <ele>408.0973328826949</ele>
        <time>2025-11-24T04:28:38.900000Z</time>
        <extensions>
          <gpxtpx:TrackPointExtension>
            <gpxtpx:hr>112</gpxtpx:hr>
          </gpxtpx:TrackPointExtension>
        </extensions>
      </trkpt>
      <trkpt lat="34.21325866494461" lon="108.8327201851178">
        <ele>408.08043074794114</ele>
        <time>2025-11-24T04:28:39.900000Z</time>
        <extensions>
          <gpxtpx:TrackPointExtension>
            <gpxtpx:hr>112</gpxtpx:hr>
          </gpxtpx:TrackPointExtension>
        </extensions>
      </trkpt>
      <trkpt lat="34.213270446322255" lon="108.83271983135778">
        <ele>408.06161581445485</ele>
        <time>2025-11-24T04:28:40.900000Z</time>
        <extensions>
          <gpxtpx:TrackPointExtension>
            <gpxtpx:hr>112</gpxtpx:hr>
          </gpxtpx:TrackPointExtension>
        </extensions>
      </trkpt>
      <trkpt lat="34.213282057732656" lon="108.83271989780577">
        <ele>408.0441843997687</ele>
        <time>2025-11-24T04:28:41.900000Z</time>
        <extensions>
          <gpxtpx:TrackPointExtension>
            <gpxtpx:hr>112</gpxtpx:hr>
          </gpxtpx:TrackPointExtension>
        </extensions>
      </trkpt>
      <trkpt lat="34.21329358471356" lon="108.83272029984666">
        <ele>408.02221976127476</ele>
        <time>2025-11-24T04:28:42.900000Z</time>
        <extensions>
          <gpxtpx:TrackPointExtension>
            <gpxtpx:hr>112</gpxtpx:hr>
          </gpxtpx:TrackPointExtension>
        </extensions>
      </trkpt>
      <trkpt lat="34.21330458948992" lon="108.8327207569467">
        <ele>408.0037411181256</ele>
        <time>2025-11-24T04:28:43.900000Z</time>
        <extensions>
          <gpxtpx:TrackPointExtension>
            <gpxtpx:hr>113</gpxtpx:hr>
          </gpxtpx:TrackPointExtension>
        </extensions>
      </trkpt>
      <trkpt lat="34.21331610391863" lon="108.83272141147813">
        <ele>407.99542441312224</ele>
        <time>2025-11-24T04:28:44.900000Z</time>
        <extensions>
          <gpxtpx:TrackPointExtension>
            <gpxtpx:hr>113</gpxtpx:hr>
          </gpxtpx:TrackPointExtension>
        </extensions>
      </trkpt>
      <trkpt lat="34.2133284918544" lon="108.83272293275807">
        <ele>407.9915703916922</ele>
        <time>2025-11-24T04:28:45.900000Z</time>
        <extensions>
          <gpxtpx:TrackPointExtension>
            <gpxtpx:hr>113</gpxtpx:hr>
          </gpxtpx:TrackPointExtension>
        </extensions>
      </trkpt>
      <trkpt lat="34.21334195276749" lon="108.83272568270306">
        <ele>407.98849995806813</ele>
        <time>2025-11-24T04:28:46.900000Z</time>
        <extensions>
          <gpxtpx:TrackPointExtension>
            <gpxtpx:hr>113</gpxtpx:hr>
          </gpxtpx:TrackPointExtension>
        </extensions>
      </trkpt>
      <trkpt lat="34.21335545470576" lon="108.83272939966308">
        <ele>407.9826173130423</ele>
        <time>2025-11-24T04:28:47.900000Z</time>
        <extensions>
          <gpxtpx:TrackPointExtension>
            <gpxtpx:hr>113</gpxtpx:hr>
          </gpxtpx:TrackPointExtension>
        </extensions>
      </trkpt>
      <trkpt lat="34.21336894082275" lon="108.83273336532761">
        <ele>407.9843825446442</ele>
        <time>2025-11-24T04:28:48.900000Z</time>
        <extensions>
          <gpxtpx:TrackPointExtension>
            <gpxtpx:hr>113</gpxtpx:hr>
          </gpxtpx:TrackPointExtension>
        </extensions>
      </trkpt>
      <trkpt lat="34.213382002389736" lon="108.83273672835625">
        <ele>407.98527805507183</ele>
        <time>2025-11-24T04:28:49.900000Z</time>
        <extensions>
          <gpxtpx:TrackPointExtension>
            <gpxtpx:hr>113</gpxtpx:hr>
          </gpxtpx:TrackPointExtension>
        </extensions>
      </trkpt>
      <trkpt lat="34.21339491882345" lon="108.8327392463582">
        <ele>407.9830248327926</ele>
        <time>2025-11-24T04:28:50.900000Z</time>
        <extensions>
          <gpxtpx:TrackPointExtension>
            <gpxtpx:hr>113</gpxtpx:hr>
          </gpxtpx:TrackPointExtension>
        </extensions>
      </trkpt>
      <trkpt lat="34.21340774106571" lon="108.83274110037658">
        <ele>407.979882449843</ele>
        <time>2025-11-24T04:28:51.900000Z</time>
        <extensions>
          <gpxtpx:TrackPointExtension>
            <gpxtpx:hr>113</gpxtpx:hr>
          </gpxtpx:TrackPointExtension>
        </extensions>
      </trkpt>
      <trkpt lat="34.213420538517894" lon="108.83274246579052">
        <ele>407.9795621410012</ele>
        <time>2025-11-24T04:28:52.900000Z</time>
        <extensions>
          <gpxtpx:TrackPointExtension>
            <gpxtpx:hr>113</gpxtpx:hr>
          </gpxtpx:TrackPointExtension>
        </extensions>
      </trkpt>
      <trkpt lat="34.21343338482962" lon="108.83274342361285">
        <ele>407.9807744482532</ele>
        <time>2025-11-24T04:28:53.900000Z</time>
        <extensions>
          <gpxtpx:TrackPointExtension>
            <gpxtpx:hr>113</gpxtpx:hr>
          </gpxtpx:TrackPointExtension>
        </extensions>
      </trkpt>
      <trkpt lat="34.213446239735724" lon="108.83274351730836">
        <ele>407.98230778984725</ele>
        <time>2025-11-24T04:28:54.900000Z</time>
        <extensions>
          <gpxtpx:TrackPointExtension>
            <gpxtpx:hr>113</gpxtpx:hr>
          </gpxtpx:TrackPointExtension>
        </extensions>
      </trkpt>
      <trkpt lat="34.2134595528174" lon="108.83274268506298">
        <ele>407.98221387621015</ele>
        <time>2025-11-24T04:28:55.900000Z</time>
        <extensions>
          <gpxtpx:TrackPointExtension>
            <gpxtpx:hr>113</gpxtpx:hr>
          </gpxtpx:TrackPointExtension>
        </extensions>
      </trkpt>
      <trkpt lat="34.21347309052708" lon="108.83274084101265">
        <ele>407.9786752881482</ele>
        <time>2025-11-24T04:28:56.900000Z</time>
        <extensions>
          <gpxtpx:TrackPointExtension>
            <gpxtpx:hr>111</gpxtpx:hr>
          </gpxtpx:TrackPointExtension>
        </extensions>
      </trkpt>
      <trkpt lat="34.21348604633203" lon="108.83273807414213">
        <ele>407.97486384399235</ele>
        <time>2025-11-24T04:28:57.900000Z</time>
        <extensions>
          <gpxtpx:TrackPointExtension>
            <gpxtpx:hr>111</gpxtpx:hr>
          </gpxtpx:TrackPointExtension>
        </extensions>
      </trkpt>
      <trkpt lat="34.21349866308106" lon="108.83273436149192">
        <ele>407.96996345743537</ele>
        <time>2025-11-24T04:28:58.900000Z</time>
        <extensions>
          <gpxtpx:TrackPointExtension>
            <gpxtpx:hr>111</gpxtpx:hr>
          </gpxtpx:TrackPointExtension>
        </extensions>
      </trkpt>
      <trkpt lat="34.213511228167526" lon="108.83273037818645">
        <ele>407.96065783593804</ele>
        <time>2025-11-24T04:28:59.900000Z</time>
        <extensions>
          <gpxtpx:TrackPointExtension>
            <gpxtpx:hr>111</gpxtpx:hr>
          </gpxtpx:TrackPointExtension>
        </extensions>
      </trkpt>
      <trkpt lat="34.213523779977244" lon="108.8327266563639">
        <ele>407.94611102249473</ele>
        <time>2025-11-24T04:29:00.900000Z</time>
        <extensions>
          <gpxtpx:TrackPointExtension>
            <gpxtpx:hr>111</gpxtpx:hr>
          </gpxtpx:TrackPointExtension>
        </extensions>
      </trkpt>
      <trkpt lat="34.21353716875724" lon="108.83272253326294">
        <ele>407.92810709774494</ele>
        <time>2025-11-24T04:29:01.900000Z</time>
        <extensions>
          <gpxtpx:TrackPointExtension>
            <gpxtpx:hr>111</gpxtpx:hr>
          </gpxtpx:TrackPointExtension>
        </extensions>
      </trkpt>
      <trkpt lat="34.2135500032974" lon="108.83271843650624">
        <ele>407.90911379270256</ele>
        <time>2025-11-24T04:29:02.900000Z</time>
        <extensions>
          <gpxtpx:TrackPointExtension>
            <gpxtpx:hr>112</gpxtpx:hr>
          </gpxtpx:TrackPointExtension>
        </extensions>
      </trkpt>
      <trkpt lat="34.21356216265151" lon="108.83271454688023">
        <ele>407.88674715720117</ele>
        <time>2025-11-24T04:29:03.900000Z</time>
        <extensions>
          <gpxtpx:TrackPointExtension>
            <gpxtpx:hr>112</gpxtpx:hr>
          </gpxtpx:TrackPointExtension>
        </extensions>
      </trkpt>
      <trkpt lat="34.21357457908791" lon="108.83271017579875">
        <ele>407.8626142507419</ele>
        <time>2025-11-24T04:29:04.900000Z</time>
        <extensions>
          <gpxtpx:TrackPointExtension>
            <gpxtpx:hr>112</gpxtpx:hr>
          </gpxtpx:TrackPointExtension>
        </extensions>
      </trkpt>
      <trkpt lat="34.21358777613449" lon="108.83270491852649">
        <ele>407.83567589800805</ele>
        <time>2025-11-24T04:29:05.900000Z</time>
        <extensions>
          <gpxtpx:TrackPointExtension>
            <gpxtpx:hr>112</gpxtpx:hr>
          </gpxtpx:TrackPointExtension>
        </extensions>
      </trkpt>
      <trkpt lat="34.2136003468958" lon="108.83269873133233">
        <ele>407.81375538092107</ele>
        <time>2025-11-24T04:29:06.900000Z</time>
        <extensions>
          <gpxtpx:TrackPointExtension>
            <gpxtpx:hr>112</gpxtpx:hr>
          </gpxtpx:TrackPointExtension>
        </extensions>
      </trkpt>
      <trkpt lat="34.21361192363932" lon="108.83269099064937">
        <ele>407.7939543677494</ele>
        <time>2025-11-24T04:29:07.900000Z</time>
        <extensions>
          <gpxtpx:TrackPointExtension>
            <gpxtpx:hr>113</gpxtpx:hr>
          </gpxtpx:TrackPointExtension>
        </extensions>
      </trkpt>
      <trkpt lat="34.213622754387174" lon="108.8326817573206">
        <ele>407.77402476221323</ele>
        <time>2025-11-24T04:29:08.900000Z</time>
        <extensions>
          <gpxtpx:TrackPointExtension>
            <gpxtpx:hr>113</gpxtpx:hr>
          </gpxtpx:TrackPointExtension>
        </extensions>
      </trkpt>
      <trkpt lat="34.21363302973601" lon="108.83267114712548">
        <ele>407.76121365465224</ele>
        <time>2025-11-24T04:29:09.900000Z</time>
        <extensions>
          <gpxtpx:TrackPointExtension>
            <gpxtpx:hr>113</gpxtpx:hr>
          </gpxtpx:TrackPointExtension>
        </extensions>
      </trkpt>
      <trkpt lat="34.21364263531512" lon="108.83265990743791">
        <ele>407.74939819518477</ele>
        <time>2025-11-24T04:29:10.900000Z</time>
        <extensions>
          <gpxtpx:TrackPointExtension>
            <gpxtpx:hr>113</gpxtpx:hr>
          </gpxtpx:TrackPointExtension>
        </extensions>
      </trkpt>
      <trkpt lat="34.21365132901654" lon="108.83264809901101">
        <ele>407.738252164796</ele>
        <time>2025-11-24T04:29:11.900000Z</time>
        <extensions>
          <gpxtpx:TrackPointExtension>
            <gpxtpx:hr>113</gpxtpx:hr>
          </gpxtpx:TrackPointExtension>
        </extensions>
      </trkpt>
      <trkpt lat="34.21365960564492" lon="108.83263588996074">
        <ele>407.7274579331279</ele>
        <time>2025-11-24T04:29:12.900000Z</time>
        <extensions>
          <gpxtpx:TrackPointExtension>
            <gpxtpx:hr>113</gpxtpx:hr>
          </gpxtpx:TrackPointExtension>
        </extensions>
      </trkpt>
      <trkpt lat="34.213667623738786" lon="108.83262336839864">
        <ele>407.71944181621075</ele>
        <time>2025-11-24T04:29:13.900000Z</time>
        <extensions>
          <gpxtpx:TrackPointExtension>
            <gpxtpx:hr>113</gpxtpx:hr>
          </gpxtpx:TrackPointExtension>
        </extensions>
      </trkpt>
      <trkpt lat="34.21367531844516" lon="108.83261043637965">
        <ele>407.7183554880321</ele>
        <time>2025-11-24T04:29:14.900000Z</time>
        <extensions>
          <gpxtpx:TrackPointExtension>
            <gpxtpx:hr>113</gpxtpx:hr>
          </gpxtpx:TrackPointExtension>
        </extensions>
      </trkpt>
      <trkpt lat="34.213682638641856" lon="108.83259676246094">
        <ele>407.71826800890267</ele>
        <time>2025-11-24T04:29:15.900000Z</time>
        <extensions>
          <gpxtpx:TrackPointExtension>
            <gpxtpx:hr>113</gpxtpx:hr>
          </gpxtpx:TrackPointExtension>
        </extensions>
      </trkpt>
      <trkpt lat="34.2136891708584" lon="108.83258228929682">
        <ele>407.71871969942003</ele>
        <time>2025-11-24T04:29:16.900000Z</time>
        <extensions>
          <gpxtpx:TrackPointExtension>
            <gpxtpx:hr>112</gpxtpx:hr>
          </gpxtpx:TrackPointExtension>
        </extensions>
      </trkpt>
      <trkpt lat="34.21369497797822" lon="108.83256726259798">
        <ele>407.72248480748385</ele>
        <time>2025-11-24T04:29:17.900000Z</time>
        <extensions>
          <gpxtpx:TrackPointExtension>
            <gpxtpx:hr>112</gpxtpx:hr>
          </gpxtpx:TrackPointExtension>
        </extensions>
      </trkpt>
      <trkpt lat="34.213700277196075" lon="108.83255200416806">
        <ele>407.72866376303136</ele>
        <time>2025-11-24T04:29:18.900000Z</time>
        <extensions>
          <gpxtpx:TrackPointExtension>
            <gpxtpx:hr>112</gpxtpx:hr>
          </gpxtpx:TrackPointExtension>
        </extensions>
      </trkpt>
      <trkpt lat="34.21370526808328" lon="108.83253640249981">
        <ele>407.735069911927</ele>
        <time>2025-11-24T04:29:19.900000Z</time>
        <extensions>
          <gpxtpx:TrackPointExtension>
            <gpxtpx:hr>112</gpxtpx:hr>
          </gpxtpx:TrackPointExtension>
        </extensions>
      </trkpt>
      <trkpt lat="34.21371026696406" lon="108.83252066899797">
        <ele>407.7425328232348</ele>
        <time>2025-11-24T04:29:20.900000Z</time>
        <extensions>
          <gpxtpx:TrackPointExtension>
            <gpxtpx:hr>112</gpxtpx:hr>
          </gpxtpx:TrackPointExtension>
        </extensions>
      </trkpt>
      <trkpt lat="34.21371487399075" lon="108.8325050409899">
        <ele>407.7521294923499</ele>
        <time>2025-11-24T04:29:21.900000Z</time>
        <extensions>
          <gpxtpx:TrackPointExtension>
            <gpxtpx:hr>112</gpxtpx:hr>
          </gpxtpx:TrackPointExtension>
        </extensions>
      </trkpt>
      <trkpt lat="34.213719049559494" lon="108.83248923184634">
        <ele>407.7558172242716</ele>
        <time>2025-11-24T04:29:22.900000Z</time>
        <extensions>
          <gpxtpx:TrackPointExtension>
            <gpxtpx:hr>112</gpxtpx:hr>
          </gpxtpx:TrackPointExtension>
        </extensions>
      </trkpt>
      <trkpt lat="34.213722564706515" lon="108.83247430964074">
        <ele>407.75889396108687</ele>
        <time>2025-11-24T04:29:23.900000Z</time>
        <extensions>
          <gpxtpx:TrackPointExtension>
            <gpxtpx:hr>112</gpxtpx:hr>
          </gpxtpx:TrackPointExtension>
        </extensions>
      </trkpt>
      <trkpt lat="34.21372574558426" lon="108.83245910731804">
        <ele>407.7611705465242</ele>
        <time>2025-11-24T04:29:24.900000Z</time>
        <extensions>
          <gpxtpx:TrackPointExtension>
            <gpxtpx:hr>112</gpxtpx:hr>
          </gpxtpx:TrackPointExtension>
        </extensions>
      </trkpt>
      <trkpt lat="34.213728745438495" lon="108.83244431196275">
        <ele>407.75997609924525</ele>
        <time>2025-11-24T04:29:25.900000Z</time>
        <extensions>
          <gpxtpx:TrackPointExtension>
            <gpxtpx:hr>112</gpxtpx:hr>
          </gpxtpx:TrackPointExtension>
        </extensions>
      </trkpt>
      <trkpt lat="34.21373149740823" lon="108.83242931391051">
        <ele>407.7602151436731</ele>
        <time>2025-11-24T04:29:26.900000Z</time>
        <extensions>
          <gpxtpx:TrackPointExtension>
            <gpxtpx:hr>112</gpxtpx:hr>
          </gpxtpx:TrackPointExtension>
        </extensions>
      </trkpt>
      <trkpt lat="34.2137345717526" lon="108.83241434344438">
        <ele>407.75962692592293</ele>
        <time>2025-11-24T04:29:27.900000Z</time>
        <extensions>
          <gpxtpx:TrackPointExtension>
            <gpxtpx:hr>112</gpxtpx:hr>
          </gpxtpx:TrackPointExtension>
        </extensions>
      </trkpt>
      <trkpt lat="34.21373837851987" lon="108.83239879238522">
        <ele>407.7619043700397</ele>
        <time>2025-11-24T04:29:28.900000Z</time>
        <extensions>
          <gpxtpx:TrackPointExtension>
            <gpxtpx:hr>112</gpxtpx:hr>
          </gpxtpx:TrackPointExtension>
        </extensions>
      </trkpt>
      <trkpt lat="34.213742075388666" lon="108.83238233161933">
        <ele>407.7622694009915</ele>
        <time>2025-11-24T04:29:29.900000Z</time>
        <extensions>
          <gpxtpx:TrackPointExtension>
            <gpxtpx:hr>112</gpxtpx:hr>
          </gpxtpx:TrackPointExtension>
        </extensions>
      </trkpt>
      <trkpt lat="34.213745280788714" lon="108.83236527829916">
        <ele>407.7644517282024</ele>
        <time>2025-11-24T04:29:30.900000Z</time>
        <extensions>
          <gpxtpx:TrackPointExtension>
            <gpxtpx:hr>110</gpxtpx:hr>
          </gpxtpx:TrackPointExtension>
        </extensions>
      </trkpt>
      <trkpt lat="34.213748009046455" lon="108.83234830215699">
        <ele>407.7598607754335</ele>
        <time>2025-11-24T04:29:31.900000Z</time>
        <extensions>
          <gpxtpx:TrackPointExtension>
            <gpxtpx:hr>110</gpxtpx:hr>
          </gpxtpx:TrackPointExtension>
        </extensions>
      </trkpt>
      <trkpt lat="34.21375046603194" lon="108.832332263898">
        <ele>407.75377809163183</ele>
        <time>2025-11-24T04:29:32.900000Z</time>
        <extensions>
          <gpxtpx:TrackPointExtension>
            <gpxtpx:hr>110</gpxtpx:hr>
          </gpxtpx:TrackPointExtension>
        </extensions>
      </trkpt>
      <trkpt lat="34.213753133054375" lon="108.8323166808031">
        <ele>407.75093110185117</ele>
        <time>2025-11-24T04:29:33.900000Z</time>
        <extensions>
          <gpxtpx:TrackPointExtension>
            <gpxtpx:hr>110</gpxtpx:hr>
          </gpxtpx:TrackPointExtension>
        </extensions>
      </trkpt>
      <trkpt lat="34.213755916648886" lon="108.83230114051332">
        <ele>407.7525260746479</ele>
        <time>2025-11-24T04:29:34.900000Z</time>
        <extensions>
          <gpxtpx:TrackPointExtension>
            <gpxtpx:hr>110</gpxtpx:hr>
          </gpxtpx:TrackPointExtension>
        </extensions>
      </trkpt>
      <trkpt lat="34.21375908141406" lon="108.83228594306233">
        <ele>407.74506611563265</ele>
        <time>2025-11-24T04:29:35.900000Z</time>
        <extensions>
          <gpxtpx:TrackPointExtension>
            <gpxtpx:hr>110</gpxtpx:hr>
          </gpxtpx:TrackPointExtension>
        </extensions>
      </trkpt>
      <trkpt lat="34.21376384988952" lon="108.83227200880087">
        <ele>407.7346754381433</ele>
        <time>2025-11-24T04:29:36.900000Z</time>
        <extensions>
          <gpxtpx:TrackPointExtension>
            <gpxtpx:hr>111</gpxtpx:hr>
          </gpxtpx:TrackPointExtension>
        </extensions>
      </trkpt>
      <trkpt lat="34.21376990684989" lon="108.83225897005775">
        <ele>407.7183127263561</ele>
        <time>2025-11-24T04:29:37.900000Z</time>
        <extensions>
          <gpxtpx:TrackPointExtension>
            <gpxtpx:hr>111</gpxtpx:hr>
          </gpxtpx:TrackPointExtension>
        </extensions>
      </trkpt>
      <trkpt lat="34.21377632919536" lon="108.83224556673187">
        <ele>407.6956544620916</ele>
        <time>2025-11-24T04:29:38.900000Z</time>
        <extensions>
          <gpxtpx:TrackPointExtension>
            <gpxtpx:hr>111</gpxtpx:hr>
          </gpxtpx:TrackPointExtension>
        </extensions>
      </trkpt>
      <trkpt lat="34.213782222040145" lon="108.832231338759">
        <ele>407.666616210714</ele>
        <time>2025-11-24T04:29:39.900000Z</time>
        <extensions>
          <gpxtpx:TrackPointExtension>
            <gpxtpx:hr>111</gpxtpx:hr>
          </gpxtpx:TrackPointExtension>
        </extensions>
      </trkpt>
      <trkpt lat="34.21378674655454" lon="108.83221746950078">
        <ele>407.63418850302696</ele>
        <time>2025-11-24T04:29:40.900000Z</time>
        <extensions>
          <gpxtpx:TrackPointExtension>
            <gpxtpx:hr>111</gpxtpx:hr>
          </gpxtpx:TrackPointExtension>
        </extensions>
      </trkpt>
      <trkpt lat="34.21379050038974" lon="108.83220314625073">
        <ele>407.60234004445374</ele>
        <time>2025-11-24T04:29:41.900000Z</time>
        <extensions>
          <gpxtpx:TrackPointExtension>
            <gpxtpx:hr>111</gpxtpx:hr>
          </gpxtpx:TrackPointExtension>
        </extensions>
      </trkpt>
      <trkpt lat="34.213794183768215" lon="108.83218806602322">
        <ele>407.57831427361816</ele>
        <time>2025-11-24T04:29:42.900000Z</time>
        <extensions>
          <gpxtpx:TrackPointExtension>
            <gpxtpx:hr>111</gpxtpx:hr>
          </gpxtpx:TrackPointExtension>
        </extensions>
      </trkpt>
      <trkpt lat="34.213797595588524" lon="108.83217308373564">
        <ele>407.5527093531564</ele>
        <time>2025-11-24T04:29:43.900000Z</time>
        <extensions>
          <gpxtpx:TrackPointExtension>
            <gpxtpx:hr>109</gpxtpx:hr>
          </gpxtpx:TrackPointExtension>
        </extensions>
      </trkpt>
      <trkpt lat="34.21380138016668" lon="108.83215818905308">
        <ele>407.51873212400824</ele>
        <time>2025-11-24T04:29:44.900000Z</time>
        <extensions>
          <gpxtpx:TrackPointExtension>
            <gpxtpx:hr>109</gpxtpx:hr>
          </gpxtpx:TrackPointExtension>
        </extensions>
      </trkpt>
      <trkpt lat="34.213806290173004" lon="108.83214425559403">
        <ele>407.477526480332</ele>
        <time>2025-11-24T04:29:45.900000Z</time>
        <extensions>
          <gpxtpx:TrackPointExtension>
            <gpxtpx:hr>109</gpxtpx:hr>
          </gpxtpx:TrackPointExtension>
        </extensions>
      </trkpt>
      <trkpt lat="34.213811544068776" lon="108.8321314363441">
        <ele>407.42306851781905</ele>
        <time>2025-11-24T04:29:46.900000Z</time>
        <extensions>
          <gpxtpx:TrackPointExtension>
            <gpxtpx:hr>109</gpxtpx:hr>
          </gpxtpx:TrackPointExtension>
        </extensions>
      </trkpt>
      <trkpt lat="34.213816756022474" lon="108.83211932260099">
        <ele>407.3630106309429</ele>
        <time>2025-11-24T04:29:47.900000Z</time>
        <extensions>
          <gpxtpx:TrackPointExtension>
            <gpxtpx:hr>109</gpxtpx:hr>
          </gpxtpx:TrackPointExtension>
        </extensions>
      </trkpt>
      <trkpt lat="34.21382220547451" lon="108.83210912753816">
        <ele>407.31517919898033</ele>
        <time>2025-11-24T04:29:48.900000Z</time>
        <extensions>
          <gpxtpx:TrackPointExtension>
            <gpxtpx:hr>108</gpxtpx:hr>
          </gpxtpx:TrackPointExtension>
        </extensions>
      </trkpt>
      <trkpt lat="34.213828094535" lon="108.83210240263668">
        <ele>407.267255384475</ele>
        <time>2025-11-24T04:29:49.900000Z</time>
        <extensions>
          <gpxtpx:TrackPointExtension>
            <gpxtpx:hr>108</gpxtpx:hr>
          </gpxtpx:TrackPointExtension>
        </extensions>
      </trkpt>
      <trkpt lat="34.21383430078984" lon="108.83210017717273">
        <ele>407.22185754589736</ele>
        <time>2025-11-24T04:29:50.900000Z</time>
        <extensions>
          <gpxtpx:TrackPointExtension>
            <gpxtpx:hr>108</gpxtpx:hr>
          </gpxtpx:TrackPointExtension>
        </extensions>
      </trkpt>
      <trkpt lat="34.21384140605658" lon="108.83210102642265">
        <ele>407.1694597620517</ele>
        <time>2025-11-24T04:29:51.900000Z</time>
        <extensions>
          <gpxtpx:TrackPointExtension>
            <gpxtpx:hr>109</gpxtpx:hr>
          </gpxtpx:TrackPointExtension>
        </extensions>
      </trkpt>
      <trkpt lat="34.21384986680424" lon="108.83210290330322">
        <ele>407.1203180914745</ele>
        <time>2025-11-24T04:29:52.900000Z</time>
        <extensions>
          <gpxtpx:TrackPointExtension>
            <gpxtpx:hr>109</gpxtpx:hr>
          </gpxtpx:TrackPointExtension>
        </extensions>
      </trkpt>
      <trkpt lat="34.21385911616593" lon="108.83210516288908">
        <ele>407.0679820301011</ele>
        <time>2025-11-24T04:29:53.900000Z</time>
        <extensions>
          <gpxtpx:TrackPointExtension>
            <gpxtpx:hr>109</gpxtpx:hr>
          </gpxtpx:TrackPointExtension>
        </extensions>
      </trkpt>
      <trkpt lat="34.21386860080931" lon="108.83210740330269">
        <ele>407.0139712328091</ele>
        <time>2025-11-24T04:29:54.900000Z</time>
        <extensions>
          <gpxtpx:TrackPointExtension>
            <gpxtpx:hr>109</gpxtpx:hr>
          </gpxtpx:TrackPointExtension>
        </extensions>
      </trkpt>
      <trkpt lat="34.21387813403053" lon="108.83210895567412">
        <ele>406.96670637186617</ele>
        <time>2025-11-24T04:29:55.900000Z</time>
        <extensions>
          <gpxtpx:TrackPointExtension>
            <gpxtpx:hr>109</gpxtpx:hr>
          </gpxtpx:TrackPointExtension>
        </extensions>
      </trkpt>
      <trkpt lat="34.21388769627115" lon="108.83211014608074">
        <ele>406.9144560135901</ele>
        <time>2025-11-24T04:29:56.900000Z</time>
        <extensions>
          <gpxtpx:TrackPointExtension>
            <gpxtpx:hr>109</gpxtpx:hr>
          </gpxtpx:TrackPointExtension>
        </extensions>
      </trkpt>
      <trkpt lat="34.21389766366988" lon="108.83211161756803">
        <ele>406.8592867581174</ele>
        <time>2025-11-24T04:29:57.900000Z</time>
        <extensions>
          <gpxtpx:TrackPointExtension>
            <gpxtpx:hr>109</gpxtpx:hr>
          </gpxtpx:TrackPointExtension>
        </extensions>
      </trkpt>
      <trkpt lat="34.21390804927145" lon="108.83211423550006">
        <ele>406.80825354810804</ele>
        <time>2025-11-24T04:29:58.900000Z</time>
        <extensions>
          <gpxtpx:TrackPointExtension>
            <gpxtpx:hr>109</gpxtpx:hr>
          </gpxtpx:TrackPointExtension>
        </extensions>
      </trkpt>
      <trkpt lat="34.21391799092062" lon="108.83211805567484">
        <ele>406.77021207939833</ele>
        <time>2025-11-24T04:29:59.900000Z</time>
        <extensions>
          <gpxtpx:TrackPointExtension>
            <gpxtpx:hr>109</gpxtpx:hr>
          </gpxtpx:TrackPointExtension>
        </extensions>
      </trkpt>
      <trkpt lat="34.213926828761046" lon="108.83212160323751">
        <ele>406.74020594358444</ele>
        <time>2025-11-24T04:30:00.900000Z</time>
        <extensions>
          <gpxtpx:TrackPointExtension>
            <gpxtpx:hr>109</gpxtpx:hr>
          </gpxtpx:TrackPointExtension>
        </extensions>
      </trkpt>
      <trkpt lat="34.21393526665354" lon="108.83212393466324">
        <ele>406.71117836236954</ele>
        <time>2025-11-24T04:30:01.900000Z</time>
        <extensions>
          <gpxtpx:TrackPointExtension>
            <gpxtpx:hr>110</gpxtpx:hr>
          </gpxtpx:TrackPointExtension>
        </extensions>
      </trkpt>
      <trkpt lat="34.213944101660914" lon="108.832125566925">
        <ele>406.6854641837999</ele>
        <time>2025-11-24T04:30:02.900000Z</time>
        <extensions>
          <gpxtpx:TrackPointExtension>
            <gpxtpx:hr>110</gpxtpx:hr>
          </gpxtpx:TrackPointExtension>
        </extensions>
      </trkpt>
      <trkpt lat="34.21395348370177" lon="108.83212695420632">
        <ele>406.6574381077662</ele>
        <time>2025-11-24T04:30:03.900000Z</time>
        <extensions>
          <gpxtpx:TrackPointExtension>
            <gpxtpx:hr>110</gpxtpx:hr>
          </gpxtpx:TrackPointExtension>
        </extensions>
      </trkpt>
      <trkpt lat="34.21396337408964" lon="108.83212816137092">
        <ele>406.63579206354916</ele>
        <time>2025-11-24T04:30:04.900000Z</time>
        <extensions>
          <gpxtpx:TrackPointExtension>
            <gpxtpx:hr>110</gpxtpx:hr>
          </gpxtpx:TrackPointExtension>
        </extensions>
      </trkpt>
      <trkpt lat="34.21397352378126" lon="108.83212912372883">
        <ele>406.6246664766222</ele>
        <time>2025-11-24T04:30:05.900000Z</time>
        <extensions>
          <gpxtpx:TrackPointExtension>
            <gpxtpx:hr>110</gpxtpx:hr>
          </gpxtpx:TrackPointExtension>
        </extensions>
      </trkpt>
      <trkpt lat="34.21398288071662" lon="108.83212985024156">
        <ele>406.6124877249822</ele>
        <time>2025-11-24T04:30:06.900000Z</time>
        <extensions>
          <gpxtpx:TrackPointExtension>
            <gpxtpx:hr>110</gpxtpx:hr>
          </gpxtpx:TrackPointExtension>
        </extensions>
      </trkpt>
      <trkpt lat="34.213991236161114" lon="108.83213059340099">
        <ele>406.6085266266018</ele>
        <time>2025-11-24T04:30:07.900000Z</time>
        <extensions>
          <gpxtpx:TrackPointExtension>
            <gpxtpx:hr>110</gpxtpx:hr>
          </gpxtpx:TrackPointExtension>
        </extensions>
      </trkpt>
      <trkpt lat="34.213999142996" lon="108.83213128770606">
        <ele>406.6063473261893</ele>
        <time>2025-11-24T04:30:08.900000Z</time>
        <extensions>
          <gpxtpx:TrackPointExtension>
            <gpxtpx:hr>110</gpxtpx:hr>
          </gpxtpx:TrackPointExtension>
        </extensions>
      </trkpt>
      <trkpt lat="34.21400671361362" lon="108.83213182337457">
        <ele>406.60889699310064</ele>
        <time>2025-11-24T04:30:09.900000Z</time>
        <extensions>
          <gpxtpx:TrackPointExtension>
            <gpxtpx:hr>110</gpxtpx:hr>
          </gpxtpx:TrackPointExtension>
        </extensions>
      </trkpt>
      <trkpt lat="34.21401434335345" lon="108.83213251014998">
        <ele>406.586815925315</ele>
        <time>2025-11-24T04:30:10.900000Z</time>
        <extensions>
          <gpxtpx:TrackPointExtension>
            <gpxtpx:hr>110</gpxtpx:hr>
          </gpxtpx:TrackPointExtension>
        </extensions>
      </trkpt>
      <trkpt lat="34.21402226786134" lon="108.83213379547658">
        <ele>406.55109954159707</ele>
        <time>2025-11-24T04:30:11.900000Z</time>
        <extensions>
          <gpxtpx:TrackPointExtension>
            <gpxtpx:hr>110</gpxtpx:hr>
          </gpxtpx:TrackPointExtension>
        </extensions>
      </trkpt>
      <trkpt lat="34.21403052882541" lon="108.83213587780166">
        <ele>406.49923137854785</ele>
        <time>2025-11-24T04:30:12.900000Z</time>
        <extensions>
          <gpxtpx:TrackPointExtension>
            <gpxtpx:hr>110</gpxtpx:hr>
          </gpxtpx:TrackPointExtension>
        </extensions>
      </trkpt>
      <trkpt lat="34.214038826445666" lon="108.83213894817506">
        <ele>406.4357887515798</ele>
        <time>2025-11-24T04:30:13.900000Z</time>
        <extensions>
          <gpxtpx:TrackPointExtension>
            <gpxtpx:hr>114</gpxtpx:hr>
          </gpxtpx:TrackPointExtension>
        </extensions>
      </trkpt>
      <trkpt lat="34.214047113531095" lon="108.83214282831779">
        <ele>406.3643512511626</ele>
        <time>2025-11-24T04:30:14.900000Z</time>
        <extensions>
          <gpxtpx:TrackPointExtension>
            <gpxtpx:hr>114</gpxtpx:hr>
          </gpxtpx:TrackPointExtension>
        </extensions>
      </trkpt>
      <trkpt lat="34.214055242639226" lon="108.83214703240257">
        <ele>406.29779816698283</ele>
        <time>2025-11-24T04:30:15.900000Z</time>
        <extensions>
          <gpxtpx:TrackPointExtension>
            <gpxtpx:hr>114</gpxtpx:hr>
          </gpxtpx:TrackPointExtension>
        </extensions>
      </trkpt>
      <trkpt lat="34.21406302623517" lon="108.83215117340453">
        <ele>406.2219845755026</ele>
        <time>2025-11-24T04:30:16.900000Z</time>
        <extensions>
          <gpxtpx:TrackPointExtension>
            <gpxtpx:hr>114</gpxtpx:hr>
          </gpxtpx:TrackPointExtension>
        </extensions>
      </trkpt>
      <trkpt lat="34.214070450378934" lon="108.83215466085416">
        <ele>406.13051768485457</ele>
        <time>2025-11-24T04:30:17.900000Z</time>
        <extensions>
          <gpxtpx:TrackPointExtension>
            <gpxtpx:hr>114</gpxtpx:hr>
          </gpxtpx:TrackPointExtension>
        </extensions>
      </trkpt>
      <trkpt lat="34.214077666842826" lon="108.83215717223207">
        <ele>406.0246732849628</ele>
        <time>2025-11-24T04:30:18.900000Z</time>
        <extensions>
          <gpxtpx:TrackPointExtension>
            <gpxtpx:hr>114</gpxtpx:hr>
          </gpxtpx:TrackPointExtension>
        </extensions>
      </trkpt>
      <trkpt lat="34.21408532271971" lon="108.8321591637398">
        <ele>405.91133544873446</ele>
        <time>2025-11-24T04:30:19.900000Z</time>
        <extensions>
          <gpxtpx:TrackPointExtension>
            <gpxtpx:hr>114</gpxtpx:hr>
          </gpxtpx:TrackPointExtension>
        </extensions>
      </trkpt>
      <trkpt lat="34.21409353660153" lon="108.83216109581547">
        <ele>405.79889698978513</ele>
        <time>2025-11-24T04:30:20.900000Z</time>
        <extensions>
          <gpxtpx:TrackPointExtension>
            <gpxtpx:hr>114</gpxtpx:hr>
          </gpxtpx:TrackPointExtension>
        </extensions>
      </trkpt>
      <trkpt lat="34.21410188286237" lon="108.83216280817528">
        <ele>405.685340997763</ele>
        <time>2025-11-24T04:30:21.900000Z</time>
        <extensions>
          <gpxtpx:TrackPointExtension>
            <gpxtpx:hr>110</gpxtpx:hr>
          </gpxtpx:TrackPointExtension>
        </extensions>
      </trkpt>
      <trkpt lat="34.21411000405659" lon="108.83216461985394">
        <ele>405.5683312546462</ele>
        <time>2025-11-24T04:30:22.900000Z</time>
        <extensions>
          <gpxtpx:TrackPointExtension>
            <gpxtpx:hr>110</gpxtpx:hr>
          </gpxtpx:TrackPointExtension>
        </extensions>
      </trkpt>
      <trkpt lat="34.21411772932412" lon="108.83216743407579">
        <ele>405.45363929122686</ele>
        <time>2025-11-24T04:30:23.900000Z</time>
        <extensions>
          <gpxtpx:TrackPointExtension>
            <gpxtpx:hr>110</gpxtpx:hr>
          </gpxtpx:TrackPointExtension>
        </extensions>
      </trkpt>
      <trkpt lat="34.214125393424695" lon="108.83217183229468">
        <ele>405.34699925314635</ele>
        <time>2025-11-24T04:30:24.900000Z</time>
        <extensions>
          <gpxtpx:TrackPointExtension>
            <gpxtpx:hr>110</gpxtpx:hr>
          </gpxtpx:TrackPointExtension>
        </extensions>
      </trkpt>
      <trkpt lat="34.21413376129007" lon="108.83217795559885">
        <ele>405.25086182449013</ele>
        <time>2025-11-24T04:30:25.900000Z</time>
        <extensions>
          <gpxtpx:TrackPointExtension>
            <gpxtpx:hr>110</gpxtpx:hr>
          </gpxtpx:TrackPointExtension>
        </extensions>
      </trkpt>
      <trkpt lat="34.21414330460063" lon="108.8321853323162">
        <ele>405.17058017477393</ele>
        <time>2025-11-24T04:30:26.900000Z</time>
        <extensions>
          <gpxtpx:TrackPointExtension>
            <gpxtpx:hr>110</gpxtpx:hr>
          </gpxtpx:TrackPointExtension>
        </extensions>
      </trkpt>
      <trkpt lat="34.21415402209802" lon="108.83219288201867">
        <ele>405.1101431036368</ele>
        <time>2025-11-24T04:30:27.900000Z</time>
        <extensions>
          <gpxtpx:TrackPointExtension>
            <gpxtpx:hr>110</gpxtpx:hr>
          </gpxtpx:TrackPointExtension>
        </extensions>
      </trkpt>
      <trkpt lat="34.21416542840967" lon="108.83219967949745">
        <ele>405.068841165863</ele>
        <time>2025-11-24T04:30:28.900000Z</time>
        <extensions>
          <gpxtpx:TrackPointExtension>
            <gpxtpx:hr>110</gpxtpx:hr>
          </gpxtpx:TrackPointExtension>
        </extensions>
      </trkpt>
      <trkpt lat="34.21417737931203" lon="108.83220587545267">
        <ele>405.0474689239636</ele>
        <time>2025-11-24T04:30:29.900000Z</time>
        <extensions>
          <gpxtpx:TrackPointExtension>
            <gpxtpx:hr>110</gpxtpx:hr>
          </gpxtpx:TrackPointExtension>
        </extensions>
      </trkpt>
      <trkpt lat="34.21418978585357" lon="108.83221199280409">
        <ele>405.0275305984542</ele>
        <time>2025-11-24T04:30:30.900000Z</time>
        <extensions>
          <gpxtpx:TrackPointExtension>
            <gpxtpx:hr>110</gpxtpx:hr>
          </gpxtpx:TrackPointExtension>
        </extensions>
      </trkpt>
      <trkpt lat="34.214202244146456" lon="108.83221780028056">
        <ele>405.0191843667999</ele>
        <time>2025-11-24T04:30:31.900000Z</time>
        <extensions>
          <gpxtpx:TrackPointExtension>
            <gpxtpx:hr>110</gpxtpx:hr>
          </gpxtpx:TrackPointExtension>
        </extensions>
      </trkpt>
      <trkpt lat="34.2142151172624" lon="108.83222328323309">
        <ele>405.02203890681267</ele>
        <time>2025-11-24T04:30:32.900000Z</time>
        <extensions>
          <gpxtpx:TrackPointExtension>
            <gpxtpx:hr>113</gpxtpx:hr>
          </gpxtpx:TrackPointExtension>
        </extensions>
      </trkpt>
      <trkpt lat="34.2142282664047" lon="108.83222854374894">
        <ele>405.02115701138973</ele>
        <time>2025-11-24T04:30:33.900000Z</time>
        <extensions>
          <gpxtpx:TrackPointExtension>
            <gpxtpx:hr>113</gpxtpx:hr>
          </gpxtpx:TrackPointExtension>
        </extensions>
      </trkpt>
      <trkpt lat="34.21424114967731" lon="108.83223348136664">
        <ele>405.0463662808761</ele>
        <time>2025-11-24T04:30:34.900000Z</time>
        <extensions>
          <gpxtpx:TrackPointExtension>
            <gpxtpx:hr>113</gpxtpx:hr>
          </gpxtpx:TrackPointExtension>
        </extensions>
      </trkpt>
      <trkpt lat="34.21425378275065" lon="108.83223820864188">
        <ele>405.07883174717426</ele>
        <time>2025-11-24T04:30:35.900000Z</time>
        <extensions>
          <gpxtpx:TrackPointExtension>
            <gpxtpx:hr>113</gpxtpx:hr>
          </gpxtpx:TrackPointExtension>
        </extensions>
      </trkpt>
      <trkpt lat="34.214266104072536" lon="108.8322428864191">
        <ele>405.103459013626</ele>
        <time>2025-11-24T04:30:37Z</time>
        <extensions>
          <gpxtpx:TrackPointExtension>
            <gpxtpx:hr>113</gpxtpx:hr>
          </gpxtpx:TrackPointExtension>
        </extensions>
      </trkpt>
      <trkpt lat="34.21427789506235" lon="108.83224799477706">
        <ele>405.1354393372312</ele>
        <time>2025-11-24T04:30:38Z</time>
        <extensions>
          <gpxtpx:TrackPointExtension>
            <gpxtpx:hr>108</gpxtpx:hr>
          </gpxtpx:TrackPointExtension>
        </extensions>
      </trkpt>
      <trkpt lat="34.214289463493635" lon="108.83225321502236">
        <ele>405.1671449802816</ele>
        <time>2025-11-24T04:30:38.900000Z</time>
        <extensions>
          <gpxtpx:TrackPointExtension>
            <gpxtpx:hr>108</gpxtpx:hr>
          </gpxtpx:TrackPointExtension>
        </extensions>
      </trkpt>
      <trkpt lat="34.214300853351254" lon="108.83225815929953">
        <ele>405.18291772250086</ele>
        <time>2025-11-24T04:30:40Z</time>
        <extensions>
          <gpxtpx:TrackPointExtension>
            <gpxtpx:hr>108</gpxtpx:hr>
          </gpxtpx:TrackPointExtension>
        </extensions>
      </trkpt>
      <trkpt lat="34.214312119605154" lon="108.83226250617494">
        <ele>405.1868460299447</ele>
        <time>2025-11-24T04:30:41Z</time>
        <extensions>
          <gpxtpx:TrackPointExtension>
            <gpxtpx:hr>108</gpxtpx:hr>
          </gpxtpx:TrackPointExtension>
        </extensions>
      </trkpt>
      <trkpt lat="34.21432271870053" lon="108.83226550723334">
        <ele>405.1759903235361</ele>
        <time>2025-11-24T04:30:41.900000Z</time>
        <extensions>
          <gpxtpx:TrackPointExtension>
            <gpxtpx:hr>108</gpxtpx:hr>
          </gpxtpx:TrackPointExtension>
        </extensions>
      </trkpt>
      <trkpt lat="34.214331663964444" lon="108.83226693738517">
        <ele>405.1602159021422</ele>
        <time>2025-11-24T04:30:42.900000Z</time>
        <extensions>
          <gpxtpx:TrackPointExtension>
            <gpxtpx:hr>108</gpxtpx:hr>
          </gpxtpx:TrackPointExtension>
        </extensions>
      </trkpt>
      <trkpt lat="34.21433852315639" lon="108.83226631640976">
        <ele>405.1388594005257</ele>
        <time>2025-11-24T04:30:43.900000Z</time>
        <extensions>
          <gpxtpx:TrackPointExtension>
            <gpxtpx:hr>108</gpxtpx:hr>
          </gpxtpx:TrackPointExtension>
        </extensions>
      </trkpt>
      <trkpt lat="34.21434352721531" lon="108.83226366718736">
        <ele>405.11127719748765</ele>
        <time>2025-11-24T04:30:44.900000Z</time>
        <extensions>
          <gpxtpx:TrackPointExtension>
            <gpxtpx:hr>108</gpxtpx:hr>
          </gpxtpx:TrackPointExtension>
        </extensions>
      </trkpt>
      <trkpt lat="34.21434770759723" lon="108.83225980052315">
        <ele>405.0917778015137</ele>
        <time>2025-11-24T04:30:45.900000Z</time>
        <extensions>
          <gpxtpx:TrackPointExtension>
            <gpxtpx:hr>108</gpxtpx:hr>
          </gpxtpx:TrackPointExtension>
        </extensions>
      </trkpt>
      <trkpt lat="34.21435127710086" lon="108.83225536156147">
        <ele>405.0677762860432</ele>
        <time>2025-11-24T04:30:46.900000Z</time>
        <extensions>
          <gpxtpx:TrackPointExtension>
            <gpxtpx:hr>108</gpxtpx:hr>
          </gpxtpx:TrackPointExtension>
        </extensions>
      </trkpt>
      <trkpt lat="34.214353492344614" lon="108.83225094863353">
        <ele>405.0415931046009</ele>
        <time>2025-11-24T04:30:47.900000Z</time>
        <extensions>
          <gpxtpx:TrackPointExtension>
            <gpxtpx:hr>108</gpxtpx:hr>
          </gpxtpx:TrackPointExtension>
        </extensions>
      </trkpt>
      <trkpt lat="34.214354818305964" lon="108.83224663349348">
        <ele>405.0125963734463</ele>
        <time>2025-11-24T04:30:48.900000Z</time>
        <extensions>
          <gpxtpx:TrackPointExtension>
            <gpxtpx:hr>108</gpxtpx:hr>
          </gpxtpx:TrackPointExtension>
        </extensions>
      </trkpt>
      <trkpt lat="34.21435652212373" lon="108.83224205581085">
        <ele>404.9820261336863</ele>
        <time>2025-11-24T04:30:49.900000Z</time>
        <extensions>
          <gpxtpx:TrackPointExtension>
            <gpxtpx:hr>108</gpxtpx:hr>
          </gpxtpx:TrackPointExtension>
        </extensions>
      </trkpt>
      <trkpt lat="34.21435858074024" lon="108.83223810372428">
        <ele>404.9472858393565</ele>
        <time>2025-11-24T04:30:50.900000Z</time>
        <extensions>
          <gpxtpx:TrackPointExtension>
            <gpxtpx:hr>108</gpxtpx:hr>
          </gpxtpx:TrackPointExtension>
        </extensions>
      </trkpt>
      <trkpt lat="34.21436055592118" lon="108.83223588878246">
        <ele>404.91935157682747</ele>
        <time>2025-11-24T04:30:51.900000Z</time>
        <extensions>
          <gpxtpx:TrackPointExtension>
            <gpxtpx:hr>112</gpxtpx:hr>
          </gpxtpx:TrackPointExtension>
        </extensions>
      </trkpt>
      <trkpt lat="34.21436198395477" lon="108.8322348962085">
        <ele>404.8946107113734</ele>
        <time>2025-11-24T04:30:52.900000Z</time>
        <extensions>
          <gpxtpx:TrackPointExtension>
            <gpxtpx:hr>112</gpxtpx:hr>
          </gpxtpx:TrackPointExtension>
        </extensions>
      </trkpt>
      <trkpt lat="34.214362620508176" lon="108.83223424898317">
        <ele>404.89028985984623</ele>
        <time>2025-11-24T04:30:53.900000Z</time>
        <extensions>
          <gpxtpx:TrackPointExtension>
            <gpxtpx:hr>112</gpxtpx:hr>
          </gpxtpx:TrackPointExtension>
        </extensions>
      </trkpt>
      <trkpt lat="34.21436287746636" lon="108.83223364711193">
        <ele>404.88770652282983</ele>
        <time>2025-11-24T04:30:54.900000Z</time>
        <extensions>
          <gpxtpx:TrackPointExtension>
            <gpxtpx:hr>112</gpxtpx:hr>
          </gpxtpx:TrackPointExtension>
        </extensions>
      </trkpt>
      <trkpt lat="34.214363081430825" lon="108.83223309035243">
        <ele>404.87375304382294</ele>
        <time>2025-11-24T04:30:55.900000Z</time>
        <extensions>
          <gpxtpx:TrackPointExtension>
            <gpxtpx:hr>112</gpxtpx:hr>
          </gpxtpx:TrackPointExtension>
        </extensions>
      </trkpt>
      <trkpt lat="34.21436332274707" lon="108.83223265820455">
        <ele>404.8583184815943</ele>
        <time>2025-11-24T04:30:56.900000Z</time>
        <extensions>
          <gpxtpx:TrackPointExtension>
            <gpxtpx:hr>112</gpxtpx:hr>
          </gpxtpx:TrackPointExtension>
        </extensions>
      </trkpt>
      <trkpt lat="34.21436362597863" lon="108.83223235784254">
        <ele>404.8340578293428</ele>
        <time>2025-11-24T04:30:57.900000Z</time>
        <extensions>
          <gpxtpx:TrackPointExtension>
            <gpxtpx:hr>113</gpxtpx:hr>
          </gpxtpx:TrackPointExtension>
        </extensions>
      </trkpt>
      <trkpt lat="34.214364042886466" lon="108.83223220687758">
        <ele>404.7975811967626</ele>
        <time>2025-11-24T04:30:58.900000Z</time>
        <extensions>
          <gpxtpx:TrackPointExtension>
            <gpxtpx:hr>113</gpxtpx:hr>
          </gpxtpx:TrackPointExtension>
        </extensions>
      </trkpt>
      <trkpt lat="34.2143648409558" lon="108.83223223821686">
        <ele>404.7597841518</ele>
        <time>2025-11-24T04:30:59.900000Z</time>
        <extensions>
          <gpxtpx:TrackPointExtension>
            <gpxtpx:hr>113</gpxtpx:hr>
          </gpxtpx:TrackPointExtension>
        </extensions>
      </trkpt>
      <trkpt lat="34.214366437591856" lon="108.8322325642161">
        <ele>404.7300129113719</ele>
        <time>2025-11-24T04:31:00.900000Z</time>
        <extensions>
          <gpxtpx:TrackPointExtension>
            <gpxtpx:hr>113</gpxtpx:hr>
          </gpxtpx:TrackPointExtension>
        </extensions>
      </trkpt>
      <trkpt lat="34.21436912581786" lon="108.83223328723582">
        <ele>404.7003637002781</ele>
        <time>2025-11-24T04:31:01.900000Z</time>
        <extensions>
          <gpxtpx:TrackPointExtension>
            <gpxtpx:hr>113</gpxtpx:hr>
          </gpxtpx:TrackPointExtension>
        </extensions>
      </trkpt>
      <trkpt lat="34.21437338114499" lon="108.83223444814047">
        <ele>404.68691751919687</ele>
        <time>2025-11-24T04:31:02.900000Z</time>
        <extensions>
          <gpxtpx:TrackPointExtension>
            <gpxtpx:hr>113</gpxtpx:hr>
          </gpxtpx:TrackPointExtension>
        </extensions>
      </trkpt>
      <trkpt lat="34.21437986887112" lon="108.83223588883749">
        <ele>404.65954625606537</ele>
        <time>2025-11-24T04:31:03.900000Z</time>
        <extensions>
          <gpxtpx:TrackPointExtension>
            <gpxtpx:hr>113</gpxtpx:hr>
          </gpxtpx:TrackPointExtension>
        </extensions>
      </trkpt>
      <trkpt lat="34.2143885278087" lon="108.83223791228511">
        <ele>404.6439496334642</ele>
        <time>2025-11-24T04:31:04.900000Z</time>
        <extensions>
          <gpxtpx:TrackPointExtension>
            <gpxtpx:hr>113</gpxtpx:hr>
          </gpxtpx:TrackPointExtension>
        </extensions>
      </trkpt>
      <trkpt lat="34.21439925716898" lon="108.83224124426766">
        <ele>404.621684262529</ele>
        <time>2025-11-24T04:31:05.900000Z</time>
        <extensions>
          <gpxtpx:TrackPointExtension>
            <gpxtpx:hr>113</gpxtpx:hr>
          </gpxtpx:TrackPointExtension>
        </extensions>
      </trkpt>
      <trkpt lat="34.21441142451069" lon="108.83224597907406">
        <ele>404.5923944162205</ele>
        <time>2025-11-24T04:31:06.900000Z</time>
        <extensions>
          <gpxtpx:TrackPointExtension>
            <gpxtpx:hr>113</gpxtpx:hr>
          </gpxtpx:TrackPointExtension>
        </extensions>
      </trkpt>
      <trkpt lat="34.21442405295563" lon="108.83225152597326">
        <ele>404.5539821879938</ele>
        <time>2025-11-24T04:31:07.900000Z</time>
        <extensions>
          <gpxtpx:TrackPointExtension>
            <gpxtpx:hr>110</gpxtpx:hr>
          </gpxtpx:TrackPointExtension>
        </extensions>
      </trkpt>
      <trkpt lat="34.214436860636276" lon="108.83225750469938">
        <ele>404.53662730008364</ele>
        <time>2025-11-24T04:31:08.900000Z</time>
        <extensions>
          <gpxtpx:TrackPointExtension>
            <gpxtpx:hr>110</gpxtpx:hr>
          </gpxtpx:TrackPointExtension>
        </extensions>
      </trkpt>
      <trkpt lat="34.21444989480236" lon="108.83226411571934">
        <ele>404.5253165345639</ele>
        <time>2025-11-24T04:31:09.900000Z</time>
        <extensions>
          <gpxtpx:TrackPointExtension>
            <gpxtpx:hr>110</gpxtpx:hr>
          </gpxtpx:TrackPointExtension>
        </extensions>
      </trkpt>
      <trkpt lat="34.214462846767674" lon="108.83227134023116">
        <ele>404.5221574297175</ele>
        <time>2025-11-24T04:31:10.900000Z</time>
        <extensions>
          <gpxtpx:TrackPointExtension>
            <gpxtpx:hr>110</gpxtpx:hr>
          </gpxtpx:TrackPointExtension>
        </extensions>
      </trkpt>
      <trkpt lat="34.21447525010482" lon="108.83227878131142">
        <ele>404.5375707540661</ele>
        <time>2025-11-24T04:31:11.900000Z</time>
        <extensions>
          <gpxtpx:TrackPointExtension>
            <gpxtpx:hr>110</gpxtpx:hr>
          </gpxtpx:TrackPointExtension>
        </extensions>
      </trkpt>
      <trkpt lat="34.21448683160517" lon="108.83228620433293">
        <ele>404.55752319842577</ele>
        <time>2025-11-24T04:31:12.900000Z</time>
        <extensions>
          <gpxtpx:TrackPointExtension>
            <gpxtpx:hr>110</gpxtpx:hr>
          </gpxtpx:TrackPointExtension>
        </extensions>
      </trkpt>
      <trkpt lat="34.2144979042232" lon="108.83229364057085">
        <ele>404.5657949382439</ele>
        <time>2025-11-24T04:31:13.900000Z</time>
        <extensions>
          <gpxtpx:TrackPointExtension>
            <gpxtpx:hr>110</gpxtpx:hr>
          </gpxtpx:TrackPointExtension>
        </extensions>
      </trkpt>
      <trkpt lat="34.21450867915534" lon="108.83230102660853">
        <ele>404.5808565011248</ele>
        <time>2025-11-24T04:31:14.900000Z</time>
        <extensions>
          <gpxtpx:TrackPointExtension>
            <gpxtpx:hr>110</gpxtpx:hr>
          </gpxtpx:TrackPointExtension>
        </extensions>
      </trkpt>
      <trkpt lat="34.214519690137266" lon="108.83230812275035">
        <ele>404.6053987937048</ele>
        <time>2025-11-24T04:31:15.900000Z</time>
        <extensions>
          <gpxtpx:TrackPointExtension>
            <gpxtpx:hr>110</gpxtpx:hr>
          </gpxtpx:TrackPointExtension>
        </extensions>
      </trkpt>
      <trkpt lat="34.214531148994716" lon="108.83231472928192">
        <ele>404.6333138747141</ele>
        <time>2025-11-24T04:31:16.900000Z</time>
        <extensions>
          <gpxtpx:TrackPointExtension>
            <gpxtpx:hr>113</gpxtpx:hr>
          </gpxtpx:TrackPointExtension>
        </extensions>
      </trkpt>
      <trkpt lat="34.21454286055271" lon="108.83232034524416">
        <ele>404.66861364338547</ele>
        <time>2025-11-24T04:31:17.900000Z</time>
        <extensions>
          <gpxtpx:TrackPointExtension>
            <gpxtpx:hr>113</gpxtpx:hr>
          </gpxtpx:TrackPointExtension>
        </extensions>
      </trkpt>
      <trkpt lat="34.2145552749816" lon="108.8323249714676">
        <ele>404.69547234103084</ele>
        <time>2025-11-24T04:31:18.900000Z</time>
        <extensions>
          <gpxtpx:TrackPointExtension>
            <gpxtpx:hr>113</gpxtpx:hr>
          </gpxtpx:TrackPointExtension>
        </extensions>
      </trkpt>
      <trkpt lat="34.214568747590526" lon="108.83232949973416">
        <ele>404.711027758196</ele>
        <time>2025-11-24T04:31:19.900000Z</time>
        <extensions>
          <gpxtpx:TrackPointExtension>
            <gpxtpx:hr>113</gpxtpx:hr>
          </gpxtpx:TrackPointExtension>
        </extensions>
      </trkpt>
      <trkpt lat="34.214582080127904" lon="108.83233396862174">
        <ele>404.7276370516047</ele>
        <time>2025-11-24T04:31:20.900000Z</time>
        <extensions>
          <gpxtpx:TrackPointExtension>
            <gpxtpx:hr>113</gpxtpx:hr>
          </gpxtpx:TrackPointExtension>
        </extensions>
      </trkpt>
      <trkpt lat="34.21459509054949" lon="108.8323378656277">
        <ele>404.73466189485043</ele>
        <time>2025-11-24T04:31:21.900000Z</time>
        <extensions>
          <gpxtpx:TrackPointExtension>
            <gpxtpx:hr>113</gpxtpx:hr>
          </gpxtpx:TrackPointExtension>
        </extensions>
      </trkpt>
      <trkpt lat="34.21460854718597" lon="108.83234120592445">
        <ele>404.73189272824675</ele>
        <time>2025-11-24T04:31:22.900000Z</time>
        <extensions>
          <gpxtpx:TrackPointExtension>
            <gpxtpx:hr>112</gpxtpx:hr>
          </gpxtpx:TrackPointExtension>
        </extensions>
      </trkpt>
      <trkpt lat="34.2146223836701" lon="108.83234432015432">
        <ele>404.7357930773869</ele>
        <time>2025-11-24T04:31:23.900000Z</time>
        <extensions>
          <gpxtpx:TrackPointExtension>
            <gpxtpx:hr>112</gpxtpx:hr>
          </gpxtpx:TrackPointExtension>
        </extensions>
      </trkpt>
      <trkpt lat="34.214635787132906" lon="108.8323474509591">
        <ele>404.72569820005447</ele>
        <time>2025-11-24T04:31:24.900000Z</time>
        <extensions>
          <gpxtpx:TrackPointExtension>
            <gpxtpx:hr>112</gpxtpx:hr>
          </gpxtpx:TrackPointExtension>
        </extensions>
      </trkpt>
      <trkpt lat="34.21464868556024" lon="108.83235104777633">
        <ele>404.69624928198755</ele>
        <time>2025-11-24T04:31:25.900000Z</time>
        <extensions>
          <gpxtpx:TrackPointExtension>
            <gpxtpx:hr>112</gpxtpx:hr>
          </gpxtpx:TrackPointExtension>
        </extensions>
      </trkpt>
      <trkpt lat="34.214661165059994" lon="108.8323554228914">
        <ele>404.65642890520394</ele>
        <time>2025-11-24T04:31:26.900000Z</time>
        <extensions>
          <gpxtpx:TrackPointExtension>
            <gpxtpx:hr>112</gpxtpx:hr>
          </gpxtpx:TrackPointExtension>
        </extensions>
      </trkpt>
      <trkpt lat="34.21467319620265" lon="108.83236092641897">
        <ele>404.6181350732222</ele>
        <time>2025-11-24T04:31:27.900000Z</time>
        <extensions>
          <gpxtpx:TrackPointExtension>
            <gpxtpx:hr>112</gpxtpx:hr>
          </gpxtpx:TrackPointExtension>
        </extensions>
      </trkpt>
      <trkpt lat="34.214685169691506" lon="108.83236707694952">
        <ele>404.5708407536149</ele>
        <time>2025-11-24T04:31:28.900000Z</time>
        <extensions>
          <gpxtpx:TrackPointExtension>
            <gpxtpx:hr>112</gpxtpx:hr>
          </gpxtpx:TrackPointExtension>
        </extensions>
      </trkpt>
      <trkpt lat="34.21469745984029" lon="108.83237267827691">
        <ele>404.5186041435227</ele>
        <time>2025-11-24T04:31:29.900000Z</time>
        <extensions>
          <gpxtpx:TrackPointExtension>
            <gpxtpx:hr>112</gpxtpx:hr>
          </gpxtpx:TrackPointExtension>
        </extensions>
      </trkpt>
      <trkpt lat="34.21471031246484" lon="108.83237726696805">
        <ele>404.46986945718527</ele>
        <time>2025-11-24T04:31:30.900000Z</time>
        <extensions>
          <gpxtpx:TrackPointExtension>
            <gpxtpx:hr>112</gpxtpx:hr>
          </gpxtpx:TrackPointExtension>
        </extensions>
      </trkpt>
      <trkpt lat="34.21472370351672" lon="108.83238118771347">
        <ele>404.4238297883421</ele>
        <time>2025-11-24T04:31:31.900000Z</time>
        <extensions>
          <gpxtpx:TrackPointExtension>
            <gpxtpx:hr>112</gpxtpx:hr>
          </gpxtpx:TrackPointExtension>
        </extensions>
      </trkpt>
      <trkpt lat="34.214736782391284" lon="108.83238479913038">
        <ele>404.37683886289597</ele>
        <time>2025-11-24T04:31:32.900000Z</time>
        <extensions>
          <gpxtpx:TrackPointExtension>
            <gpxtpx:hr>112</gpxtpx:hr>
          </gpxtpx:TrackPointExtension>
        </extensions>
      </trkpt>
      <trkpt lat="34.21474956430774" lon="108.83238802978804">
        <ele>404.32184263598174</ele>
        <time>2025-11-24T04:31:33.900000Z</time>
        <extensions>
          <gpxtpx:TrackPointExtension>
            <gpxtpx:hr>112</gpxtpx:hr>
          </gpxtpx:TrackPointExtension>
        </extensions>
      </trkpt>
      <trkpt lat="34.21476247120948" lon="108.8323910183036">
        <ele>404.27054120320827</ele>
        <time>2025-11-24T04:31:34.900000Z</time>
        <extensions>
          <gpxtpx:TrackPointExtension>
            <gpxtpx:hr>112</gpxtpx:hr>
          </gpxtpx:TrackPointExtension>
        </extensions>
      </trkpt>
      <trkpt lat="34.214775365005025" lon="108.83239390120808">
        <ele>404.22619318496436</ele>
        <time>2025-11-24T04:31:35.900000Z</time>
        <extensions>
          <gpxtpx:TrackPointExtension>
            <gpxtpx:hr>112</gpxtpx:hr>
          </gpxtpx:TrackPointExtension>
        </extensions>
      </trkpt>
      <trkpt lat="34.21478933055552" lon="108.83239664914295">
        <ele>404.18405462335795</ele>
        <time>2025-11-24T04:31:36.900000Z</time>
        <extensions>
          <gpxtpx:TrackPointExtension>
            <gpxtpx:hr>112</gpxtpx:hr>
          </gpxtpx:TrackPointExtension>
        </extensions>
      </trkpt>
      <trkpt lat="34.21480305403794" lon="108.83239916693609">
        <ele>404.1370478551835</ele>
        <time>2025-11-24T04:31:37.900000Z</time>
        <extensions>
          <gpxtpx:TrackPointExtension>
            <gpxtpx:hr>112</gpxtpx:hr>
          </gpxtpx:TrackPointExtension>
        </extensions>
      </trkpt>
      <trkpt lat="34.21481597048218" lon="108.83240175256503">
        <ele>404.12656618095934</ele>
        <time>2025-11-24T04:31:38.900000Z</time>
        <extensions>
          <gpxtpx:TrackPointExtension>
            <gpxtpx:hr>112</gpxtpx:hr>
          </gpxtpx:TrackPointExtension>
        </extensions>
      </trkpt>
      <trkpt lat="34.21482806844312" lon="108.83240504602458">
        <ele>404.10958929918706</ele>
        <time>2025-11-24T04:31:39.900000Z</time>
        <extensions>
          <gpxtpx:TrackPointExtension>
            <gpxtpx:hr>112</gpxtpx:hr>
          </gpxtpx:TrackPointExtension>
        </extensions>
      </trkpt>
      <trkpt lat="34.21483918029886" lon="108.83240889941287">
        <ele>404.0904093841091</ele>
        <time>2025-11-24T04:31:40.900000Z</time>
        <extensions>
          <gpxtpx:TrackPointExtension>
            <gpxtpx:hr>117</gpxtpx:hr>
          </gpxtpx:TrackPointExtension>
        </extensions>
      </trkpt>
      <trkpt lat="34.214850729965924" lon="108.83241303795792">
        <ele>404.0794947370887</ele>
        <time>2025-11-24T04:31:41.900000Z</time>
        <extensions>
          <gpxtpx:TrackPointExtension>
            <gpxtpx:hr>117</gpxtpx:hr>
          </gpxtpx:TrackPointExtension>
        </extensions>
      </trkpt>
      <trkpt lat="34.21486332754817" lon="108.83241809807579">
        <ele>404.0748720727861</ele>
        <time>2025-11-24T04:31:42.900000Z</time>
        <extensions>
          <gpxtpx:TrackPointExtension>
            <gpxtpx:hr>117</gpxtpx:hr>
          </gpxtpx:TrackPointExtension>
        </extensions>
      </trkpt>
      <trkpt lat="34.21487588338153" lon="108.83242395167602">
        <ele>404.073788555339</ele>
        <time>2025-11-24T04:31:43.900000Z</time>
        <extensions>
          <gpxtpx:TrackPointExtension>
            <gpxtpx:hr>117</gpxtpx:hr>
          </gpxtpx:TrackPointExtension>
        </extensions>
      </trkpt>
      <trkpt lat="34.21488822801568" lon="108.83243004751169">
        <ele>404.076546295546</ele>
        <time>2025-11-24T04:31:44.900000Z</time>
        <extensions>
          <gpxtpx:TrackPointExtension>
            <gpxtpx:hr>117</gpxtpx:hr>
          </gpxtpx:TrackPointExtension>
        </extensions>
      </trkpt>
      <trkpt lat="34.214900883363555" lon="108.83243613820237">
        <ele>404.0735626872629</ele>
        <time>2025-11-24T04:31:45.900000Z</time>
        <extensions>
          <gpxtpx:TrackPointExtension>
            <gpxtpx:hr>115</gpxtpx:hr>
          </gpxtpx:TrackPointExtension>
        </extensions>
      </trkpt>
      <trkpt lat="34.214913507002066" lon="108.83244194849027">
        <ele>404.06785986945033</ele>
        <time>2025-11-24T04:31:46.900000Z</time>
        <extensions>
          <gpxtpx:TrackPointExtension>
            <gpxtpx:hr>115</gpxtpx:hr>
          </gpxtpx:TrackPointExtension>
        </extensions>
      </trkpt>
      <trkpt lat="34.21492531223158" lon="108.83244732775762">
        <ele>404.05508158542216</ele>
        <time>2025-11-24T04:31:47.900000Z</time>
        <extensions>
          <gpxtpx:TrackPointExtension>
            <gpxtpx:hr>115</gpxtpx:hr>
          </gpxtpx:TrackPointExtension>
        </extensions>
      </trkpt>
      <trkpt lat="34.214936969283535" lon="108.83245285047005">
        <ele>404.03702671453357</ele>
        <time>2025-11-24T04:31:48.900000Z</time>
        <extensions>
          <gpxtpx:TrackPointExtension>
            <gpxtpx:hr>115</gpxtpx:hr>
          </gpxtpx:TrackPointExtension>
        </extensions>
      </trkpt>
      <trkpt lat="34.21494969507553" lon="108.83245895329267">
        <ele>404.0244259564206</ele>
        <time>2025-11-24T04:31:49.900000Z</time>
        <extensions>
          <gpxtpx:TrackPointExtension>
            <gpxtpx:hr>112</gpxtpx:hr>
          </gpxtpx:TrackPointExtension>
        </extensions>
      </trkpt>
      <trkpt lat="34.21496226961822" lon="108.83246489438102">
        <ele>404.0039036879316</ele>
        <time>2025-11-24T04:31:50.900000Z</time>
        <extensions>
          <gpxtpx:TrackPointExtension>
            <gpxtpx:hr>112</gpxtpx:hr>
          </gpxtpx:TrackPointExtension>
        </extensions>
      </trkpt>
      <trkpt lat="34.214974744650156" lon="108.83247021227031">
        <ele>403.97630308382213</ele>
        <time>2025-11-24T04:31:51.900000Z</time>
        <extensions>
          <gpxtpx:TrackPointExtension>
            <gpxtpx:hr>112</gpxtpx:hr>
          </gpxtpx:TrackPointExtension>
        </extensions>
      </trkpt>
      <trkpt lat="34.21498718280297" lon="108.83247439512652">
        <ele>403.94128135219216</ele>
        <time>2025-11-24T04:31:52.900000Z</time>
        <extensions>
          <gpxtpx:TrackPointExtension>
            <gpxtpx:hr>112</gpxtpx:hr>
          </gpxtpx:TrackPointExtension>
        </extensions>
      </trkpt>
      <trkpt lat="34.21499967617802" lon="108.83247775640154">
        <ele>403.90647868067026</ele>
        <time>2025-11-24T04:31:53.900000Z</time>
        <extensions>
          <gpxtpx:TrackPointExtension>
            <gpxtpx:hr>112</gpxtpx:hr>
          </gpxtpx:TrackPointExtension>
        </extensions>
      </trkpt>
      <trkpt lat="34.21501261557351" lon="108.83248086697304">
        <ele>403.86875672917813</ele>
        <time>2025-11-24T04:31:54.900000Z</time>
        <extensions>
          <gpxtpx:TrackPointExtension>
            <gpxtpx:hr>110</gpxtpx:hr>
          </gpxtpx:TrackPointExtension>
        </extensions>
      </trkpt>
      <trkpt lat="34.21502566945377" lon="108.83248373340341">
        <ele>403.82265897933394</ele>
        <time>2025-11-24T04:31:55.900000Z</time>
        <extensions>
          <gpxtpx:TrackPointExtension>
            <gpxtpx:hr>110</gpxtpx:hr>
          </gpxtpx:TrackPointExtension>
        </extensions>
      </trkpt>
      <trkpt lat="34.21503839319424" lon="108.83248662050038">
        <ele>403.778292035684</ele>
        <time>2025-11-24T04:31:56.900000Z</time>
        <extensions>
          <gpxtpx:TrackPointExtension>
            <gpxtpx:hr>110</gpxtpx:hr>
          </gpxtpx:TrackPointExtension>
        </extensions>
      </trkpt>
      <trkpt lat="34.2150511808985" lon="108.83248958561292">
        <ele>403.7475961782038</ele>
        <time>2025-11-24T04:31:57.900000Z</time>
        <extensions>
          <gpxtpx:TrackPointExtension>
            <gpxtpx:hr>110</gpxtpx:hr>
          </gpxtpx:TrackPointExtension>
        </extensions>
      </trkpt>
      <trkpt lat="34.21506500560215" lon="108.83249292088269">
        <ele>403.7144844317809</ele>
        <time>2025-11-24T04:31:58.900000Z</time>
        <extensions>
          <gpxtpx:TrackPointExtension>
            <gpxtpx:hr>110</gpxtpx:hr>
          </gpxtpx:TrackPointExtension>
        </extensions>
      </trkpt>
      <trkpt lat="34.21507847095931" lon="108.83249649690471">
        <ele>403.68032423965633</ele>
        <time>2025-11-24T04:31:59.900000Z</time>
        <extensions>
          <gpxtpx:TrackPointExtension>
            <gpxtpx:hr>110</gpxtpx:hr>
          </gpxtpx:TrackPointExtension>
        </extensions>
      </trkpt>
      <trkpt lat="34.21509148037752" lon="108.83249997015832">
        <ele>403.6605946943164</ele>
        <time>2025-11-24T04:32:00.900000Z</time>
        <extensions>
          <gpxtpx:TrackPointExtension>
            <gpxtpx:hr>109</gpxtpx:hr>
          </gpxtpx:TrackPointExtension>
        </extensions>
      </trkpt>
      <trkpt lat="34.215103843286265" lon="108.83250344243115">
        <ele>403.6474002096802</ele>
        <time>2025-11-24T04:32:01.900000Z</time>
        <extensions>
          <gpxtpx:TrackPointExtension>
            <gpxtpx:hr>109</gpxtpx:hr>
          </gpxtpx:TrackPointExtension>
        </extensions>
      </trkpt>
      <trkpt lat="34.215116108853124" lon="108.83250734099347">
        <ele>403.63932462222874</ele>
        <time>2025-11-24T04:32:02.900000Z</time>
        <extensions>
          <gpxtpx:TrackPointExtension>
            <gpxtpx:hr>109</gpxtpx:hr>
          </gpxtpx:TrackPointExtension>
        </extensions>
      </trkpt>
      <trkpt lat="34.2151291139255" lon="108.83251169970436">
        <ele>403.6370568908751</ele>
        <time>2025-11-24T04:32:03.900000Z</time>
        <extensions>
          <gpxtpx:TrackPointExtension>
            <gpxtpx:hr>109</gpxtpx:hr>
          </gpxtpx:TrackPointExtension>
        </extensions>
      </trkpt>
      <trkpt lat="34.21514226207708" lon="108.83251575628465">
        <ele>403.648598424159</ele>
        <time>2025-11-24T04:32:04.900000Z</time>
        <extensions>
          <gpxtpx:TrackPointExtension>
            <gpxtpx:hr>109</gpxtpx:hr>
          </gpxtpx:TrackPointExtension>
        </extensions>
      </trkpt>
      <trkpt lat="34.21515491826445" lon="108.8325188068448">
        <ele>403.6472364058718</ele>
        <time>2025-11-24T04:32:05.900000Z</time>
        <extensions>
          <gpxtpx:TrackPointExtension>
            <gpxtpx:hr>109</gpxtpx:hr>
          </gpxtpx:TrackPointExtension>
        </extensions>
      </trkpt>
      <trkpt lat="34.21516723256365" lon="108.83252038606636">
        <ele>403.64139624591917</ele>
        <time>2025-11-24T04:32:06.900000Z</time>
        <extensions>
          <gpxtpx:TrackPointExtension>
            <gpxtpx:hr>105</gpxtpx:hr>
          </gpxtpx:TrackPointExtension>
        </extensions>
      </trkpt>
      <trkpt lat="34.21518036946714" lon="108.832521110632">
        <ele>403.6380339190364</ele>
        <time>2025-11-24T04:32:07.900000Z</time>
        <extensions>
          <gpxtpx:TrackPointExtension>
            <gpxtpx:hr>105</gpxtpx:hr>
          </gpxtpx:TrackPointExtension>
        </extensions>
      </trkpt>
      <trkpt lat="34.21519332941506" lon="108.83252225735764">
        <ele>403.64331813529134</ele>
        <time>2025-11-24T04:32:08.900000Z</time>
        <extensions>
          <gpxtpx:TrackPointExtension>
            <gpxtpx:hr>105</gpxtpx:hr>
          </gpxtpx:TrackPointExtension>
        </extensions>
      </trkpt>
      <trkpt lat="34.215206101382016" lon="108.83252419686767">
        <ele>403.640467540361</ele>
        <time>2025-11-24T04:32:09.900000Z</time>
        <extensions>
          <gpxtpx:TrackPointExtension>
            <gpxtpx:hr>105</gpxtpx:hr>
          </gpxtpx:TrackPointExtension>
        </extensions>
      </trkpt>
      <trkpt lat="34.215219876286774" lon="108.83252675801647">
        <ele>403.64139233436435</ele>
        <time>2025-11-24T04:32:10.900000Z</time>
        <extensions>
          <gpxtpx:TrackPointExtension>
            <gpxtpx:hr>105</gpxtpx:hr>
          </gpxtpx:TrackPointExtension>
        </extensions>
      </trkpt>
      <trkpt lat="34.21523358188853" lon="108.83252952486492">
        <ele>403.64429792389274</ele>
        <time>2025-11-24T04:32:11.900000Z</time>
        <extensions>
          <gpxtpx:TrackPointExtension>
            <gpxtpx:hr>105</gpxtpx:hr>
          </gpxtpx:TrackPointExtension>
        </extensions>
      </trkpt>
      <trkpt lat="34.21524697770019" lon="108.832532112958">
        <ele>403.66119402460754</ele>
        <time>2025-11-24T04:32:12.900000Z</time>
        <extensions>
          <gpxtpx:TrackPointExtension>
            <gpxtpx:hr>97</gpxtpx:hr>
          </gpxtpx:TrackPointExtension>
        </extensions>
      </trkpt>
      <trkpt lat="34.21525959254004" lon="108.83253440544824">
        <ele>403.6863532932475</ele>
        <time>2025-11-24T04:32:13.900000Z</time>
        <extensions>
          <gpxtpx:TrackPointExtension>
            <gpxtpx:hr>97</gpxtpx:hr>
          </gpxtpx:TrackPointExtension>
        </extensions>
      </trkpt>
      <trkpt lat="34.21527155747947" lon="108.83253584465581">
        <ele>403.717082680203</ele>
        <time>2025-11-24T04:32:14.900000Z</time>
        <extensions>
          <gpxtpx:TrackPointExtension>
            <gpxtpx:hr>97</gpxtpx:hr>
          </gpxtpx:TrackPointExtension>
        </extensions>
      </trkpt>
      <trkpt lat="34.215284513427875" lon="108.83253633005319">
        <ele>403.7439014753327</ele>
        <time>2025-11-24T04:32:15.900000Z</time>
        <extensions>
          <gpxtpx:TrackPointExtension>
            <gpxtpx:hr>97</gpxtpx:hr>
          </gpxtpx:TrackPointExtension>
        </extensions>
      </trkpt>
      <trkpt lat="34.21529700259162" lon="108.83253677418757">
        <ele>403.7789313364774</ele>
        <time>2025-11-24T04:32:16.900000Z</time>
        <extensions>
          <gpxtpx:TrackPointExtension>
            <gpxtpx:hr>97</gpxtpx:hr>
          </gpxtpx:TrackPointExtension>
        </extensions>
      </trkpt>
      <trkpt lat="34.21530811800622" lon="108.83253726434275">
        <ele>403.8245528396219</ele>
        <time>2025-11-24T04:32:17.900000Z</time>
        <extensions>
          <gpxtpx:TrackPointExtension>
            <gpxtpx:hr>97</gpxtpx:hr>
          </gpxtpx:TrackPointExtension>
        </extensions>
      </trkpt>
      <trkpt lat="34.21531973989992" lon="108.83253703448223">
        <ele>403.87971724849194</ele>
        <time>2025-11-24T04:32:18.900000Z</time>
        <extensions>
          <gpxtpx:TrackPointExtension>
            <gpxtpx:hr>87</gpxtpx:hr>
          </gpxtpx:TrackPointExtension>
        </extensions>
      </trkpt>
      <trkpt lat="34.215332647609415" lon="108.83253604576441">
        <ele>403.93803653214127</ele>
        <time>2025-11-24T04:32:19.900000Z</time>
        <extensions>
          <gpxtpx:TrackPointExtension>
            <gpxtpx:hr>87</gpxtpx:hr>
          </gpxtpx:TrackPointExtension>
        </extensions>
      </trkpt>
      <trkpt lat="34.21534534656988" lon="108.83253492496006">
        <ele>403.99748210888356</ele>
        <time>2025-11-24T04:32:20.900000Z</time>
        <extensions>
          <gpxtpx:TrackPointExtension>
            <gpxtpx:hr>87</gpxtpx:hr>
          </gpxtpx:TrackPointExtension>
        </extensions>
      </trkpt>
      <trkpt lat="34.21535785394484" lon="108.83253439894689">
        <ele>404.07266328670084</ele>
        <time>2025-11-24T04:32:21.900000Z</time>
        <extensions>
          <gpxtpx:TrackPointExtension>
            <gpxtpx:hr>87</gpxtpx:hr>
          </gpxtpx:TrackPointExtension>
        </extensions>
      </trkpt>
      <trkpt lat="34.215370175915965" lon="108.83253488493926">
        <ele>404.15009174402803</ele>
        <time>2025-11-24T04:32:22.900000Z</time>
        <extensions>
          <gpxtpx:TrackPointExtension>
            <gpxtpx:hr>87</gpxtpx:hr>
          </gpxtpx:TrackPointExtension>
        </extensions>
      </trkpt>
      <trkpt lat="34.21538240112222" lon="108.83253700564869">
        <ele>404.23661514464766</ele>
        <time>2025-11-24T04:32:23.900000Z</time>
        <extensions>
          <gpxtpx:TrackPointExtension>
            <gpxtpx:hr>89</gpxtpx:hr>
          </gpxtpx:TrackPointExtension>
        </extensions>
      </trkpt>
      <trkpt lat="34.21539576808776" lon="108.8325409825423">
        <ele>404.32859169878066</ele>
        <time>2025-11-24T04:32:24.900000Z</time>
        <extensions>
          <gpxtpx:TrackPointExtension>
            <gpxtpx:hr>89</gpxtpx:hr>
          </gpxtpx:TrackPointExtension>
        </extensions>
      </trkpt>
      <trkpt lat="34.2154100776702" lon="108.83254618167011">
        <ele>404.4225389221683</ele>
        <time>2025-11-24T04:32:25.900000Z</time>
        <extensions>
          <gpxtpx:TrackPointExtension>
            <gpxtpx:hr>89</gpxtpx:hr>
          </gpxtpx:TrackPointExtension>
        </extensions>
      </trkpt>
      <trkpt lat="34.21542461226015" lon="108.83255215020249">
        <ele>404.51791007071733</ele>
        <time>2025-11-24T04:32:26.900000Z</time>
        <extensions>
          <gpxtpx:TrackPointExtension>
            <gpxtpx:hr>89</gpxtpx:hr>
          </gpxtpx:TrackPointExtension>
        </extensions>
      </trkpt>
      <trkpt lat="34.21543906750462" lon="108.83255877000387">
        <ele>404.61265317257494</ele>
        <time>2025-11-24T04:32:27.900000Z</time>
        <extensions>
          <gpxtpx:TrackPointExtension>
            <gpxtpx:hr>89</gpxtpx:hr>
          </gpxtpx:TrackPointExtension>
        </extensions>
      </trkpt>
      <trkpt lat="34.21545316569874" lon="108.83256564018514">
        <ele>404.7052281163633</ele>
        <time>2025-11-24T04:32:28.900000Z</time>
        <extensions>
          <gpxtpx:TrackPointExtension>
            <gpxtpx:hr>92</gpxtpx:hr>
          </gpxtpx:TrackPointExtension>
        </extensions>
      </trkpt>
      <trkpt lat="34.21546608829034" lon="108.8325721820365">
        <ele>404.7850446840748</ele>
        <time>2025-11-24T04:32:29.900000Z</time>
        <extensions>
          <gpxtpx:TrackPointExtension>
            <gpxtpx:hr>92</gpxtpx:hr>
          </gpxtpx:TrackPointExtension>
        </extensions>
      </trkpt>
      <trkpt lat="34.215478810169515" lon="108.83257887082537">
        <ele>404.84311158023775</ele>
        <time>2025-11-24T04:32:30.900000Z</time>
        <extensions>
          <gpxtpx:TrackPointExtension>
            <gpxtpx:hr>92</gpxtpx:hr>
          </gpxtpx:TrackPointExtension>
        </extensions>
      </trkpt>
      <trkpt lat="34.215492764945324" lon="108.83258610400397">
        <ele>404.9026334900409</ele>
        <time>2025-11-24T04:32:31.900000Z</time>
        <extensions>
          <gpxtpx:TrackPointExtension>
            <gpxtpx:hr>92</gpxtpx:hr>
          </gpxtpx:TrackPointExtension>
        </extensions>
      </trkpt>
      <trkpt lat="34.21550648851761" lon="108.83259319938732">
        <ele>404.94703997671604</ele>
        <time>2025-11-24T04:32:32.900000Z</time>
        <extensions>
          <gpxtpx:TrackPointExtension>
            <gpxtpx:hr>93</gpxtpx:hr>
          </gpxtpx:TrackPointExtension>
        </extensions>
      </trkpt>
      <trkpt lat="34.21551870041715" lon="108.83259937996888">
        <ele>404.9911493351683</ele>
        <time>2025-11-24T04:32:33.900000Z</time>
        <extensions>
          <gpxtpx:TrackPointExtension>
            <gpxtpx:hr>93</gpxtpx:hr>
          </gpxtpx:TrackPointExtension>
        </extensions>
      </trkpt>
      <trkpt lat="34.215530944578454" lon="108.83260471580493">
        <ele>405.0237504178658</ele>
        <time>2025-11-24T04:32:34.900000Z</time>
        <extensions>
          <gpxtpx:TrackPointExtension>
            <gpxtpx:hr>93</gpxtpx:hr>
          </gpxtpx:TrackPointExtension>
        </extensions>
      </trkpt>
      <trkpt lat="34.215544020271814" lon="108.83260964009773">
        <ele>405.040566816926</ele>
        <time>2025-11-24T04:32:35.900000Z</time>
        <extensions>
          <gpxtpx:TrackPointExtension>
            <gpxtpx:hr>93</gpxtpx:hr>
          </gpxtpx:TrackPointExtension>
        </extensions>
      </trkpt>
      <trkpt lat="34.2155564783767" lon="108.8326139492778">
        <ele>405.05381261371076</ele>
        <time>2025-11-24T04:32:36.900000Z</time>
        <extensions>
          <gpxtpx:TrackPointExtension>
            <gpxtpx:hr>94</gpxtpx:hr>
          </gpxtpx:TrackPointExtension>
        </extensions>
      </trkpt>
      <trkpt lat="34.215568715751225" lon="108.83261741139282">
        <ele>405.0592884561047</ele>
        <time>2025-11-24T04:32:37.900000Z</time>
        <extensions>
          <gpxtpx:TrackPointExtension>
            <gpxtpx:hr>94</gpxtpx:hr>
          </gpxtpx:TrackPointExtension>
        </extensions>
      </trkpt>
      <trkpt lat="34.21558185845488" lon="108.83262012943466">
        <ele>405.0633296072483</ele>
        <time>2025-11-24T04:32:38.900000Z</time>
        <extensions>
          <gpxtpx:TrackPointExtension>
            <gpxtpx:hr>94</gpxtpx:hr>
          </gpxtpx:TrackPointExtension>
        </extensions>
      </trkpt>
      <trkpt lat="34.21559554991302" lon="108.83262232978791">
        <ele>405.0670194821432</ele>
        <time>2025-11-24T04:32:39.900000Z</time>
        <extensions>
          <gpxtpx:TrackPointExtension>
            <gpxtpx:hr>94</gpxtpx:hr>
          </gpxtpx:TrackPointExtension>
        </extensions>
      </trkpt>
      <trkpt lat="34.21560962585021" lon="108.83262437501406">
        <ele>405.0675168624148</ele>
        <time>2025-11-24T04:32:40.900000Z</time>
        <extensions>
          <gpxtpx:TrackPointExtension>
            <gpxtpx:hr>94</gpxtpx:hr>
          </gpxtpx:TrackPointExtension>
        </extensions>
      </trkpt>
      <trkpt lat="34.21562316117016" lon="108.83262648872942">
        <ele>405.06483690533787</ele>
        <time>2025-11-24T04:32:41.900000Z</time>
        <extensions>
          <gpxtpx:TrackPointExtension>
            <gpxtpx:hr>94</gpxtpx:hr>
          </gpxtpx:TrackPointExtension>
        </extensions>
      </trkpt>
      <trkpt lat="34.215636681573" lon="108.83262885842001">
        <ele>405.04971608147025</ele>
        <time>2025-11-24T04:32:42.900000Z</time>
        <extensions>
          <gpxtpx:TrackPointExtension>
            <gpxtpx:hr>94</gpxtpx:hr>
          </gpxtpx:TrackPointExtension>
        </extensions>
      </trkpt>
      <trkpt lat="34.2156502528412" lon="108.83263132457105">
        <ele>405.0301033128053</ele>
        <time>2025-11-24T04:32:43.900000Z</time>
        <extensions>
          <gpxtpx:TrackPointExtension>
            <gpxtpx:hr>94</gpxtpx:hr>
          </gpxtpx:TrackPointExtension>
        </extensions>
      </trkpt>
      <trkpt lat="34.215663530248726" lon="108.83263415896955">
        <ele>405.00404995586723</ele>
        <time>2025-11-24T04:32:44.900000Z</time>
        <extensions>
          <gpxtpx:TrackPointExtension>
            <gpxtpx:hr>94</gpxtpx:hr>
          </gpxtpx:TrackPointExtension>
        </extensions>
      </trkpt>
      <trkpt lat="34.21567751792113" lon="108.83263757493847">
        <ele>404.9754415927455</ele>
        <time>2025-11-24T04:32:45.900000Z</time>
        <extensions>
          <gpxtpx:TrackPointExtension>
            <gpxtpx:hr>94</gpxtpx:hr>
          </gpxtpx:TrackPointExtension>
        </extensions>
      </trkpt>
      <trkpt lat="34.215690847194544" lon="108.8326403174223">
        <ele>404.9298724150285</ele>
        <time>2025-11-24T04:32:46.900000Z</time>
        <extensions>
          <gpxtpx:TrackPointExtension>
            <gpxtpx:hr>90</gpxtpx:hr>
          </gpxtpx:TrackPointExtension>
        </extensions>
      </trkpt>
      <trkpt lat="34.21570409203866" lon="108.83264238388064">
        <ele>404.8808558033779</ele>
        <time>2025-11-24T04:32:47.900000Z</time>
        <extensions>
          <gpxtpx:TrackPointExtension>
            <gpxtpx:hr>90</gpxtpx:hr>
          </gpxtpx:TrackPointExtension>
        </extensions>
      </trkpt>
      <trkpt lat="34.215718250164734" lon="108.83264456971045">
        <ele>404.839438078925</ele>
        <time>2025-11-24T04:32:48.900000Z</time>
        <extensions>
          <gpxtpx:TrackPointExtension>
            <gpxtpx:hr>90</gpxtpx:hr>
          </gpxtpx:TrackPointExtension>
        </extensions>
      </trkpt>
      <trkpt lat="34.21573164180942" lon="108.83264678010008">
        <ele>404.78294724226</ele>
        <time>2025-11-24T04:32:49.900000Z</time>
        <extensions>
          <gpxtpx:TrackPointExtension>
            <gpxtpx:hr>90</gpxtpx:hr>
          </gpxtpx:TrackPointExtension>
        </extensions>
      </trkpt>
      <trkpt lat="34.21574470772747" lon="108.83264887624242">
        <ele>404.7349055027589</ele>
        <time>2025-11-24T04:32:50.900000Z</time>
        <extensions>
          <gpxtpx:TrackPointExtension>
            <gpxtpx:hr>90</gpxtpx:hr>
          </gpxtpx:TrackPointExtension>
        </extensions>
      </trkpt>
      <trkpt lat="34.21575856013527" lon="108.83265071259608">
        <ele>404.67638821620494</ele>
        <time>2025-11-24T04:32:51.900000Z</time>
        <extensions>
          <gpxtpx:TrackPointExtension>
            <gpxtpx:hr>90</gpxtpx:hr>
          </gpxtpx:TrackPointExtension>
        </extensions>
      </trkpt>
      <trkpt lat="34.21577246908585" lon="108.83265230253465">
        <ele>404.61894982866943</ele>
        <time>2025-11-24T04:32:52.900000Z</time>
        <extensions>
          <gpxtpx:TrackPointExtension>
            <gpxtpx:hr>90</gpxtpx:hr>
          </gpxtpx:TrackPointExtension>
        </extensions>
      </trkpt>
      <trkpt lat="34.21578544341186" lon="108.83265375346569">
        <ele>404.5469457777217</ele>
        <time>2025-11-24T04:32:53.900000Z</time>
        <extensions>
          <gpxtpx:TrackPointExtension>
            <gpxtpx:hr>90</gpxtpx:hr>
          </gpxtpx:TrackPointExtension>
        </extensions>
      </trkpt>
      <trkpt lat="34.215798025380955" lon="108.83265525825773">
        <ele>404.47740805801004</ele>
        <time>2025-11-24T04:32:54.900000Z</time>
        <extensions>
          <gpxtpx:TrackPointExtension>
            <gpxtpx:hr>90</gpxtpx:hr>
          </gpxtpx:TrackPointExtension>
        </extensions>
      </trkpt>
      <trkpt lat="34.21581054125892" lon="108.83265717673568">
        <ele>404.40689910389483</ele>
        <time>2025-11-24T04:32:55.900000Z</time>
        <extensions>
          <gpxtpx:TrackPointExtension>
            <gpxtpx:hr>90</gpxtpx:hr>
          </gpxtpx:TrackPointExtension>
        </extensions>
      </trkpt>
      <trkpt lat="34.215823039938115" lon="108.83265936187267">
        <ele>404.342210595496</ele>
        <time>2025-11-24T04:32:56.900000Z</time>
        <extensions>
          <gpxtpx:TrackPointExtension>
            <gpxtpx:hr>96</gpxtpx:hr>
          </gpxtpx:TrackPointExtension>
        </extensions>
      </trkpt>
      <trkpt lat="34.21583637735432" lon="108.83266162719369">
        <ele>404.2796797705814</ele>
        <time>2025-11-24T04:32:57.900000Z</time>
        <extensions>
          <gpxtpx:TrackPointExtension>
            <gpxtpx:hr>96</gpxtpx:hr>
          </gpxtpx:TrackPointExtension>
        </extensions>
      </trkpt>
      <trkpt lat="34.21584958993675" lon="108.83266410536264">
        <ele>404.2246734434739</ele>
        <time>2025-11-24T04:32:58.900000Z</time>
        <extensions>
          <gpxtpx:TrackPointExtension>
            <gpxtpx:hr>96</gpxtpx:hr>
          </gpxtpx:TrackPointExtension>
        </extensions>
      </trkpt>
      <trkpt lat="34.2158627727987" lon="108.83266685035554">
        <ele>404.1764722801745</ele>
        <time>2025-11-24T04:32:59.900000Z</time>
        <extensions>
          <gpxtpx:TrackPointExtension>
            <gpxtpx:hr>96</gpxtpx:hr>
          </gpxtpx:TrackPointExtension>
        </extensions>
      </trkpt>
      <trkpt lat="34.2158760543675" lon="108.83266948687996">
        <ele>404.14772225078195</ele>
        <time>2025-11-24T04:33:00.900000Z</time>
        <extensions>
          <gpxtpx:TrackPointExtension>
            <gpxtpx:hr>96</gpxtpx:hr>
          </gpxtpx:TrackPointExtension>
        </extensions>
      </trkpt>
      <trkpt lat="34.21588904461517" lon="108.83267168039283">
        <ele>404.11876795627177</ele>
        <time>2025-11-24T04:33:01.900000Z</time>
        <extensions>
          <gpxtpx:TrackPointExtension>
            <gpxtpx:hr>96</gpxtpx:hr>
          </gpxtpx:TrackPointExtension>
        </extensions>
      </trkpt>
      <trkpt lat="34.21590238480653" lon="108.83267312474808">
        <ele>404.0990626849234</ele>
        <time>2025-11-24T04:33:02.900000Z</time>
        <extensions>
          <gpxtpx:TrackPointExtension>
            <gpxtpx:hr>96</gpxtpx:hr>
          </gpxtpx:TrackPointExtension>
        </extensions>
      </trkpt>
      <trkpt lat="34.215915988222754" lon="108.83267379744429">
        <ele>404.07518611941487</ele>
        <time>2025-11-24T04:33:03.900000Z</time>
        <extensions>
          <gpxtpx:TrackPointExtension>
            <gpxtpx:hr>91</gpxtpx:hr>
          </gpxtpx:TrackPointExtension>
        </extensions>
      </trkpt>
      <trkpt lat="34.215929631529384" lon="108.83267427594721">
        <ele>404.058321416378</ele>
        <time>2025-11-24T04:33:04.900000Z</time>
        <extensions>
          <gpxtpx:TrackPointExtension>
            <gpxtpx:hr>91</gpxtpx:hr>
          </gpxtpx:TrackPointExtension>
        </extensions>
      </trkpt>
      <trkpt lat="34.21594302316272" lon="108.83267495044004">
        <ele>404.04904171731323</ele>
        <time>2025-11-24T04:33:05.900000Z</time>
        <extensions>
          <gpxtpx:TrackPointExtension>
            <gpxtpx:hr>91</gpxtpx:hr>
          </gpxtpx:TrackPointExtension>
        </extensions>
      </trkpt>
      <trkpt lat="34.21595641024773" lon="108.83267593244041">
        <ele>404.0449930690229</ele>
        <time>2025-11-24T04:33:06.900000Z</time>
        <extensions>
          <gpxtpx:TrackPointExtension>
            <gpxtpx:hr>91</gpxtpx:hr>
          </gpxtpx:TrackPointExtension>
        </extensions>
      </trkpt>
      <trkpt lat="34.21597055635373" lon="108.83267702434482">
        <ele>404.0472278399393</ele>
        <time>2025-11-24T04:33:07.900000Z</time>
        <extensions>
          <gpxtpx:TrackPointExtension>
            <gpxtpx:hr>91</gpxtpx:hr>
          </gpxtpx:TrackPointExtension>
        </extensions>
      </trkpt>
      <trkpt lat="34.21598427093282" lon="108.83267795720661">
        <ele>404.0582998339087</ele>
        <time>2025-11-24T04:33:08.900000Z</time>
        <extensions>
          <gpxtpx:TrackPointExtension>
            <gpxtpx:hr>91</gpxtpx:hr>
          </gpxtpx:TrackPointExtension>
        </extensions>
      </trkpt>
      <trkpt lat="34.215997390429955" lon="108.83267872218896">
        <ele>404.0735987899825</ele>
        <time>2025-11-24T04:33:09.900000Z</time>
        <extensions>
          <gpxtpx:TrackPointExtension>
            <gpxtpx:hr>91</gpxtpx:hr>
          </gpxtpx:TrackPointExtension>
        </extensions>
      </trkpt>
      <trkpt lat="34.216010872743205" lon="108.83267926479593">
        <ele>404.09473042655736</ele>
        <time>2025-11-24T04:33:10.900000Z</time>
        <extensions>
          <gpxtpx:TrackPointExtension>
            <gpxtpx:hr>91</gpxtpx:hr>
          </gpxtpx:TrackPointExtension>
        </extensions>
      </trkpt>
      <trkpt lat="34.216024637957396" lon="108.83267963738622">
        <ele>404.12274114228785</ele>
        <time>2025-11-24T04:33:11.900000Z</time>
        <extensions>
          <gpxtpx:TrackPointExtension>
            <gpxtpx:hr>91</gpxtpx:hr>
          </gpxtpx:TrackPointExtension>
        </extensions>
      </trkpt>
      <trkpt lat="34.216039161240396" lon="108.83267995070369">
        <ele>404.1669501205906</ele>
        <time>2025-11-24T04:33:12.900000Z</time>
        <extensions>
          <gpxtpx:TrackPointExtension>
            <gpxtpx:hr>91</gpxtpx:hr>
          </gpxtpx:TrackPointExtension>
        </extensions>
      </trkpt>
      <trkpt lat="34.21605353139665" lon="108.83267998731276">
        <ele>404.2127478849143</ele>
        <time>2025-11-24T04:33:13.900000Z</time>
        <extensions>
          <gpxtpx:TrackPointExtension>
            <gpxtpx:hr>91</gpxtpx:hr>
          </gpxtpx:TrackPointExtension>
        </extensions>
      </trkpt>
      <trkpt lat="34.21606761513783" lon="108.83267960702602">
        <ele>404.2678037714213</ele>
        <time>2025-11-24T04:33:14.900000Z</time>
        <extensions>
          <gpxtpx:TrackPointExtension>
            <gpxtpx:hr>91</gpxtpx:hr>
          </gpxtpx:TrackPointExtension>
        </extensions>
      </trkpt>
      <trkpt lat="34.21608125709337" lon="108.83267932661447">
        <ele>404.328968282789</ele>
        <time>2025-11-24T04:33:15.900000Z</time>
        <extensions>
          <gpxtpx:TrackPointExtension>
            <gpxtpx:hr>91</gpxtpx:hr>
          </gpxtpx:TrackPointExtension>
        </extensions>
      </trkpt>
      <trkpt lat="34.21609452038155" lon="108.83267947855508">
        <ele>404.3929896848276</ele>
        <time>2025-11-24T04:33:16.900000Z</time>
        <extensions>
          <gpxtpx:TrackPointExtension>
            <gpxtpx:hr>92</gpxtpx:hr>
          </gpxtpx:TrackPointExtension>
        </extensions>
      </trkpt>
      <trkpt lat="34.21610742186568" lon="108.83267959756819">
        <ele>404.4724708683789</ele>
        <time>2025-11-24T04:33:17.900000Z</time>
        <extensions>
          <gpxtpx:TrackPointExtension>
            <gpxtpx:hr>92</gpxtpx:hr>
          </gpxtpx:TrackPointExtension>
        </extensions>
      </trkpt>
      <trkpt lat="34.216120392587925" lon="108.83267951385285">
        <ele>404.54485537298024</ele>
        <time>2025-11-24T04:33:18.900000Z</time>
        <extensions>
          <gpxtpx:TrackPointExtension>
            <gpxtpx:hr>92</gpxtpx:hr>
          </gpxtpx:TrackPointExtension>
        </extensions>
      </trkpt>
      <trkpt lat="34.216133576710035" lon="108.83267958837457">
        <ele>404.6112435841933</ele>
        <time>2025-11-24T04:33:19.900000Z</time>
        <extensions>
          <gpxtpx:TrackPointExtension>
            <gpxtpx:hr>92</gpxtpx:hr>
          </gpxtpx:TrackPointExtension>
        </extensions>
      </trkpt>
      <trkpt lat="34.2161467999131" lon="108.83267994308927">
        <ele>404.6805218607187</ele>
        <time>2025-11-24T04:33:20.900000Z</time>
        <extensions>
          <gpxtpx:TrackPointExtension>
            <gpxtpx:hr>92</gpxtpx:hr>
          </gpxtpx:TrackPointExtension>
        </extensions>
      </trkpt>
      <trkpt lat="34.21615989872543" lon="108.83268029202756">
        <ele>404.760983270593</ele>
        <time>2025-11-24T04:33:21.900000Z</time>
        <extensions>
          <gpxtpx:TrackPointExtension>
            <gpxtpx:hr>92</gpxtpx:hr>
          </gpxtpx:TrackPointExtension>
        </extensions>
      </trkpt>
      <trkpt lat="34.21617268775646" lon="108.83268035422358">
        <ele>404.8151681246236</ele>
        <time>2025-11-24T04:33:22.900000Z</time>
        <extensions>
          <gpxtpx:TrackPointExtension>
            <gpxtpx:hr>92</gpxtpx:hr>
          </gpxtpx:TrackPointExtension>
        </extensions>
      </trkpt>
      <trkpt lat="34.21618562789112" lon="108.83268039882527">
        <ele>404.86598376370966</ele>
        <time>2025-11-24T04:33:23.900000Z</time>
        <extensions>
          <gpxtpx:TrackPointExtension>
            <gpxtpx:hr>91</gpxtpx:hr>
          </gpxtpx:TrackPointExtension>
        </extensions>
      </trkpt>
      <trkpt lat="34.216198576340865" lon="108.83268065712839">
        <ele>404.92489678878337</ele>
        <time>2025-11-24T04:33:24.900000Z</time>
        <extensions>
          <gpxtpx:TrackPointExtension>
            <gpxtpx:hr>91</gpxtpx:hr>
          </gpxtpx:TrackPointExtension>
        </extensions>
      </trkpt>
      <trkpt lat="34.21621104646457" lon="108.83268091437851">
        <ele>404.9770368579775</ele>
        <time>2025-11-24T04:33:25.900000Z</time>
        <extensions>
          <gpxtpx:TrackPointExtension>
            <gpxtpx:hr>91</gpxtpx:hr>
          </gpxtpx:TrackPointExtension>
        </extensions>
      </trkpt>
      <trkpt lat="34.216222824484426" lon="108.83268022665142">
        <ele>405.0349551420659</ele>
        <time>2025-11-24T04:33:26.900000Z</time>
        <extensions>
          <gpxtpx:TrackPointExtension>
            <gpxtpx:hr>91</gpxtpx:hr>
          </gpxtpx:TrackPointExtension>
        </extensions>
      </trkpt>
      <trkpt lat="34.21623478842027" lon="108.83267892302524">
        <ele>405.11766828224063</ele>
        <time>2025-11-24T04:33:27.900000Z</time>
        <extensions>
          <gpxtpx:TrackPointExtension>
            <gpxtpx:hr>91</gpxtpx:hr>
          </gpxtpx:TrackPointExtension>
        </extensions>
      </trkpt>
      <trkpt lat="34.21624676435142" lon="108.83267750000653">
        <ele>405.19796395581216</ele>
        <time>2025-11-24T04:33:28.900000Z</time>
        <extensions>
          <gpxtpx:TrackPointExtension>
            <gpxtpx:hr>90</gpxtpx:hr>
          </gpxtpx:TrackPointExtension>
        </extensions>
      </trkpt>
      <trkpt lat="34.21625890668076" lon="108.83267485476509">
        <ele>405.25569163262844</ele>
        <time>2025-11-24T04:33:29.900000Z</time>
        <extensions>
          <gpxtpx:TrackPointExtension>
            <gpxtpx:hr>90</gpxtpx:hr>
          </gpxtpx:TrackPointExtension>
        </extensions>
      </trkpt>
      <trkpt lat="34.216271891655964" lon="108.83267033154512">
        <ele>405.3172350237146</ele>
        <time>2025-11-24T04:33:30.900000Z</time>
        <extensions>
          <gpxtpx:TrackPointExtension>
            <gpxtpx:hr>90</gpxtpx:hr>
          </gpxtpx:TrackPointExtension>
        </extensions>
      </trkpt>
      <trkpt lat="34.21628464400168" lon="108.83266477680131">
        <ele>405.3669360904023</ele>
        <time>2025-11-24T04:33:31.900000Z</time>
        <extensions>
          <gpxtpx:TrackPointExtension>
            <gpxtpx:hr>90</gpxtpx:hr>
          </gpxtpx:TrackPointExtension>
        </extensions>
      </trkpt>
      <trkpt lat="34.216297042652556" lon="108.83265835086952">
        <ele>405.4019755423069</ele>
        <time>2025-11-24T04:33:32.900000Z</time>
        <extensions>
          <gpxtpx:TrackPointExtension>
            <gpxtpx:hr>89</gpxtpx:hr>
          </gpxtpx:TrackPointExtension>
        </extensions>
      </trkpt>
      <trkpt lat="34.21631012582741" lon="108.83265118691405">
        <ele>405.4288969114423</ele>
        <time>2025-11-24T04:33:33.900000Z</time>
        <extensions>
          <gpxtpx:TrackPointExtension>
            <gpxtpx:hr>89</gpxtpx:hr>
          </gpxtpx:TrackPointExtension>
        </extensions>
      </trkpt>
      <trkpt lat="34.2163228705914" lon="108.83264419657381">
        <ele>405.467049440369</ele>
        <time>2025-11-24T04:33:34.900000Z</time>
        <extensions>
          <gpxtpx:TrackPointExtension>
            <gpxtpx:hr>89</gpxtpx:hr>
          </gpxtpx:TrackPointExtension>
        </extensions>
      </trkpt>
      <trkpt lat="34.216334976036535" lon="108.83263532378241">
        <ele>405.50001924019307</ele>
        <time>2025-11-24T04:33:35.900000Z</time>
        <extensions>
          <gpxtpx:TrackPointExtension>
            <gpxtpx:hr>89</gpxtpx:hr>
          </gpxtpx:TrackPointExtension>
        </extensions>
      </trkpt>
      <trkpt lat="34.21634715012954" lon="108.83262398429186">
        <ele>405.5270570097491</ele>
        <time>2025-11-24T04:33:36.900000Z</time>
        <extensions>
          <gpxtpx:TrackPointExtension>
            <gpxtpx:hr>91</gpxtpx:hr>
          </gpxtpx:TrackPointExtension>
        </extensions>
      </trkpt>
      <trkpt lat="34.216359142173225" lon="108.83261225905042">
        <ele>405.5348567906767</ele>
        <time>2025-11-24T04:33:37.900000Z</time>
        <extensions>
          <gpxtpx:TrackPointExtension>
            <gpxtpx:hr>91</gpxtpx:hr>
          </gpxtpx:TrackPointExtension>
        </extensions>
      </trkpt>
      <trkpt lat="34.21637002669937" lon="108.83260215329496">
        <ele>405.5237507401034</ele>
        <time>2025-11-24T04:33:38.900000Z</time>
        <extensions>
          <gpxtpx:TrackPointExtension>
            <gpxtpx:hr>91</gpxtpx:hr>
          </gpxtpx:TrackPointExtension>
        </extensions>
      </trkpt>
      <trkpt lat="34.21637950042656" lon="108.8325936232246">
        <ele>405.4965636068955</ele>
        <time>2025-11-24T04:33:39.900000Z</time>
        <extensions>
          <gpxtpx:TrackPointExtension>
            <gpxtpx:hr>91</gpxtpx:hr>
          </gpxtpx:TrackPointExtension>
        </extensions>
      </trkpt>
      <trkpt lat="34.21638816497862" lon="108.83258536985008">
        <ele>405.4628405161202</ele>
        <time>2025-11-24T04:33:40.900000Z</time>
        <extensions>
          <gpxtpx:TrackPointExtension>
            <gpxtpx:hr>91</gpxtpx:hr>
          </gpxtpx:TrackPointExtension>
        </extensions>
      </trkpt>
      <trkpt lat="34.216396969712235" lon="108.83257788042897">
        <ele>405.4167403280735</ele>
        <time>2025-11-24T04:33:41.900000Z</time>
        <extensions>
          <gpxtpx:TrackPointExtension>
            <gpxtpx:hr>91</gpxtpx:hr>
          </gpxtpx:TrackPointExtension>
        </extensions>
      </trkpt>
      <trkpt lat="34.21640664629938" lon="108.83257133236643">
        <ele>405.35844938922673</ele>
        <time>2025-11-24T04:33:42.900000Z</time>
        <extensions>
          <gpxtpx:TrackPointExtension>
            <gpxtpx:hr>90</gpxtpx:hr>
          </gpxtpx:TrackPointExtension>
        </extensions>
      </trkpt>
      <trkpt lat="34.21641693602018" lon="108.83256558656208">
        <ele>405.2839172780514</ele>
        <time>2025-11-24T04:33:43.900000Z</time>
        <extensions>
          <gpxtpx:TrackPointExtension>
            <gpxtpx:hr>90</gpxtpx:hr>
          </gpxtpx:TrackPointExtension>
        </extensions>
      </trkpt>
      <trkpt lat="34.21642819911058" lon="108.83256037317716">
        <ele>405.1941190380603</ele>
        <time>2025-11-24T04:33:44.900000Z</time>
        <extensions>
          <gpxtpx:TrackPointExtension>
            <gpxtpx:hr>90</gpxtpx:hr>
          </gpxtpx:TrackPointExtension>
        </extensions>
      </trkpt>
      <trkpt lat="34.21644072257964" lon="108.83255609195707">
        <ele>405.10682456288487</ele>
        <time>2025-11-24T04:33:45.900000Z</time>
        <extensions>
          <gpxtpx:TrackPointExtension>
            <gpxtpx:hr>90</gpxtpx:hr>
          </gpxtpx:TrackPointExtension>
        </extensions>
      </trkpt>
      <trkpt lat="34.21645369796579" lon="108.83255281657112">
        <ele>405.00713772699237</ele>
        <time>2025-11-24T04:33:46.900000Z</time>
        <extensions>
          <gpxtpx:TrackPointExtension>
            <gpxtpx:hr>90</gpxtpx:hr>
          </gpxtpx:TrackPointExtension>
        </extensions>
      </trkpt>
      <trkpt lat="34.21646639679972" lon="108.83255011645754">
        <ele>404.92001357022673</ele>
        <time>2025-11-24T04:33:47.900000Z</time>
        <extensions>
          <gpxtpx:TrackPointExtension>
            <gpxtpx:hr>90</gpxtpx:hr>
          </gpxtpx:TrackPointExtension>
        </extensions>
      </trkpt>
      <trkpt lat="34.21647870399734" lon="108.8325478506305">
        <ele>404.83340489305556</ele>
        <time>2025-11-24T04:33:48.900000Z</time>
        <extensions>
          <gpxtpx:TrackPointExtension>
            <gpxtpx:hr>90</gpxtpx:hr>
          </gpxtpx:TrackPointExtension>
        </extensions>
      </trkpt>
      <trkpt lat="34.21649096677441" lon="108.83254589469433">
        <ele>404.76637676358223</ele>
        <time>2025-11-24T04:33:49.900000Z</time>
        <extensions>
          <gpxtpx:TrackPointExtension>
            <gpxtpx:hr>90</gpxtpx:hr>
          </gpxtpx:TrackPointExtension>
        </extensions>
      </trkpt>
      <trkpt lat="34.21650372149791" lon="108.83254407751845">
        <ele>404.72936051059514</ele>
        <time>2025-11-24T04:33:50.900000Z</time>
        <extensions>
          <gpxtpx:TrackPointExtension>
            <gpxtpx:hr>90</gpxtpx:hr>
          </gpxtpx:TrackPointExtension>
        </extensions>
      </trkpt>
      <trkpt lat="34.21651733006902" lon="108.83254217229734">
        <ele>404.7158362586051</ele>
        <time>2025-11-24T04:33:51.900000Z</time>
        <extensions>
          <gpxtpx:TrackPointExtension>
            <gpxtpx:hr>90</gpxtpx:hr>
          </gpxtpx:TrackPointExtension>
        </extensions>
      </trkpt>
      <trkpt lat="34.216531866700144" lon="108.83254001908104">
        <ele>404.71141675673425</ele>
        <time>2025-11-24T04:33:52.900000Z</time>
        <extensions>
          <gpxtpx:TrackPointExtension>
            <gpxtpx:hr>90</gpxtpx:hr>
          </gpxtpx:TrackPointExtension>
        </extensions>
      </trkpt>
      <trkpt lat="34.21654615496747" lon="108.83253769396435">
        <ele>404.73658676072955</ele>
        <time>2025-11-24T04:33:53.900000Z</time>
        <extensions>
          <gpxtpx:TrackPointExtension>
            <gpxtpx:hr>90</gpxtpx:hr>
          </gpxtpx:TrackPointExtension>
        </extensions>
      </trkpt>
      <trkpt lat="34.21655974000553" lon="108.83253482646927">
        <ele>404.78433466143906</ele>
        <time>2025-11-24T04:33:54.900000Z</time>
        <extensions>
          <gpxtpx:TrackPointExtension>
            <gpxtpx:hr>90</gpxtpx:hr>
          </gpxtpx:TrackPointExtension>
        </extensions>
      </trkpt>
      <trkpt lat="34.21657322421678" lon="108.83253122597094">
        <ele>404.85369456745684</ele>
        <time>2025-11-24T04:33:55.900000Z</time>
        <extensions>
          <gpxtpx:TrackPointExtension>
            <gpxtpx:hr>90</gpxtpx:hr>
          </gpxtpx:TrackPointExtension>
        </extensions>
      </trkpt>
      <trkpt lat="34.21658708613493" lon="108.83252739694602">
        <ele>404.9302628589794</ele>
        <time>2025-11-24T04:33:56.900000Z</time>
        <extensions>
          <gpxtpx:TrackPointExtension>
            <gpxtpx:hr>91</gpxtpx:hr>
          </gpxtpx:TrackPointExtension>
        </extensions>
      </trkpt>
      <trkpt lat="34.21660073720966" lon="108.83252382477298">
        <ele>405.01116865407676</ele>
        <time>2025-11-24T04:33:57.900000Z</time>
        <extensions>
          <gpxtpx:TrackPointExtension>
            <gpxtpx:hr>91</gpxtpx:hr>
          </gpxtpx:TrackPointExtension>
        </extensions>
      </trkpt>
      <trkpt lat="34.21661304113438" lon="108.83252170828102">
        <ele>405.080796809867</ele>
        <time>2025-11-24T04:33:58.900000Z</time>
        <extensions>
          <gpxtpx:TrackPointExtension>
            <gpxtpx:hr>91</gpxtpx:hr>
          </gpxtpx:TrackPointExtension>
        </extensions>
      </trkpt>
      <trkpt lat="34.21662364416842" lon="108.83252063459386">
        <ele>405.16402832698077</ele>
        <time>2025-11-24T04:33:59.900000Z</time>
        <extensions>
          <gpxtpx:TrackPointExtension>
            <gpxtpx:hr>91</gpxtpx:hr>
          </gpxtpx:TrackPointExtension>
        </extensions>
      </trkpt>
      <trkpt lat="34.21663278616713" lon="108.83251864792733">
        <ele>405.2731886943802</ele>
        <time>2025-11-24T04:34:00.900000Z</time>
        <extensions>
          <gpxtpx:TrackPointExtension>
            <gpxtpx:hr>91</gpxtpx:hr>
          </gpxtpx:TrackPointExtension>
        </extensions>
      </trkpt>
      <trkpt lat="34.21664170660585" lon="108.83251544166947">
        <ele>405.3867658386007</ele>
        <time>2025-11-24T04:34:01.900000Z</time>
        <extensions>
          <gpxtpx:TrackPointExtension>
            <gpxtpx:hr>91</gpxtpx:hr>
          </gpxtpx:TrackPointExtension>
        </extensions>
      </trkpt>
      <trkpt lat="34.21665173690528" lon="108.83251164359014">
        <ele>405.4931537024677</ele>
        <time>2025-11-24T04:34:02.900000Z</time>
        <extensions>
          <gpxtpx:TrackPointExtension>
            <gpxtpx:hr>89</gpxtpx:hr>
          </gpxtpx:TrackPointExtension>
        </extensions>
      </trkpt>
      <trkpt lat="34.2166632013987" lon="108.83250752401823">
        <ele>405.5908881975338</ele>
        <time>2025-11-24T04:34:03.900000Z</time>
        <extensions>
          <gpxtpx:TrackPointExtension>
            <gpxtpx:hr>89</gpxtpx:hr>
          </gpxtpx:TrackPointExtension>
        </extensions>
      </trkpt>
      <trkpt lat="34.216675147885546" lon="108.83250348974738">
        <ele>405.68334360048175</ele>
        <time>2025-11-24T04:34:04.900000Z</time>
        <extensions>
          <gpxtpx:TrackPointExtension>
            <gpxtpx:hr>89</gpxtpx:hr>
          </gpxtpx:TrackPointExtension>
        </extensions>
      </trkpt>
      <trkpt lat="34.2166860619492" lon="108.83249999415494">
        <ele>405.7653198149055</ele>
        <time>2025-11-24T04:34:05.900000Z</time>
        <extensions>
          <gpxtpx:TrackPointExtension>
            <gpxtpx:hr>89</gpxtpx:hr>
          </gpxtpx:TrackPointExtension>
        </extensions>
      </trkpt>
      <trkpt lat="34.216695740450824" lon="108.83249691381369">
        <ele>405.83008387032896</ele>
        <time>2025-11-24T04:34:06.900000Z</time>
        <extensions>
          <gpxtpx:TrackPointExtension>
            <gpxtpx:hr>89</gpxtpx:hr>
          </gpxtpx:TrackPointExtension>
        </extensions>
      </trkpt>
      <trkpt lat="34.21670538027082" lon="108.83249380145496">
        <ele>405.889346672222</ele>
        <time>2025-11-24T04:34:07.900000Z</time>
        <extensions>
          <gpxtpx:TrackPointExtension>
            <gpxtpx:hr>89</gpxtpx:hr>
          </gpxtpx:TrackPointExtension>
        </extensions>
      </trkpt>
      <trkpt lat="34.21671579767685" lon="108.8324900080529">
        <ele>405.9267735974863</ele>
        <time>2025-11-24T04:34:08.900000Z</time>
        <extensions>
          <gpxtpx:TrackPointExtension>
            <gpxtpx:hr>89</gpxtpx:hr>
          </gpxtpx:TrackPointExtension>
        </extensions>
      </trkpt>
      <trkpt lat="34.216727053678284" lon="108.83248497913574">
        <ele>405.96541414782405</ele>
        <time>2025-11-24T04:34:09.900000Z</time>
        <extensions>
          <gpxtpx:TrackPointExtension>
            <gpxtpx:hr>89</gpxtpx:hr>
          </gpxtpx:TrackPointExtension>
        </extensions>
      </trkpt>
      <trkpt lat="34.216738935760866" lon="108.83247866397303">
        <ele>406.00913327373564</ele>
        <time>2025-11-24T04:34:10.900000Z</time>
        <extensions>
          <gpxtpx:TrackPointExtension>
            <gpxtpx:hr>89</gpxtpx:hr>
          </gpxtpx:TrackPointExtension>
        </extensions>
      </trkpt>
      <trkpt lat="34.21675119060375" lon="108.83247214705919">
        <ele>406.0472635673359</ele>
        <time>2025-11-24T04:34:11.900000Z</time>
        <extensions>
          <gpxtpx:TrackPointExtension>
            <gpxtpx:hr>89</gpxtpx:hr>
          </gpxtpx:TrackPointExtension>
        </extensions>
      </trkpt>
      <trkpt lat="34.21676370140218" lon="108.83246646052403">
        <ele>406.0796412797645</ele>
        <time>2025-11-24T04:34:12.900000Z</time>
        <extensions>
          <gpxtpx:TrackPointExtension>
            <gpxtpx:hr>89</gpxtpx:hr>
          </gpxtpx:TrackPointExtension>
        </extensions>
      </trkpt>
      <trkpt lat="34.216776529301825" lon="108.83246142482903">
        <ele>406.1058164900169</ele>
        <time>2025-11-24T04:34:13.900000Z</time>
        <extensions>
          <gpxtpx:TrackPointExtension>
            <gpxtpx:hr>89</gpxtpx:hr>
          </gpxtpx:TrackPointExtension>
        </extensions>
      </trkpt>
      <trkpt lat="34.2167892288461" lon="108.83245748782683">
        <ele>406.1288823252544</ele>
        <time>2025-11-24T04:34:14.900000Z</time>
        <extensions>
          <gpxtpx:TrackPointExtension>
            <gpxtpx:hr>89</gpxtpx:hr>
          </gpxtpx:TrackPointExtension>
        </extensions>
      </trkpt>
      <trkpt lat="34.21680158501433" lon="108.83245506989186">
        <ele>406.14387623779476</ele>
        <time>2025-11-24T04:34:15.900000Z</time>
        <extensions>
          <gpxtpx:TrackPointExtension>
            <gpxtpx:hr>89</gpxtpx:hr>
          </gpxtpx:TrackPointExtension>
        </extensions>
      </trkpt>
      <trkpt lat="34.21681367723318" lon="108.83245357806938">
        <ele>406.14794742222875</ele>
        <time>2025-11-24T04:34:16.900000Z</time>
        <extensions>
          <gpxtpx:TrackPointExtension>
            <gpxtpx:hr>89</gpxtpx:hr>
          </gpxtpx:TrackPointExtension>
        </extensions>
      </trkpt>
      <trkpt lat="34.216825356912224" lon="108.83245243590068">
        <ele>406.1277942461893</ele>
        <time>2025-11-24T04:34:17.900000Z</time>
        <extensions>
          <gpxtpx:TrackPointExtension>
            <gpxtpx:hr>93</gpxtpx:hr>
          </gpxtpx:TrackPointExtension>
        </extensions>
      </trkpt>
      <trkpt lat="34.21683706432855" lon="108.832450902079">
        <ele>406.09603627584875</ele>
        <time>2025-11-24T04:34:18.900000Z</time>
        <extensions>
          <gpxtpx:TrackPointExtension>
            <gpxtpx:hr>93</gpxtpx:hr>
          </gpxtpx:TrackPointExtension>
        </extensions>
      </trkpt>
      <trkpt lat="34.21684943643629" lon="108.83244828139438">
        <ele>406.06398147996515</ele>
        <time>2025-11-24T04:34:19.900000Z</time>
        <extensions>
          <gpxtpx:TrackPointExtension>
            <gpxtpx:hr>93</gpxtpx:hr>
          </gpxtpx:TrackPointExtension>
        </extensions>
      </trkpt>
      <trkpt lat="34.21686254276587" lon="108.83244459207971">
        <ele>406.0424229102209</ele>
        <time>2025-11-24T04:34:20.900000Z</time>
        <extensions>
          <gpxtpx:TrackPointExtension>
            <gpxtpx:hr>93</gpxtpx:hr>
          </gpxtpx:TrackPointExtension>
        </extensions>
      </trkpt>
      <trkpt lat="34.216875794086306" lon="108.832440302848">
        <ele>406.0211069174111</ele>
        <time>2025-11-24T04:34:21.900000Z</time>
        <extensions>
          <gpxtpx:TrackPointExtension>
            <gpxtpx:hr>93</gpxtpx:hr>
          </gpxtpx:TrackPointExtension>
        </extensions>
      </trkpt>
      <trkpt lat="34.216889097244774" lon="108.83243592300532">
        <ele>405.9882839396596</ele>
        <time>2025-11-24T04:34:22.900000Z</time>
        <extensions>
          <gpxtpx:TrackPointExtension>
            <gpxtpx:hr>93</gpxtpx:hr>
          </gpxtpx:TrackPointExtension>
        </extensions>
      </trkpt>
      <trkpt lat="34.21690283752584" lon="108.83243152108733">
        <ele>405.95233537070453</ele>
        <time>2025-11-24T04:34:23.900000Z</time>
        <extensions>
          <gpxtpx:TrackPointExtension>
            <gpxtpx:hr>93</gpxtpx:hr>
          </gpxtpx:TrackPointExtension>
        </extensions>
      </trkpt>
      <trkpt lat="34.216916751313434" lon="108.8324274355987">
        <ele>405.9177971249446</ele>
        <time>2025-11-24T04:34:24.900000Z</time>
        <extensions>
          <gpxtpx:TrackPointExtension>
            <gpxtpx:hr>93</gpxtpx:hr>
          </gpxtpx:TrackPointExtension>
        </extensions>
      </trkpt>
      <trkpt lat="34.216930253318615" lon="108.83242422064684">
        <ele>405.8844881616533</ele>
        <time>2025-11-24T04:34:25.900000Z</time>
        <extensions>
          <gpxtpx:TrackPointExtension>
            <gpxtpx:hr>93</gpxtpx:hr>
          </gpxtpx:TrackPointExtension>
        </extensions>
      </trkpt>
      <trkpt lat="34.216943112708876" lon="108.83242202521804">
        <ele>405.8485649423674</ele>
        <time>2025-11-24T04:34:26.900000Z</time>
        <extensions>
          <gpxtpx:TrackPointExtension>
            <gpxtpx:hr>93</gpxtpx:hr>
          </gpxtpx:TrackPointExtension>
        </extensions>
      </trkpt>
      <trkpt lat="34.21695583118357" lon="108.83242056601851">
        <ele>405.8123715715483</ele>
        <time>2025-11-24T04:34:27.900000Z</time>
        <extensions>
          <gpxtpx:TrackPointExtension>
            <gpxtpx:hr>93</gpxtpx:hr>
          </gpxtpx:TrackPointExtension>
        </extensions>
      </trkpt>
      <trkpt lat="34.216968873390165" lon="108.832419150237">
        <ele>405.7792814327404</ele>
        <time>2025-11-24T04:34:28.900000Z</time>
        <extensions>
          <gpxtpx:TrackPointExtension>
            <gpxtpx:hr>93</gpxtpx:hr>
          </gpxtpx:TrackPointExtension>
        </extensions>
      </trkpt>
      <trkpt lat="34.2169818626565" lon="108.8324169816431">
        <ele>405.7419908205047</ele>
        <time>2025-11-24T04:34:29.900000Z</time>
        <extensions>
          <gpxtpx:TrackPointExtension>
            <gpxtpx:hr>93</gpxtpx:hr>
          </gpxtpx:TrackPointExtension>
        </extensions>
      </trkpt>
      <trkpt lat="34.21699418359527" lon="108.83241347568448">
        <ele>405.70229502301663</ele>
        <time>2025-11-24T04:34:30.900000Z</time>
        <extensions>
          <gpxtpx:TrackPointExtension>
            <gpxtpx:hr>93</gpxtpx:hr>
          </gpxtpx:TrackPointExtension>
        </extensions>
      </trkpt>
      <trkpt lat="34.21700641154505" lon="108.83240864351288">
        <ele>405.67115161102265</ele>
        <time>2025-11-24T04:34:31.900000Z</time>
        <extensions>
          <gpxtpx:TrackPointExtension>
            <gpxtpx:hr>92</gpxtpx:hr>
          </gpxtpx:TrackPointExtension>
        </extensions>
      </trkpt>
      <trkpt lat="34.21701910083579" lon="108.83240324541254">
        <ele>405.6477541970089</ele>
        <time>2025-11-24T04:34:32.900000Z</time>
        <extensions>
          <gpxtpx:TrackPointExtension>
            <gpxtpx:hr>92</gpxtpx:hr>
          </gpxtpx:TrackPointExtension>
        </extensions>
      </trkpt>
      <trkpt lat="34.217031870006245" lon="108.83239795209269">
        <ele>405.6289166342467</ele>
        <time>2025-11-24T04:34:33.900000Z</time>
        <extensions>
          <gpxtpx:TrackPointExtension>
            <gpxtpx:hr>92</gpxtpx:hr>
          </gpxtpx:TrackPointExtension>
        </extensions>
      </trkpt>
      <trkpt lat="34.217044355897336" lon="108.83239293743877">
        <ele>405.6190187484026</ele>
        <time>2025-11-24T04:34:34.900000Z</time>
        <extensions>
          <gpxtpx:TrackPointExtension>
            <gpxtpx:hr>92</gpxtpx:hr>
          </gpxtpx:TrackPointExtension>
        </extensions>
      </trkpt>
      <trkpt lat="34.21705651352072" lon="108.83238829865323">
        <ele>405.60937261302024</ele>
        <time>2025-11-24T04:34:35.900000Z</time>
        <extensions>
          <gpxtpx:TrackPointExtension>
            <gpxtpx:hr>92</gpxtpx:hr>
          </gpxtpx:TrackPointExtension>
        </extensions>
      </trkpt>
      <trkpt lat="34.217068673628106" lon="108.83238403587218">
        <ele>405.6031578872353</ele>
        <time>2025-11-24T04:34:36.900000Z</time>
        <extensions>
          <gpxtpx:TrackPointExtension>
            <gpxtpx:hr>92</gpxtpx:hr>
          </gpxtpx:TrackPointExtension>
        </extensions>
      </trkpt>
      <trkpt lat="34.21708086201138" lon="108.8323803682339">
        <ele>405.5919716106728</ele>
        <time>2025-11-24T04:34:37.900000Z</time>
        <extensions>
          <gpxtpx:TrackPointExtension>
            <gpxtpx:hr>91</gpxtpx:hr>
          </gpxtpx:TrackPointExtension>
        </extensions>
      </trkpt>
      <trkpt lat="34.21709281242737" lon="108.83237742585943">
        <ele>405.57987912744284</ele>
        <time>2025-11-24T04:34:38.900000Z</time>
        <extensions>
          <gpxtpx:TrackPointExtension>
            <gpxtpx:hr>91</gpxtpx:hr>
          </gpxtpx:TrackPointExtension>
        </extensions>
      </trkpt>
      <trkpt lat="34.217105031760426" lon="108.83237483732667">
        <ele>405.5656469333917</ele>
        <time>2025-11-24T04:34:39.900000Z</time>
        <extensions>
          <gpxtpx:TrackPointExtension>
            <gpxtpx:hr>91</gpxtpx:hr>
          </gpxtpx:TrackPointExtension>
        </extensions>
      </trkpt>
      <trkpt lat="34.217117808588796" lon="108.83237208741255">
        <ele>405.534386344254</ele>
        <time>2025-11-24T04:34:40.900000Z</time>
        <extensions>
          <gpxtpx:TrackPointExtension>
            <gpxtpx:hr>91</gpxtpx:hr>
          </gpxtpx:TrackPointExtension>
        </extensions>
      </trkpt>
      <trkpt lat="34.21713091130778" lon="108.83236869354715">
        <ele>405.50145481340587</ele>
        <time>2025-11-24T04:34:41.900000Z</time>
        <extensions>
          <gpxtpx:TrackPointExtension>
            <gpxtpx:hr>91</gpxtpx:hr>
          </gpxtpx:TrackPointExtension>
        </extensions>
      </trkpt>
      <trkpt lat="34.21714396752356" lon="108.83236456016611">
        <ele>405.4551555197686</ele>
        <time>2025-11-24T04:34:42.900000Z</time>
        <extensions>
          <gpxtpx:TrackPointExtension>
            <gpxtpx:hr>95</gpxtpx:hr>
          </gpxtpx:TrackPointExtension>
        </extensions>
      </trkpt>
      <trkpt lat="34.21715668237006" lon="108.83236010465464">
        <ele>405.4182625692338</ele>
        <time>2025-11-24T04:34:43.900000Z</time>
        <extensions>
          <gpxtpx:TrackPointExtension>
            <gpxtpx:hr>95</gpxtpx:hr>
          </gpxtpx:TrackPointExtension>
        </extensions>
      </trkpt>
      <trkpt lat="34.21716910522416" lon="108.83235577011285">
        <ele>405.3679940374568</ele>
        <time>2025-11-24T04:34:44.900000Z</time>
        <extensions>
          <gpxtpx:TrackPointExtension>
            <gpxtpx:hr>95</gpxtpx:hr>
          </gpxtpx:TrackPointExtension>
        </extensions>
      </trkpt>
      <trkpt lat="34.217181202710705" lon="108.83235177567913">
        <ele>405.3176346234977</ele>
        <time>2025-11-24T04:34:45.900000Z</time>
        <extensions>
          <gpxtpx:TrackPointExtension>
            <gpxtpx:hr>95</gpxtpx:hr>
          </gpxtpx:TrackPointExtension>
        </extensions>
      </trkpt>
      <trkpt lat="34.217192954828256" lon="108.83234822613736">
        <ele>405.2665356276557</ele>
        <time>2025-11-24T04:34:46.900000Z</time>
        <extensions>
          <gpxtpx:TrackPointExtension>
            <gpxtpx:hr>95</gpxtpx:hr>
          </gpxtpx:TrackPointExtension>
        </extensions>
      </trkpt>
      <trkpt lat="34.21720442706089" lon="108.83234514471444">
        <ele>405.21971680317074</ele>
        <time>2025-11-24T04:34:47.900000Z</time>
        <extensions>
          <gpxtpx:TrackPointExtension>
            <gpxtpx:hr>91</gpxtpx:hr>
          </gpxtpx:TrackPointExtension>
        </extensions>
      </trkpt>
      <trkpt lat="34.217215410389784" lon="108.83234242439843">
        <ele>405.1772305397317</ele>
        <time>2025-11-24T04:34:48.900000Z</time>
        <extensions>
          <gpxtpx:TrackPointExtension>
            <gpxtpx:hr>91</gpxtpx:hr>
          </gpxtpx:TrackPointExtension>
        </extensions>
      </trkpt>
      <trkpt lat="34.21722625191623" lon="108.83233980528847">
        <ele>405.1378062693402</ele>
        <time>2025-11-24T04:34:49.900000Z</time>
        <extensions>
          <gpxtpx:TrackPointExtension>
            <gpxtpx:hr>91</gpxtpx:hr>
          </gpxtpx:TrackPointExtension>
        </extensions>
      </trkpt>
      <trkpt lat="34.21723762799083" lon="108.83233722779374">
        <ele>405.10439483448863</ele>
        <time>2025-11-24T04:34:50.900000Z</time>
        <extensions>
          <gpxtpx:TrackPointExtension>
            <gpxtpx:hr>89</gpxtpx:hr>
          </gpxtpx:TrackPointExtension>
        </extensions>
      </trkpt>
      <trkpt lat="34.217249539582674" lon="108.83233463846568">
        <ele>405.07335007283837</ele>
        <time>2025-11-24T04:34:51.900000Z</time>
        <extensions>
          <gpxtpx:TrackPointExtension>
            <gpxtpx:hr>89</gpxtpx:hr>
          </gpxtpx:TrackPointExtension>
        </extensions>
      </trkpt>
      <trkpt lat="34.217261789784196" lon="108.8323316501137">
        <ele>405.05975944548845</ele>
        <time>2025-11-24T04:34:52.900000Z</time>
        <extensions>
          <gpxtpx:TrackPointExtension>
            <gpxtpx:hr>89</gpxtpx:hr>
          </gpxtpx:TrackPointExtension>
        </extensions>
      </trkpt>
      <trkpt lat="34.2172742572741" lon="108.83232804523996">
        <ele>405.0530629577115</ele>
        <time>2025-11-24T04:34:53.900000Z</time>
        <extensions>
          <gpxtpx:TrackPointExtension>
            <gpxtpx:hr>89</gpxtpx:hr>
          </gpxtpx:TrackPointExtension>
        </extensions>
      </trkpt>
      <trkpt lat="34.217286716396025" lon="108.83232410748292">
        <ele>405.0546005163342</ele>
        <time>2025-11-24T04:34:54.900000Z</time>
        <extensions>
          <gpxtpx:TrackPointExtension>
            <gpxtpx:hr>89</gpxtpx:hr>
          </gpxtpx:TrackPointExtension>
        </extensions>
      </trkpt>
      <trkpt lat="34.21729904744326" lon="108.83232033291142">
        <ele>405.07352971099317</ele>
        <time>2025-11-24T04:34:55.900000Z</time>
        <extensions>
          <gpxtpx:TrackPointExtension>
            <gpxtpx:hr>89</gpxtpx:hr>
          </gpxtpx:TrackPointExtension>
        </extensions>
      </trkpt>
      <trkpt lat="34.217311210607406" lon="108.83231707521898">
        <ele>405.09653581585735</ele>
        <time>2025-11-24T04:34:56.900000Z</time>
        <extensions>
          <gpxtpx:TrackPointExtension>
            <gpxtpx:hr>89</gpxtpx:hr>
          </gpxtpx:TrackPointExtension>
        </extensions>
      </trkpt>
      <trkpt lat="34.217323473816656" lon="108.83231427335784">
        <ele>405.13010078202933</ele>
        <time>2025-11-24T04:34:57.900000Z</time>
        <extensions>
          <gpxtpx:TrackPointExtension>
            <gpxtpx:hr>89</gpxtpx:hr>
          </gpxtpx:TrackPointExtension>
        </extensions>
      </trkpt>
      <trkpt lat="34.21733562571887" lon="108.83231169242043">
        <ele>405.1854164628312</ele>
        <time>2025-11-24T04:34:58.900000Z</time>
        <extensions>
          <gpxtpx:TrackPointExtension>
            <gpxtpx:hr>89</gpxtpx:hr>
          </gpxtpx:TrackPointExtension>
        </extensions>
      </trkpt>
      <trkpt lat="34.21734713215761" lon="108.83230890642653">
        <ele>405.2454676339403</ele>
        <time>2025-11-24T04:34:59.900000Z</time>
        <extensions>
          <gpxtpx:TrackPointExtension>
            <gpxtpx:hr>89</gpxtpx:hr>
          </gpxtpx:TrackPointExtension>
        </extensions>
      </trkpt>
      <trkpt lat="34.2173581616285" lon="108.83230547471408">
        <ele>405.28516980819404</ele>
        <time>2025-11-24T04:35:00.900000Z</time>
        <extensions>
          <gpxtpx:TrackPointExtension>
            <gpxtpx:hr>89</gpxtpx:hr>
          </gpxtpx:TrackPointExtension>
        </extensions>
      </trkpt>
      <trkpt lat="34.21736931465352" lon="108.83230119645798">
        <ele>405.32967875152826</ele>
        <time>2025-11-24T04:35:01.900000Z</time>
        <extensions>
          <gpxtpx:TrackPointExtension>
            <gpxtpx:hr>89</gpxtpx:hr>
          </gpxtpx:TrackPointExtension>
        </extensions>
      </trkpt>
      <trkpt lat="34.2173811019525" lon="108.83229603596189">
        <ele>405.3738043811172</ele>
        <time>2025-11-24T04:35:02.900000Z</time>
        <extensions>
          <gpxtpx:TrackPointExtension>
            <gpxtpx:hr>89</gpxtpx:hr>
          </gpxtpx:TrackPointExtension>
        </extensions>
      </trkpt>
      <trkpt lat="34.21739345164757" lon="108.83229057105238">
        <ele>405.4176066759974</ele>
        <time>2025-11-24T04:35:03.900000Z</time>
        <extensions>
          <gpxtpx:TrackPointExtension>
            <gpxtpx:hr>88</gpxtpx:hr>
          </gpxtpx:TrackPointExtension>
        </extensions>
      </trkpt>
      <trkpt lat="34.21740572591383" lon="108.83228564797712">
        <ele>405.46183043159544</ele>
        <time>2025-11-24T04:35:04.900000Z</time>
        <extensions>
          <gpxtpx:TrackPointExtension>
            <gpxtpx:hr>88</gpxtpx:hr>
          </gpxtpx:TrackPointExtension>
        </extensions>
      </trkpt>
      <trkpt lat="34.21741755443118" lon="108.83228135666954">
        <ele>405.4960185736418</ele>
        <time>2025-11-24T04:35:05.900000Z</time>
        <extensions>
          <gpxtpx:TrackPointExtension>
            <gpxtpx:hr>88</gpxtpx:hr>
          </gpxtpx:TrackPointExtension>
        </extensions>
      </trkpt>
      <trkpt lat="34.217428928069666" lon="108.8322774155913">
        <ele>405.545721414499</ele>
        <time>2025-11-24T04:35:06.900000Z</time>
        <extensions>
          <gpxtpx:TrackPointExtension>
            <gpxtpx:hr>88</gpxtpx:hr>
          </gpxtpx:TrackPointExtension>
        </extensions>
      </trkpt>
      <trkpt lat="34.21744012220402" lon="108.83227360266774">
        <ele>405.5986347636208</ele>
        <time>2025-11-24T04:35:07.900000Z</time>
        <extensions>
          <gpxtpx:TrackPointExtension>
            <gpxtpx:hr>88</gpxtpx:hr>
          </gpxtpx:TrackPointExtension>
        </extensions>
      </trkpt>
      <trkpt lat="34.21745166447763" lon="108.83226940687551">
        <ele>405.6498519266024</ele>
        <time>2025-11-24T04:35:08.900000Z</time>
        <extensions>
          <gpxtpx:TrackPointExtension>
            <gpxtpx:hr>88</gpxtpx:hr>
          </gpxtpx:TrackPointExtension>
        </extensions>
      </trkpt>
      <trkpt lat="34.21746335942112" lon="108.83226453078181">
        <ele>405.68779309187084</ele>
        <time>2025-11-24T04:35:09.900000Z</time>
        <extensions>
          <gpxtpx:TrackPointExtension>
            <gpxtpx:hr>88</gpxtpx:hr>
          </gpxtpx:TrackPointExtension>
        </extensions>
      </trkpt>
      <trkpt lat="34.21747462165375" lon="108.832259091481">
        <ele>405.7170117031783</ele>
        <time>2025-11-24T04:35:10.900000Z</time>
        <extensions>
          <gpxtpx:TrackPointExtension>
            <gpxtpx:hr>88</gpxtpx:hr>
          </gpxtpx:TrackPointExtension>
        </extensions>
      </trkpt>
      <trkpt lat="34.21748512116834" lon="108.83225342384402">
        <ele>405.7485981071368</ele>
        <time>2025-11-24T04:35:11.900000Z</time>
        <extensions>
          <gpxtpx:TrackPointExtension>
            <gpxtpx:hr>86</gpxtpx:hr>
          </gpxtpx:TrackPointExtension>
        </extensions>
      </trkpt>
      <trkpt lat="34.217495268949975" lon="108.83224777946867">
        <ele>405.7744948901236</ele>
        <time>2025-11-24T04:35:12.900000Z</time>
        <extensions>
          <gpxtpx:TrackPointExtension>
            <gpxtpx:hr>86</gpxtpx:hr>
          </gpxtpx:TrackPointExtension>
        </extensions>
      </trkpt>
      <trkpt lat="34.21750647620387" lon="108.83224188711634">
        <ele>405.80039500724524</ele>
        <time>2025-11-24T04:35:13.900000Z</time>
        <extensions>
          <gpxtpx:TrackPointExtension>
            <gpxtpx:hr>86</gpxtpx:hr>
          </gpxtpx:TrackPointExtension>
        </extensions>
      </trkpt>
      <trkpt lat="34.217519092872244" lon="108.83223588385536">
        <ele>405.82552757672966</ele>
        <time>2025-11-24T04:35:14.900000Z</time>
        <extensions>
          <gpxtpx:TrackPointExtension>
            <gpxtpx:hr>86</gpxtpx:hr>
          </gpxtpx:TrackPointExtension>
        </extensions>
      </trkpt>
      <trkpt lat="34.217532178876816" lon="108.83223044771968">
        <ele>405.82540156692266</ele>
        <time>2025-11-24T04:35:15.900000Z</time>
        <extensions>
          <gpxtpx:TrackPointExtension>
            <gpxtpx:hr>86</gpxtpx:hr>
          </gpxtpx:TrackPointExtension>
        </extensions>
      </trkpt>
      <trkpt lat="34.217545031171305" lon="108.83222594385634">
        <ele>405.8105310164392</ele>
        <time>2025-11-24T04:35:16.900000Z</time>
        <extensions>
          <gpxtpx:TrackPointExtension>
            <gpxtpx:hr>87</gpxtpx:hr>
          </gpxtpx:TrackPointExtension>
        </extensions>
      </trkpt>
      <trkpt lat="34.21755733238868" lon="108.83222218813053">
        <ele>405.7904585376382</ele>
        <time>2025-11-24T04:35:17.900000Z</time>
        <extensions>
          <gpxtpx:TrackPointExtension>
            <gpxtpx:hr>87</gpxtpx:hr>
          </gpxtpx:TrackPointExtension>
        </extensions>
      </trkpt>
      <trkpt lat="34.2175692431963" lon="108.83221874415376">
        <ele>405.75695651583374</ele>
        <time>2025-11-24T04:35:18.900000Z</time>
        <extensions>
          <gpxtpx:TrackPointExtension>
            <gpxtpx:hr>87</gpxtpx:hr>
          </gpxtpx:TrackPointExtension>
        </extensions>
      </trkpt>
      <trkpt lat="34.21758101842631" lon="108.83221542337333">
        <ele>405.71498851198703</ele>
        <time>2025-11-24T04:35:19.900000Z</time>
        <extensions>
          <gpxtpx:TrackPointExtension>
            <gpxtpx:hr>87</gpxtpx:hr>
          </gpxtpx:TrackPointExtension>
        </extensions>
      </trkpt>
      <trkpt lat="34.21759292737477" lon="108.83221241082529">
        <ele>405.6509221820161</ele>
        <time>2025-11-24T04:35:20.900000Z</time>
        <extensions>
          <gpxtpx:TrackPointExtension>
            <gpxtpx:hr>87</gpxtpx:hr>
          </gpxtpx:TrackPointExtension>
        </extensions>
      </trkpt>
      <trkpt lat="34.21760494161816" lon="108.83220987234927">
        <ele>405.5613723648712</ele>
        <time>2025-11-24T04:35:21.900000Z</time>
        <extensions>
          <gpxtpx:TrackPointExtension>
            <gpxtpx:hr>92</gpxtpx:hr>
          </gpxtpx:TrackPointExtension>
        </extensions>
      </trkpt>
      <trkpt lat="34.21761689290206" lon="108.83220714396533">
        <ele>405.4528696844354</ele>
        <time>2025-11-24T04:35:22.900000Z</time>
        <extensions>
          <gpxtpx:TrackPointExtension>
            <gpxtpx:hr>92</gpxtpx:hr>
          </gpxtpx:TrackPointExtension>
        </extensions>
      </trkpt>
      <trkpt lat="34.21762896485461" lon="108.83220364802669">
        <ele>405.3395215878263</ele>
        <time>2025-11-24T04:35:23.900000Z</time>
        <extensions>
          <gpxtpx:TrackPointExtension>
            <gpxtpx:hr>92</gpxtpx:hr>
          </gpxtpx:TrackPointExtension>
        </extensions>
      </trkpt>
      <trkpt lat="34.21764144945" lon="108.83219972438387">
        <ele>405.2323983088136</ele>
        <time>2025-11-24T04:35:24.900000Z</time>
        <extensions>
          <gpxtpx:TrackPointExtension>
            <gpxtpx:hr>92</gpxtpx:hr>
          </gpxtpx:TrackPointExtension>
        </extensions>
      </trkpt>
      <trkpt lat="34.21765423097404" lon="108.832196188994">
        <ele>405.12190442252904</ele>
        <time>2025-11-24T04:35:25.900000Z</time>
        <extensions>
          <gpxtpx:TrackPointExtension>
            <gpxtpx:hr>92</gpxtpx:hr>
          </gpxtpx:TrackPointExtension>
        </extensions>
      </trkpt>
      <trkpt lat="34.21766710730584" lon="108.83219341675061">
        <ele>405.0186380306259</ele>
        <time>2025-11-24T04:35:26.900000Z</time>
        <extensions>
          <gpxtpx:TrackPointExtension>
            <gpxtpx:hr>92</gpxtpx:hr>
          </gpxtpx:TrackPointExtension>
        </extensions>
      </trkpt>
      <trkpt lat="34.21768003376676" lon="108.83219104468829">
        <ele>404.91506852488965</ele>
        <time>2025-11-24T04:35:27.900000Z</time>
        <extensions>
          <gpxtpx:TrackPointExtension>
            <gpxtpx:hr>92</gpxtpx:hr>
          </gpxtpx:TrackPointExtension>
        </extensions>
      </trkpt>
      <trkpt lat="34.21769326182539" lon="108.83218860606986">
        <ele>404.81996080931276</ele>
        <time>2025-11-24T04:35:28.900000Z</time>
        <extensions>
          <gpxtpx:TrackPointExtension>
            <gpxtpx:hr>92</gpxtpx:hr>
          </gpxtpx:TrackPointExtension>
        </extensions>
      </trkpt>
      <trkpt lat="34.217706811335404" lon="108.832186286834">
        <ele>404.74368820153177</ele>
        <time>2025-11-24T04:35:29.900000Z</time>
        <extensions>
          <gpxtpx:TrackPointExtension>
            <gpxtpx:hr>92</gpxtpx:hr>
          </gpxtpx:TrackPointExtension>
        </extensions>
      </trkpt>
      <trkpt lat="34.217720536958915" lon="108.83218410560764">
        <ele>404.6877912096679</ele>
        <time>2025-11-24T04:35:30.900000Z</time>
        <extensions>
          <gpxtpx:TrackPointExtension>
            <gpxtpx:hr>92</gpxtpx:hr>
          </gpxtpx:TrackPointExtension>
        </extensions>
      </trkpt>
      <trkpt lat="34.21773437606531" lon="108.83218150486458">
        <ele>404.64705132320523</ele>
        <time>2025-11-24T04:35:31.900000Z</time>
        <extensions>
          <gpxtpx:TrackPointExtension>
            <gpxtpx:hr>90</gpxtpx:hr>
          </gpxtpx:TrackPointExtension>
        </extensions>
      </trkpt>
      <trkpt lat="34.21774791549531" lon="108.83217788613781">
        <ele>404.6245405189693</ele>
        <time>2025-11-24T04:35:32.900000Z</time>
        <extensions>
          <gpxtpx:TrackPointExtension>
            <gpxtpx:hr>90</gpxtpx:hr>
          </gpxtpx:TrackPointExtension>
        </extensions>
      </trkpt>
      <trkpt lat="34.217760994497446" lon="108.83217319422849">
        <ele>404.6109530152753</ele>
        <time>2025-11-24T04:35:33.900000Z</time>
        <extensions>
          <gpxtpx:TrackPointExtension>
            <gpxtpx:hr>90</gpxtpx:hr>
          </gpxtpx:TrackPointExtension>
        </extensions>
      </trkpt>
      <trkpt lat="34.217773560081866" lon="108.83216806603332">
        <ele>404.6180083518848</ele>
        <time>2025-11-24T04:35:34.900000Z</time>
        <extensions>
          <gpxtpx:TrackPointExtension>
            <gpxtpx:hr>90</gpxtpx:hr>
          </gpxtpx:TrackPointExtension>
        </extensions>
      </trkpt>
      <trkpt lat="34.21778556884849" lon="108.83216336771625">
        <ele>404.64563887007535</ele>
        <time>2025-11-24T04:35:35.900000Z</time>
        <extensions>
          <gpxtpx:TrackPointExtension>
            <gpxtpx:hr>90</gpxtpx:hr>
          </gpxtpx:TrackPointExtension>
        </extensions>
      </trkpt>
      <trkpt lat="34.217797312261396" lon="108.83215954975182">
        <ele>404.69447454065084</ele>
        <time>2025-11-24T04:35:36.900000Z</time>
        <extensions>
          <gpxtpx:TrackPointExtension>
            <gpxtpx:hr>90</gpxtpx:hr>
          </gpxtpx:TrackPointExtension>
        </extensions>
      </trkpt>
      <trkpt lat="34.217808911185706" lon="108.83215683008518">
        <ele>404.765986667946</ele>
        <time>2025-11-24T04:35:37.900000Z</time>
        <extensions>
          <gpxtpx:TrackPointExtension>
            <gpxtpx:hr>90</gpxtpx:hr>
          </gpxtpx:TrackPointExtension>
        </extensions>
      </trkpt>
      <trkpt lat="34.21782045522989" lon="108.83215519277654">
        <ele>404.86162259522825</ele>
        <time>2025-11-24T04:35:38.900000Z</time>
        <extensions>
          <gpxtpx:TrackPointExtension>
            <gpxtpx:hr>91</gpxtpx:hr>
          </gpxtpx:TrackPointExtension>
        </extensions>
      </trkpt>
      <trkpt lat="34.217832084681206" lon="108.83215440212106">
        <ele>404.9625014849007</ele>
        <time>2025-11-24T04:35:39.900000Z</time>
        <extensions>
          <gpxtpx:TrackPointExtension>
            <gpxtpx:hr>91</gpxtpx:hr>
          </gpxtpx:TrackPointExtension>
        </extensions>
      </trkpt>
      <trkpt lat="34.21784365587169" lon="108.8321533766463">
        <ele>405.07133630663157</ele>
        <time>2025-11-24T04:35:40.900000Z</time>
        <extensions>
          <gpxtpx:TrackPointExtension>
            <gpxtpx:hr>91</gpxtpx:hr>
          </gpxtpx:TrackPointExtension>
        </extensions>
      </trkpt>
      <trkpt lat="34.2178550631588" lon="108.8321510342811">
        <ele>405.18242297135293</ele>
        <time>2025-11-24T04:35:41.900000Z</time>
        <extensions>
          <gpxtpx:TrackPointExtension>
            <gpxtpx:hr>91</gpxtpx:hr>
          </gpxtpx:TrackPointExtension>
        </extensions>
      </trkpt>
      <trkpt lat="34.21786623964963" lon="108.83214759900557">
        <ele>405.2945417081937</ele>
        <time>2025-11-24T04:35:42.900000Z</time>
        <extensions>
          <gpxtpx:TrackPointExtension>
            <gpxtpx:hr>91</gpxtpx:hr>
          </gpxtpx:TrackPointExtension>
        </extensions>
      </trkpt>
      <trkpt lat="34.21787713984088" lon="108.83214385236667">
        <ele>405.4045311398804</ele>
        <time>2025-11-24T04:35:43.900000Z</time>
        <extensions>
          <gpxtpx:TrackPointExtension>
            <gpxtpx:hr>91</gpxtpx:hr>
          </gpxtpx:TrackPointExtension>
        </extensions>
      </trkpt>
      <trkpt lat="34.21788823079376" lon="108.83214049456383">
        <ele>405.5087831020355</ele>
        <time>2025-11-24T04:35:44.900000Z</time>
        <extensions>
          <gpxtpx:TrackPointExtension>
            <gpxtpx:hr>91</gpxtpx:hr>
          </gpxtpx:TrackPointExtension>
        </extensions>
      </trkpt>
      <trkpt lat="34.217899722580825" lon="108.8321367968604">
        <ele>405.6133767198771</ele>
        <time>2025-11-24T04:35:45.900000Z</time>
        <extensions>
          <gpxtpx:TrackPointExtension>
            <gpxtpx:hr>91</gpxtpx:hr>
          </gpxtpx:TrackPointExtension>
        </extensions>
      </trkpt>
      <trkpt lat="34.217911130608606" lon="108.83213156395112">
        <ele>405.7050252361223</ele>
        <time>2025-11-24T04:35:46.900000Z</time>
        <extensions>
          <gpxtpx:TrackPointExtension>
            <gpxtpx:hr>91</gpxtpx:hr>
          </gpxtpx:TrackPointExtension>
        </extensions>
      </trkpt>
      <trkpt lat="34.217922414879666" lon="108.83212512555798">
        <ele>405.7934359135106</ele>
        <time>2025-11-24T04:35:47.900000Z</time>
        <extensions>
          <gpxtpx:TrackPointExtension>
            <gpxtpx:hr>91</gpxtpx:hr>
          </gpxtpx:TrackPointExtension>
        </extensions>
      </trkpt>
      <trkpt lat="34.21793409423484" lon="108.83211846771476">
        <ele>405.8577963318676</ele>
        <time>2025-11-24T04:35:48.900000Z</time>
        <extensions>
          <gpxtpx:TrackPointExtension>
            <gpxtpx:hr>91</gpxtpx:hr>
          </gpxtpx:TrackPointExtension>
        </extensions>
      </trkpt>
      <trkpt lat="34.2179466922868" lon="108.83211304411347">
        <ele>405.90779728628695</ele>
        <time>2025-11-24T04:35:49.900000Z</time>
        <extensions>
          <gpxtpx:TrackPointExtension>
            <gpxtpx:hr>91</gpxtpx:hr>
          </gpxtpx:TrackPointExtension>
        </extensions>
      </trkpt>
      <trkpt lat="34.21796023103747" lon="108.832109479366">
        <ele>405.95551615580916</ele>
        <time>2025-11-24T04:35:50.900000Z</time>
        <extensions>
          <gpxtpx:TrackPointExtension>
            <gpxtpx:hr>91</gpxtpx:hr>
          </gpxtpx:TrackPointExtension>
        </extensions>
      </trkpt>
      <trkpt lat="34.21797391507502" lon="108.83210681241799">
        <ele>406.00357939489186</ele>
        <time>2025-11-24T04:35:51.900000Z</time>
        <extensions>
          <gpxtpx:TrackPointExtension>
            <gpxtpx:hr>91</gpxtpx:hr>
          </gpxtpx:TrackPointExtension>
        </extensions>
      </trkpt>
      <trkpt lat="34.21798721350761" lon="108.83210451850584">
        <ele>406.0348052941263</ele>
        <time>2025-11-24T04:35:52.900000Z</time>
        <extensions>
          <gpxtpx:TrackPointExtension>
            <gpxtpx:hr>91</gpxtpx:hr>
          </gpxtpx:TrackPointExtension>
        </extensions>
      </trkpt>
      <trkpt lat="34.21800030455399" lon="108.8321025137505">
        <ele>406.04987799655646</ele>
        <time>2025-11-24T04:35:53.900000Z</time>
        <extensions>
          <gpxtpx:TrackPointExtension>
            <gpxtpx:hr>91</gpxtpx:hr>
          </gpxtpx:TrackPointExtension>
        </extensions>
      </trkpt>
      <trkpt lat="34.21801352101451" lon="108.83210039431835">
        <ele>406.07326156646013</ele>
        <time>2025-11-24T04:35:54.900000Z</time>
        <extensions>
          <gpxtpx:TrackPointExtension>
            <gpxtpx:hr>91</gpxtpx:hr>
          </gpxtpx:TrackPointExtension>
        </extensions>
      </trkpt>
      <trkpt lat="34.21802687007045" lon="108.8320974524578">
        <ele>406.06342423986644</ele>
        <time>2025-11-24T04:35:55.900000Z</time>
        <extensions>
          <gpxtpx:TrackPointExtension>
            <gpxtpx:hr>91</gpxtpx:hr>
          </gpxtpx:TrackPointExtension>
        </extensions>
      </trkpt>
      <trkpt lat="34.218040081133" lon="108.83209331256641">
        <ele>406.0527983121574</ele>
        <time>2025-11-24T04:35:56.900000Z</time>
        <extensions>
          <gpxtpx:TrackPointExtension>
            <gpxtpx:hr>90</gpxtpx:hr>
          </gpxtpx:TrackPointExtension>
        </extensions>
      </trkpt>
      <trkpt lat="34.218053305403544" lon="108.83208804691087">
        <ele>406.01968470029533</ele>
        <time>2025-11-24T04:35:57.900000Z</time>
        <extensions>
          <gpxtpx:TrackPointExtension>
            <gpxtpx:hr>90</gpxtpx:hr>
          </gpxtpx:TrackPointExtension>
        </extensions>
      </trkpt>
      <trkpt lat="34.21806653958551" lon="108.8320818822558">
        <ele>405.9717354029417</ele>
        <time>2025-11-24T04:35:58.900000Z</time>
        <extensions>
          <gpxtpx:TrackPointExtension>
            <gpxtpx:hr>90</gpxtpx:hr>
          </gpxtpx:TrackPointExtension>
        </extensions>
      </trkpt>
      <trkpt lat="34.2180793379596" lon="108.83207516140337">
        <ele>405.93200988322496</ele>
        <time>2025-11-24T04:35:59.900000Z</time>
        <extensions>
          <gpxtpx:TrackPointExtension>
            <gpxtpx:hr>90</gpxtpx:hr>
          </gpxtpx:TrackPointExtension>
        </extensions>
      </trkpt>
      <trkpt lat="34.218091357939855" lon="108.8320680237642">
        <ele>405.88574936799705</ele>
        <time>2025-11-24T04:36:00.900000Z</time>
        <extensions>
          <gpxtpx:TrackPointExtension>
            <gpxtpx:hr>90</gpxtpx:hr>
          </gpxtpx:TrackPointExtension>
        </extensions>
      </trkpt>
      <trkpt lat="34.218102721544284" lon="108.83206085745317">
        <ele>405.8051489312202</ele>
        <time>2025-11-24T04:36:01.900000Z</time>
        <extensions>
          <gpxtpx:TrackPointExtension>
            <gpxtpx:hr>90</gpxtpx:hr>
          </gpxtpx:TrackPointExtension>
        </extensions>
      </trkpt>
      <trkpt lat="34.21811373006871" lon="108.83205408614914">
        <ele>405.72895402647555</ele>
        <time>2025-11-24T04:36:02.900000Z</time>
        <extensions>
          <gpxtpx:TrackPointExtension>
            <gpxtpx:hr>90</gpxtpx:hr>
          </gpxtpx:TrackPointExtension>
        </extensions>
      </trkpt>
      <trkpt lat="34.21812475358015" lon="108.83204761439222">
        <ele>405.6459031961858</ele>
        <time>2025-11-24T04:36:03.900000Z</time>
        <extensions>
          <gpxtpx:TrackPointExtension>
            <gpxtpx:hr>91</gpxtpx:hr>
          </gpxtpx:TrackPointExtension>
        </extensions>
      </trkpt>
      <trkpt lat="34.21813624938163" lon="108.83204126963207">
        <ele>405.55243274383247</ele>
        <time>2025-11-24T04:36:04.900000Z</time>
        <extensions>
          <gpxtpx:TrackPointExtension>
            <gpxtpx:hr>91</gpxtpx:hr>
          </gpxtpx:TrackPointExtension>
        </extensions>
      </trkpt>
      <trkpt lat="34.218148224582116" lon="108.83203567676107">
        <ele>405.4557537343353</ele>
        <time>2025-11-24T04:36:05.900000Z</time>
        <extensions>
          <gpxtpx:TrackPointExtension>
            <gpxtpx:hr>91</gpxtpx:hr>
          </gpxtpx:TrackPointExtension>
        </extensions>
      </trkpt>
      <trkpt lat="34.218160368499" lon="108.83203131817356">
        <ele>405.3559918347746</ele>
        <time>2025-11-24T04:36:06.900000Z</time>
        <extensions>
          <gpxtpx:TrackPointExtension>
            <gpxtpx:hr>91</gpxtpx:hr>
          </gpxtpx:TrackPointExtension>
        </extensions>
      </trkpt>
      <trkpt lat="34.21817253842845" lon="108.83202792958532">
        <ele>405.25126968324184</ele>
        <time>2025-11-24T04:36:07.900000Z</time>
        <extensions>
          <gpxtpx:TrackPointExtension>
            <gpxtpx:hr>91</gpxtpx:hr>
          </gpxtpx:TrackPointExtension>
        </extensions>
      </trkpt>
      <trkpt lat="34.218184792521264" lon="108.83202511381674">
        <ele>405.15341737121344</ele>
        <time>2025-11-24T04:36:08.900000Z</time>
        <extensions>
          <gpxtpx:TrackPointExtension>
            <gpxtpx:hr>91</gpxtpx:hr>
          </gpxtpx:TrackPointExtension>
        </extensions>
      </trkpt>
      <trkpt lat="34.21819717129757" lon="108.83202268514506">
        <ele>405.0582945793867</ele>
        <time>2025-11-24T04:36:09.900000Z</time>
        <extensions>
          <gpxtpx:TrackPointExtension>
            <gpxtpx:hr>91</gpxtpx:hr>
          </gpxtpx:TrackPointExtension>
        </extensions>
      </trkpt>
      <trkpt lat="34.218209591286296" lon="108.8320206789748">
        <ele>404.98092590272427</ele>
        <time>2025-11-24T04:36:10.900000Z</time>
        <extensions>
          <gpxtpx:TrackPointExtension>
            <gpxtpx:hr>91</gpxtpx:hr>
          </gpxtpx:TrackPointExtension>
        </extensions>
      </trkpt>
      <trkpt lat="34.2182221790671" lon="108.83201947697178">
        <ele>404.8958852570504</ele>
        <time>2025-11-24T04:36:11.900000Z</time>
        <extensions>
          <gpxtpx:TrackPointExtension>
            <gpxtpx:hr>91</gpxtpx:hr>
          </gpxtpx:TrackPointExtension>
        </extensions>
      </trkpt>
      <trkpt lat="34.218234646184634" lon="108.83201920435941">
        <ele>404.838051491417</ele>
        <time>2025-11-24T04:36:12.900000Z</time>
        <extensions>
          <gpxtpx:TrackPointExtension>
            <gpxtpx:hr>91</gpxtpx:hr>
          </gpxtpx:TrackPointExtension>
        </extensions>
      </trkpt>
      <trkpt lat="34.218246055540256" lon="108.83201779748285">
        <ele>404.78115174360573</ele>
        <time>2025-11-24T04:36:13.900000Z</time>
        <extensions>
          <gpxtpx:TrackPointExtension>
            <gpxtpx:hr>91</gpxtpx:hr>
          </gpxtpx:TrackPointExtension>
        </extensions>
      </trkpt>
      <trkpt lat="34.21825628802108" lon="108.83201273128239">
        <ele>404.74369920324534</ele>
        <time>2025-11-24T04:36:14.900000Z</time>
        <extensions>
          <gpxtpx:TrackPointExtension>
            <gpxtpx:hr>91</gpxtpx:hr>
          </gpxtpx:TrackPointExtension>
        </extensions>
      </trkpt>
      <trkpt lat="34.218266130597" lon="108.83200411746532">
        <ele>404.72400152124465</ele>
        <time>2025-11-24T04:36:15.900000Z</time>
        <extensions>
          <gpxtpx:TrackPointExtension>
            <gpxtpx:hr>92</gpxtpx:hr>
          </gpxtpx:TrackPointExtension>
        </extensions>
      </trkpt>
      <trkpt lat="34.21827577889831" lon="108.83199421367223">
        <ele>404.720421154052</ele>
        <time>2025-11-24T04:36:16.900000Z</time>
        <extensions>
          <gpxtpx:TrackPointExtension>
            <gpxtpx:hr>92</gpxtpx:hr>
          </gpxtpx:TrackPointExtension>
        </extensions>
      </trkpt>
      <trkpt lat="34.218283191204904" lon="108.83198424388172">
        <ele>404.7361968262121</ele>
        <time>2025-11-24T04:36:17.900000Z</time>
        <extensions>
          <gpxtpx:TrackPointExtension>
            <gpxtpx:hr>92</gpxtpx:hr>
          </gpxtpx:TrackPointExtension>
        </extensions>
      </trkpt>
      <trkpt lat="34.218286758437976" lon="108.83197387719945">
        <ele>404.74489386565983</ele>
        <time>2025-11-24T04:36:18.900000Z</time>
        <extensions>
          <gpxtpx:TrackPointExtension>
            <gpxtpx:hr>92</gpxtpx:hr>
          </gpxtpx:TrackPointExtension>
        </extensions>
      </trkpt>
      <trkpt lat="34.21828783596674" lon="108.83196227832028">
        <ele>404.76412833388895</ele>
        <time>2025-11-24T04:36:19.900000Z</time>
        <extensions>
          <gpxtpx:TrackPointExtension>
            <gpxtpx:hr>92</gpxtpx:hr>
          </gpxtpx:TrackPointExtension>
        </extensions>
      </trkpt>
      <trkpt lat="34.21828784802196" lon="108.83194861536928">
        <ele>404.7941791359335</ele>
        <time>2025-11-24T04:36:20.900000Z</time>
        <extensions>
          <gpxtpx:TrackPointExtension>
            <gpxtpx:hr>92</gpxtpx:hr>
          </gpxtpx:TrackPointExtension>
        </extensions>
      </trkpt>
      <trkpt lat="34.21828713018769" lon="108.83193332928295">
        <ele>404.83026922959834</ele>
        <time>2025-11-24T04:36:21.900000Z</time>
        <extensions>
          <gpxtpx:TrackPointExtension>
            <gpxtpx:hr>89</gpxtpx:hr>
          </gpxtpx:TrackPointExtension>
        </extensions>
      </trkpt>
      <trkpt lat="34.218286037815304" lon="108.83191732148835">
        <ele>404.86582302767783</ele>
        <time>2025-11-24T04:36:22.900000Z</time>
        <extensions>
          <gpxtpx:TrackPointExtension>
            <gpxtpx:hr>89</gpxtpx:hr>
          </gpxtpx:TrackPointExtension>
        </extensions>
      </trkpt>
      <trkpt lat="34.21828523185807" lon="108.83190121334012">
        <ele>404.8841912942007</ele>
        <time>2025-11-24T04:36:23.900000Z</time>
        <extensions>
          <gpxtpx:TrackPointExtension>
            <gpxtpx:hr>89</gpxtpx:hr>
          </gpxtpx:TrackPointExtension>
        </extensions>
      </trkpt>
      <trkpt lat="34.218285597342124" lon="108.83188575427394">
        <ele>404.9030551183969</ele>
        <time>2025-11-24T04:36:24.900000Z</time>
        <extensions>
          <gpxtpx:TrackPointExtension>
            <gpxtpx:hr>89</gpxtpx:hr>
          </gpxtpx:TrackPointExtension>
        </extensions>
      </trkpt>
      <trkpt lat="34.218287610051206" lon="108.83187159993226">
        <ele>404.9126662192866</ele>
        <time>2025-11-24T04:36:25.900000Z</time>
        <extensions>
          <gpxtpx:TrackPointExtension>
            <gpxtpx:hr>89</gpxtpx:hr>
          </gpxtpx:TrackPointExtension>
        </extensions>
      </trkpt>
      <trkpt lat="34.21829139604461" lon="108.83185854724462">
        <ele>404.9209551475942</ele>
        <time>2025-11-24T04:36:26.900000Z</time>
        <extensions>
          <gpxtpx:TrackPointExtension>
            <gpxtpx:hr>89</gpxtpx:hr>
          </gpxtpx:TrackPointExtension>
        </extensions>
      </trkpt>
      <trkpt lat="34.21829666509682" lon="108.831845346852">
        <ele>404.92242785636336</ele>
        <time>2025-11-24T04:36:27.900000Z</time>
        <extensions>
          <gpxtpx:TrackPointExtension>
            <gpxtpx:hr>89</gpxtpx:hr>
          </gpxtpx:TrackPointExtension>
        </extensions>
      </trkpt>
      <trkpt lat="34.218302781291236" lon="108.83183168837647">
        <ele>404.8964118966833</ele>
        <time>2025-11-24T04:36:28.900000Z</time>
        <extensions>
          <gpxtpx:TrackPointExtension>
            <gpxtpx:hr>89</gpxtpx:hr>
          </gpxtpx:TrackPointExtension>
        </extensions>
      </trkpt>
      <trkpt lat="34.21830967713718" lon="108.83181859268998">
        <ele>404.8647202895954</ele>
        <time>2025-11-24T04:36:29.900000Z</time>
        <extensions>
          <gpxtpx:TrackPointExtension>
            <gpxtpx:hr>89</gpxtpx:hr>
          </gpxtpx:TrackPointExtension>
        </extensions>
      </trkpt>
      <trkpt lat="34.2183179812922" lon="108.83180793570341">
        <ele>404.8161665443331</ele>
        <time>2025-11-24T04:36:30.900000Z</time>
        <extensions>
          <gpxtpx:TrackPointExtension>
            <gpxtpx:hr>89</gpxtpx:hr>
          </gpxtpx:TrackPointExtension>
        </extensions>
      </trkpt>
      <trkpt lat="34.21832731766594" lon="108.83180084927378">
        <ele>404.75434269942343</ele>
        <time>2025-11-24T04:36:31.900000Z</time>
        <extensions>
          <gpxtpx:TrackPointExtension>
            <gpxtpx:hr>90</gpxtpx:hr>
          </gpxtpx:TrackPointExtension>
        </extensions>
      </trkpt>
      <trkpt lat="34.21833694867263" lon="108.83179588811487">
        <ele>404.69077639002353</ele>
        <time>2025-11-24T04:36:32.900000Z</time>
        <extensions>
          <gpxtpx:TrackPointExtension>
            <gpxtpx:hr>90</gpxtpx:hr>
          </gpxtpx:TrackPointExtension>
        </extensions>
      </trkpt>
      <trkpt lat="34.21834665604474" lon="108.8317912095572">
        <ele>404.6263399999589</ele>
        <time>2025-11-24T04:36:33.900000Z</time>
        <extensions>
          <gpxtpx:TrackPointExtension>
            <gpxtpx:hr>90</gpxtpx:hr>
          </gpxtpx:TrackPointExtension>
        </extensions>
      </trkpt>
      <trkpt lat="34.218355884852315" lon="108.83178624981656">
        <ele>404.5660551674664</ele>
        <time>2025-11-24T04:36:34.900000Z</time>
        <extensions>
          <gpxtpx:TrackPointExtension>
            <gpxtpx:hr>90</gpxtpx:hr>
          </gpxtpx:TrackPointExtension>
        </extensions>
      </trkpt>
      <trkpt lat="34.218364638327074" lon="108.83178120396785">
        <ele>404.5098755080253</ele>
        <time>2025-11-24T04:36:35.900000Z</time>
        <extensions>
          <gpxtpx:TrackPointExtension>
            <gpxtpx:hr>91</gpxtpx:hr>
          </gpxtpx:TrackPointExtension>
        </extensions>
      </trkpt>
      <trkpt lat="34.2183735474962" lon="108.83177610682448">
        <ele>404.4574847286567</ele>
        <time>2025-11-24T04:36:36.900000Z</time>
        <extensions>
          <gpxtpx:TrackPointExtension>
            <gpxtpx:hr>91</gpxtpx:hr>
          </gpxtpx:TrackPointExtension>
        </extensions>
      </trkpt>
      <trkpt lat="34.21838330001145" lon="108.83177077271004">
        <ele>404.41361553035676</ele>
        <time>2025-11-24T04:36:37.900000Z</time>
        <extensions>
          <gpxtpx:TrackPointExtension>
            <gpxtpx:hr>91</gpxtpx:hr>
          </gpxtpx:TrackPointExtension>
        </extensions>
      </trkpt>
      <trkpt lat="34.21839425603552" lon="108.83176487866047">
        <ele>404.3706218516454</ele>
        <time>2025-11-24T04:36:38.900000Z</time>
        <extensions>
          <gpxtpx:TrackPointExtension>
            <gpxtpx:hr>91</gpxtpx:hr>
          </gpxtpx:TrackPointExtension>
        </extensions>
      </trkpt>
      <trkpt lat="34.21840583972897" lon="108.8317587975735">
        <ele>404.3283482240513</ele>
        <time>2025-11-24T04:36:39.900000Z</time>
        <extensions>
          <gpxtpx:TrackPointExtension>
            <gpxtpx:hr>91</gpxtpx:hr>
          </gpxtpx:TrackPointExtension>
        </extensions>
      </trkpt>
      <trkpt lat="34.21841671657196" lon="108.83175406995693">
        <ele>404.2963175242767</ele>
        <time>2025-11-24T04:36:40.900000Z</time>
        <extensions>
          <gpxtpx:TrackPointExtension>
            <gpxtpx:hr>94</gpxtpx:hr>
          </gpxtpx:TrackPointExtension>
        </extensions>
      </trkpt>
      <trkpt lat="34.21842645444413" lon="108.83175120610915">
        <ele>404.2813081527129</ele>
        <time>2025-11-24T04:36:41.900000Z</time>
        <extensions>
          <gpxtpx:TrackPointExtension>
            <gpxtpx:hr>94</gpxtpx:hr>
          </gpxtpx:TrackPointExtension>
        </extensions>
      </trkpt>
      <trkpt lat="34.2184359006215" lon="108.83174919979196">
        <ele>404.28145381528884</ele>
        <time>2025-11-24T04:36:42.900000Z</time>
        <extensions>
          <gpxtpx:TrackPointExtension>
            <gpxtpx:hr>94</gpxtpx:hr>
          </gpxtpx:TrackPointExtension>
        </extensions>
      </trkpt>
      <trkpt lat="34.21844573832866" lon="108.83174695487115">
        <ele>404.29438589233905</ele>
        <time>2025-11-24T04:36:43.900000Z</time>
        <extensions>
          <gpxtpx:TrackPointExtension>
            <gpxtpx:hr>94</gpxtpx:hr>
          </gpxtpx:TrackPointExtension>
        </extensions>
      </trkpt>
      <trkpt lat="34.2184558660966" lon="108.83174385496969">
        <ele>404.3132673269138</ele>
        <time>2025-11-24T04:36:44.900000Z</time>
        <extensions>
          <gpxtpx:TrackPointExtension>
            <gpxtpx:hr>94</gpxtpx:hr>
          </gpxtpx:TrackPointExtension>
        </extensions>
      </trkpt>
      <trkpt lat="34.218466044290935" lon="108.83173951965237">
        <ele>404.3395378636196</ele>
        <time>2025-11-24T04:36:45.900000Z</time>
        <extensions>
          <gpxtpx:TrackPointExtension>
            <gpxtpx:hr>92</gpxtpx:hr>
          </gpxtpx:TrackPointExtension>
        </extensions>
      </trkpt>
      <trkpt lat="34.21847646892986" lon="108.83173382877672">
        <ele>404.3611886110157</ele>
        <time>2025-11-24T04:36:46.900000Z</time>
        <extensions>
          <gpxtpx:TrackPointExtension>
            <gpxtpx:hr>92</gpxtpx:hr>
          </gpxtpx:TrackPointExtension>
        </extensions>
      </trkpt>
      <trkpt lat="34.218487485031595" lon="108.83172722953326">
        <ele>404.3793878108263</ele>
        <time>2025-11-24T04:36:47.900000Z</time>
        <extensions>
          <gpxtpx:TrackPointExtension>
            <gpxtpx:hr>92</gpxtpx:hr>
          </gpxtpx:TrackPointExtension>
        </extensions>
      </trkpt>
      <trkpt lat="34.21849962799093" lon="108.83172015704798">
        <ele>404.38496614806354</ele>
        <time>2025-11-24T04:36:48.900000Z</time>
        <extensions>
          <gpxtpx:TrackPointExtension>
            <gpxtpx:hr>92</gpxtpx:hr>
          </gpxtpx:TrackPointExtension>
        </extensions>
      </trkpt>
      <trkpt lat="34.21851291465373" lon="108.83171329285473">
        <ele>404.38647025078535</ele>
        <time>2025-11-24T04:36:49.900000Z</time>
        <extensions>
          <gpxtpx:TrackPointExtension>
            <gpxtpx:hr>92</gpxtpx:hr>
          </gpxtpx:TrackPointExtension>
        </extensions>
      </trkpt>
      <trkpt lat="34.218526472348024" lon="108.83170723316798">
        <ele>404.3886786047369</ele>
        <time>2025-11-24T04:36:50.900000Z</time>
        <extensions>
          <gpxtpx:TrackPointExtension>
            <gpxtpx:hr>92</gpxtpx:hr>
          </gpxtpx:TrackPointExtension>
        </extensions>
      </trkpt>
      <trkpt lat="34.21853983743534" lon="108.8317019285215">
        <ele>404.38611724227667</ele>
        <time>2025-11-24T04:36:51.900000Z</time>
        <extensions>
          <gpxtpx:TrackPointExtension>
            <gpxtpx:hr>96</gpxtpx:hr>
          </gpxtpx:TrackPointExtension>
        </extensions>
      </trkpt>
      <trkpt lat="34.21855334299445" lon="108.83169724701216">
        <ele>404.36669058259577</ele>
        <time>2025-11-24T04:36:52.900000Z</time>
        <extensions>
          <gpxtpx:TrackPointExtension>
            <gpxtpx:hr>96</gpxtpx:hr>
          </gpxtpx:TrackPointExtension>
        </extensions>
      </trkpt>
      <trkpt lat="34.21856732353499" lon="108.83169321086218">
        <ele>404.334817183204</ele>
        <time>2025-11-24T04:36:53.900000Z</time>
        <extensions>
          <gpxtpx:TrackPointExtension>
            <gpxtpx:hr>96</gpxtpx:hr>
          </gpxtpx:TrackPointExtension>
        </extensions>
      </trkpt>
      <trkpt lat="34.21858130374813" lon="108.83168950419086">
        <ele>404.29182655829936</ele>
        <time>2025-11-24T04:36:54.900000Z</time>
        <extensions>
          <gpxtpx:TrackPointExtension>
            <gpxtpx:hr>96</gpxtpx:hr>
          </gpxtpx:TrackPointExtension>
        </extensions>
      </trkpt>
      <trkpt lat="34.21859484539913" lon="108.83168576406544">
        <ele>404.2313916468993</ele>
        <time>2025-11-24T04:36:55.900000Z</time>
        <extensions>
          <gpxtpx:TrackPointExtension>
            <gpxtpx:hr>96</gpxtpx:hr>
          </gpxtpx:TrackPointExtension>
        </extensions>
      </trkpt>
      <trkpt lat="34.218607881272526" lon="108.83168252219347">
        <ele>404.1601844066754</ele>
        <time>2025-11-24T04:36:56.900000Z</time>
        <extensions>
          <gpxtpx:TrackPointExtension>
            <gpxtpx:hr>96</gpxtpx:hr>
          </gpxtpx:TrackPointExtension>
        </extensions>
      </trkpt>
      <trkpt lat="34.218620384838076" lon="108.831679668109">
        <ele>404.07594106160104</ele>
        <time>2025-11-24T04:36:57.900000Z</time>
        <extensions>
          <gpxtpx:TrackPointExtension>
            <gpxtpx:hr>96</gpxtpx:hr>
          </gpxtpx:TrackPointExtension>
        </extensions>
      </trkpt>
      <trkpt lat="34.21863212117331" lon="108.83167635585438">
        <ele>403.9924636632204</ele>
        <time>2025-11-24T04:36:58.900000Z</time>
        <extensions>
          <gpxtpx:TrackPointExtension>
            <gpxtpx:hr>96</gpxtpx:hr>
          </gpxtpx:TrackPointExtension>
        </extensions>
      </trkpt>
      <trkpt lat="34.21864312836815" lon="108.8316722860308">
        <ele>403.90848926175386</ele>
        <time>2025-11-24T04:36:59.900000Z</time>
        <extensions>
          <gpxtpx:TrackPointExtension>
            <gpxtpx:hr>96</gpxtpx:hr>
          </gpxtpx:TrackPointExtension>
        </extensions>
      </trkpt>
      <trkpt lat="34.2186536981789" lon="108.83166737442663">
        <ele>403.81724934559315</ele>
        <time>2025-11-24T04:37:00.900000Z</time>
        <extensions>
          <gpxtpx:TrackPointExtension>
            <gpxtpx:hr>95</gpxtpx:hr>
          </gpxtpx:TrackPointExtension>
        </extensions>
      </trkpt>
      <trkpt lat="34.218664162620996" lon="108.83166131630503">
        <ele>403.72237169370055</ele>
        <time>2025-11-24T04:37:01.900000Z</time>
        <extensions>
          <gpxtpx:TrackPointExtension>
            <gpxtpx:hr>95</gpxtpx:hr>
          </gpxtpx:TrackPointExtension>
        </extensions>
      </trkpt>
      <trkpt lat="34.21867408172916" lon="108.83165419852776">
        <ele>403.6226148121059</ele>
        <time>2025-11-24T04:37:02.900000Z</time>
        <extensions>
          <gpxtpx:TrackPointExtension>
            <gpxtpx:hr>95</gpxtpx:hr>
          </gpxtpx:TrackPointExtension>
        </extensions>
      </trkpt>
      <trkpt lat="34.21868263211133" lon="108.83164656289728">
        <ele>403.5284995958209</ele>
        <time>2025-11-24T04:37:03.900000Z</time>
        <extensions>
          <gpxtpx:TrackPointExtension>
            <gpxtpx:hr>95</gpxtpx:hr>
          </gpxtpx:TrackPointExtension>
        </extensions>
      </trkpt>
      <trkpt lat="34.21868984570915" lon="108.83163837276214">
        <ele>403.44171213451773</ele>
        <time>2025-11-24T04:37:04.900000Z</time>
        <extensions>
          <gpxtpx:TrackPointExtension>
            <gpxtpx:hr>93</gpxtpx:hr>
          </gpxtpx:TrackPointExtension>
        </extensions>
      </trkpt>
      <trkpt lat="34.21869576234532" lon="108.83162916402586">
        <ele>403.3679281109944</ele>
        <time>2025-11-24T04:37:05.900000Z</time>
        <extensions>
          <gpxtpx:TrackPointExtension>
            <gpxtpx:hr>93</gpxtpx:hr>
          </gpxtpx:TrackPointExtension>
        </extensions>
      </trkpt>
      <trkpt lat="34.21869964556518" lon="108.83161845236538">
        <ele>403.3060856210068</ele>
        <time>2025-11-24T04:37:06.900000Z</time>
        <extensions>
          <gpxtpx:TrackPointExtension>
            <gpxtpx:hr>93</gpxtpx:hr>
          </gpxtpx:TrackPointExtension>
        </extensions>
      </trkpt>
      <trkpt lat="34.21870054028612" lon="108.83160587894182">
        <ele>403.23541180882603</ele>
        <time>2025-11-24T04:37:07.900000Z</time>
        <extensions>
          <gpxtpx:TrackPointExtension>
            <gpxtpx:hr>93</gpxtpx:hr>
          </gpxtpx:TrackPointExtension>
        </extensions>
      </trkpt>
      <trkpt lat="34.21869882207474" lon="108.83159151206816">
        <ele>403.1627127127722</ele>
        <time>2025-11-24T04:37:08.900000Z</time>
        <extensions>
          <gpxtpx:TrackPointExtension>
            <gpxtpx:hr>93</gpxtpx:hr>
          </gpxtpx:TrackPointExtension>
        </extensions>
      </trkpt>
      <trkpt lat="34.21869625901419" lon="108.8315760873903">
        <ele>403.09651955682784</ele>
        <time>2025-11-24T04:37:09.900000Z</time>
        <extensions>
          <gpxtpx:TrackPointExtension>
            <gpxtpx:hr>93</gpxtpx:hr>
          </gpxtpx:TrackPointExtension>
        </extensions>
      </trkpt>
      <trkpt lat="34.218693967842164" lon="108.83156090872765">
        <ele>403.0409578550607</ele>
        <time>2025-11-24T04:37:10.900000Z</time>
        <extensions>
          <gpxtpx:TrackPointExtension>
            <gpxtpx:hr>93</gpxtpx:hr>
          </gpxtpx:TrackPointExtension>
        </extensions>
      </trkpt>
      <trkpt lat="34.21869203477784" lon="108.83154705029716">
        <ele>402.99312213622034</ele>
        <time>2025-11-24T04:37:11.900000Z</time>
        <extensions>
          <gpxtpx:TrackPointExtension>
            <gpxtpx:hr>93</gpxtpx:hr>
          </gpxtpx:TrackPointExtension>
        </extensions>
      </trkpt>
      <trkpt lat="34.21869030479366" lon="108.83153492251417">
        <ele>402.9521773084998</ele>
        <time>2025-11-24T04:37:12.900000Z</time>
        <extensions>
          <gpxtpx:TrackPointExtension>
            <gpxtpx:hr>93</gpxtpx:hr>
          </gpxtpx:TrackPointExtension>
        </extensions>
      </trkpt>
      <trkpt lat="34.21868884064394" lon="108.83152429711186">
        <ele>402.8917971486226</ele>
        <time>2025-11-24T04:37:13.900000Z</time>
        <extensions>
          <gpxtpx:TrackPointExtension>
            <gpxtpx:hr>93</gpxtpx:hr>
          </gpxtpx:TrackPointExtension>
        </extensions>
      </trkpt>
      <trkpt lat="34.218687898885406" lon="108.8315146382729">
        <ele>402.79647749476135</ele>
        <time>2025-11-24T04:37:14.900000Z</time>
        <extensions>
          <gpxtpx:TrackPointExtension>
            <gpxtpx:hr>93</gpxtpx:hr>
          </gpxtpx:TrackPointExtension>
        </extensions>
      </trkpt>
      <trkpt lat="34.21868766744532" lon="108.83150501661825">
        <ele>402.69713390711695</ele>
        <time>2025-11-24T04:37:15.900000Z</time>
        <extensions>
          <gpxtpx:TrackPointExtension>
            <gpxtpx:hr>93</gpxtpx:hr>
          </gpxtpx:TrackPointExtension>
        </extensions>
      </trkpt>
      <trkpt lat="34.21868826377137" lon="108.8314941927455">
        <ele>402.5917150778696</ele>
        <time>2025-11-24T04:37:16.900000Z</time>
        <extensions>
          <gpxtpx:TrackPointExtension>
            <gpxtpx:hr>93</gpxtpx:hr>
          </gpxtpx:TrackPointExtension>
        </extensions>
      </trkpt>
      <trkpt lat="34.21868990247762" lon="108.83148152161951">
        <ele>402.483931645751</ele>
        <time>2025-11-24T04:37:17.900000Z</time>
        <extensions>
          <gpxtpx:TrackPointExtension>
            <gpxtpx:hr>93</gpxtpx:hr>
          </gpxtpx:TrackPointExtension>
        </extensions>
      </trkpt>
      <trkpt lat="34.21869269386546" lon="108.83146731404295">
        <ele>402.37192946951836</ele>
        <time>2025-11-24T04:37:18.900000Z</time>
        <extensions>
          <gpxtpx:TrackPointExtension>
            <gpxtpx:hr>95</gpxtpx:hr>
          </gpxtpx:TrackPointExtension>
        </extensions>
      </trkpt>
      <trkpt lat="34.21869636646419" lon="108.83145280575553">
        <ele>402.2476056087762</ele>
        <time>2025-11-24T04:37:19.900000Z</time>
        <extensions>
          <gpxtpx:TrackPointExtension>
            <gpxtpx:hr>95</gpxtpx:hr>
          </gpxtpx:TrackPointExtension>
        </extensions>
      </trkpt>
      <trkpt lat="34.21870094279574" lon="108.83143982046255">
        <ele>402.1077865213156</ele>
        <time>2025-11-24T04:37:20.900000Z</time>
        <extensions>
          <gpxtpx:TrackPointExtension>
            <gpxtpx:hr>95</gpxtpx:hr>
          </gpxtpx:TrackPointExtension>
        </extensions>
      </trkpt>
      <trkpt lat="34.21870723934098" lon="108.83142946281296">
        <ele>401.9628020618111</ele>
        <time>2025-11-24T04:37:21.900000Z</time>
        <extensions>
          <gpxtpx:TrackPointExtension>
            <gpxtpx:hr>96</gpxtpx:hr>
          </gpxtpx:TrackPointExtension>
        </extensions>
      </trkpt>
      <trkpt lat="34.218715937357565" lon="108.83142152845244">
        <ele>401.8112596590072</ele>
        <time>2025-11-24T04:37:22.900000Z</time>
        <extensions>
          <gpxtpx:TrackPointExtension>
            <gpxtpx:hr>96</gpxtpx:hr>
          </gpxtpx:TrackPointExtension>
        </extensions>
      </trkpt>
      <trkpt lat="34.21872729336295" lon="108.83141627188544">
        <ele>401.6561792967841</ele>
        <time>2025-11-24T04:37:23.900000Z</time>
        <extensions>
          <gpxtpx:TrackPointExtension>
            <gpxtpx:hr>96</gpxtpx:hr>
          </gpxtpx:TrackPointExtension>
        </extensions>
      </trkpt>
      <trkpt lat="34.21874085301548" lon="108.8314134457586">
        <ele>401.5011148182675</ele>
        <time>2025-11-24T04:37:24.900000Z</time>
        <extensions>
          <gpxtpx:TrackPointExtension>
            <gpxtpx:hr>96</gpxtpx:hr>
          </gpxtpx:TrackPointExtension>
        </extensions>
      </trkpt>
      <trkpt lat="34.21875491648111" lon="108.83141152773382">
        <ele>401.34779353812337</ele>
        <time>2025-11-24T04:37:25.900000Z</time>
        <extensions>
          <gpxtpx:TrackPointExtension>
            <gpxtpx:hr>98</gpxtpx:hr>
          </gpxtpx:TrackPointExtension>
        </extensions>
      </trkpt>
      <trkpt lat="34.21876853049444" lon="108.83140990355079">
        <ele>401.1993398172781</ele>
        <time>2025-11-24T04:37:26.900000Z</time>
        <extensions>
          <gpxtpx:TrackPointExtension>
            <gpxtpx:hr>98</gpxtpx:hr>
          </gpxtpx:TrackPointExtension>
        </extensions>
      </trkpt>
      <trkpt lat="34.21878208167819" lon="108.83140860973502">
        <ele>401.0710274884477</ele>
        <time>2025-11-24T04:37:27.900000Z</time>
        <extensions>
          <gpxtpx:TrackPointExtension>
            <gpxtpx:hr>98</gpxtpx:hr>
          </gpxtpx:TrackPointExtension>
        </extensions>
      </trkpt>
      <trkpt lat="34.21879551592581" lon="108.83140735944612">
        <ele>400.9816034687683</ele>
        <time>2025-11-24T04:37:28.900000Z</time>
        <extensions>
          <gpxtpx:TrackPointExtension>
            <gpxtpx:hr>98</gpxtpx:hr>
          </gpxtpx:TrackPointExtension>
        </extensions>
      </trkpt>
      <trkpt lat="34.21880849870913" lon="108.83140599834557">
        <ele>400.91640648059547</ele>
        <time>2025-11-24T04:37:29.900000Z</time>
        <extensions>
          <gpxtpx:TrackPointExtension>
            <gpxtpx:hr>98</gpxtpx:hr>
          </gpxtpx:TrackPointExtension>
        </extensions>
      </trkpt>
      <trkpt lat="34.21882125998257" lon="108.83140433761297">
        <ele>400.87629274185747</ele>
        <time>2025-11-24T04:37:30.900000Z</time>
        <extensions>
          <gpxtpx:TrackPointExtension>
            <gpxtpx:hr>95</gpxtpx:hr>
          </gpxtpx:TrackPointExtension>
        </extensions>
      </trkpt>
      <trkpt lat="34.21883407635597" lon="108.83140189926361">
        <ele>400.8683303864673</ele>
        <time>2025-11-24T04:37:31.900000Z</time>
        <extensions>
          <gpxtpx:TrackPointExtension>
            <gpxtpx:hr>95</gpxtpx:hr>
          </gpxtpx:TrackPointExtension>
        </extensions>
      </trkpt>
      <trkpt lat="34.21884671813282" lon="108.83139813980773">
        <ele>400.8894993066788</ele>
        <time>2025-11-24T04:37:32.900000Z</time>
        <extensions>
          <gpxtpx:TrackPointExtension>
            <gpxtpx:hr>95</gpxtpx:hr>
          </gpxtpx:TrackPointExtension>
        </extensions>
      </trkpt>
      <trkpt lat="34.218859019095405" lon="108.8313932362968">
        <ele>400.92225716728717</ele>
        <time>2025-11-24T04:37:33.900000Z</time>
        <extensions>
          <gpxtpx:TrackPointExtension>
            <gpxtpx:hr>95</gpxtpx:hr>
          </gpxtpx:TrackPointExtension>
        </extensions>
      </trkpt>
      <trkpt lat="34.21887126307567" lon="108.83138821369627">
        <ele>400.98193629831076</ele>
        <time>2025-11-24T04:37:34.900000Z</time>
        <extensions>
          <gpxtpx:TrackPointExtension>
            <gpxtpx:hr>95</gpxtpx:hr>
          </gpxtpx:TrackPointExtension>
        </extensions>
      </trkpt>
      <trkpt lat="34.21888366487311" lon="108.8313850204841">
        <ele>401.0693109659478</ele>
        <time>2025-11-24T04:37:35.900000Z</time>
        <extensions>
          <gpxtpx:TrackPointExtension>
            <gpxtpx:hr>95</gpxtpx:hr>
          </gpxtpx:TrackPointExtension>
        </extensions>
      </trkpt>
      <trkpt lat="34.21889621236699" lon="108.83138429573319">
        <ele>401.1729521919042</ele>
        <time>2025-11-24T04:37:36.900000Z</time>
        <extensions>
          <gpxtpx:TrackPointExtension>
            <gpxtpx:hr>89</gpxtpx:hr>
          </gpxtpx:TrackPointExtension>
        </extensions>
      </trkpt>
      <trkpt lat="34.218908510302185" lon="108.83138476240188">
        <ele>401.2986982399598</ele>
        <time>2025-11-24T04:37:37.900000Z</time>
        <extensions>
          <gpxtpx:TrackPointExtension>
            <gpxtpx:hr>89</gpxtpx:hr>
          </gpxtpx:TrackPointExtension>
        </extensions>
      </trkpt>
      <trkpt lat="34.21892052814363" lon="108.83138382048466">
        <ele>401.4251163825393</ele>
        <time>2025-11-24T04:37:38.900000Z</time>
        <extensions>
          <gpxtpx:TrackPointExtension>
            <gpxtpx:hr>89</gpxtpx:hr>
          </gpxtpx:TrackPointExtension>
        </extensions>
      </trkpt>
      <trkpt lat="34.21893237107437" lon="108.83138022940243">
        <ele>401.56006485410035</ele>
        <time>2025-11-24T04:37:39.900000Z</time>
        <extensions>
          <gpxtpx:TrackPointExtension>
            <gpxtpx:hr>89</gpxtpx:hr>
          </gpxtpx:TrackPointExtension>
        </extensions>
      </trkpt>
      <trkpt lat="34.21894366763974" lon="108.83137471012166">
        <ele>401.69191584549844</ele>
        <time>2025-11-24T04:37:40.900000Z</time>
        <extensions>
          <gpxtpx:TrackPointExtension>
            <gpxtpx:hr>89</gpxtpx:hr>
          </gpxtpx:TrackPointExtension>
        </extensions>
      </trkpt>
      <trkpt lat="34.218954554990226" lon="108.83136846865563">
        <ele>401.81016870215535</ele>
        <time>2025-11-24T04:37:41.900000Z</time>
        <extensions>
          <gpxtpx:TrackPointExtension>
            <gpxtpx:hr>89</gpxtpx:hr>
          </gpxtpx:TrackPointExtension>
        </extensions>
      </trkpt>
      <trkpt lat="34.218966494980435" lon="108.83136183430172">
        <ele>401.9215937340632</ele>
        <time>2025-11-24T04:37:42.900000Z</time>
        <extensions>
          <gpxtpx:TrackPointExtension>
            <gpxtpx:hr>88</gpxtpx:hr>
          </gpxtpx:TrackPointExtension>
        </extensions>
      </trkpt>
      <trkpt lat="34.21897951879269" lon="108.83135441053517">
        <ele>402.01266534626484</ele>
        <time>2025-11-24T04:37:43.900000Z</time>
        <extensions>
          <gpxtpx:TrackPointExtension>
            <gpxtpx:hr>88</gpxtpx:hr>
          </gpxtpx:TrackPointExtension>
        </extensions>
      </trkpt>
      <trkpt lat="34.21899251955666" lon="108.83134687294992">
        <ele>402.09537092223763</ele>
        <time>2025-11-24T04:37:44.900000Z</time>
        <extensions>
          <gpxtpx:TrackPointExtension>
            <gpxtpx:hr>88</gpxtpx:hr>
          </gpxtpx:TrackPointExtension>
        </extensions>
      </trkpt>
      <trkpt lat="34.21900498531028" lon="108.83133911412813">
        <ele>402.16816854383796</ele>
        <time>2025-11-24T04:37:45.900000Z</time>
        <extensions>
          <gpxtpx:TrackPointExtension>
            <gpxtpx:hr>88</gpxtpx:hr>
          </gpxtpx:TrackPointExtension>
        </extensions>
      </trkpt>
      <trkpt lat="34.21901697012188" lon="108.83133074593795">
        <ele>402.2235975712538</ele>
        <time>2025-11-24T04:37:46.900000Z</time>
        <extensions>
          <gpxtpx:TrackPointExtension>
            <gpxtpx:hr>88</gpxtpx:hr>
          </gpxtpx:TrackPointExtension>
        </extensions>
      </trkpt>
      <trkpt lat="34.21902960417657" lon="108.83132306582466">
        <ele>402.24587647709996</ele>
        <time>2025-11-24T04:37:47.900000Z</time>
        <extensions>
          <gpxtpx:TrackPointExtension>
            <gpxtpx:hr>88</gpxtpx:hr>
          </gpxtpx:TrackPointExtension>
        </extensions>
      </trkpt>
      <trkpt lat="34.219042916392176" lon="108.8313180146005">
        <ele>402.24955162219703</ele>
        <time>2025-11-24T04:37:48.900000Z</time>
        <extensions>
          <gpxtpx:TrackPointExtension>
            <gpxtpx:hr>88</gpxtpx:hr>
          </gpxtpx:TrackPointExtension>
        </extensions>
      </trkpt>
      <trkpt lat="34.21905635656386" lon="108.83131359110256">
        <ele>402.2583223246038</ele>
        <time>2025-11-24T04:37:49.900000Z</time>
        <extensions>
          <gpxtpx:TrackPointExtension>
            <gpxtpx:hr>88</gpxtpx:hr>
          </gpxtpx:TrackPointExtension>
        </extensions>
      </trkpt>
      <trkpt lat="34.219069486833035" lon="108.83130558477075">
        <ele>402.2780369836837</ele>
        <time>2025-11-24T04:37:50.900000Z</time>
        <extensions>
          <gpxtpx:TrackPointExtension>
            <gpxtpx:hr>88</gpxtpx:hr>
          </gpxtpx:TrackPointExtension>
        </extensions>
      </trkpt>
      <trkpt lat="34.219081672646915" lon="108.83129361978997">
        <ele>402.34009271580726</ele>
        <time>2025-11-24T04:37:51.900000Z</time>
        <extensions>
          <gpxtpx:TrackPointExtension>
            <gpxtpx:hr>88</gpxtpx:hr>
          </gpxtpx:TrackPointExtension>
        </extensions>
      </trkpt>
      <trkpt lat="34.21909338441206" lon="108.83128055243503">
        <ele>402.42031628545374</ele>
        <time>2025-11-24T04:37:52.900000Z</time>
        <extensions>
          <gpxtpx:TrackPointExtension>
            <gpxtpx:hr>88</gpxtpx:hr>
          </gpxtpx:TrackPointExtension>
        </extensions>
      </trkpt>
      <trkpt lat="34.21910534647642" lon="108.83126903280285">
        <ele>402.49342012777925</ele>
        <time>2025-11-24T04:37:53.900000Z</time>
        <extensions>
          <gpxtpx:TrackPointExtension>
            <gpxtpx:hr>88</gpxtpx:hr>
          </gpxtpx:TrackPointExtension>
        </extensions>
      </trkpt>
      <trkpt lat="34.21911734840055" lon="108.83126074151195">
        <ele>402.57671864610165</ele>
        <time>2025-11-24T04:37:54.900000Z</time>
        <extensions>
          <gpxtpx:TrackPointExtension>
            <gpxtpx:hr>90</gpxtpx:hr>
          </gpxtpx:TrackPointExtension>
        </extensions>
      </trkpt>
      <trkpt lat="34.219128242868806" lon="108.83125454457188">
        <ele>402.67122137453407</ele>
        <time>2025-11-24T04:37:55.900000Z</time>
        <extensions>
          <gpxtpx:TrackPointExtension>
            <gpxtpx:hr>90</gpxtpx:hr>
          </gpxtpx:TrackPointExtension>
        </extensions>
      </trkpt>
      <trkpt lat="34.21913748682827" lon="108.83124834770797">
        <ele>402.7976230075583</ele>
        <time>2025-11-24T04:37:56.900000Z</time>
        <extensions>
          <gpxtpx:TrackPointExtension>
            <gpxtpx:hr>90</gpxtpx:hr>
          </gpxtpx:TrackPointExtension>
        </extensions>
      </trkpt>
      <trkpt lat="34.21914561676889" lon="108.831242216994">
        <ele>402.96244311891496</ele>
        <time>2025-11-24T04:37:57.900000Z</time>
        <extensions>
          <gpxtpx:TrackPointExtension>
            <gpxtpx:hr>90</gpxtpx:hr>
          </gpxtpx:TrackPointExtension>
        </extensions>
      </trkpt>
      <trkpt lat="34.21915294993169" lon="108.83123677302929">
        <ele>403.15334952715784</ele>
        <time>2025-11-24T04:37:58.900000Z</time>
        <extensions>
          <gpxtpx:TrackPointExtension>
            <gpxtpx:hr>90</gpxtpx:hr>
          </gpxtpx:TrackPointExtension>
        </extensions>
      </trkpt>
      <trkpt lat="34.21916008004047" lon="108.83123273262447">
        <ele>403.35781293641776</ele>
        <time>2025-11-24T04:37:59.900000Z</time>
        <extensions>
          <gpxtpx:TrackPointExtension>
            <gpxtpx:hr>90</gpxtpx:hr>
          </gpxtpx:TrackPointExtension>
        </extensions>
      </trkpt>
      <trkpt lat="34.21916738757516" lon="108.83122973322635">
        <ele>403.5883793849498</ele>
        <time>2025-11-24T04:38:00.900000Z</time>
        <extensions>
          <gpxtpx:TrackPointExtension>
            <gpxtpx:hr>90</gpxtpx:hr>
          </gpxtpx:TrackPointExtension>
        </extensions>
      </trkpt>
      <trkpt lat="34.21917402419575" lon="108.83122710176463">
        <ele>403.81015220843256</ele>
        <time>2025-11-24T04:38:01.900000Z</time>
        <extensions>
          <gpxtpx:TrackPointExtension>
            <gpxtpx:hr>97</gpxtpx:hr>
          </gpxtpx:TrackPointExtension>
        </extensions>
      </trkpt>
      <trkpt lat="34.21918005592844" lon="108.83122469592875">
        <ele>404.0286465892568</ele>
        <time>2025-11-24T04:38:02.900000Z</time>
        <extensions>
          <gpxtpx:TrackPointExtension>
            <gpxtpx:hr>97</gpxtpx:hr>
          </gpxtpx:TrackPointExtension>
        </extensions>
      </trkpt>
      <trkpt lat="34.21918633221554" lon="108.83122211681176">
        <ele>404.24434706941247</ele>
        <time>2025-11-24T04:38:03.900000Z</time>
        <extensions>
          <gpxtpx:TrackPointExtension>
            <gpxtpx:hr>97</gpxtpx:hr>
          </gpxtpx:TrackPointExtension>
        </extensions>
      </trkpt>
      <trkpt lat="34.21919324179389" lon="108.83121907707815">
        <ele>404.47044910490513</ele>
        <time>2025-11-24T04:38:04.900000Z</time>
        <extensions>
          <gpxtpx:TrackPointExtension>
            <gpxtpx:hr>97</gpxtpx:hr>
          </gpxtpx:TrackPointExtension>
        </extensions>
      </trkpt>
      <trkpt lat="34.21920068412638" lon="108.83121533260379">
        <ele>404.6699620541185</ele>
        <time>2025-11-24T04:38:05.900000Z</time>
        <extensions>
          <gpxtpx:TrackPointExtension>
            <gpxtpx:hr>97</gpxtpx:hr>
          </gpxtpx:TrackPointExtension>
        </extensions>
      </trkpt>
      <trkpt lat="34.21920819812256" lon="108.83121062845375">
        <ele>404.86643597949296</ele>
        <time>2025-11-24T04:38:06.900000Z</time>
        <extensions>
          <gpxtpx:TrackPointExtension>
            <gpxtpx:hr>97</gpxtpx:hr>
          </gpxtpx:TrackPointExtension>
        </extensions>
      </trkpt>
      <trkpt lat="34.21921631362152" lon="108.83120474105752">
        <ele>405.0458061704412</ele>
        <time>2025-11-24T04:38:07.900000Z</time>
        <extensions>
          <gpxtpx:TrackPointExtension>
            <gpxtpx:hr>97</gpxtpx:hr>
          </gpxtpx:TrackPointExtension>
        </extensions>
      </trkpt>
      <trkpt lat="34.21922538182429" lon="108.83119760834016">
        <ele>405.19908833224326</ele>
        <time>2025-11-24T04:38:08.900000Z</time>
        <extensions>
          <gpxtpx:TrackPointExtension>
            <gpxtpx:hr>103</gpxtpx:hr>
          </gpxtpx:TrackPointExtension>
        </extensions>
      </trkpt>
      <trkpt lat="34.219235225703144" lon="108.83118974196043">
        <ele>405.3272150475532</ele>
        <time>2025-11-24T04:38:09.900000Z</time>
        <extensions>
          <gpxtpx:TrackPointExtension>
            <gpxtpx:hr>103</gpxtpx:hr>
          </gpxtpx:TrackPointExtension>
        </extensions>
      </trkpt>
      <trkpt lat="34.219245597007216" lon="108.83118159683342">
        <ele>405.4359259372577</ele>
        <time>2025-11-24T04:38:10.900000Z</time>
        <extensions>
          <gpxtpx:TrackPointExtension>
            <gpxtpx:hr>103</gpxtpx:hr>
          </gpxtpx:TrackPointExtension>
        </extensions>
      </trkpt>
      <trkpt lat="34.21925648351651" lon="108.83117291799509">
        <ele>405.49295157939196</ele>
        <time>2025-11-24T04:38:11.900000Z</time>
        <extensions>
          <gpxtpx:TrackPointExtension>
            <gpxtpx:hr>103</gpxtpx:hr>
          </gpxtpx:TrackPointExtension>
        </extensions>
      </trkpt>
      <trkpt lat="34.21926799729587" lon="108.83116333313731">
        <ele>405.5310092186555</ele>
        <time>2025-11-24T04:38:12.900000Z</time>
        <extensions>
          <gpxtpx:TrackPointExtension>
            <gpxtpx:hr>103</gpxtpx:hr>
          </gpxtpx:TrackPointExtension>
        </extensions>
      </trkpt>
      <trkpt lat="34.21927970052407" lon="108.8311531270675">
        <ele>405.5475333109498</ele>
        <time>2025-11-24T04:38:13.900000Z</time>
        <extensions>
          <gpxtpx:TrackPointExtension>
            <gpxtpx:hr>106</gpxtpx:hr>
          </gpxtpx:TrackPointExtension>
        </extensions>
      </trkpt>
      <trkpt lat="34.21929099823412" lon="108.83114317428911">
        <ele>405.548111862503</ele>
        <time>2025-11-24T04:38:14.900000Z</time>
        <extensions>
          <gpxtpx:TrackPointExtension>
            <gpxtpx:hr>106</gpxtpx:hr>
          </gpxtpx:TrackPointExtension>
        </extensions>
      </trkpt>
      <trkpt lat="34.21930202301147" lon="108.83113425561996">
        <ele>405.523923904635</ele>
        <time>2025-11-24T04:38:15.900000Z</time>
        <extensions>
          <gpxtpx:TrackPointExtension>
            <gpxtpx:hr>106</gpxtpx:hr>
          </gpxtpx:TrackPointExtension>
        </extensions>
      </trkpt>
      <trkpt lat="34.219313199047754" lon="108.83112619140094">
        <ele>405.47882403060794</ele>
        <time>2025-11-24T04:38:16.900000Z</time>
        <extensions>
          <gpxtpx:TrackPointExtension>
            <gpxtpx:hr>106</gpxtpx:hr>
          </gpxtpx:TrackPointExtension>
        </extensions>
      </trkpt>
      <trkpt lat="34.21932468780055" lon="108.83111835606745">
        <ele>405.41795520298183</ele>
        <time>2025-11-24T04:38:17.900000Z</time>
        <extensions>
          <gpxtpx:TrackPointExtension>
            <gpxtpx:hr>106</gpxtpx:hr>
          </gpxtpx:TrackPointExtension>
        </extensions>
      </trkpt>
      <trkpt lat="34.219336387416256" lon="108.83111041370006">
        <ele>405.3497764999047</ele>
        <time>2025-11-24T04:38:18.900000Z</time>
        <extensions>
          <gpxtpx:TrackPointExtension>
            <gpxtpx:hr>103</gpxtpx:hr>
          </gpxtpx:TrackPointExtension>
        </extensions>
      </trkpt>
      <trkpt lat="34.21934821992322" lon="108.83110283233762">
        <ele>405.2873760201037</ele>
        <time>2025-11-24T04:38:19.900000Z</time>
        <extensions>
          <gpxtpx:TrackPointExtension>
            <gpxtpx:hr>103</gpxtpx:hr>
          </gpxtpx:TrackPointExtension>
        </extensions>
      </trkpt>
      <trkpt lat="34.21936061971248" lon="108.8310961001131">
        <ele>405.22880799882114</ele>
        <time>2025-11-24T04:38:20.900000Z</time>
        <extensions>
          <gpxtpx:TrackPointExtension>
            <gpxtpx:hr>103</gpxtpx:hr>
          </gpxtpx:TrackPointExtension>
        </extensions>
      </trkpt>
      <trkpt lat="34.21937455825071" lon="108.8310896961218">
        <ele>405.1471677022055</ele>
        <time>2025-11-24T04:38:21.900000Z</time>
        <extensions>
          <gpxtpx:TrackPointExtension>
            <gpxtpx:hr>102</gpxtpx:hr>
          </gpxtpx:TrackPointExtension>
        </extensions>
      </trkpt>
      <trkpt lat="34.21938926100378" lon="108.83108371514051">
        <ele>405.0561584280804</ele>
        <time>2025-11-24T04:38:22.900000Z</time>
        <extensions>
          <gpxtpx:TrackPointExtension>
            <gpxtpx:hr>102</gpxtpx:hr>
          </gpxtpx:TrackPointExtension>
        </extensions>
      </trkpt>
      <trkpt lat="34.21940346590463" lon="108.83107806066634">
        <ele>404.9321533674374</ele>
        <time>2025-11-24T04:38:23.900000Z</time>
        <extensions>
          <gpxtpx:TrackPointExtension>
            <gpxtpx:hr>102</gpxtpx:hr>
          </gpxtpx:TrackPointExtension>
        </extensions>
      </trkpt>
      <trkpt lat="34.21941726531906" lon="108.83107219258558">
        <ele>404.8131792359054</ele>
        <time>2025-11-24T04:38:24.900000Z</time>
        <extensions>
          <gpxtpx:TrackPointExtension>
            <gpxtpx:hr>102</gpxtpx:hr>
          </gpxtpx:TrackPointExtension>
        </extensions>
      </trkpt>
      <trkpt lat="34.21943049259773" lon="108.83106654894975">
        <ele>404.71177798788995</ele>
        <time>2025-11-24T04:38:25.900000Z</time>
        <extensions>
          <gpxtpx:TrackPointExtension>
            <gpxtpx:hr>103</gpxtpx:hr>
          </gpxtpx:TrackPointExtension>
        </extensions>
      </trkpt>
      <trkpt lat="34.21944377755141" lon="108.83106103261856">
        <ele>404.61134817730635</ele>
        <time>2025-11-24T04:38:26.900000Z</time>
        <extensions>
          <gpxtpx:TrackPointExtension>
            <gpxtpx:hr>103</gpxtpx:hr>
          </gpxtpx:TrackPointExtension>
        </extensions>
      </trkpt>
      <trkpt lat="34.21945698157927" lon="108.83105519033715">
        <ele>404.5240878332406</ele>
        <time>2025-11-24T04:38:27.900000Z</time>
        <extensions>
          <gpxtpx:TrackPointExtension>
            <gpxtpx:hr>103</gpxtpx:hr>
          </gpxtpx:TrackPointExtension>
        </extensions>
      </trkpt>
      <trkpt lat="34.21946963403323" lon="108.8310490639693">
        <ele>404.45651048980653</ele>
        <time>2025-11-24T04:38:28.900000Z</time>
        <extensions>
          <gpxtpx:TrackPointExtension>
            <gpxtpx:hr>103</gpxtpx:hr>
          </gpxtpx:TrackPointExtension>
        </extensions>
      </trkpt>
      <trkpt lat="34.21948239366037" lon="108.83104333919204">
        <ele>404.40010013617575</ele>
        <time>2025-11-24T04:38:29.900000Z</time>
        <extensions>
          <gpxtpx:TrackPointExtension>
            <gpxtpx:hr>103</gpxtpx:hr>
          </gpxtpx:TrackPointExtension>
        </extensions>
      </trkpt>
      <trkpt lat="34.21949564270047" lon="108.83103811365235">
        <ele>404.35369008313864</ele>
        <time>2025-11-24T04:38:30.900000Z</time>
        <extensions>
          <gpxtpx:TrackPointExtension>
            <gpxtpx:hr>103</gpxtpx:hr>
          </gpxtpx:TrackPointExtension>
        </extensions>
      </trkpt>
      <trkpt lat="34.21950920729984" lon="108.8310326765528">
        <ele>404.3215062636882</ele>
        <time>2025-11-24T04:38:31.900000Z</time>
        <extensions>
          <gpxtpx:TrackPointExtension>
            <gpxtpx:hr>107</gpxtpx:hr>
          </gpxtpx:TrackPointExtension>
        </extensions>
      </trkpt>
      <trkpt lat="34.21952317076422" lon="108.8310263674809">
        <ele>404.2935900790617</ele>
        <time>2025-11-24T04:38:32.900000Z</time>
        <extensions>
          <gpxtpx:TrackPointExtension>
            <gpxtpx:hr>107</gpxtpx:hr>
          </gpxtpx:TrackPointExtension>
        </extensions>
      </trkpt>
      <trkpt lat="34.219537508469585" lon="108.83101927904362">
        <ele>404.2694254554808</ele>
        <time>2025-11-24T04:38:33.900000Z</time>
        <extensions>
          <gpxtpx:TrackPointExtension>
            <gpxtpx:hr>107</gpxtpx:hr>
          </gpxtpx:TrackPointExtension>
        </extensions>
      </trkpt>
      <trkpt lat="34.21955185867751" lon="108.8310126822146">
        <ele>404.2393118441105</ele>
        <time>2025-11-24T04:38:34.900000Z</time>
        <extensions>
          <gpxtpx:TrackPointExtension>
            <gpxtpx:hr>107</gpxtpx:hr>
          </gpxtpx:TrackPointExtension>
        </extensions>
      </trkpt>
      <trkpt lat="34.21956622359896" lon="108.83100755997194">
        <ele>404.22871491033584</ele>
        <time>2025-11-24T04:38:35.900000Z</time>
        <extensions>
          <gpxtpx:TrackPointExtension>
            <gpxtpx:hr>107</gpxtpx:hr>
          </gpxtpx:TrackPointExtension>
        </extensions>
      </trkpt>
      <trkpt lat="34.219580959941005" lon="108.83100211758466">
        <ele>404.1987879620865</ele>
        <time>2025-11-24T04:38:36.900000Z</time>
        <extensions>
          <gpxtpx:TrackPointExtension>
            <gpxtpx:hr>110</gpxtpx:hr>
          </gpxtpx:TrackPointExtension>
        </extensions>
      </trkpt>
      <trkpt lat="34.219595395663745" lon="108.83099541274098">
        <ele>404.1747084604576</ele>
        <time>2025-11-24T04:38:37.900000Z</time>
        <extensions>
          <gpxtpx:TrackPointExtension>
            <gpxtpx:hr>110</gpxtpx:hr>
          </gpxtpx:TrackPointExtension>
        </extensions>
      </trkpt>
      <trkpt lat="34.21960925917652" lon="108.83098796938664">
        <ele>404.1478840569034</ele>
        <time>2025-11-24T04:38:38.900000Z</time>
        <extensions>
          <gpxtpx:TrackPointExtension>
            <gpxtpx:hr>110</gpxtpx:hr>
          </gpxtpx:TrackPointExtension>
        </extensions>
      </trkpt>
      <trkpt lat="34.21962261280341" lon="108.83098079871867">
        <ele>404.13816672656685</ele>
        <time>2025-11-24T04:38:39.900000Z</time>
        <extensions>
          <gpxtpx:TrackPointExtension>
            <gpxtpx:hr>110</gpxtpx:hr>
          </gpxtpx:TrackPointExtension>
        </extensions>
      </trkpt>
      <trkpt lat="34.21963529768503" lon="108.8309744354328">
        <ele>404.11639666650444</ele>
        <time>2025-11-24T04:38:40.900000Z</time>
        <extensions>
          <gpxtpx:TrackPointExtension>
            <gpxtpx:hr>112</gpxtpx:hr>
          </gpxtpx:TrackPointExtension>
        </extensions>
      </trkpt>
      <trkpt lat="34.21964767425937" lon="108.83096877991947">
        <ele>404.1078621586785</ele>
        <time>2025-11-24T04:38:41.900000Z</time>
        <extensions>
          <gpxtpx:TrackPointExtension>
            <gpxtpx:hr>112</gpxtpx:hr>
          </gpxtpx:TrackPointExtension>
        </extensions>
      </trkpt>
      <trkpt lat="34.21965963102502" lon="108.8309639949193">
        <ele>404.10675699822605</ele>
        <time>2025-11-24T04:38:42.900000Z</time>
        <extensions>
          <gpxtpx:TrackPointExtension>
            <gpxtpx:hr>112</gpxtpx:hr>
          </gpxtpx:TrackPointExtension>
        </extensions>
      </trkpt>
      <trkpt lat="34.21967021117501" lon="108.83095953054331">
        <ele>404.1036600191146</ele>
        <time>2025-11-24T04:38:43.900000Z</time>
        <extensions>
          <gpxtpx:TrackPointExtension>
            <gpxtpx:hr>112</gpxtpx:hr>
          </gpxtpx:TrackPointExtension>
        </extensions>
      </trkpt>
      <trkpt lat="34.21967934271143" lon="108.83095479597978">
        <ele>404.1206163642928</ele>
        <time>2025-11-24T04:38:44.900000Z</time>
        <extensions>
          <gpxtpx:TrackPointExtension>
            <gpxtpx:hr>112</gpxtpx:hr>
          </gpxtpx:TrackPointExtension>
        </extensions>
      </trkpt>
      <trkpt lat="34.21968817782581" lon="108.8309498710615">
        <ele>404.1451121484861</ele>
        <time>2025-11-24T04:38:45.900000Z</time>
        <extensions>
          <gpxtpx:TrackPointExtension>
            <gpxtpx:hr>113</gpxtpx:hr>
          </gpxtpx:TrackPointExtension>
        </extensions>
      </trkpt>
      <trkpt lat="34.219697722324725" lon="108.83094575761821">
        <ele>404.1888870606199</ele>
        <time>2025-11-24T04:38:46.900000Z</time>
        <extensions>
          <gpxtpx:TrackPointExtension>
            <gpxtpx:hr>113</gpxtpx:hr>
          </gpxtpx:TrackPointExtension>
        </extensions>
      </trkpt>
      <trkpt lat="34.21970902013908" lon="108.83094231606172">
        <ele>404.23423283267766</ele>
        <time>2025-11-24T04:38:47.900000Z</time>
        <extensions>
          <gpxtpx:TrackPointExtension>
            <gpxtpx:hr>113</gpxtpx:hr>
          </gpxtpx:TrackPointExtension>
        </extensions>
      </trkpt>
      <trkpt lat="34.21972160378952" lon="108.8309393007668">
        <ele>404.30233507975936</ele>
        <time>2025-11-24T04:38:48.900000Z</time>
        <extensions>
          <gpxtpx:TrackPointExtension>
            <gpxtpx:hr>113</gpxtpx:hr>
          </gpxtpx:TrackPointExtension>
        </extensions>
      </trkpt>
      <trkpt lat="34.219733465018756" lon="108.83093627617488">
        <ele>404.38688746932894</ele>
        <time>2025-11-24T04:38:49.900000Z</time>
        <extensions>
          <gpxtpx:TrackPointExtension>
            <gpxtpx:hr>113</gpxtpx:hr>
          </gpxtpx:TrackPointExtension>
        </extensions>
      </trkpt>
      <trkpt lat="34.219744059930555" lon="108.83093200940579">
        <ele>404.4650116749108</ele>
        <time>2025-11-24T04:38:50.900000Z</time>
        <extensions>
          <gpxtpx:TrackPointExtension>
            <gpxtpx:hr>113</gpxtpx:hr>
          </gpxtpx:TrackPointExtension>
        </extensions>
      </trkpt>
      <trkpt lat="34.21975435285524" lon="108.83092628248399">
        <ele>404.54661861341447</ele>
        <time>2025-11-24T04:38:51.900000Z</time>
        <extensions>
          <gpxtpx:TrackPointExtension>
            <gpxtpx:hr>113</gpxtpx:hr>
          </gpxtpx:TrackPointExtension>
        </extensions>
      </trkpt>
      <trkpt lat="34.2197650921383" lon="108.830919660853">
        <ele>404.62906592991203</ele>
        <time>2025-11-24T04:38:52.900000Z</time>
        <extensions>
          <gpxtpx:TrackPointExtension>
            <gpxtpx:hr>112</gpxtpx:hr>
          </gpxtpx:TrackPointExtension>
        </extensions>
      </trkpt>
      <trkpt lat="34.219776913770204" lon="108.8309126360614">
        <ele>404.71200132742524</ele>
        <time>2025-11-24T04:38:53.900000Z</time>
        <extensions>
          <gpxtpx:TrackPointExtension>
            <gpxtpx:hr>112</gpxtpx:hr>
          </gpxtpx:TrackPointExtension>
        </extensions>
      </trkpt>
      <trkpt lat="34.2197900055473" lon="108.83090526188813">
        <ele>404.79576568026096</ele>
        <time>2025-11-24T04:38:54.900000Z</time>
        <extensions>
          <gpxtpx:TrackPointExtension>
            <gpxtpx:hr>112</gpxtpx:hr>
          </gpxtpx:TrackPointExtension>
        </extensions>
      </trkpt>
      <trkpt lat="34.21980323057368" lon="108.83089784428488">
        <ele>404.8660284113139</ele>
        <time>2025-11-24T04:38:55.900000Z</time>
        <extensions>
          <gpxtpx:TrackPointExtension>
            <gpxtpx:hr>112</gpxtpx:hr>
          </gpxtpx:TrackPointExtension>
        </extensions>
      </trkpt>
      <trkpt lat="34.21981602516781" lon="108.83089030339775">
        <ele>404.94227188732475</ele>
        <time>2025-11-24T04:38:56.900000Z</time>
        <extensions>
          <gpxtpx:TrackPointExtension>
            <gpxtpx:hr>112</gpxtpx:hr>
          </gpxtpx:TrackPointExtension>
        </extensions>
      </trkpt>
      <trkpt lat="34.219828497417595" lon="108.83088255557114">
        <ele>405.02692056261003</ele>
        <time>2025-11-24T04:38:57.900000Z</time>
        <extensions>
          <gpxtpx:TrackPointExtension>
            <gpxtpx:hr>113</gpxtpx:hr>
          </gpxtpx:TrackPointExtension>
        </extensions>
      </trkpt>
      <trkpt lat="34.21984102075721" lon="108.83087522552714">
        <ele>405.1182756284252</ele>
        <time>2025-11-24T04:38:58.900000Z</time>
        <extensions>
          <gpxtpx:TrackPointExtension>
            <gpxtpx:hr>113</gpxtpx:hr>
          </gpxtpx:TrackPointExtension>
        </extensions>
      </trkpt>
      <trkpt lat="34.21985387372705" lon="108.83086874057832">
        <ele>405.2125319633633</ele>
        <time>2025-11-24T04:38:59.900000Z</time>
        <extensions>
          <gpxtpx:TrackPointExtension>
            <gpxtpx:hr>113</gpxtpx:hr>
          </gpxtpx:TrackPointExtension>
        </extensions>
      </trkpt>
      <trkpt lat="34.219867063182484" lon="108.8308634145941">
        <ele>405.2887025484815</ele>
        <time>2025-11-24T04:39:00.900000Z</time>
        <extensions>
          <gpxtpx:TrackPointExtension>
            <gpxtpx:hr>113</gpxtpx:hr>
          </gpxtpx:TrackPointExtension>
        </extensions>
      </trkpt>
      <trkpt lat="34.21988075492558" lon="108.83085938557836">
        <ele>405.3460990153253</ele>
        <time>2025-11-24T04:39:01.900000Z</time>
        <extensions>
          <gpxtpx:TrackPointExtension>
            <gpxtpx:hr>113</gpxtpx:hr>
          </gpxtpx:TrackPointExtension>
        </extensions>
      </trkpt>
      <trkpt lat="34.219894764281285" lon="108.83085640759046">
        <ele>405.39131001662463</ele>
        <time>2025-11-24T04:39:02.900000Z</time>
        <extensions>
          <gpxtpx:TrackPointExtension>
            <gpxtpx:hr>113</gpxtpx:hr>
          </gpxtpx:TrackPointExtension>
        </extensions>
      </trkpt>
      <trkpt lat="34.21990865076985" lon="108.83085391806367">
        <ele>405.43441260047257</ele>
        <time>2025-11-24T04:39:03.900000Z</time>
        <extensions>
          <gpxtpx:TrackPointExtension>
            <gpxtpx:hr>113</gpxtpx:hr>
          </gpxtpx:TrackPointExtension>
        </extensions>
      </trkpt>
      <trkpt lat="34.21992262881315" lon="108.8308512315675">
        <ele>405.48842450696975</ele>
        <time>2025-11-24T04:39:04.900000Z</time>
        <extensions>
          <gpxtpx:TrackPointExtension>
            <gpxtpx:hr>113</gpxtpx:hr>
          </gpxtpx:TrackPointExtension>
        </extensions>
      </trkpt>
      <trkpt lat="34.21993646228051" lon="108.83084845597831">
        <ele>405.5377477509901</ele>
        <time>2025-11-24T04:39:05.900000Z</time>
        <extensions>
          <gpxtpx:TrackPointExtension>
            <gpxtpx:hr>113</gpxtpx:hr>
          </gpxtpx:TrackPointExtension>
        </extensions>
      </trkpt>
      <trkpt lat="34.219950138294735" lon="108.83084548376992">
        <ele>405.59411277621984</ele>
        <time>2025-11-24T04:39:06.900000Z</time>
        <extensions>
          <gpxtpx:TrackPointExtension>
            <gpxtpx:hr>113</gpxtpx:hr>
          </gpxtpx:TrackPointExtension>
        </extensions>
      </trkpt>
      <trkpt lat="34.21996363101323" lon="108.83084231169174">
        <ele>405.62416036985815</ele>
        <time>2025-11-24T04:39:07.900000Z</time>
        <extensions>
          <gpxtpx:TrackPointExtension>
            <gpxtpx:hr>113</gpxtpx:hr>
          </gpxtpx:TrackPointExtension>
        </extensions>
      </trkpt>
      <trkpt lat="34.21997688049595" lon="108.83083910835454">
        <ele>405.6247626245022</ele>
        <time>2025-11-24T04:39:08.900000Z</time>
        <extensions>
          <gpxtpx:TrackPointExtension>
            <gpxtpx:hr>113</gpxtpx:hr>
          </gpxtpx:TrackPointExtension>
        </extensions>
      </trkpt>
      <trkpt lat="34.21999008121409" lon="108.83083604325532">
        <ele>405.59876717440784</ele>
        <time>2025-11-24T04:39:09.900000Z</time>
        <extensions>
          <gpxtpx:TrackPointExtension>
            <gpxtpx:hr>113</gpxtpx:hr>
          </gpxtpx:TrackPointExtension>
        </extensions>
      </trkpt>
      <trkpt lat="34.22000335679908" lon="108.83083272843348">
        <ele>405.5595649238676</ele>
        <time>2025-11-24T04:39:10.900000Z</time>
        <extensions>
          <gpxtpx:TrackPointExtension>
            <gpxtpx:hr>113</gpxtpx:hr>
          </gpxtpx:TrackPointExtension>
        </extensions>
      </trkpt>
      <trkpt lat="34.22001632975266" lon="108.83082854827045">
        <ele>405.5260920319706</ele>
        <time>2025-11-24T04:39:11.900000Z</time>
        <extensions>
          <gpxtpx:TrackPointExtension>
            <gpxtpx:hr>122</gpxtpx:hr>
          </gpxtpx:TrackPointExtension>
        </extensions>
      </trkpt>
      <trkpt lat="34.220029550428485" lon="108.83082354177631">
        <ele>405.49700827151537</ele>
        <time>2025-11-24T04:39:12.900000Z</time>
        <extensions>
          <gpxtpx:TrackPointExtension>
            <gpxtpx:hr>122</gpxtpx:hr>
          </gpxtpx:TrackPointExtension>
        </extensions>
      </trkpt>
      <trkpt lat="34.22004720748478" lon="108.8308164364043">
        <ele>405.465377737768</ele>
        <time>2025-11-24T04:39:14.300000Z</time>
        <extensions>
          <gpxtpx:TrackPointExtension>
            <gpxtpx:hr>122</gpxtpx:hr>
          </gpxtpx:TrackPointExtension>
        </extensions>
      </trkpt>
      <trkpt lat="34.220055933606524" lon="108.8308127653904">
        <ele>405.43237232696265</ele>
        <time>2025-11-24T04:39:14.900000Z</time>
        <extensions>
          <gpxtpx:TrackPointExtension>
            <gpxtpx:hr>122</gpxtpx:hr>
          </gpxtpx:TrackPointExtension>
        </extensions>
      </trkpt>
      <trkpt lat="34.22006911952685" lon="108.8308076449672">
        <ele>405.3638751776889</ele>
        <time>2025-11-24T04:39:15.900000Z</time>
        <extensions>
          <gpxtpx:TrackPointExtension>
            <gpxtpx:hr>122</gpxtpx:hr>
          </gpxtpx:TrackPointExtension>
        </extensions>
      </trkpt>
      <trkpt lat="34.22008164454754" lon="108.83080420662637">
        <ele>405.26844499167055</ele>
        <time>2025-11-24T04:39:16.900000Z</time>
        <extensions>
          <gpxtpx:TrackPointExtension>
            <gpxtpx:hr>124</gpxtpx:hr>
          </gpxtpx:TrackPointExtension>
        </extensions>
      </trkpt>
      <trkpt lat="34.22009336766003" lon="108.830800278689">
        <ele>405.18008927162737</ele>
        <time>2025-11-24T04:39:17.900000Z</time>
        <extensions>
          <gpxtpx:TrackPointExtension>
            <gpxtpx:hr>124</gpxtpx:hr>
          </gpxtpx:TrackPointExtension>
        </extensions>
      </trkpt>
      <trkpt lat="34.2201036198937" lon="108.8307937922742">
        <ele>405.11433068849146</ele>
        <time>2025-11-24T04:39:18.900000Z</time>
        <extensions>
          <gpxtpx:TrackPointExtension>
            <gpxtpx:hr>124</gpxtpx:hr>
          </gpxtpx:TrackPointExtension>
        </extensions>
      </trkpt>
      <trkpt lat="34.220111654438696" lon="108.83078585496413">
        <ele>405.0748192630708</ele>
        <time>2025-11-24T04:39:19.900000Z</time>
        <extensions>
          <gpxtpx:TrackPointExtension>
            <gpxtpx:hr>124</gpxtpx:hr>
          </gpxtpx:TrackPointExtension>
        </extensions>
      </trkpt>
      <trkpt lat="34.22011798139414" lon="108.83077779345322">
        <ele>405.04739513155073</ele>
        <time>2025-11-24T04:39:20.900000Z</time>
        <extensions>
          <gpxtpx:TrackPointExtension>
            <gpxtpx:hr>124</gpxtpx:hr>
          </gpxtpx:TrackPointExtension>
        </extensions>
      </trkpt>
      <trkpt lat="34.22012409287376" lon="108.83076945084512">
        <ele>405.03044048603624</ele>
        <time>2025-11-24T04:39:21.900000Z</time>
        <extensions>
          <gpxtpx:TrackPointExtension>
            <gpxtpx:hr>124</gpxtpx:hr>
          </gpxtpx:TrackPointExtension>
        </extensions>
      </trkpt>
      <trkpt lat="34.22013105426148" lon="108.83076001747955">
        <ele>405.0206202249974</ele>
        <time>2025-11-24T04:39:22.900000Z</time>
        <extensions>
          <gpxtpx:TrackPointExtension>
            <gpxtpx:hr>119</gpxtpx:hr>
          </gpxtpx:TrackPointExtension>
        </extensions>
      </trkpt>
      <trkpt lat="34.22013894724368" lon="108.83074940865309">
        <ele>405.0239025419578</ele>
        <time>2025-11-24T04:39:23.900000Z</time>
        <extensions>
          <gpxtpx:TrackPointExtension>
            <gpxtpx:hr>119</gpxtpx:hr>
          </gpxtpx:TrackPointExtension>
        </extensions>
      </trkpt>
      <trkpt lat="34.220147219994125" lon="108.83073837186986">
        <ele>405.03075869660825</ele>
        <time>2025-11-24T04:39:24.900000Z</time>
        <extensions>
          <gpxtpx:TrackPointExtension>
            <gpxtpx:hr>119</gpxtpx:hr>
          </gpxtpx:TrackPointExtension>
        </extensions>
      </trkpt>
      <trkpt lat="34.220154732484374" lon="108.83072780455515">
        <ele>405.04023196175694</ele>
        <time>2025-11-24T04:39:25.900000Z</time>
        <extensions>
          <gpxtpx:TrackPointExtension>
            <gpxtpx:hr>119</gpxtpx:hr>
          </gpxtpx:TrackPointExtension>
        </extensions>
      </trkpt>
      <trkpt lat="34.220160387486715" lon="108.83071745861601">
        <ele>405.06562483869493</ele>
        <time>2025-11-24T04:39:26.900000Z</time>
        <extensions>
          <gpxtpx:TrackPointExtension>
            <gpxtpx:hr>119</gpxtpx:hr>
          </gpxtpx:TrackPointExtension>
        </extensions>
      </trkpt>
      <trkpt lat="34.220164030809244" lon="108.83070619740518">
        <ele>405.10782707389444</ele>
        <time>2025-11-24T04:39:27.900000Z</time>
        <extensions>
          <gpxtpx:TrackPointExtension>
            <gpxtpx:hr>120</gpxtpx:hr>
          </gpxtpx:TrackPointExtension>
        </extensions>
      </trkpt>
      <trkpt lat="34.220166964996245" lon="108.83069248283688">
        <ele>405.1504468936473</ele>
        <time>2025-11-24T04:39:28.900000Z</time>
        <extensions>
          <gpxtpx:TrackPointExtension>
            <gpxtpx:hr>120</gpxtpx:hr>
          </gpxtpx:TrackPointExtension>
        </extensions>
      </trkpt>
      <trkpt lat="34.2201701229708" lon="108.83067571380126">
        <ele>405.2054085191339</ele>
        <time>2025-11-24T04:39:29.900000Z</time>
        <extensions>
          <gpxtpx:TrackPointExtension>
            <gpxtpx:hr>120</gpxtpx:hr>
          </gpxtpx:TrackPointExtension>
        </extensions>
      </trkpt>
      <trkpt lat="34.22017297034414" lon="108.83065734739625">
        <ele>405.26536693703383</ele>
        <time>2025-11-24T04:39:30.900000Z</time>
        <extensions>
          <gpxtpx:TrackPointExtension>
            <gpxtpx:hr>126</gpxtpx:hr>
          </gpxtpx:TrackPointExtension>
        </extensions>
      </trkpt>
      <trkpt lat="34.22017421930501" lon="108.83063887794802">
        <ele>405.32956374343485</ele>
        <time>2025-11-24T04:39:31.900000Z</time>
        <extensions>
          <gpxtpx:TrackPointExtension>
            <gpxtpx:hr>126</gpxtpx:hr>
          </gpxtpx:TrackPointExtension>
        </extensions>
      </trkpt>
      <trkpt lat="34.22017338670039" lon="108.83061904183234">
        <ele>405.40098738484085</ele>
        <time>2025-11-24T04:39:32.900000Z</time>
        <extensions>
          <gpxtpx:TrackPointExtension>
            <gpxtpx:hr>126</gpxtpx:hr>
          </gpxtpx:TrackPointExtension>
        </extensions>
      </trkpt>
      <trkpt lat="34.22017211089789" lon="108.83059824889841">
        <ele>405.46762473508716</ele>
        <time>2025-11-24T04:39:33.900000Z</time>
        <extensions>
          <gpxtpx:TrackPointExtension>
            <gpxtpx:hr>126</gpxtpx:hr>
          </gpxtpx:TrackPointExtension>
        </extensions>
      </trkpt>
      <trkpt lat="34.220171360171875" lon="108.83057874345631">
        <ele>405.5305939419195</ele>
        <time>2025-11-24T04:39:34.900000Z</time>
        <extensions>
          <gpxtpx:TrackPointExtension>
            <gpxtpx:hr>126</gpxtpx:hr>
          </gpxtpx:TrackPointExtension>
        </extensions>
      </trkpt>
      <trkpt lat="34.220171075129784" lon="108.83056007620172">
        <ele>405.59408878255635</ele>
        <time>2025-11-24T04:39:35.900000Z</time>
        <extensions>
          <gpxtpx:TrackPointExtension>
            <gpxtpx:hr>126</gpxtpx:hr>
          </gpxtpx:TrackPointExtension>
        </extensions>
      </trkpt>
      <trkpt lat="34.220170879883575" lon="108.83054228552135">
        <ele>405.6582525903359</ele>
        <time>2025-11-24T04:39:36.900000Z</time>
        <extensions>
          <gpxtpx:TrackPointExtension>
            <gpxtpx:hr>137</gpxtpx:hr>
          </gpxtpx:TrackPointExtension>
        </extensions>
      </trkpt>
      <trkpt lat="34.22017046377105" lon="108.83052611813714">
        <ele>405.7135162120685</ele>
        <time>2025-11-24T04:39:37.900000Z</time>
        <extensions>
          <gpxtpx:TrackPointExtension>
            <gpxtpx:hr>137</gpxtpx:hr>
          </gpxtpx:TrackPointExtension>
        </extensions>
      </trkpt>
      <trkpt lat="34.22017031142218" lon="108.83051150410199">
        <ele>405.76373155228794</ele>
        <time>2025-11-24T04:39:38.900000Z</time>
        <extensions>
          <gpxtpx:TrackPointExtension>
            <gpxtpx:hr>137</gpxtpx:hr>
          </gpxtpx:TrackPointExtension>
        </extensions>
      </trkpt>
      <trkpt lat="34.22017062728779" lon="108.83049725022163">
        <ele>405.81278990395367</ele>
        <time>2025-11-24T04:39:39.900000Z</time>
        <extensions>
          <gpxtpx:TrackPointExtension>
            <gpxtpx:hr>137</gpxtpx:hr>
          </gpxtpx:TrackPointExtension>
        </extensions>
      </trkpt>
      <trkpt lat="34.2201716064633" lon="108.83048256175172">
        <ele>405.8370934324339</ele>
        <time>2025-11-24T04:39:40.900000Z</time>
        <extensions>
          <gpxtpx:TrackPointExtension>
            <gpxtpx:hr>137</gpxtpx:hr>
          </gpxtpx:TrackPointExtension>
        </extensions>
      </trkpt>
      <trkpt lat="34.22017356024951" lon="108.83046748937006">
        <ele>405.87052506767213</ele>
        <time>2025-11-24T04:39:41.900000Z</time>
        <extensions>
          <gpxtpx:TrackPointExtension>
            <gpxtpx:hr>137</gpxtpx:hr>
          </gpxtpx:TrackPointExtension>
        </extensions>
      </trkpt>
      <trkpt lat="34.22017542099067" lon="108.83045212085199">
        <ele>405.89821928273886</ele>
        <time>2025-11-24T04:39:42.900000Z</time>
        <extensions>
          <gpxtpx:TrackPointExtension>
            <gpxtpx:hr>136</gpxtpx:hr>
          </gpxtpx:TrackPointExtension>
        </extensions>
      </trkpt>
      <trkpt lat="34.22017675500363" lon="108.83043650210989">
        <ele>405.9155008876696</ele>
        <time>2025-11-24T04:39:43.900000Z</time>
        <extensions>
          <gpxtpx:TrackPointExtension>
            <gpxtpx:hr>136</gpxtpx:hr>
          </gpxtpx:TrackPointExtension>
        </extensions>
      </trkpt>
      <trkpt lat="34.22017871114324" lon="108.83042110934153">
        <ele>405.908575960435</ele>
        <time>2025-11-24T04:39:44.900000Z</time>
        <extensions>
          <gpxtpx:TrackPointExtension>
            <gpxtpx:hr>136</gpxtpx:hr>
          </gpxtpx:TrackPointExtension>
        </extensions>
      </trkpt>
      <trkpt lat="34.22018140272832" lon="108.83040588439538">
        <ele>405.8919600797817</ele>
        <time>2025-11-24T04:39:45.900000Z</time>
        <extensions>
          <gpxtpx:TrackPointExtension>
            <gpxtpx:hr>136</gpxtpx:hr>
          </gpxtpx:TrackPointExtension>
        </extensions>
      </trkpt>
      <trkpt lat="34.22018406695683" lon="108.8303909372788">
        <ele>405.874101113528</ele>
        <time>2025-11-24T04:39:46.900000Z</time>
        <extensions>
          <gpxtpx:TrackPointExtension>
            <gpxtpx:hr>136</gpxtpx:hr>
          </gpxtpx:TrackPointExtension>
        </extensions>
      </trkpt>
      <trkpt lat="34.220186494957176" lon="108.83037718591572">
        <ele>405.8543402478099</ele>
        <time>2025-11-24T04:39:47.900000Z</time>
        <extensions>
          <gpxtpx:TrackPointExtension>
            <gpxtpx:hr>133</gpxtpx:hr>
          </gpxtpx:TrackPointExtension>
        </extensions>
      </trkpt>
      <trkpt lat="34.22018852711833" lon="108.8303683735273">
        <ele>405.81178024504334</ele>
        <time>2025-11-24T04:39:48.900000Z</time>
        <extensions>
          <gpxtpx:TrackPointExtension>
            <gpxtpx:hr>133</gpxtpx:hr>
          </gpxtpx:TrackPointExtension>
        </extensions>
      </trkpt>
      <trkpt lat="34.22018933081216" lon="108.83036613714228">
        <ele>405.7601900175214</ele>
        <time>2025-11-24T04:39:49.900000Z</time>
        <extensions>
          <gpxtpx:TrackPointExtension>
            <gpxtpx:hr>133</gpxtpx:hr>
          </gpxtpx:TrackPointExtension>
        </extensions>
      </trkpt>
      <trkpt lat="34.220188112175684" lon="108.83036758579463">
        <ele>405.7056202888489</ele>
        <time>2025-11-24T04:39:50.900000Z</time>
        <extensions>
          <gpxtpx:TrackPointExtension>
            <gpxtpx:hr>133</gpxtpx:hr>
          </gpxtpx:TrackPointExtension>
        </extensions>
      </trkpt>
      <trkpt lat="34.22018474975681" lon="108.83036946141539">
        <ele>405.64782545156777</ele>
        <time>2025-11-24T04:39:51.900000Z</time>
        <extensions>
          <gpxtpx:TrackPointExtension>
            <gpxtpx:hr>133</gpxtpx:hr>
          </gpxtpx:TrackPointExtension>
        </extensions>
      </trkpt>
      <trkpt lat="34.22017967022621" lon="108.83037058267465">
        <ele>405.58766797557473</ele>
        <time>2025-11-24T04:39:52.900000Z</time>
        <extensions>
          <gpxtpx:TrackPointExtension>
            <gpxtpx:hr>133</gpxtpx:hr>
          </gpxtpx:TrackPointExtension>
        </extensions>
      </trkpt>
      <trkpt lat="34.22017314002558" lon="108.83037151516422">
        <ele>405.52503172680736</ele>
        <time>2025-11-24T04:39:53.900000Z</time>
        <extensions>
          <gpxtpx:TrackPointExtension>
            <gpxtpx:hr>133</gpxtpx:hr>
          </gpxtpx:TrackPointExtension>
        </extensions>
      </trkpt>
      <trkpt lat="34.22016545545377" lon="108.83037235350936">
        <ele>405.46256607491523</ele>
        <time>2025-11-24T04:39:54.900000Z</time>
        <extensions>
          <gpxtpx:TrackPointExtension>
            <gpxtpx:hr>131</gpxtpx:hr>
          </gpxtpx:TrackPointExtension>
        </extensions>
      </trkpt>
      <trkpt lat="34.220157605664944" lon="108.83037337276534">
        <ele>405.40359435230494</ele>
        <time>2025-11-24T04:39:55.900000Z</time>
        <extensions>
          <gpxtpx:TrackPointExtension>
            <gpxtpx:hr>131</gpxtpx:hr>
          </gpxtpx:TrackPointExtension>
        </extensions>
      </trkpt>
      <trkpt lat="34.22015075571938" lon="108.83037575696471">
        <ele>405.3480204511434</ele>
        <time>2025-11-24T04:39:56.900000Z</time>
        <extensions>
          <gpxtpx:TrackPointExtension>
            <gpxtpx:hr>131</gpxtpx:hr>
          </gpxtpx:TrackPointExtension>
        </extensions>
      </trkpt>
      <trkpt lat="34.22014471304946" lon="108.83037993023729">
        <ele>405.2948191110045</ele>
        <time>2025-11-24T04:39:57.900000Z</time>
        <extensions>
          <gpxtpx:TrackPointExtension>
            <gpxtpx:hr>131</gpxtpx:hr>
          </gpxtpx:TrackPointExtension>
        </extensions>
      </trkpt>
      <trkpt lat="34.220138384601086" lon="108.83038527140387">
        <ele>405.23674512002617</ele>
        <time>2025-11-24T04:39:58.900000Z</time>
        <extensions>
          <gpxtpx:TrackPointExtension>
            <gpxtpx:hr>131</gpxtpx:hr>
          </gpxtpx:TrackPointExtension>
        </extensions>
      </trkpt>
      <trkpt lat="34.22013067905539" lon="108.83039125511728">
        <ele>405.1808436345309</ele>
        <time>2025-11-24T04:39:59.900000Z</time>
        <extensions>
          <gpxtpx:TrackPointExtension>
            <gpxtpx:hr>131</gpxtpx:hr>
          </gpxtpx:TrackPointExtension>
        </extensions>
      </trkpt>
      <trkpt lat="34.22012195684928" lon="108.83039677077034">
        <ele>405.1357167093083</ele>
        <time>2025-11-24T04:40:00.900000Z</time>
        <extensions>
          <gpxtpx:TrackPointExtension>
            <gpxtpx:hr>131</gpxtpx:hr>
          </gpxtpx:TrackPointExtension>
        </extensions>
      </trkpt>
      <trkpt lat="34.22011286150382" lon="108.83040096577652">
        <ele>405.0942627424374</ele>
        <time>2025-11-24T04:40:01.900000Z</time>
        <extensions>
          <gpxtpx:TrackPointExtension>
            <gpxtpx:hr>131</gpxtpx:hr>
          </gpxtpx:TrackPointExtension>
        </extensions>
      </trkpt>
      <trkpt lat="34.220103358337575" lon="108.830403737046">
        <ele>405.0640158355236</ele>
        <time>2025-11-24T04:40:02.900000Z</time>
        <extensions>
          <gpxtpx:TrackPointExtension>
            <gpxtpx:hr>131</gpxtpx:hr>
          </gpxtpx:TrackPointExtension>
        </extensions>
      </trkpt>
      <trkpt lat="34.22009365994377" lon="108.83040477702923">
        <ele>405.0322113931179</ele>
        <time>2025-11-24T04:40:03.900000Z</time>
        <extensions>
          <gpxtpx:TrackPointExtension>
            <gpxtpx:hr>131</gpxtpx:hr>
          </gpxtpx:TrackPointExtension>
        </extensions>
      </trkpt>
      <trkpt lat="34.22008369657048" lon="108.83040436078939">
        <ele>404.98907242063433</ele>
        <time>2025-11-24T04:40:04.900000Z</time>
        <extensions>
          <gpxtpx:TrackPointExtension>
            <gpxtpx:hr>131</gpxtpx:hr>
          </gpxtpx:TrackPointExtension>
        </extensions>
      </trkpt>
      <trkpt lat="34.22007313068982" lon="108.83040346594643">
        <ele>404.9444927396253</ele>
        <time>2025-11-24T04:40:05.900000Z</time>
        <extensions>
          <gpxtpx:TrackPointExtension>
            <gpxtpx:hr>131</gpxtpx:hr>
          </gpxtpx:TrackPointExtension>
        </extensions>
      </trkpt>
      <trkpt lat="34.22006194756408" lon="108.83040257315596">
        <ele>404.9097135635093</ele>
        <time>2025-11-24T04:40:06.900000Z</time>
        <extensions>
          <gpxtpx:TrackPointExtension>
            <gpxtpx:hr>131</gpxtpx:hr>
          </gpxtpx:TrackPointExtension>
        </extensions>
      </trkpt>
      <trkpt lat="34.220050381441304" lon="108.83040145670059">
        <ele>404.8750079795718</ele>
        <time>2025-11-24T04:40:07.900000Z</time>
        <extensions>
          <gpxtpx:TrackPointExtension>
            <gpxtpx:hr>131</gpxtpx:hr>
          </gpxtpx:TrackPointExtension>
        </extensions>
      </trkpt>
      <trkpt lat="34.22003863752066" lon="108.83040013069065">
        <ele>404.84016442205757</ele>
        <time>2025-11-24T04:40:08.900000Z</time>
        <extensions>
          <gpxtpx:TrackPointExtension>
            <gpxtpx:hr>131</gpxtpx:hr>
          </gpxtpx:TrackPointExtension>
        </extensions>
      </trkpt>
      <trkpt lat="34.22002684672292" lon="108.83039874747611">
        <ele>404.805086848326</ele>
        <time>2025-11-24T04:40:09.900000Z</time>
        <extensions>
          <gpxtpx:TrackPointExtension>
            <gpxtpx:hr>131</gpxtpx:hr>
          </gpxtpx:TrackPointExtension>
        </extensions>
      </trkpt>
      <trkpt lat="34.22001500355354" lon="108.83039744837977">
        <ele>404.76958338636905</ele>
        <time>2025-11-24T04:40:10.900000Z</time>
        <extensions>
          <gpxtpx:TrackPointExtension>
            <gpxtpx:hr>130</gpxtpx:hr>
          </gpxtpx:TrackPointExtension>
        </extensions>
      </trkpt>
      <trkpt lat="34.220003005032716" lon="108.8303963544502">
        <ele>404.73335379641503</ele>
        <time>2025-11-24T04:40:11.900000Z</time>
        <extensions>
          <gpxtpx:TrackPointExtension>
            <gpxtpx:hr>130</gpxtpx:hr>
          </gpxtpx:TrackPointExtension>
        </extensions>
      </trkpt>
      <trkpt lat="34.219990748365916" lon="108.83039560635034">
        <ele>404.6961648873985</ele>
        <time>2025-11-24T04:40:12.900000Z</time>
        <extensions>
          <gpxtpx:TrackPointExtension>
            <gpxtpx:hr>130</gpxtpx:hr>
          </gpxtpx:TrackPointExtension>
        </extensions>
      </trkpt>
      <trkpt lat="34.21997813610175" lon="108.83039535070208">
        <ele>404.65801735036075</ele>
        <time>2025-11-24T04:40:13.900000Z</time>
        <extensions>
          <gpxtpx:TrackPointExtension>
            <gpxtpx:hr>130</gpxtpx:hr>
          </gpxtpx:TrackPointExtension>
        </extensions>
      </trkpt>
      <trkpt lat="34.21996417917584" lon="108.83039565156746">
        <ele>404.61625363864005</ele>
        <time>2025-11-24T04:40:15Z</time>
        <extensions>
          <gpxtpx:TrackPointExtension>
            <gpxtpx:hr>128</gpxtpx:hr>
          </gpxtpx:TrackPointExtension>
        </extensions>
      </trkpt>
      <trkpt lat="34.21995102631447" lon="108.83039627923627">
        <ele>404.577383951284</ele>
        <time>2025-11-24T04:40:16Z</time>
        <extensions>
          <gpxtpx:TrackPointExtension>
            <gpxtpx:hr>128</gpxtpx:hr>
          </gpxtpx:TrackPointExtension>
        </extensions>
      </trkpt>
      <trkpt lat="34.21980510493225" lon="108.83034670538301">
        <ele>420.9708369253203</ele>
        <time>2025-11-24T04:40:44Z</time>
        <extensions>
          <gpxtpx:TrackPointExtension>
            <gpxtpx:hr>113</gpxtpx:hr>
          </gpxtpx:TrackPointExtension>
        </extensions>
      </trkpt>
    </trkseg>
  </trk>
</gpx>