<?xml version="1.0" encoding="UTF-8"?>
<gpx xmlns="http://www.topografix.com/GPX/1/1" xmlns:gpxtpx="http://www.garmin.com/xmlschemas/TrackPointExtension/v1" xmlns:xsi="http://www.w3.org/2001/XMLSchema-instance" xsi:schemaLocation="http://www.topografix.com/GPX/1/1 http://www.topografix.com/GPX/1/1/gpx.xsd" version="1.1" creator="gpx.py -- https://github.com/tkrajina/gpxpy">
  <trk>
    <name>gpx from keep</name>
    <type>Walk</type>
    <trkseg>
      <trkpt lat="34.22258173281836" lon="108.87768385141372">
        <ele>410.33660464175045</ele>
        <time>2026-01-07T11:10:33Z</time>
      </trkpt>
      <trkpt lat="34.22258145333247" lon="108.87768368185475">
        <ele>410.3394795237109</ele>
        <time>2026-01-07T11:10:33.900000Z</time>
      </trkpt>
      <trkpt lat="34.222580961462555" lon="108.87768380108837">
        <ele>410.3431499423459</ele>
        <time>2026-01-07T11:10:35.200000Z</time>
      </trkpt>
      <trkpt lat="34.222581051403736" lon="108.8776852270299">
        <ele>410.3461426338181</ele>
        <time>2026-01-07T11:10:36.200000Z</time>
      </trkpt>
      <trkpt lat="34.22258183922101" lon="108.87768756085066">
        <ele>410.34801243338734</ele>
        <time>2026-01-07T11:10:36.700000Z</time>
      </trkpt>
      <trkpt lat="34.22258710586072" lon="108.87769841741279">
        <ele>410.35078661423177</ele>
        <time>2026-01-07T11:10:37.700000Z</time>
      </trkpt>
      <trkpt lat="34.22259570995787" lon="108.87771327450014">
        <ele>410.35256794001907</ele>
        <time>2026-01-07T11:10:38.700000Z</time>
      </trkpt>
      <trkpt lat="34.22260464399033" lon="108.8777262655265">
        <ele>410.3542302791029</ele>
        <time>2026-01-07T11:10:39.700000Z</time>
      </trkpt>
      <trkpt lat="34.222612806048566" lon="108.87773569798902">
        <ele>410.35550545156</ele>
        <time>2026-01-07T11:10:40.700000Z</time>
      </trkpt>
      <trkpt lat="34.22261960630348" lon="108.87774094059117">
        <ele>410.356179933995</ele>
        <time>2026-01-07T11:10:41.700000Z</time>
      </trkpt>
      <trkpt lat="34.22262441516066" lon="108.87774258541609">
        <ele>410.3575401697308</ele>
        <time>2026-01-07T11:10:42.700000Z</time>
      </trkpt>
      <trkpt lat="34.222627348581106" lon="108.87774229168164">
        <ele>410.35941558424383</ele>
        <time>2026-01-07T11:10:43.700000Z</time>
      </trkpt>
      <trkpt lat="34.222629365936704" lon="108.87774175492657">
        <ele>410.3609770257026</ele>
        <time>2026-01-07T11:10:44.700000Z</time>
      </trkpt>
      <trkpt lat="34.22263090066882" lon="108.87774178109348">
        <ele>410.36246101837605</ele>
        <time>2026-01-07T11:10:45.700000Z</time>
      </trkpt>
      <trkpt lat="34.22263197006813" lon="108.87774249841101">
        <ele>410.36382042896</ele>
        <time>2026-01-07T11:10:46.700000Z</time>
      </trkpt>
      <trkpt lat="34.222632643919944" lon="108.87774342872565">
        <ele>410.3651871262118</ele>
        <time>2026-01-07T11:10:47.700000Z</time>
      </trkpt>
      <trkpt lat="34.22263332905445" lon="108.87774395442803">
        <ele>410.3664101706818</ele>
        <time>2026-01-07T11:10:48.700000Z</time>
      </trkpt>
      <trkpt lat="34.222634456437426" lon="108.87774391029895">
        <ele>410.36797647271305</ele>
        <time>2026-01-07T11:10:49.700000Z</time>
      </trkpt>
      <trkpt lat="34.2226365148211" lon="108.87774360552343">
        <ele>410.3697858406231</ele>
        <time>2026-01-07T11:10:50.700000Z</time>
      </trkpt>
      <trkpt lat="34.222641272742074" lon="108.87774363557523">
        <ele>410.37200369592756</ele>
        <time>2026-01-07T11:10:51.700000Z</time>
      </trkpt>
      <trkpt lat="34.222653394484034" lon="108.87774694064369">
        <ele>410.37395360320807</ele>
        <time>2026-01-07T11:10:53.300000Z</time>
      </trkpt>
      <trkpt lat="34.22266215780887" lon="108.87775191424971">
        <ele>410.3751119496301</ele>
        <time>2026-01-07T11:10:54.300000Z</time>
      </trkpt>
      <trkpt lat="34.22266943803728" lon="108.87775851768389">
        <ele>410.37592602241784</ele>
        <time>2026-01-07T11:10:55.300000Z</time>
      </trkpt>
      <trkpt lat="34.22267468724938" lon="108.87776589667159">
        <ele>410.3774213036522</ele>
        <time>2026-01-07T11:10:56.300000Z</time>
      </trkpt>
      <trkpt lat="34.22267768313849" lon="108.87777253701968">
        <ele>410.3790941350162</ele>
        <time>2026-01-07T11:10:57.300000Z</time>
      </trkpt>
      <trkpt lat="34.2226783835331" lon="108.87777634483923">
        <ele>410.3798809396103</ele>
        <time>2026-01-07T11:10:58.200000Z</time>
      </trkpt>
      <trkpt lat="34.222675213682535" lon="108.8777817706348">
        <ele>410.3809387451038</ele>
        <time>2026-01-07T11:10:59.200000Z</time>
      </trkpt>
      <trkpt lat="34.2226682432627" lon="108.87779025266006">
        <ele>410.3812825689092</ele>
        <time>2026-01-07T11:11:00.200000Z</time>
      </trkpt>
      <trkpt lat="34.22266065033192" lon="108.87779807724819">
        <ele>410.3812515763566</ele>
        <time>2026-01-07T11:11:01.200000Z</time>
      </trkpt>
      <trkpt lat="34.22265384550688" lon="108.87780575186879">
        <ele>410.3812222070992</ele>
        <time>2026-01-07T11:11:02.200000Z</time>
      </trkpt>
      <trkpt lat="34.22264739218051" lon="108.87781349114519">
        <ele>410.38169079087675</ele>
        <time>2026-01-07T11:11:03.200000Z</time>
      </trkpt>
      <trkpt lat="34.22263944303307" lon="108.87782172073148">
        <ele>410.3812338085845</ele>
        <time>2026-01-07T11:11:04.200000Z</time>
      </trkpt>
      <trkpt lat="34.222629673247376" lon="108.87782984515843">
        <ele>410.3803459117189</ele>
        <time>2026-01-07T11:11:05.200000Z</time>
      </trkpt>
      <trkpt lat="34.22262001240167" lon="108.87783680256197">
        <ele>410.3790037278086</ele>
        <time>2026-01-07T11:11:06.200000Z</time>
      </trkpt>
      <trkpt lat="34.222610895713174" lon="108.87784211659044">
        <ele>410.37760767899454</ele>
        <time>2026-01-07T11:11:07.200000Z</time>
      </trkpt>
      <trkpt lat="34.22260203501973" lon="108.8778447943523">
        <ele>410.37698762957007</ele>
        <time>2026-01-07T11:11:08.200000Z</time>
      </trkpt>
      <trkpt lat="34.22259473898428" lon="108.87784415684719">
        <ele>410.37543622311205</ele>
        <time>2026-01-07T11:11:09.200000Z</time>
      </trkpt>
      <trkpt lat="34.22258928269536" lon="108.87784240749369">
        <ele>410.3741835458204</ele>
        <time>2026-01-07T11:11:10.200000Z</time>
      </trkpt>
      <trkpt lat="34.222584038668266" lon="108.87784202359914">
        <ele>410.37260661646724</ele>
        <time>2026-01-07T11:11:11.200000Z</time>
      </trkpt>
      <trkpt lat="34.22257790430625" lon="108.87784238742286">
        <ele>410.3711570398882</ele>
        <time>2026-01-07T11:11:12.200000Z</time>
      </trkpt>
      <trkpt lat="34.22257094884396" lon="108.8778424248687">
        <ele>410.36962821986526</ele>
        <time>2026-01-07T11:11:13.200000Z</time>
      </trkpt>
      <trkpt lat="34.22256324539683" lon="108.87784236840169">
        <ele>410.3683920139447</ele>
        <time>2026-01-07T11:11:14.200000Z</time>
      </trkpt>
      <trkpt lat="34.22255449077487" lon="108.87784244567935">
        <ele>410.36785707529634</ele>
        <time>2026-01-07T11:11:15.200000Z</time>
      </trkpt>
      <trkpt lat="34.222546308886585" lon="108.87784128218894">
        <ele>410.3660594280809</ele>
        <time>2026-01-07T11:11:16.200000Z</time>
      </trkpt>
      <trkpt lat="34.22253986268043" lon="108.87783788547492">
        <ele>410.36406841967255</ele>
        <time>2026-01-07T11:11:17.200000Z</time>
      </trkpt>
      <trkpt lat="34.22253230436703" lon="108.87783347543288">
        <ele>410.36132634524256</ele>
        <time>2026-01-07T11:11:18.200000Z</time>
      </trkpt>
      <trkpt lat="34.22252165950403" lon="108.87783012442677">
        <ele>410.36040676757693</ele>
        <time>2026-01-07T11:11:19.200000Z</time>
      </trkpt>
      <trkpt lat="34.22250925682574" lon="108.87782712262097">
        <ele>410.35974617581815</ele>
        <time>2026-01-07T11:11:20.200000Z</time>
      </trkpt>
      <trkpt lat="34.22249542749872" lon="108.87782269614439">
        <ele>410.35871985182166</ele>
        <time>2026-01-07T11:11:21.200000Z</time>
      </trkpt>
      <trkpt lat="34.222480013140704" lon="108.87781717613503">
        <ele>410.3588034771383</ele>
        <time>2026-01-07T11:11:22.200000Z</time>
      </trkpt>
      <trkpt lat="34.222463852994856" lon="108.87781124586147">
        <ele>410.3595227031037</ele>
        <time>2026-01-07T11:11:23.200000Z</time>
      </trkpt>
      <trkpt lat="34.22244805148418" lon="108.87780593565024">
        <ele>410.36125526949763</ele>
        <time>2026-01-07T11:11:24.200000Z</time>
      </trkpt>
      <trkpt lat="34.22243322070428" lon="108.87780165439051">
        <ele>410.3643714552745</ele>
        <time>2026-01-07T11:11:25.200000Z</time>
      </trkpt>
      <trkpt lat="34.222419412300205" lon="108.8777984694658">
        <ele>410.36944404337555</ele>
        <time>2026-01-07T11:11:26.200000Z</time>
      </trkpt>
      <trkpt lat="34.22240633243943" lon="108.87779657377502">
        <ele>410.37505811546</ele>
        <time>2026-01-07T11:11:27.200000Z</time>
      </trkpt>
      <trkpt lat="34.22239427058661" lon="108.87779563198512">
        <ele>410.38162783998996</ele>
        <time>2026-01-07T11:11:28.200000Z</time>
      </trkpt>
      <trkpt lat="34.22238282062722" lon="108.877795587">
        <ele>410.3882614597678</ele>
        <time>2026-01-07T11:11:29.200000Z</time>
      </trkpt>
      <trkpt lat="34.22237180681143" lon="108.87779687224355">
        <ele>410.3968096310273</ele>
        <time>2026-01-07T11:11:30.200000Z</time>
      </trkpt>
      <trkpt lat="34.22236172549739" lon="108.87779943099399">
        <ele>410.40650960151106</ele>
        <time>2026-01-07T11:11:31.200000Z</time>
      </trkpt>
      <trkpt lat="34.22235194605294" lon="108.87780276027678">
        <ele>410.41657786630094</ele>
        <time>2026-01-07T11:11:32.200000Z</time>
      </trkpt>
      <trkpt lat="34.22234221223656" lon="108.87780650075499">
        <ele>410.4280632706359</ele>
        <time>2026-01-07T11:11:33.200000Z</time>
      </trkpt>
      <trkpt lat="34.22233328943814" lon="108.87781017966473">
        <ele>410.4406061396003</ele>
        <time>2026-01-07T11:11:34.200000Z</time>
      </trkpt>
      <trkpt lat="34.22232570253164" lon="108.87781358415026">
        <ele>410.454375279136</ele>
        <time>2026-01-07T11:11:35.200000Z</time>
      </trkpt>
      <trkpt lat="34.22231908570956" lon="108.87781690549087">
        <ele>410.46957909781486</ele>
        <time>2026-01-07T11:11:36.200000Z</time>
      </trkpt>
      <trkpt lat="34.22231174419658" lon="108.87782043319152">
        <ele>410.48671616148204</ele>
        <time>2026-01-07T11:11:37.200000Z</time>
      </trkpt>
      <trkpt lat="34.22230319843537" lon="108.87782437198265">
        <ele>410.5047936728224</ele>
        <time>2026-01-07T11:11:38.200000Z</time>
      </trkpt>
      <trkpt lat="34.22229424478701" lon="108.87782911948169">
        <ele>410.5237495973706</ele>
        <time>2026-01-07T11:11:39.200000Z</time>
      </trkpt>
      <trkpt lat="34.22228448861121" lon="108.87783542041716">
        <ele>410.5434073135257</ele>
        <time>2026-01-07T11:11:40.200000Z</time>
      </trkpt>
      <trkpt lat="34.222274416797205" lon="108.87784329703948">
        <ele>410.5644525485113</ele>
        <time>2026-01-07T11:11:41.200000Z</time>
      </trkpt>
      <trkpt lat="34.22226548750532" lon="108.87785200062908">
        <ele>410.58712018094957</ele>
        <time>2026-01-07T11:11:42.200000Z</time>
      </trkpt>
      <trkpt lat="34.22225836470985" lon="108.87786105781261">
        <ele>410.61040216404945</ele>
        <time>2026-01-07T11:11:43.200000Z</time>
      </trkpt>
      <trkpt lat="34.222251749497346" lon="108.87787146467282">
        <ele>410.63441293220967</ele>
        <time>2026-01-07T11:11:44.200000Z</time>
      </trkpt>
      <trkpt lat="34.222245051067986" lon="108.8778832014824">
        <ele>410.659247899428</ele>
        <time>2026-01-07T11:11:45.200000Z</time>
      </trkpt>
      <trkpt lat="34.22223904344631" lon="108.87789502767829">
        <ele>410.6841880613938</ele>
        <time>2026-01-07T11:11:46.200000Z</time>
      </trkpt>
      <trkpt lat="34.22223340598539" lon="108.87790735454384">
        <ele>410.7104605427012</ele>
        <time>2026-01-07T11:11:47.200000Z</time>
      </trkpt>
      <trkpt lat="34.22222743205451" lon="108.87792135415876">
        <ele>410.7369916494936</ele>
        <time>2026-01-07T11:11:48.200000Z</time>
      </trkpt>
      <trkpt lat="34.22222191940993" lon="108.87793603057955">
        <ele>410.7644828148186</ele>
        <time>2026-01-07T11:11:49.200000Z</time>
      </trkpt>
      <trkpt lat="34.22221794251989" lon="108.87794890615866">
        <ele>410.79232965409756</ele>
        <time>2026-01-07T11:11:50.200000Z</time>
      </trkpt>
      <trkpt lat="34.222214874550005" lon="108.87796032027036">
        <ele>410.81925517413765</ele>
        <time>2026-01-07T11:11:51.200000Z</time>
      </trkpt>
      <trkpt lat="34.222211558615854" lon="108.87797258510194">
        <ele>410.84644028171897</ele>
        <time>2026-01-07T11:11:52.200000Z</time>
      </trkpt>
      <trkpt lat="34.22220797829576" lon="108.8779857733973">
        <ele>410.8723190948367</ele>
        <time>2026-01-07T11:11:53.200000Z</time>
      </trkpt>
      <trkpt lat="34.222204974782976" lon="108.87799755774634">
        <ele>410.89963119942695</ele>
        <time>2026-01-07T11:11:54.200000Z</time>
      </trkpt>
      <trkpt lat="34.222202672706416" lon="108.8780076652672">
        <ele>410.92612691409886</ele>
        <time>2026-01-07T11:11:55.200000Z</time>
      </trkpt>
      <trkpt lat="34.222200598721784" lon="108.87801783758668">
        <ele>410.95280691143125</ele>
        <time>2026-01-07T11:11:56.200000Z</time>
      </trkpt>
      <trkpt lat="34.22219852469204" lon="108.8780291664162">
        <ele>410.97903055977076</ele>
        <time>2026-01-07T11:11:57.200000Z</time>
      </trkpt>
      <trkpt lat="34.222196202448394" lon="108.87804240483358">
        <ele>411.0057314923033</ele>
        <time>2026-01-07T11:11:58.200000Z</time>
      </trkpt>
      <trkpt lat="34.22219400289094" lon="108.8780568761418">
        <ele>411.032466314733</ele>
        <time>2026-01-07T11:11:59.200000Z</time>
      </trkpt>
      <trkpt lat="34.22219293428072" lon="108.87807123377398">
        <ele>411.05919277574867</ele>
        <time>2026-01-07T11:12:00.200000Z</time>
      </trkpt>
      <trkpt lat="34.22219301874948" lon="108.87808563612144">
        <ele>411.08635483216494</ele>
        <time>2026-01-07T11:12:01.200000Z</time>
      </trkpt>
      <trkpt lat="34.22219337392923" lon="108.87809940127832">
        <ele>411.1134780915454</ele>
        <time>2026-01-07T11:12:02.200000Z</time>
      </trkpt>
      <trkpt lat="34.22219364068742" lon="108.87811160294918">
        <ele>411.1400536932051</ele>
        <time>2026-01-07T11:12:03.200000Z</time>
      </trkpt>
      <trkpt lat="34.22219391343979" lon="108.87812373510327">
        <ele>411.16640024632215</ele>
        <time>2026-01-07T11:12:04.200000Z</time>
      </trkpt>
      <trkpt lat="34.22219419208982" lon="108.87813703890542">
        <ele>411.19190329220146</ele>
        <time>2026-01-07T11:12:05.200000Z</time>
      </trkpt>
      <trkpt lat="34.222194672580045" lon="108.87815077817703">
        <ele>411.21835261862725</ele>
        <time>2026-01-07T11:12:06.200000Z</time>
      </trkpt>
      <trkpt lat="34.22219558313517" lon="108.87816403130468">
        <ele>411.2455043764785</ele>
        <time>2026-01-07T11:12:07.200000Z</time>
      </trkpt>
      <trkpt lat="34.22219666442791" lon="108.87817831321173">
        <ele>411.27183073665947</ele>
        <time>2026-01-07T11:12:08.200000Z</time>
      </trkpt>
      <trkpt lat="34.222197568227394" lon="108.87819525856504">
        <ele>411.29758185800165</ele>
        <time>2026-01-07T11:12:09.200000Z</time>
      </trkpt>
      <trkpt lat="34.22219815190481" lon="108.87821246542416">
        <ele>411.3230075640604</ele>
        <time>2026-01-07T11:12:10.200000Z</time>
      </trkpt>
      <trkpt lat="34.222198397261316" lon="108.8782288159414">
        <ele>411.34846240933985</ele>
        <time>2026-01-07T11:12:11.200000Z</time>
      </trkpt>
      <trkpt lat="34.222198445888814" lon="108.87824394872622">
        <ele>411.3739747852087</ele>
        <time>2026-01-07T11:12:12.200000Z</time>
      </trkpt>
      <trkpt lat="34.22219831180357" lon="108.87825756093173">
        <ele>411.39927917625755</ele>
        <time>2026-01-07T11:12:13.200000Z</time>
      </trkpt>
      <trkpt lat="34.22219821729583" lon="108.87827221537658">
        <ele>411.42470407672226</ele>
        <time>2026-01-07T11:12:14.200000Z</time>
      </trkpt>
      <trkpt lat="34.2221983683646" lon="108.87828780328">
        <ele>411.45064555015415</ele>
        <time>2026-01-07T11:12:15.200000Z</time>
      </trkpt>
      <trkpt lat="34.22219858419867" lon="108.87830270364591">
        <ele>411.47648631129414</ele>
        <time>2026-01-07T11:12:16.200000Z</time>
      </trkpt>
      <trkpt lat="34.2221986103481" lon="108.87831717542956">
        <ele>411.5010352162644</ele>
        <time>2026-01-07T11:12:17.200000Z</time>
      </trkpt>
      <trkpt lat="34.222198409952696" lon="108.87833220500603">
        <ele>411.5252219606191</ele>
        <time>2026-01-07T11:12:18.200000Z</time>
      </trkpt>
      <trkpt lat="34.22219778664819" lon="108.87834740218437">
        <ele>411.5478618517518</ele>
        <time>2026-01-07T11:12:19.200000Z</time>
      </trkpt>
      <trkpt lat="34.222196922113795" lon="108.87836176256474">
        <ele>411.57112469989806</ele>
        <time>2026-01-07T11:12:20.200000Z</time>
      </trkpt>
      <trkpt lat="34.2221956892906" lon="108.87837518769129">
        <ele>411.5941967116669</ele>
        <time>2026-01-07T11:12:21.200000Z</time>
      </trkpt>
      <trkpt lat="34.22219408597011" lon="108.87838767229319">
        <ele>411.6147140208632</ele>
        <time>2026-01-07T11:12:22.200000Z</time>
      </trkpt>
      <trkpt lat="34.22219199158872" lon="108.87839886535795">
        <ele>411.63504049461335</ele>
        <time>2026-01-07T11:12:23.200000Z</time>
      </trkpt>
      <trkpt lat="34.22218829777165" lon="108.87840927471233">
        <ele>411.65401372127235</ele>
        <time>2026-01-07T11:12:24.200000Z</time>
      </trkpt>
      <trkpt lat="34.22218303434458" lon="108.87842008724029">
        <ele>411.6720653688535</ele>
        <time>2026-01-07T11:12:25.200000Z</time>
      </trkpt>
      <trkpt lat="34.22217665203258" lon="108.87843185455658">
        <ele>411.689866932109</ele>
        <time>2026-01-07T11:12:26.200000Z</time>
      </trkpt>
      <trkpt lat="34.22216893862626" lon="108.87844420783594">
        <ele>411.7076878277585</ele>
        <time>2026-01-07T11:12:27.200000Z</time>
      </trkpt>
      <trkpt lat="34.22215903303513" lon="108.87845621911694">
        <ele>411.72371689789</ele>
        <time>2026-01-07T11:12:28.200000Z</time>
      </trkpt>
      <trkpt lat="34.22214605467655" lon="108.87846831431865">
        <ele>411.73897438216954</ele>
        <time>2026-01-07T11:12:29.200000Z</time>
      </trkpt>
      <trkpt lat="34.222131395318506" lon="108.8784802937611">
        <ele>411.75325984321535</ele>
        <time>2026-01-07T11:12:30.200000Z</time>
      </trkpt>
      <trkpt lat="34.22211585168653" lon="108.87849136160806">
        <ele>411.76902238931507</ele>
        <time>2026-01-07T11:12:31.200000Z</time>
      </trkpt>
      <trkpt lat="34.222099999505275" lon="108.87850087161773">
        <ele>411.7840960333124</ele>
        <time>2026-01-07T11:12:32.200000Z</time>
      </trkpt>
      <trkpt lat="34.22208396612481" lon="108.87850890366353">
        <ele>411.7991805803031</ele>
        <time>2026-01-07T11:12:33.200000Z</time>
      </trkpt>
      <trkpt lat="34.22206685952832" lon="108.87851691737468">
        <ele>411.81492578051984</ele>
        <time>2026-01-07T11:12:34.200000Z</time>
      </trkpt>
      <trkpt lat="34.22205027542005" lon="108.87852457374012">
        <ele>411.83107364643365</ele>
        <time>2026-01-07T11:12:35.200000Z</time>
      </trkpt>
      <trkpt lat="34.222034324743966" lon="108.87853171361002">
        <ele>411.8480727914721</ele>
        <time>2026-01-07T11:12:36.200000Z</time>
      </trkpt>
      <trkpt lat="34.22201796425444" lon="108.87853953520123">
        <ele>411.8660573512316</ele>
        <time>2026-01-07T11:12:37.200000Z</time>
      </trkpt>
      <trkpt lat="34.22200103846011" lon="108.87854804304233">
        <ele>411.88565594889224</ele>
        <time>2026-01-07T11:12:38.200000Z</time>
      </trkpt>
      <trkpt lat="34.22198360142474" lon="108.87855635861926">
        <ele>411.90693332627416</ele>
        <time>2026-01-07T11:12:39.200000Z</time>
      </trkpt>
      <trkpt lat="34.221966932205014" lon="108.87856415837855">
        <ele>411.9285374721512</ele>
        <time>2026-01-07T11:12:40.200000Z</time>
      </trkpt>
      <trkpt lat="34.22195058104788" lon="108.87857276017863">
        <ele>411.95137880183756</ele>
        <time>2026-01-07T11:12:41.200000Z</time>
      </trkpt>
      <trkpt lat="34.221933091208925" lon="108.87858267810232">
        <ele>411.9760467056185</ele>
        <time>2026-01-07T11:12:42.200000Z</time>
      </trkpt>
      <trkpt lat="34.221914975802996" lon="108.87859289033257">
        <ele>412.0021628867835</ele>
        <time>2026-01-07T11:12:43.200000Z</time>
      </trkpt>
      <trkpt lat="34.221898039004074" lon="108.87860095366817">
        <ele>412.02948198560625</ele>
        <time>2026-01-07T11:12:44.200000Z</time>
      </trkpt>
      <trkpt lat="34.221881912528744" lon="108.87860699941261">
        <ele>412.05775795597583</ele>
        <time>2026-01-07T11:12:45.200000Z</time>
      </trkpt>
      <trkpt lat="34.22186599454587" lon="108.87861307156548">
        <ele>412.0877243215218</ele>
        <time>2026-01-07T11:12:46.200000Z</time>
      </trkpt>
      <trkpt lat="34.22185185701058" lon="108.87861903692273">
        <ele>412.11883400939405</ele>
        <time>2026-01-07T11:12:47.200000Z</time>
      </trkpt>
      <trkpt lat="34.22183845474071" lon="108.87862553618164">
        <ele>412.15061597153544</ele>
        <time>2026-01-07T11:12:48.200000Z</time>
      </trkpt>
      <trkpt lat="34.2218251980097" lon="108.8786328995379">
        <ele>412.183093377389</ele>
        <time>2026-01-07T11:12:49.200000Z</time>
      </trkpt>
      <trkpt lat="34.22181274008196" lon="108.87864025816938">
        <ele>412.2166446009651</ele>
        <time>2026-01-07T11:12:50.200000Z</time>
      </trkpt>
      <trkpt lat="34.22180065497771" lon="108.87864710846841">
        <ele>412.250861749053</ele>
        <time>2026-01-07T11:12:51.200000Z</time>
      </trkpt>
      <trkpt lat="34.22178843243032" lon="108.87865441415354">
        <ele>412.2863213503733</ele>
        <time>2026-01-07T11:12:52.200000Z</time>
      </trkpt>
      <trkpt lat="34.221775538643435" lon="108.87866296275371">
        <ele>412.3232942102477</ele>
        <time>2026-01-07T11:12:53.200000Z</time>
      </trkpt>
      <trkpt lat="34.22176236202253" lon="108.87867207820173">
        <ele>412.360947733745</ele>
        <time>2026-01-07T11:12:54.200000Z</time>
      </trkpt>
      <trkpt lat="34.22174940151236" lon="108.87868061261884">
        <ele>412.3991690976545</ele>
        <time>2026-01-07T11:12:55.200000Z</time>
      </trkpt>
      <trkpt lat="34.2217359057278" lon="108.8786869769583">
        <ele>412.437814373523</ele>
        <time>2026-01-07T11:12:56.200000Z</time>
      </trkpt>
      <trkpt lat="34.22172223252049" lon="108.87868968295679">
        <ele>412.47634287085384</ele>
        <time>2026-01-07T11:12:57.200000Z</time>
      </trkpt>
      <trkpt lat="34.221709090064834" lon="108.87869008957061">
        <ele>412.5149979600683</ele>
        <time>2026-01-07T11:12:58.200000Z</time>
      </trkpt>
      <trkpt lat="34.22169690560413" lon="108.8786903119125">
        <ele>412.55365616548806</ele>
        <time>2026-01-07T11:12:59.200000Z</time>
      </trkpt>
      <trkpt lat="34.22168499974599" lon="108.87869092226579">
        <ele>412.59273559600115</ele>
        <time>2026-01-07T11:13:00.200000Z</time>
      </trkpt>
      <trkpt lat="34.22167127594897" lon="108.87869179654533">
        <ele>412.6315473448485</ele>
        <time>2026-01-07T11:13:01.200000Z</time>
      </trkpt>
      <trkpt lat="34.22165608138225" lon="108.87869225441806">
        <ele>412.66971701197326</ele>
        <time>2026-01-07T11:13:02.200000Z</time>
      </trkpt>
      <trkpt lat="34.22164014883022" lon="108.87869286900495">
        <ele>412.70735907834023</ele>
        <time>2026-01-07T11:13:03.200000Z</time>
      </trkpt>
      <trkpt lat="34.22162388465918" lon="108.87869471150432">
        <ele>412.7447881093249</ele>
        <time>2026-01-07T11:13:04.200000Z</time>
      </trkpt>
      <trkpt lat="34.22160862393493" lon="108.87869739827336">
        <ele>412.78172604646534</ele>
        <time>2026-01-07T11:13:05.200000Z</time>
      </trkpt>
      <trkpt lat="34.2215944751289" lon="108.87869989716297">
        <ele>412.81834264751524</ele>
        <time>2026-01-07T11:13:06.200000Z</time>
      </trkpt>
      <trkpt lat="34.22158080898753" lon="108.87870165934383">
        <ele>412.8545181043446</ele>
        <time>2026-01-07T11:13:07.200000Z</time>
      </trkpt>
      <trkpt lat="34.221567162826915" lon="108.87870262948455">
        <ele>412.8903591679409</ele>
        <time>2026-01-07T11:13:08.200000Z</time>
      </trkpt>
      <trkpt lat="34.221552926197646" lon="108.8787031467832">
        <ele>412.9265714874491</ele>
        <time>2026-01-07T11:13:09.200000Z</time>
      </trkpt>
      <trkpt lat="34.22153782073033" lon="108.87870341156841">
        <ele>412.96219203062356</ele>
        <time>2026-01-07T11:13:10.200000Z</time>
      </trkpt>
      <trkpt lat="34.2215218298901" lon="108.87870346355841">
        <ele>412.9960544174537</ele>
        <time>2026-01-07T11:13:11.200000Z</time>
      </trkpt>
      <trkpt lat="34.22150683758962" lon="108.87870361900643">
        <ele>413.0290775774047</ele>
        <time>2026-01-07T11:13:12.200000Z</time>
      </trkpt>
      <trkpt lat="34.221493089373915" lon="108.87870430504256">
        <ele>413.06074616126716</ele>
        <time>2026-01-07T11:13:13.200000Z</time>
      </trkpt>
      <trkpt lat="34.2214793408906" lon="108.87870543051463">
        <ele>413.09193230234087</ele>
        <time>2026-01-07T11:13:14.200000Z</time>
      </trkpt>
      <trkpt lat="34.221465318686036" lon="108.87870659291067">
        <ele>413.1221464443952</ele>
        <time>2026-01-07T11:13:15.200000Z</time>
      </trkpt>
      <trkpt lat="34.22145086385353" lon="108.87870725391666">
        <ele>413.15114734414965</ele>
        <time>2026-01-07T11:13:16.200000Z</time>
      </trkpt>
      <trkpt lat="34.221437044897975" lon="108.87870682319264">
        <ele>413.17957153264433</ele>
        <time>2026-01-07T11:13:17.200000Z</time>
      </trkpt>
      <trkpt lat="34.22142445433105" lon="108.8787055223826">
        <ele>413.20705227926373</ele>
        <time>2026-01-07T11:13:18.200000Z</time>
      </trkpt>
      <trkpt lat="34.221413249824565" lon="108.87870379405307">
        <ele>413.23413755744696</ele>
        <time>2026-01-07T11:13:19.200000Z</time>
      </trkpt>
      <trkpt lat="34.22140183541112" lon="108.87870158198304">
        <ele>413.25964143685997</ele>
        <time>2026-01-07T11:13:20.200000Z</time>
      </trkpt>
      <trkpt lat="34.221388213145104" lon="108.87869915281955">
        <ele>413.28469899483025</ele>
        <time>2026-01-07T11:13:21.200000Z</time>
      </trkpt>
      <trkpt lat="34.22137407729574" lon="108.87869737724206">
        <ele>413.30830100923777</ele>
        <time>2026-01-07T11:13:22.200000Z</time>
      </trkpt>
      <trkpt lat="34.22136094975761" lon="108.87869655686828">
        <ele>413.3306942516938</ele>
        <time>2026-01-07T11:13:23.200000Z</time>
      </trkpt>
      <trkpt lat="34.221347971049425" lon="108.8786960094846">
        <ele>413.35198656935245</ele>
        <time>2026-01-07T11:13:24.200000Z</time>
      </trkpt>
      <trkpt lat="34.22133401595522" lon="108.87869510744311">
        <ele>413.3722895216197</ele>
        <time>2026-01-07T11:13:25.200000Z</time>
      </trkpt>
      <trkpt lat="34.22131967541693" lon="108.8786938307141">
        <ele>413.39119843393564</ele>
        <time>2026-01-07T11:13:26.200000Z</time>
      </trkpt>
      <trkpt lat="34.221306669819114" lon="108.87869231890016">
        <ele>413.40895106829703</ele>
        <time>2026-01-07T11:13:27.200000Z</time>
      </trkpt>
      <trkpt lat="34.221294423172516" lon="108.87869041519751">
        <ele>413.42562840599567</ele>
        <time>2026-01-07T11:13:28.200000Z</time>
      </trkpt>
      <trkpt lat="34.22128148382105" lon="108.87868788856244">
        <ele>413.440946623683</ele>
        <time>2026-01-07T11:13:29.200000Z</time>
      </trkpt>
      <trkpt lat="34.22126881807016" lon="108.87868469120318">
        <ele>413.454811883159</ele>
        <time>2026-01-07T11:13:30.200000Z</time>
      </trkpt>
      <trkpt lat="34.22125680608513" lon="108.8786808410349">
        <ele>413.4674323471263</ele>
        <time>2026-01-07T11:13:31.200000Z</time>
      </trkpt>
      <trkpt lat="34.22124603102872" lon="108.87867718804009">
        <ele>413.4789027078077</ele>
        <time>2026-01-07T11:13:32.200000Z</time>
      </trkpt>
      <trkpt lat="34.22123712981828" lon="108.87867406171488">
        <ele>413.4894178174436</ele>
        <time>2026-01-07T11:13:33.200000Z</time>
      </trkpt>
      <trkpt lat="34.22122912069373" lon="108.87867116700865">
        <ele>413.4991166833788</ele>
        <time>2026-01-07T11:13:34.200000Z</time>
      </trkpt>
      <trkpt lat="34.221221228938184" lon="108.87866842005097">
        <ele>413.5069057671353</ele>
        <time>2026-01-07T11:13:35.200000Z</time>
      </trkpt>
      <trkpt lat="34.22121277699201" lon="108.87866593191289">
        <ele>413.51428100280464</ele>
        <time>2026-01-07T11:13:36.200000Z</time>
      </trkpt>
      <trkpt lat="34.22120154055311" lon="108.87866411177497">
        <ele>413.5210567880422</ele>
        <time>2026-01-07T11:13:37.200000Z</time>
      </trkpt>
      <trkpt lat="34.22118623142026" lon="108.87866256991114">
        <ele>413.5274097863585</ele>
        <time>2026-01-07T11:13:38.200000Z</time>
      </trkpt>
      <trkpt lat="34.22117105011304" lon="108.8786614714485">
        <ele>413.5338733382523</ele>
        <time>2026-01-07T11:13:39.200000Z</time>
      </trkpt>
      <trkpt lat="34.22115847112185" lon="108.87866038863987">
        <ele>413.5401884717867</ele>
        <time>2026-01-07T11:13:40.200000Z</time>
      </trkpt>
      <trkpt lat="34.22114740935938" lon="108.87865831497072">
        <ele>413.5473193526268</ele>
        <time>2026-01-07T11:13:41.200000Z</time>
      </trkpt>
      <trkpt lat="34.22113815781374" lon="108.87865575891506">
        <ele>413.5549777671695</ele>
        <time>2026-01-07T11:13:42.200000Z</time>
      </trkpt>
      <trkpt lat="34.22112910334849" lon="108.87865344977779">
        <ele>413.5635596672073</ele>
        <time>2026-01-07T11:13:43.200000Z</time>
      </trkpt>
      <trkpt lat="34.2211187854695" lon="108.87865238758333">
        <ele>413.5725882668048</ele>
        <time>2026-01-07T11:13:44.200000Z</time>
      </trkpt>
      <trkpt lat="34.221108047520765" lon="108.87865311511113">
        <ele>413.58230486512184</ele>
        <time>2026-01-07T11:13:45.200000Z</time>
      </trkpt>
      <trkpt lat="34.22109764937946" lon="108.87865443638894">
        <ele>413.59474163874984</ele>
        <time>2026-01-07T11:13:46.200000Z</time>
      </trkpt>
      <trkpt lat="34.22108693884704" lon="108.87865466113539">
        <ele>413.6088456213474</ele>
        <time>2026-01-07T11:13:47.200000Z</time>
      </trkpt>
      <trkpt lat="34.221075909512656" lon="108.87865375634676">
        <ele>413.6250089276582</ele>
        <time>2026-01-07T11:13:48.200000Z</time>
      </trkpt>
      <trkpt lat="34.2210657509899" lon="108.87865242677081">
        <ele>413.6424824092537</ele>
        <time>2026-01-07T11:13:49.200000Z</time>
      </trkpt>
      <trkpt lat="34.22105442474942" lon="108.87865111414878">
        <ele>413.66174485813826</ele>
        <time>2026-01-07T11:13:50.200000Z</time>
      </trkpt>
      <trkpt lat="34.221042160520014" lon="108.87865074382715">
        <ele>413.6830234443769</ele>
        <time>2026-01-07T11:13:51.200000Z</time>
      </trkpt>
      <trkpt lat="34.22103064524125" lon="108.87865164676927">
        <ele>413.7059465171769</ele>
        <time>2026-01-07T11:13:52.200000Z</time>
      </trkpt>
      <trkpt lat="34.22101902289413" lon="108.87865321776383">
        <ele>413.7317357584834</ele>
        <time>2026-01-07T11:13:53.200000Z</time>
      </trkpt>
      <trkpt lat="34.22100752822533" lon="108.87865509145935">
        <ele>413.7574428822845</ele>
        <time>2026-01-07T11:13:54.200000Z</time>
      </trkpt>
      <trkpt lat="34.220996567176215" lon="108.87865706310993">
        <ele>413.7858582045883</ele>
        <time>2026-01-07T11:13:55.200000Z</time>
      </trkpt>
      <trkpt lat="34.22098649936723" lon="108.8786584599783">
        <ele>413.815689580515</ele>
        <time>2026-01-07T11:13:56.200000Z</time>
      </trkpt>
      <trkpt lat="34.220976812308784" lon="108.87865874307056">
        <ele>413.84715576283634</ele>
        <time>2026-01-07T11:13:57.200000Z</time>
      </trkpt>
      <trkpt lat="34.22096522431837" lon="108.87865891491124">
        <ele>413.8802451258525</ele>
        <time>2026-01-07T11:13:58.200000Z</time>
      </trkpt>
      <trkpt lat="34.22095252002802" lon="108.87866022196718">
        <ele>413.9148327251896</ele>
        <time>2026-01-07T11:13:59.200000Z</time>
      </trkpt>
      <trkpt lat="34.22094066895275" lon="108.87866232041945">
        <ele>413.951118260622</ele>
        <time>2026-01-07T11:14:00.200000Z</time>
      </trkpt>
      <trkpt lat="34.22092797949851" lon="108.8786648134168">
        <ele>413.99300301540643</ele>
        <time>2026-01-07T11:14:01.300000Z</time>
      </trkpt>
      <trkpt lat="34.220917792519764" lon="108.87866643685292">
        <ele>414.0289542032406</ele>
        <time>2026-01-07T11:14:02.200000Z</time>
      </trkpt>
      <trkpt lat="34.220905434597874" lon="108.87866745033625">
        <ele>414.069361763075</ele>
        <time>2026-01-07T11:14:03.200000Z</time>
      </trkpt>
      <trkpt lat="34.220891855666025" lon="108.878668328463">
        <ele>414.11093187797815</ele>
        <time>2026-01-07T11:14:04.200000Z</time>
      </trkpt>
      <trkpt lat="34.220879075801975" lon="108.8786694457824">
        <ele>414.1524348370731</ele>
        <time>2026-01-07T11:14:05.200000Z</time>
      </trkpt>
      <trkpt lat="34.220867404529905" lon="108.87867048048093">
        <ele>414.1951897079125</ele>
        <time>2026-01-07T11:14:06.200000Z</time>
      </trkpt>
      <trkpt lat="34.22085558733575" lon="108.87867128756656">
        <ele>414.2384595880285</ele>
        <time>2026-01-07T11:14:07.200000Z</time>
      </trkpt>
      <trkpt lat="34.22084317419329" lon="108.87867226217283">
        <ele>414.28150183707476</ele>
        <time>2026-01-07T11:14:08.200000Z</time>
      </trkpt>
      <trkpt lat="34.22083149822971" lon="108.87867338074975">
        <ele>414.3241879604757</ele>
        <time>2026-01-07T11:14:09.200000Z</time>
      </trkpt>
      <trkpt lat="34.220831434085866" lon="108.87867338160328">
        <ele>414.3244099812582</ele>
        <time>2026-01-07T11:14:09.200000Z</time>
      </trkpt>
      <trkpt lat="34.22082122462377" lon="108.8786737952237">
        <ele>414.3672764636576</ele>
        <time>2026-01-07T11:14:10.200000Z</time>
      </trkpt>
      <trkpt lat="34.22081130780299" lon="108.87867286554041">
        <ele>414.41035891789943</ele>
        <time>2026-01-07T11:14:11.200000Z</time>
      </trkpt>
      <trkpt lat="34.2208011807713" lon="108.87867106523447">
        <ele>414.45382769871503</ele>
        <time>2026-01-07T11:14:12.200000Z</time>
      </trkpt>
      <trkpt lat="34.22079144389632" lon="108.87866914204244">
        <ele>414.49670430086553</ele>
        <time>2026-01-07T11:14:13.200000Z</time>
      </trkpt>
      <trkpt lat="34.220781445327304" lon="108.87866764513423">
        <ele>414.5401649903506</ele>
        <time>2026-01-07T11:14:14.200000Z</time>
      </trkpt>
      <trkpt lat="34.22077055067523" lon="108.87866674563536">
        <ele>414.58390032779425</ele>
        <time>2026-01-07T11:14:15.200000Z</time>
      </trkpt>
      <trkpt lat="34.22075876370045" lon="108.87866611270175">
        <ele>414.6277856742963</ele>
        <time>2026-01-07T11:14:16.200000Z</time>
      </trkpt>
      <trkpt lat="34.220746497174794" lon="108.87866550850848">
        <ele>414.67205681838095</ele>
        <time>2026-01-07T11:14:17.200000Z</time>
      </trkpt>
      <trkpt lat="34.2207346532052" lon="108.87866481570647">
        <ele>414.71665014419705</ele>
        <time>2026-01-07T11:14:18.200000Z</time>
      </trkpt>
      <trkpt lat="34.22072423849857" lon="108.8786640167731">
        <ele>414.7619791124016</ele>
        <time>2026-01-07T11:14:19.200000Z</time>
      </trkpt>
      <trkpt lat="34.22071476824856" lon="108.87866306514445">
        <ele>414.80785800050944</ele>
        <time>2026-01-07T11:14:20.200000Z</time>
      </trkpt>
      <trkpt lat="34.22070417397109" lon="108.8786619906899">
        <ele>414.8544990476221</ele>
        <time>2026-01-07T11:14:21.200000Z</time>
      </trkpt>
      <trkpt lat="34.220691802048954" lon="108.87866090883097">
        <ele>414.90123399626464</ele>
        <time>2026-01-07T11:14:22.200000Z</time>
      </trkpt>
      <trkpt lat="34.220678106730226" lon="108.8786602550133">
        <ele>414.94848220050335</ele>
        <time>2026-01-07T11:14:23.200000Z</time>
      </trkpt>
      <trkpt lat="34.22066373548907" lon="108.87866014933455">
        <ele>414.9957664590329</ele>
        <time>2026-01-07T11:14:24.200000Z</time>
      </trkpt>
      <trkpt lat="34.220649629945086" lon="108.87866019534374">
        <ele>415.04287046566606</ele>
        <time>2026-01-07T11:14:25.200000Z</time>
      </trkpt>
      <trkpt lat="34.2206372894495" lon="108.87866066669493">
        <ele>415.0898644728586</ele>
        <time>2026-01-07T11:14:26.200000Z</time>
      </trkpt>
      <trkpt lat="34.22062641817786" lon="108.87866123068667">
        <ele>415.1366771571338</ele>
        <time>2026-01-07T11:14:27.200000Z</time>
      </trkpt>
      <trkpt lat="34.220614949898454" lon="108.87866128582849">
        <ele>415.1829468496144</ele>
        <time>2026-01-07T11:14:28.200000Z</time>
      </trkpt>
      <trkpt lat="34.220602078750396" lon="108.87866107106353">
        <ele>415.228962905705</ele>
        <time>2026-01-07T11:14:29.200000Z</time>
      </trkpt>
      <trkpt lat="34.22058893625312" lon="108.87866086359755">
        <ele>415.27422366756946</ele>
        <time>2026-01-07T11:14:30.200000Z</time>
      </trkpt>
      <trkpt lat="34.220575448010656" lon="108.87866049545218">
        <ele>415.31882599554956</ele>
        <time>2026-01-07T11:14:31.200000Z</time>
      </trkpt>
      <trkpt lat="34.22056156467849" lon="108.87866011806544">
        <ele>415.36281014047563</ele>
        <time>2026-01-07T11:14:32.200000Z</time>
      </trkpt>
      <trkpt lat="34.22054838953891" lon="108.8786596864909">
        <ele>415.4049184313044</ele>
        <time>2026-01-07T11:14:33.200000Z</time>
      </trkpt>
      <trkpt lat="34.22053495107679" lon="108.87865896047697">
        <ele>415.4455713927746</ele>
        <time>2026-01-07T11:14:34.200000Z</time>
      </trkpt>
      <trkpt lat="34.22052095526102" lon="108.8786585340138">
        <ele>415.48478636704385</ele>
        <time>2026-01-07T11:14:35.200000Z</time>
      </trkpt>
      <trkpt lat="34.22050667085049" lon="108.8786587063141">
        <ele>415.52206428162754</ele>
        <time>2026-01-07T11:14:36.200000Z</time>
      </trkpt>
      <trkpt lat="34.22049221459448" lon="108.8786597062494">
        <ele>415.5576466899365</ele>
        <time>2026-01-07T11:14:37.200000Z</time>
      </trkpt>
      <trkpt lat="34.22047919517443" lon="108.87866161199396">
        <ele>415.59112629201263</ele>
        <time>2026-01-07T11:14:38.200000Z</time>
      </trkpt>
      <trkpt lat="34.22046726058292" lon="108.87866350919803">
        <ele>415.6226576678455</ele>
        <time>2026-01-07T11:14:39.200000Z</time>
      </trkpt>
      <trkpt lat="34.22045565806686" lon="108.87866466138517">
        <ele>415.65182433091104</ele>
        <time>2026-01-07T11:14:40.200000Z</time>
      </trkpt>
      <trkpt lat="34.22044343539081" lon="108.87866555365932">
        <ele>415.6786786094308</ele>
        <time>2026-01-07T11:14:41.200000Z</time>
      </trkpt>
      <trkpt lat="34.22042997545431" lon="108.87866702034525">
        <ele>415.703082206659</ele>
        <time>2026-01-07T11:14:42.200000Z</time>
      </trkpt>
      <trkpt lat="34.22041581862804" lon="108.8786691424917">
        <ele>415.7248368887231</ele>
        <time>2026-01-07T11:14:43.200000Z</time>
      </trkpt>
      <trkpt lat="34.2204010012533" lon="108.87867145110225">
        <ele>415.74358579237014</ele>
        <time>2026-01-07T11:14:44.200000Z</time>
      </trkpt>
      <trkpt lat="34.220385706566404" lon="108.87867370668256">
        <ele>415.76010109856725</ele>
        <time>2026-01-07T11:14:45.200000Z</time>
      </trkpt>
      <trkpt lat="34.2203698953813" lon="108.87867583609213">
        <ele>415.77320773154497</ele>
        <time>2026-01-07T11:14:46.200000Z</time>
      </trkpt>
      <trkpt lat="34.220354424969855" lon="108.87867745124589">
        <ele>415.7841529902071</ele>
        <time>2026-01-07T11:14:47.200000Z</time>
      </trkpt>
      <trkpt lat="34.22033956792351" lon="108.87867786087848">
        <ele>415.7923493022099</ele>
        <time>2026-01-07T11:14:48.200000Z</time>
      </trkpt>
      <trkpt lat="34.22032529540457" lon="108.87867742939783">
        <ele>415.79984016530216</ele>
        <time>2026-01-07T11:14:49.200000Z</time>
      </trkpt>
      <trkpt lat="34.22031172138331" lon="108.87867698609624">
        <ele>415.805430829525</ele>
        <time>2026-01-07T11:14:50.200000Z</time>
      </trkpt>
      <trkpt lat="34.22029943871881" lon="108.87867675838861">
        <ele>415.80957660544664</ele>
        <time>2026-01-07T11:14:51.200000Z</time>
      </trkpt>
      <trkpt lat="34.22028863964942" lon="108.87867657585755">
        <ele>415.8119968259707</ele>
        <time>2026-01-07T11:14:52.200000Z</time>
      </trkpt>
      <trkpt lat="34.220277456154484" lon="108.87867620191902">
        <ele>415.8130773678422</ele>
        <time>2026-01-07T11:14:53.200000Z</time>
      </trkpt>
      <trkpt lat="34.22026559885696" lon="108.87867564108525">
        <ele>415.8137376597151</ele>
        <time>2026-01-07T11:14:54.200000Z</time>
      </trkpt>
      <trkpt lat="34.2202536606095" lon="108.8786747723518">
        <ele>415.81296127289534</ele>
        <time>2026-01-07T11:14:55.200000Z</time>
      </trkpt>
      <trkpt lat="34.220241480903205" lon="108.8786737244993">
        <ele>415.81173602864146</ele>
        <time>2026-01-07T11:14:56.200000Z</time>
      </trkpt>
      <trkpt lat="34.220229427273445" lon="108.87867268957213">
        <ele>415.8099754769355</ele>
        <time>2026-01-07T11:14:57.200000Z</time>
      </trkpt>
      <trkpt lat="34.220218267292935" lon="108.87867169786205">
        <ele>415.8079029871151</ele>
        <time>2026-01-07T11:14:58.200000Z</time>
      </trkpt>
      <trkpt lat="34.22020686127862" lon="108.87867091263898">
        <ele>415.80541262961924</ele>
        <time>2026-01-07T11:14:59.200000Z</time>
      </trkpt>
      <trkpt lat="34.22019408309919" lon="108.87867016667035">
        <ele>415.8027336988598</ele>
        <time>2026-01-07T11:15:00.200000Z</time>
      </trkpt>
      <trkpt lat="34.220180898080194" lon="108.8786692735376">
        <ele>415.7998540503904</ele>
        <time>2026-01-07T11:15:01.200000Z</time>
      </trkpt>
      <trkpt lat="34.220168884235065" lon="108.87866853533795">
        <ele>415.79732981789857</ele>
        <time>2026-01-07T11:15:02.200000Z</time>
      </trkpt>
      <trkpt lat="34.22015726145267" lon="108.87866819173203">
        <ele>415.79486039374024</ele>
        <time>2026-01-07T11:15:03.200000Z</time>
      </trkpt>
      <trkpt lat="34.220144485131904" lon="108.87866827507032">
        <ele>415.7921681292355</ele>
        <time>2026-01-07T11:15:04.200000Z</time>
      </trkpt>
      <trkpt lat="34.22013203597547" lon="108.87866872293773">
        <ele>415.7898886082694</ele>
        <time>2026-01-07T11:15:05.200000Z</time>
      </trkpt>
      <trkpt lat="34.220120465552576" lon="108.87866939996918">
        <ele>415.7872702833265</ele>
        <time>2026-01-07T11:15:06.200000Z</time>
      </trkpt>
      <trkpt lat="34.22010950899136" lon="108.87867021764995">
        <ele>415.7844556197524</ele>
        <time>2026-01-07T11:15:07.200000Z</time>
      </trkpt>
      <trkpt lat="34.220098021818224" lon="108.87867110934047">
        <ele>415.7819230770692</ele>
        <time>2026-01-07T11:15:08.200000Z</time>
      </trkpt>
      <trkpt lat="34.22008520113105" lon="108.87867199378161">
        <ele>415.7799259349704</ele>
        <time>2026-01-07T11:15:09.200000Z</time>
      </trkpt>
      <trkpt lat="34.22007215757813" lon="108.8786729102259">
        <ele>415.7782598230988</ele>
        <time>2026-01-07T11:15:10.200000Z</time>
      </trkpt>
      <trkpt lat="34.22005901479471" lon="108.87867358060873">
        <ele>415.77733038086444</ele>
        <time>2026-01-07T11:15:11.200000Z</time>
      </trkpt>
      <trkpt lat="34.22004570341493" lon="108.87867356122949">
        <ele>415.77730826754123</ele>
        <time>2026-01-07T11:15:12.200000Z</time>
      </trkpt>
      <trkpt lat="34.22003247366054" lon="108.87867285269579">
        <ele>415.77828593738377</ele>
        <time>2026-01-07T11:15:13.200000Z</time>
      </trkpt>
      <trkpt lat="34.22002000032552" lon="108.87867191198218">
        <ele>415.78073601424694</ele>
        <time>2026-01-07T11:15:14.200000Z</time>
      </trkpt>
      <trkpt lat="34.220008031702775" lon="108.87867093743354">
        <ele>415.78470517881215</ele>
        <time>2026-01-07T11:15:15.200000Z</time>
      </trkpt>
      <trkpt lat="34.21999571811587" lon="108.87866970385919">
        <ele>415.7901187585667</ele>
        <time>2026-01-07T11:15:16.200000Z</time>
      </trkpt>
      <trkpt lat="34.21998303326809" lon="108.87866831221542">
        <ele>415.7973606614396</ele>
        <time>2026-01-07T11:15:17.200000Z</time>
      </trkpt>
      <trkpt lat="34.21997033917023" lon="108.87866713861175">
        <ele>415.8062233608216</ele>
        <time>2026-01-07T11:15:18.200000Z</time>
      </trkpt>
      <trkpt lat="34.2199591796338" lon="108.8786665437582">
        <ele>415.81691521033645</ele>
        <time>2026-01-07T11:15:19.200000Z</time>
      </trkpt>
      <trkpt lat="34.21995000740401" lon="108.8786667691643">
        <ele>415.82981496769935</ele>
        <time>2026-01-07T11:15:20.200000Z</time>
      </trkpt>
      <trkpt lat="34.21994151842707" lon="108.87866764216798">
        <ele>415.84490614943206</ele>
        <time>2026-01-07T11:15:21.200000Z</time>
      </trkpt>
      <trkpt lat="34.2199322930639" lon="108.87866890602301">
        <ele>415.86217365507036</ele>
        <time>2026-01-07T11:15:22.200000Z</time>
      </trkpt>
      <trkpt lat="34.21992198333676" lon="108.8786705347102">
        <ele>415.88171920832247</ele>
        <time>2026-01-07T11:15:23.200000Z</time>
      </trkpt>
      <trkpt lat="34.219911944973596" lon="108.87867251583215">
        <ele>415.90351554378867</ele>
        <time>2026-01-07T11:15:24.200000Z</time>
      </trkpt>
      <trkpt lat="34.219902377014265" lon="108.87867502316871">
        <ele>415.92741462308913</ele>
        <time>2026-01-07T11:15:25.200000Z</time>
      </trkpt>
      <trkpt lat="34.21989276933854" lon="108.87867819556149">
        <ele>415.95331821311265</ele>
        <time>2026-01-07T11:15:26.200000Z</time>
      </trkpt>
      <trkpt lat="34.21988359689717" lon="108.87868219847644">
        <ele>415.9810169804841</ele>
        <time>2026-01-07T11:15:27.200000Z</time>
      </trkpt>
      <trkpt lat="34.21987490468668" lon="108.87868811535154">
        <ele>416.01035322248936</ele>
        <time>2026-01-07T11:15:28.200000Z</time>
      </trkpt>
      <trkpt lat="34.21986712727991" lon="108.87869626076035">
        <ele>416.0409757150337</ele>
        <time>2026-01-07T11:15:29.200000Z</time>
      </trkpt>
      <trkpt lat="34.21986000565113" lon="108.87870528822769">
        <ele>416.07244397420436</ele>
        <time>2026-01-07T11:15:30.200000Z</time>
      </trkpt>
      <trkpt lat="34.21985217646401" lon="108.87871435195416">
        <ele>416.1092419018969</ele>
        <time>2026-01-07T11:15:31.400000Z</time>
      </trkpt>
      <trkpt lat="34.21984737235533" lon="108.87871896968713">
        <ele>416.1355280019343</ele>
        <time>2026-01-07T11:15:32.200000Z</time>
      </trkpt>
      <trkpt lat="34.21984263852466" lon="108.87872246342906">
        <ele>416.16576451342553</ele>
        <time>2026-01-07T11:15:33.200000Z</time>
      </trkpt>
      <trkpt lat="34.21983849907319" lon="108.8787247787987">
        <ele>416.19384242780507</ele>
        <time>2026-01-07T11:15:34.200000Z</time>
      </trkpt>
      <trkpt lat="34.219834603146346" lon="108.87872681225745">
        <ele>416.2188593512401</ele>
        <time>2026-01-07T11:15:35.200000Z</time>
      </trkpt>
      <trkpt lat="34.21983059216593" lon="108.87872918905165">
        <ele>416.2397247226909</ele>
        <time>2026-01-07T11:15:36.200000Z</time>
      </trkpt>
      <trkpt lat="34.21982644234849" lon="108.87873204247622">
        <ele>416.2554181655869</ele>
        <time>2026-01-07T11:15:37.200000Z</time>
      </trkpt>
      <trkpt lat="34.21982267576624" lon="108.87873490512733">
        <ele>416.2650387585163</ele>
        <time>2026-01-07T11:15:38.200000Z</time>
      </trkpt>
      <trkpt lat="34.219819512650034" lon="108.87873783685745">
        <ele>416.26771040726453</ele>
        <time>2026-01-07T11:15:39.200000Z</time>
      </trkpt>
      <trkpt lat="34.21981688271459" lon="108.8787414088892">
        <ele>416.2631560014561</ele>
        <time>2026-01-07T11:15:40.200000Z</time>
      </trkpt>
      <trkpt lat="34.219814873006925" lon="108.87874604222051">
        <ele>416.25128702353686</ele>
        <time>2026-01-07T11:15:41.200000Z</time>
      </trkpt>
      <trkpt lat="34.21981392653917" lon="108.87875127954179">
        <ele>416.2321776347235</ele>
        <time>2026-01-07T11:15:42.200000Z</time>
      </trkpt>
      <trkpt lat="34.219814260088185" lon="108.87875629689444">
        <ele>416.20620896853507</ele>
        <time>2026-01-07T11:15:43.200000Z</time>
      </trkpt>
      <trkpt lat="34.219815116463245" lon="108.87876158234965">
        <ele>416.1741317193955</ele>
        <time>2026-01-07T11:15:44.200000Z</time>
      </trkpt>
      <trkpt lat="34.219815708838524" lon="108.87876776003391">
        <ele>416.13701810408384</ele>
        <time>2026-01-07T11:15:45.200000Z</time>
      </trkpt>
      <trkpt lat="34.219815795604326" lon="108.87877501842924">
        <ele>416.0961150517687</ele>
        <time>2026-01-07T11:15:46.200000Z</time>
      </trkpt>
      <trkpt lat="34.21981529246043" lon="108.87878354401785">
        <ele>416.05275613162667</ele>
        <time>2026-01-07T11:15:47.200000Z</time>
      </trkpt>
      <trkpt lat="34.21981460745442" lon="108.87879206117238">
        <ele>416.00826716795564</ele>
        <time>2026-01-07T11:15:48.200000Z</time>
      </trkpt>
      <trkpt lat="34.21981420362632" lon="108.87879955724863">
        <ele>415.96380383800715</ele>
        <time>2026-01-07T11:15:49.200000Z</time>
      </trkpt>
      <trkpt lat="34.21981438841558" lon="108.87880638851816">
        <ele>415.9204185176641</ele>
        <time>2026-01-07T11:15:50.200000Z</time>
      </trkpt>
      <trkpt lat="34.2198144118135" lon="108.8788140131103">
        <ele>415.8790749190375</ele>
        <time>2026-01-07T11:15:51.200000Z</time>
      </trkpt>
      <trkpt lat="34.21981359878436" lon="108.87882343135888">
        <ele>415.84063448850065</ele>
        <time>2026-01-07T11:15:52.200000Z</time>
      </trkpt>
      <trkpt lat="34.21981300760008" lon="108.87883374064748">
        <ele>415.8058562017977</ele>
        <time>2026-01-07T11:15:53.200000Z</time>
      </trkpt>
      <trkpt lat="34.21981356194129" lon="108.8788439168063">
        <ele>415.7753341170028</ele>
        <time>2026-01-07T11:15:54.200000Z</time>
      </trkpt>
      <trkpt lat="34.21981514025064" lon="108.87885466910807">
        <ele>415.74947898928076</ele>
        <time>2026-01-07T11:15:55.200000Z</time>
      </trkpt>
      <trkpt lat="34.21981718270913" lon="108.87886642331925">
        <ele>415.7285233037546</ele>
        <time>2026-01-07T11:15:56.200000Z</time>
      </trkpt>
      <trkpt lat="34.21981921750051" lon="108.87887846748056">
        <ele>415.7125166328624</ele>
        <time>2026-01-07T11:15:57.200000Z</time>
      </trkpt>
      <trkpt lat="34.219821030347326" lon="108.87889142542122">
        <ele>415.701402422972</ele>
        <time>2026-01-07T11:15:58.200000Z</time>
      </trkpt>
      <trkpt lat="34.21982219158445" lon="108.8789053527068">
        <ele>415.6951154395938</ele>
        <time>2026-01-07T11:15:59.200000Z</time>
      </trkpt>
      <trkpt lat="34.2198226491709" lon="108.87891944132639">
        <ele>415.69356694072485</ele>
        <time>2026-01-07T11:16:00.200000Z</time>
      </trkpt>
      <trkpt lat="34.21982337416507" lon="108.87893288748761">
        <ele>415.6966629102826</ele>
        <time>2026-01-07T11:16:01.200000Z</time>
      </trkpt>
      <trkpt lat="34.21982514705354" lon="108.87894552836399">
        <ele>415.7043059039861</ele>
        <time>2026-01-07T11:16:02.200000Z</time>
      </trkpt>
      <trkpt lat="34.21982760594939" lon="108.87895774803994">
        <ele>415.7164667714387</ele>
        <time>2026-01-07T11:16:03.200000Z</time>
      </trkpt>
      <trkpt lat="34.21983017075438" lon="108.87896984903887">
        <ele>415.73313702922314</ele>
        <time>2026-01-07T11:16:04.200000Z</time>
      </trkpt>
      <trkpt lat="34.21983281367949" lon="108.87898300197627">
        <ele>415.7543408675119</ele>
        <time>2026-01-07T11:16:05.200000Z</time>
      </trkpt>
      <trkpt lat="34.219835160813794" lon="108.87899631870498">
        <ele>415.78014607355</ele>
        <time>2026-01-07T11:16:06.200000Z</time>
      </trkpt>
      <trkpt lat="34.21983730301771" lon="108.87900943039882">
        <ele>415.81056089513004</ele>
        <time>2026-01-07T11:16:07.200000Z</time>
      </trkpt>
      <trkpt lat="34.21983947811649" lon="108.87902295219985">
        <ele>415.8455267101526</ele>
        <time>2026-01-07T11:16:08.200000Z</time>
      </trkpt>
      <trkpt lat="34.219841347501514" lon="108.87903589277576">
        <ele>415.88490903005004</ele>
        <time>2026-01-07T11:16:09.200000Z</time>
      </trkpt>
      <trkpt lat="34.2198427540893" lon="108.87904820748733">
        <ele>415.9285463253036</ele>
        <time>2026-01-07T11:16:10.200000Z</time>
      </trkpt>
      <trkpt lat="34.21984381228384" lon="108.879060534945">
        <ele>415.97612595465034</ele>
        <time>2026-01-07T11:16:11.200000Z</time>
      </trkpt>
      <trkpt lat="34.21984485643736" lon="108.87907283888357">
        <ele>416.0272863134742</ele>
        <time>2026-01-07T11:16:12.200000Z</time>
      </trkpt>
      <trkpt lat="34.21984598476401" lon="108.87908378479997">
        <ele>416.081515269354</ele>
        <time>2026-01-07T11:16:13.200000Z</time>
      </trkpt>
      <trkpt lat="34.219846723778225" lon="108.87909118027558">
        <ele>416.13816473726183</ele>
        <time>2026-01-07T11:16:14.200000Z</time>
      </trkpt>
      <trkpt lat="34.219846803718795" lon="108.87909550860749">
        <ele>416.1964896423742</ele>
        <time>2026-01-07T11:16:15.200000Z</time>
      </trkpt>
      <trkpt lat="34.21984645201357" lon="108.87909874905596">
        <ele>416.2557641984895</ele>
        <time>2026-01-07T11:16:16.200000Z</time>
      </trkpt>
      <trkpt lat="34.21984571173805" lon="108.87910142507073">
        <ele>416.3150996789336</ele>
        <time>2026-01-07T11:16:17.200000Z</time>
      </trkpt>
      <trkpt lat="34.219844554279504" lon="108.87910383572292">
        <ele>416.37370100896806</ele>
        <time>2026-01-07T11:16:18.200000Z</time>
      </trkpt>
      <trkpt lat="34.21984292215872" lon="108.87910610433067">
        <ele>416.43089185934514</ele>
        <time>2026-01-07T11:16:19.200000Z</time>
      </trkpt>
      <trkpt lat="34.219840809385936" lon="108.87910853682646">
        <ele>416.4860033830628</ele>
        <time>2026-01-07T11:16:20.200000Z</time>
      </trkpt>
      <trkpt lat="34.21983823799704" lon="108.87911141539513">
        <ele>416.5385027360171</ele>
        <time>2026-01-07T11:16:21.200000Z</time>
      </trkpt>
      <trkpt lat="34.21983531120168" lon="108.87911490443136">
        <ele>416.5880265356973</ele>
        <time>2026-01-07T11:16:22.200000Z</time>
      </trkpt>
      <trkpt lat="34.21983231198685" lon="108.87911920221089">
        <ele>416.63434011954814</ele>
        <time>2026-01-07T11:16:23.200000Z</time>
      </trkpt>
      <trkpt lat="34.21982962205915" lon="108.87912443354787">
        <ele>416.6772412452847</ele>
        <time>2026-01-07T11:16:24.200000Z</time>
      </trkpt>
      <trkpt lat="34.219827187869065" lon="108.87912983244647">
        <ele>416.7166617391631</ele>
        <time>2026-01-07T11:16:25.200000Z</time>
      </trkpt>
      <trkpt lat="34.21982473539235" lon="108.87913416379514">
        <ele>416.75244986638427</ele>
        <time>2026-01-07T11:16:26.200000Z</time>
      </trkpt>
      <trkpt lat="34.21982226447351" lon="108.87913685583199">
        <ele>416.7844566013664</ele>
        <time>2026-01-07T11:16:27.200000Z</time>
      </trkpt>
      <trkpt lat="34.21982010208143" lon="108.87913721504606">
        <ele>416.8125258553773</ele>
        <time>2026-01-07T11:16:28.200000Z</time>
      </trkpt>
      <trkpt lat="34.2198186060208" lon="108.87913548782967">
        <ele>416.8365482073277</ele>
        <time>2026-01-07T11:16:29.200000Z</time>
      </trkpt>
      <trkpt lat="34.21981793621628" lon="108.87913296544062">
        <ele>416.85650142934173</ele>
        <time>2026-01-07T11:16:30.200000Z</time>
      </trkpt>
      <trkpt lat="34.21981800769549" lon="108.87913009943325">
        <ele>416.87234764080495</ele>
        <time>2026-01-07T11:16:31.200000Z</time>
      </trkpt>
      <trkpt lat="34.21981857907264" lon="108.87912712927708">
        <ele>416.88395293895155</ele>
        <time>2026-01-07T11:16:32.200000Z</time>
      </trkpt>
      <trkpt lat="34.21981954226039" lon="108.87912450698526">
        <ele>416.8912196662277</ele>
        <time>2026-01-07T11:16:33.200000Z</time>
      </trkpt>
      <trkpt lat="34.21982085991089" lon="108.87912205750747">
        <ele>416.8942267615348</ele>
        <time>2026-01-07T11:16:34.200000Z</time>
      </trkpt>
      <trkpt lat="34.219822242333656" lon="108.87911982399007">
        <ele>416.8931762455031</ele>
        <time>2026-01-07T11:16:35.200000Z</time>
      </trkpt>
      <trkpt lat="34.21982356674292" lon="108.87911798992569">
        <ele>416.88837126549333</ele>
        <time>2026-01-07T11:16:36.200000Z</time>
      </trkpt>
      <trkpt lat="34.21982574546771" lon="108.87911566765827">
        <ele>416.8801568550989</ele>
        <time>2026-01-07T11:16:37.200000Z</time>
      </trkpt>
      <trkpt lat="34.219829193400216" lon="108.87911261028725">
        <ele>416.8689158037305</ele>
        <time>2026-01-07T11:16:38.200000Z</time>
      </trkpt>
      <trkpt lat="34.21983348511618" lon="108.87910943622407">
        <ele>416.8550492655486</ele>
        <time>2026-01-07T11:16:39.200000Z</time>
      </trkpt>
      <trkpt lat="34.219837962318316" lon="108.87910645322995">
        <ele>416.83892235253006</ele>
        <time>2026-01-07T11:16:40.200000Z</time>
      </trkpt>
      <trkpt lat="34.219842144391514" lon="108.87910399953869">
        <ele>416.82087018713355</ele>
        <time>2026-01-07T11:16:41.200000Z</time>
      </trkpt>
      <trkpt lat="34.219846211071484" lon="108.87910223727141">
        <ele>416.80125176534057</ele>
        <time>2026-01-07T11:16:42.200000Z</time>
      </trkpt>
      <trkpt lat="34.21985027922317" lon="108.87910123977748">
        <ele>416.7804563436657</ele>
        <time>2026-01-07T11:16:43.200000Z</time>
      </trkpt>
      <trkpt lat="34.219854218745375" lon="108.87910127219551">
        <ele>416.7589015858248</ele>
        <time>2026-01-07T11:16:44.200000Z</time>
      </trkpt>
      <trkpt lat="34.21985760368517" lon="108.87910171897353">
        <ele>416.7370020141825</ele>
        <time>2026-01-07T11:16:45.200000Z</time>
      </trkpt>
      <trkpt lat="34.21985995271611" lon="108.87910145632594">
        <ele>416.7151514738798</ele>
        <time>2026-01-07T11:16:46.200000Z</time>
      </trkpt>
      <trkpt lat="34.219859984904545" lon="108.879099857591">
        <ele>416.69372551701963</ele>
        <time>2026-01-07T11:16:47.200000Z</time>
      </trkpt>
      <trkpt lat="34.21985834659192" lon="108.87909707604788">
        <ele>416.6730804592371</ele>
        <time>2026-01-07T11:16:48.200000Z</time>
      </trkpt>
      <trkpt lat="34.2198576908929" lon="108.87909432231483">
        <ele>416.65352515038103</ele>
        <time>2026-01-07T11:16:49.200000Z</time>
      </trkpt>
      <trkpt lat="34.21985845132746" lon="108.87909221435432">
        <ele>416.6352929184213</ele>
        <time>2026-01-07T11:16:50.200000Z</time>
      </trkpt>
      <trkpt lat="34.219859930926816" lon="108.8790906274414">
        <ele>416.6185515867546</ele>
        <time>2026-01-07T11:16:51.200000Z</time>
      </trkpt>
      <trkpt lat="34.219861570575674" lon="108.87908942938168">
        <ele>416.6034320211038</ele>
        <time>2026-01-07T11:16:52.200000Z</time>
      </trkpt>
      <trkpt lat="34.21986307330526" lon="108.87908865022867">
        <ele>416.59004047885537</ele>
        <time>2026-01-07T11:16:53.200000Z</time>
      </trkpt>
      <trkpt lat="34.219864327817355" lon="108.87908829450434">
        <ele>416.5784472618252</ele>
        <time>2026-01-07T11:16:54.200000Z</time>
      </trkpt>
      <trkpt lat="34.219865352122326" lon="108.87908810686882">
        <ele>416.56865139864385</ele>
        <time>2026-01-07T11:16:55.200000Z</time>
      </trkpt>
      <trkpt lat="34.21986685557502" lon="108.8790878631338">
        <ele>416.5606851838529</ele>
        <time>2026-01-07T11:16:56.200000Z</time>
      </trkpt>
      <trkpt lat="34.21986907508551" lon="108.8790875680515">
        <ele>416.554400219582</ele>
        <time>2026-01-07T11:16:57.200000Z</time>
      </trkpt>
      <trkpt lat="34.21987145471506" lon="108.87908739701017">
        <ele>416.5496259620413</ele>
        <time>2026-01-07T11:16:58.200000Z</time>
      </trkpt>
      <trkpt lat="34.21987363619715" lon="108.87908724810838">
        <ele>416.5461595831439</ele>
        <time>2026-01-07T11:16:59.200000Z</time>
      </trkpt>
      <trkpt lat="34.2198756695548" lon="108.87908716234777">
        <ele>416.5437740832567</ele>
        <time>2026-01-07T11:17:00.200000Z</time>
      </trkpt>
      <trkpt lat="34.21987756574874" lon="108.87908706428703">
        <ele>416.54223333485425</ele>
        <time>2026-01-07T11:17:01.200000Z</time>
      </trkpt>
      <trkpt lat="34.21987916457693" lon="108.87908690579532">
        <ele>416.54132021032274</ele>
        <time>2026-01-07T11:17:02.200000Z</time>
        <extensions>
          <gpxtpx:TrackPointExtension>
            <gpxtpx:hr>117</gpxtpx:hr>
          </gpxtpx:TrackPointExtension>
        </extensions>
      </trkpt>
      <trkpt lat="34.219880312422475" lon="108.87908699126562">
        <ele>416.54084926098585</ele>
        <time>2026-01-07T11:17:03.200000Z</time>
        <extensions>
          <gpxtpx:TrackPointExtension>
            <gpxtpx:hr>117</gpxtpx:hr>
          </gpxtpx:TrackPointExtension>
        </extensions>
      </trkpt>
      <trkpt lat="34.2198812155241" lon="108.87908732112373">
        <ele>416.5406765714288</ele>
        <time>2026-01-07T11:17:04.200000Z</time>
        <extensions>
          <gpxtpx:TrackPointExtension>
            <gpxtpx:hr>117</gpxtpx:hr>
          </gpxtpx:TrackPointExtension>
        </extensions>
      </trkpt>
      <trkpt lat="34.219881947487025" lon="108.87908748269024">
        <ele>416.540715418756</ele>
        <time>2026-01-07T11:17:05.200000Z</time>
        <extensions>
          <gpxtpx:TrackPointExtension>
            <gpxtpx:hr>117</gpxtpx:hr>
          </gpxtpx:TrackPointExtension>
        </extensions>
      </trkpt>
      <trkpt lat="34.21988245226418" lon="108.87908763296576">
        <ele>416.5409266911447</ele>
        <time>2026-01-07T11:17:06.200000Z</time>
        <extensions>
          <gpxtpx:TrackPointExtension>
            <gpxtpx:hr>117</gpxtpx:hr>
          </gpxtpx:TrackPointExtension>
        </extensions>
      </trkpt>
      <trkpt lat="34.21988263895336" lon="108.87908768197111">
        <ele>416.54130745865405</ele>
        <time>2026-01-07T11:17:07.200000Z</time>
        <extensions>
          <gpxtpx:TrackPointExtension>
            <gpxtpx:hr>117</gpxtpx:hr>
          </gpxtpx:TrackPointExtension>
        </extensions>
      </trkpt>
      <trkpt lat="34.21988216042296" lon="108.87908713667683">
        <ele>416.5419026138261</ele>
        <time>2026-01-07T11:17:08.200000Z</time>
        <extensions>
          <gpxtpx:TrackPointExtension>
            <gpxtpx:hr>117</gpxtpx:hr>
          </gpxtpx:TrackPointExtension>
        </extensions>
      </trkpt>
      <trkpt lat="34.219881311940355" lon="108.87908671666855">
        <ele>416.542776953429</ele>
        <time>2026-01-07T11:17:09.200000Z</time>
        <extensions>
          <gpxtpx:TrackPointExtension>
            <gpxtpx:hr>117</gpxtpx:hr>
          </gpxtpx:TrackPointExtension>
        </extensions>
      </trkpt>
      <trkpt lat="34.21988063916187" lon="108.87908736425115">
        <ele>416.54397397022694</ele>
        <time>2026-01-07T11:17:10.200000Z</time>
        <extensions>
          <gpxtpx:TrackPointExtension>
            <gpxtpx:hr>117</gpxtpx:hr>
          </gpxtpx:TrackPointExtension>
        </extensions>
      </trkpt>
      <trkpt lat="34.21988005084834" lon="108.87908885040511">
        <ele>416.5455313855782</ele>
        <time>2026-01-07T11:17:11.200000Z</time>
        <extensions>
          <gpxtpx:TrackPointExtension>
            <gpxtpx:hr>117</gpxtpx:hr>
          </gpxtpx:TrackPointExtension>
        </extensions>
      </trkpt>
      <trkpt lat="34.21987912181625" lon="108.87909063687287">
        <ele>416.54750269372016</ele>
        <time>2026-01-07T11:17:12.200000Z</time>
        <extensions>
          <gpxtpx:TrackPointExtension>
            <gpxtpx:hr>117</gpxtpx:hr>
          </gpxtpx:TrackPointExtension>
        </extensions>
      </trkpt>
      <trkpt lat="34.21987742784714" lon="108.87909269807892">
        <ele>416.549951819703</ele>
        <time>2026-01-07T11:17:13.200000Z</time>
        <extensions>
          <gpxtpx:TrackPointExtension>
            <gpxtpx:hr>117</gpxtpx:hr>
          </gpxtpx:TrackPointExtension>
        </extensions>
      </trkpt>
      <trkpt lat="34.219873662374496" lon="108.87909547500098">
        <ele>416.55295766796917</ele>
        <time>2026-01-07T11:17:14.200000Z</time>
        <extensions>
          <gpxtpx:TrackPointExtension>
            <gpxtpx:hr>117</gpxtpx:hr>
          </gpxtpx:TrackPointExtension>
        </extensions>
      </trkpt>
      <trkpt lat="34.219870329774" lon="108.87909747021685">
        <ele>416.556599018164</ele>
        <time>2026-01-07T11:17:15.200000Z</time>
        <extensions>
          <gpxtpx:TrackPointExtension>
            <gpxtpx:hr>117</gpxtpx:hr>
          </gpxtpx:TrackPointExtension>
        </extensions>
      </trkpt>
      <trkpt lat="34.2198692163357" lon="108.87909768435067">
        <ele>416.56091294344515</ele>
        <time>2026-01-07T11:17:16.200000Z</time>
        <extensions>
          <gpxtpx:TrackPointExtension>
            <gpxtpx:hr>117</gpxtpx:hr>
          </gpxtpx:TrackPointExtension>
        </extensions>
      </trkpt>
      <trkpt lat="34.21986838893041" lon="108.87909720786463">
        <ele>416.56589503306895</ele>
        <time>2026-01-07T11:17:17.200000Z</time>
        <extensions>
          <gpxtpx:TrackPointExtension>
            <gpxtpx:hr>117</gpxtpx:hr>
          </gpxtpx:TrackPointExtension>
        </extensions>
      </trkpt>
      <trkpt lat="34.21986715330458" lon="108.8790960864616">
        <ele>416.5715136192739</ele>
        <time>2026-01-07T11:17:18.200000Z</time>
        <extensions>
          <gpxtpx:TrackPointExtension>
            <gpxtpx:hr>117</gpxtpx:hr>
          </gpxtpx:TrackPointExtension>
        </extensions>
      </trkpt>
      <trkpt lat="34.21986533478162" lon="108.8790943178572">
        <ele>416.5777082378045</ele>
        <time>2026-01-07T11:17:19.200000Z</time>
        <extensions>
          <gpxtpx:TrackPointExtension>
            <gpxtpx:hr>117</gpxtpx:hr>
          </gpxtpx:TrackPointExtension>
        </extensions>
      </trkpt>
      <trkpt lat="34.21986316015458" lon="108.87909243120986">
        <ele>416.5843961229548</ele>
        <time>2026-01-07T11:17:20.200000Z</time>
        <extensions>
          <gpxtpx:TrackPointExtension>
            <gpxtpx:hr>117</gpxtpx:hr>
          </gpxtpx:TrackPointExtension>
        </extensions>
      </trkpt>
      <trkpt lat="34.219860361169374" lon="108.879090760279">
        <ele>416.59147779177874</ele>
        <time>2026-01-07T11:17:21.200000Z</time>
        <extensions>
          <gpxtpx:TrackPointExtension>
            <gpxtpx:hr>117</gpxtpx:hr>
          </gpxtpx:TrackPointExtension>
        </extensions>
      </trkpt>
      <trkpt lat="34.21985710173337" lon="108.87908923556184">
        <ele>416.59883932676166</ele>
        <time>2026-01-07T11:17:22.200000Z</time>
      </trkpt>
      <trkpt lat="34.21985476138777" lon="108.87908790094905">
        <ele>416.60636217240244</ele>
        <time>2026-01-07T11:17:23.200000Z</time>
      </trkpt>
      <trkpt lat="34.21985332128786" lon="108.8790866762098">
        <ele>416.61392935272306</ele>
        <time>2026-01-07T11:17:24.200000Z</time>
      </trkpt>
      <trkpt lat="34.21985227738884" lon="108.87908559682927">
        <ele>416.62143215350807</ele>
        <time>2026-01-07T11:17:25.200000Z</time>
      </trkpt>
      <trkpt lat="34.21985185351525" lon="108.87908481067956">
        <ele>416.6287907315418</ele>
        <time>2026-01-07T11:17:26.200000Z</time>
      </trkpt>
      <trkpt lat="34.21985164593318" lon="108.87908428440478">
        <ele>416.6359651144594</ele>
        <time>2026-01-07T11:17:27.200000Z</time>
      </trkpt>
      <trkpt lat="34.21985151646069" lon="108.8790839101182">
        <ele>416.64294946566224</ele>
        <time>2026-01-07T11:17:28.200000Z</time>
      </trkpt>
      <trkpt lat="34.21985138964203" lon="108.87908352903322">
        <ele>416.6497640060261</ele>
        <time>2026-01-07T11:17:29.200000Z</time>
      </trkpt>
      <trkpt lat="34.219851267064826" lon="108.87908315820661">
        <ele>416.65644745342433</ele>
        <time>2026-01-07T11:17:30.200000Z</time>
      </trkpt>
      <trkpt lat="34.2198511838218" lon="108.87908290593684">
        <ele>416.66372455097735</ele>
        <time>2026-01-07T11:17:31.300000Z</time>
      </trkpt>
      <trkpt lat="34.21983086047587" lon="108.8789735429313">
        <ele>416.7950754882768</ele>
        <time>2026-01-07T11:18:09.300000Z</time>
      </trkpt>
      <trkpt lat="34.2198306136806" lon="108.87897332484029">
        <ele>416.79527039825916</ele>
        <time>2026-01-07T11:18:10.300000Z</time>
      </trkpt>
      <trkpt lat="34.219830400410395" lon="108.87897304087313">
        <ele>416.7954669194296</ele>
        <time>2026-01-07T11:18:11.300000Z</time>
      </trkpt>
      <trkpt lat="34.21983029642891" lon="108.87897266084225">
        <ele>416.7956666368991</ele>
        <time>2026-01-07T11:18:12.300000Z</time>
      </trkpt>
      <trkpt lat="34.21983010430306" lon="108.87897228414023">
        <ele>416.79587038140744</ele>
        <time>2026-01-07T11:18:13.300000Z</time>
      </trkpt>
      <trkpt lat="34.219829761161726" lon="108.8789719327433">
        <ele>416.79607778787613</ele>
        <time>2026-01-07T11:18:14.300000Z</time>
      </trkpt>
      <trkpt lat="34.21982924510533" lon="108.87897166857758">
        <ele>416.796283676289</ele>
        <time>2026-01-07T11:18:15.300000Z</time>
      </trkpt>
      <trkpt lat="34.21982858100815" lon="108.87897155554282">
        <ele>416.7964904708788</ele>
        <time>2026-01-07T11:18:16.300000Z</time>
      </trkpt>
      <trkpt lat="34.21985369555297" lon="108.87910492631326">
        <ele>416.50046706572175</ele>
        <time>2026-01-07T11:18:55.300000Z</time>
      </trkpt>
      <trkpt lat="34.21985094348968" lon="108.87911571881115">
        <ele>416.45100467745215</ele>
        <time>2026-01-07T11:18:56.300000Z</time>
      </trkpt>
      <trkpt lat="34.21984929965433" lon="108.87912662364057">
        <ele>416.4021749589592</ele>
        <time>2026-01-07T11:18:57.200000Z</time>
      </trkpt>
      <trkpt lat="34.2198491834298" lon="108.87913709534523">
        <ele>416.3512460133061</ele>
        <time>2026-01-07T11:18:58.200000Z</time>
      </trkpt>
      <trkpt lat="34.219849640158934" lon="108.8791484069718">
        <ele>416.2990100476891</ele>
        <time>2026-01-07T11:18:59.200000Z</time>
      </trkpt>
      <trkpt lat="34.21984853438891" lon="108.87916210492132">
        <ele>416.2454644870013</ele>
        <time>2026-01-07T11:19:00.200000Z</time>
      </trkpt>
      <trkpt lat="34.219844699332754" lon="108.8791762819092">
        <ele>416.1908816015348</ele>
        <time>2026-01-07T11:19:01.200000Z</time>
      </trkpt>
      <trkpt lat="34.219838658572264" lon="108.87919054253821">
        <ele>416.1357452888042</ele>
        <time>2026-01-07T11:19:02.200000Z</time>
      </trkpt>
      <trkpt lat="34.219832217762786" lon="108.87920535677958">
        <ele>416.08044955693185</ele>
        <time>2026-01-07T11:19:03.200000Z</time>
      </trkpt>
      <trkpt lat="34.21982558797147" lon="108.87922052599478">
        <ele>416.0259170923382</ele>
        <time>2026-01-07T11:19:04.200000Z</time>
      </trkpt>
      <trkpt lat="34.21981904183609" lon="108.87923592025777">
        <ele>415.97266470082104</ele>
        <time>2026-01-07T11:19:05.200000Z</time>
      </trkpt>
      <trkpt lat="34.21981393430296" lon="108.8792505219767">
        <ele>415.921435367316</ele>
        <time>2026-01-07T11:19:06.200000Z</time>
      </trkpt>
      <trkpt lat="34.21981040982206" lon="108.87926387618748">
        <ele>415.8729944191873</ele>
        <time>2026-01-07T11:19:07.200000Z</time>
      </trkpt>
      <trkpt lat="34.219808165681556" lon="108.87927644534831">
        <ele>415.82808567676693</ele>
        <time>2026-01-07T11:19:08.200000Z</time>
      </trkpt>
      <trkpt lat="34.219806529705224" lon="108.87928938413098">
        <ele>415.78735761437565</ele>
        <time>2026-01-07T11:19:09.200000Z</time>
      </trkpt>
      <trkpt lat="34.21980513955979" lon="108.87930290781506">
        <ele>415.7512499727309</ele>
        <time>2026-01-07T11:19:10.200000Z</time>
      </trkpt>
      <trkpt lat="34.219803907893336" lon="108.87931677773709">
        <ele>415.7199624311179</ele>
        <time>2026-01-07T11:19:11.200000Z</time>
      </trkpt>
      <trkpt lat="34.21980244310581" lon="108.87932983447425">
        <ele>415.6934327511117</ele>
        <time>2026-01-07T11:19:12.200000Z</time>
      </trkpt>
      <trkpt lat="34.21980090871924" lon="108.87934150592869">
        <ele>415.6713990820572</ele>
        <time>2026-01-07T11:19:13.200000Z</time>
      </trkpt>
      <trkpt lat="34.219799956650746" lon="108.8793522484971">
        <ele>415.65340819302946</ele>
        <time>2026-01-07T11:19:14.200000Z</time>
      </trkpt>
      <trkpt lat="34.2197993041011" lon="108.87936293174432">
        <ele>415.639318484813</ele>
        <time>2026-01-07T11:19:15.200000Z</time>
      </trkpt>
      <trkpt lat="34.2197984286841" lon="108.87937410479859">
        <ele>415.6283924514428</ele>
        <time>2026-01-07T11:19:16.200000Z</time>
      </trkpt>
      <trkpt lat="34.21979754271161" lon="108.87938583890063">
        <ele>415.62039183452725</ele>
        <time>2026-01-07T11:19:17.200000Z</time>
      </trkpt>
      <trkpt lat="34.219797519863214" lon="108.87939827381801">
        <ele>415.61524179484695</ele>
        <time>2026-01-07T11:19:18.200000Z</time>
      </trkpt>
      <trkpt lat="34.21979876579416" lon="108.87941071551384">
        <ele>415.6124029411003</ele>
        <time>2026-01-07T11:19:19.200000Z</time>
      </trkpt>
      <trkpt lat="34.21980038229886" lon="108.87942200217462">
        <ele>415.612200692296</ele>
        <time>2026-01-07T11:19:20.200000Z</time>
      </trkpt>
      <trkpt lat="34.21980198088382" lon="108.87943239233226">
        <ele>415.61281709279865</ele>
        <time>2026-01-07T11:19:21.200000Z</time>
      </trkpt>
      <trkpt lat="34.21980376233933" lon="108.87944186702221">
        <ele>415.61423043720424</ele>
        <time>2026-01-07T11:19:22.200000Z</time>
      </trkpt>
      <trkpt lat="34.21980604261949" lon="108.87944983211736">
        <ele>415.6151491878554</ele>
        <time>2026-01-07T11:19:23.200000Z</time>
      </trkpt>
      <trkpt lat="34.219809288064276" lon="108.87945886666455">
        <ele>415.6159658608958</ele>
        <time>2026-01-07T11:19:24.200000Z</time>
      </trkpt>
      <trkpt lat="34.21980982809621" lon="108.87946040404124">
        <ele>415.6151807475835</ele>
        <time>2026-01-07T11:19:24.400000Z</time>
      </trkpt>
      <trkpt lat="34.21981478381889" lon="108.87947139024463">
        <ele>415.61823829170316</ele>
        <time>2026-01-07T11:19:25.400000Z</time>
      </trkpt>
      <trkpt lat="34.219821255126696" lon="108.8794827167099">
        <ele>415.6208511488512</ele>
        <time>2026-01-07T11:19:26.400000Z</time>
      </trkpt>
      <trkpt lat="34.21982826252206" lon="108.87949429832196">
        <ele>415.6245792051777</ele>
        <time>2026-01-07T11:19:27.400000Z</time>
      </trkpt>
      <trkpt lat="34.21983531959494" lon="108.87950624729254">
        <ele>415.6269763438031</ele>
        <time>2026-01-07T11:19:28.400000Z</time>
      </trkpt>
      <trkpt lat="34.21984213103687" lon="108.87951853058567">
        <ele>415.6291373260319</ele>
        <time>2026-01-07T11:19:29.400000Z</time>
      </trkpt>
      <trkpt lat="34.219848543839014" lon="108.87953103650571">
        <ele>415.62659057881683</ele>
        <time>2026-01-07T11:19:30.400000Z</time>
      </trkpt>
      <trkpt lat="34.21985447167845" lon="108.87954358090381">
        <ele>415.6153080482036</ele>
        <time>2026-01-07T11:19:31.400000Z</time>
      </trkpt>
      <trkpt lat="34.21985978448541" lon="108.87955578512391">
        <ele>415.60502717178315</ele>
        <time>2026-01-07T11:19:32.400000Z</time>
      </trkpt>
      <trkpt lat="34.219864063402845" lon="108.87956646429933">
        <ele>415.5954905105755</ele>
        <time>2026-01-07T11:19:33.400000Z</time>
      </trkpt>
      <trkpt lat="34.219867373463906" lon="108.87957558030118">
        <ele>415.58936956804246</ele>
        <time>2026-01-07T11:19:34.400000Z</time>
      </trkpt>
      <trkpt lat="34.219870308538674" lon="108.8795845059523">
        <ele>415.5855584330857</ele>
        <time>2026-01-07T11:19:35.400000Z</time>
      </trkpt>
      <trkpt lat="34.219873319040815" lon="108.87959443481967">
        <ele>415.5826619444415</ele>
        <time>2026-01-07T11:19:36.400000Z</time>
      </trkpt>
      <trkpt lat="34.219876690421344" lon="108.87960619070601">
        <ele>415.58017421886325</ele>
        <time>2026-01-07T11:19:37.400000Z</time>
      </trkpt>
      <trkpt lat="34.21987999254922" lon="108.87961811569262">
        <ele>415.58104053139687</ele>
        <time>2026-01-07T11:19:38.400000Z</time>
      </trkpt>
      <trkpt lat="34.21988284153931" lon="108.87962870262788">
        <ele>415.57933040708303</ele>
        <time>2026-01-07T11:19:39.400000Z</time>
      </trkpt>
      <trkpt lat="34.219885347367956" lon="108.87963820371604">
        <ele>415.5774494698271</ele>
        <time>2026-01-07T11:19:40.400000Z</time>
      </trkpt>
      <trkpt lat="34.21988762615072" lon="108.87964702675248">
        <ele>415.57467009779066</ele>
        <time>2026-01-07T11:19:41.400000Z</time>
      </trkpt>
      <trkpt lat="34.219889867947145" lon="108.87965598110961">
        <ele>415.5678320452571</ele>
        <time>2026-01-07T11:19:42.400000Z</time>
      </trkpt>
      <trkpt lat="34.21989210249546" lon="108.87966530064477">
        <ele>415.55932362098247</ele>
        <time>2026-01-07T11:19:43.400000Z</time>
      </trkpt>
      <trkpt lat="34.21989425795016" lon="108.8796748248733">
        <ele>415.5505105406046</ele>
        <time>2026-01-07T11:19:44.400000Z</time>
      </trkpt>
      <trkpt lat="34.2198962922149" lon="108.87968452890772">
        <ele>415.541328843683</ele>
        <time>2026-01-07T11:19:45.400000Z</time>
      </trkpt>
      <trkpt lat="34.21989820411967" lon="108.87969456784927">
        <ele>415.5368081862107</ele>
        <time>2026-01-07T11:19:46.400000Z</time>
      </trkpt>
      <trkpt lat="34.2198999487996" lon="108.87970481294339">
        <ele>415.53344916552305</ele>
        <time>2026-01-07T11:19:47.400000Z</time>
      </trkpt>
      <trkpt lat="34.2199014373737" lon="108.87971476205777">
        <ele>415.53181334771216</ele>
        <time>2026-01-07T11:19:48.400000Z</time>
      </trkpt>
      <trkpt lat="34.21990266249316" lon="108.87972434036499">
        <ele>415.5319269383326</ele>
        <time>2026-01-07T11:19:49.400000Z</time>
      </trkpt>
      <trkpt lat="34.219903649329815" lon="108.87973365356166">
        <ele>415.53225667309016</ele>
        <time>2026-01-07T11:19:50.400000Z</time>
      </trkpt>
      <trkpt lat="34.21990438838322" lon="108.87974274101413">
        <ele>415.5319433230907</ele>
        <time>2026-01-07T11:19:51.400000Z</time>
      </trkpt>
      <trkpt lat="34.21990485330755" lon="108.87975139533532">
        <ele>415.52948497701436</ele>
        <time>2026-01-07T11:19:52.400000Z</time>
      </trkpt>
      <trkpt lat="34.21990500870029" lon="108.87975905739664">
        <ele>415.52697920706123</ele>
        <time>2026-01-07T11:19:53.400000Z</time>
      </trkpt>
      <trkpt lat="34.219904861037605" lon="108.87976576341985">
        <ele>415.5251449951902</ele>
        <time>2026-01-07T11:19:54.400000Z</time>
      </trkpt>
      <trkpt lat="34.21990442613748" lon="108.87977173542355">
        <ele>415.52390354592353</ele>
        <time>2026-01-07T11:19:55.400000Z</time>
      </trkpt>
      <trkpt lat="34.21990369003274" lon="108.8797771616995">
        <ele>415.5242048399523</ele>
        <time>2026-01-07T11:19:56.400000Z</time>
      </trkpt>
      <trkpt lat="34.219902625201975" lon="108.87978218357826">
        <ele>415.5259223477915</ele>
        <time>2026-01-07T11:19:57.400000Z</time>
      </trkpt>
      <trkpt lat="34.21990111941055" lon="108.87978689712456">
        <ele>415.52844768203795</ele>
        <time>2026-01-07T11:19:58.400000Z</time>
      </trkpt>
      <trkpt lat="34.219899085982604" lon="108.87979111977454">
        <ele>415.53213778696954</ele>
        <time>2026-01-07T11:19:59.400000Z</time>
      </trkpt>
      <trkpt lat="34.21989646746496" lon="108.87979445214926">
        <ele>415.5368340667337</ele>
        <time>2026-01-07T11:20:00.400000Z</time>
      </trkpt>
      <trkpt lat="34.21989244685261" lon="108.87979708877081">
        <ele>415.5426699211821</ele>
        <time>2026-01-07T11:20:01.400000Z</time>
      </trkpt>
      <trkpt lat="34.21988603958451" lon="108.87979902576429">
        <ele>415.5495771057904</ele>
        <time>2026-01-07T11:20:02.400000Z</time>
      </trkpt>
      <trkpt lat="34.21983672330094" lon="108.87980469996297">
        <ele>415.61965226661414</ele>
        <time>2026-01-07T11:20:06.200000Z</time>
      </trkpt>
      <trkpt lat="34.21982133018543" lon="108.87980666194096">
        <ele>415.6496628001332</ele>
        <time>2026-01-07T11:20:07.200000Z</time>
      </trkpt>
      <trkpt lat="34.219807790692" lon="108.8798112157092">
        <ele>415.6819633990526</ele>
        <time>2026-01-07T11:20:08.200000Z</time>
      </trkpt>
      <trkpt lat="34.21979373130534" lon="108.87981875407309">
        <ele>415.717017875053</ele>
        <time>2026-01-07T11:20:09.200000Z</time>
      </trkpt>
      <trkpt lat="34.21978005536058" lon="108.87982774334463">
        <ele>415.75490234140307</ele>
        <time>2026-01-07T11:20:10.200000Z</time>
      </trkpt>
      <trkpt lat="34.21976712258869" lon="108.87983862458817">
        <ele>415.7956623136997</ele>
        <time>2026-01-07T11:20:11.200000Z</time>
      </trkpt>
      <trkpt lat="34.21975495972312" lon="108.8798519232201">
        <ele>415.83913897909224</ele>
        <time>2026-01-07T11:20:12.200000Z</time>
      </trkpt>
      <trkpt lat="34.21974267593419" lon="108.87986440356498">
        <ele>415.88483487069607</ele>
        <time>2026-01-07T11:20:13.200000Z</time>
      </trkpt>
      <trkpt lat="34.219729048893825" lon="108.87987440601175">
        <ele>415.9319836637005</ele>
        <time>2026-01-07T11:20:14.200000Z</time>
      </trkpt>
      <trkpt lat="34.21971549189647" lon="108.87988316908928">
        <ele>415.9805166712031</ele>
        <time>2026-01-07T11:20:15.200000Z</time>
      </trkpt>
      <trkpt lat="34.21970372842272" lon="108.87989189077292">
        <ele>416.03004804532975</ele>
        <time>2026-01-07T11:20:16.200000Z</time>
      </trkpt>
      <trkpt lat="34.21969377882972" lon="108.87990110823071">
        <ele>416.0803511189297</ele>
        <time>2026-01-07T11:20:17.200000Z</time>
      </trkpt>
      <trkpt lat="34.21968500445763" lon="108.87990956623634">
        <ele>416.1324686789885</ele>
        <time>2026-01-07T11:20:18.200000Z</time>
      </trkpt>
      <trkpt lat="34.21967562500802" lon="108.87991679641792">
        <ele>416.18519098032266</ele>
        <time>2026-01-07T11:20:19.200000Z</time>
      </trkpt>
      <trkpt lat="34.21966451069311" lon="108.87992436678135">
        <ele>416.2397504178807</ele>
        <time>2026-01-07T11:20:20.200000Z</time>
      </trkpt>
      <trkpt lat="34.21965287964264" lon="108.87993244683258">
        <ele>416.29523206409067</ele>
        <time>2026-01-07T11:20:21.200000Z</time>
      </trkpt>
      <trkpt lat="34.219641761992015" lon="108.87993971234926">
        <ele>416.3515710569918</ele>
        <time>2026-01-07T11:20:22.200000Z</time>
      </trkpt>
      <trkpt lat="34.21963058271077" lon="108.87994482339464">
        <ele>416.4071536846459</ele>
        <time>2026-01-07T11:20:23.200000Z</time>
      </trkpt>
      <trkpt lat="34.219619453582226" lon="108.87994779833845">
        <ele>416.4620648175478</ele>
        <time>2026-01-07T11:20:24.200000Z</time>
      </trkpt>
      <trkpt lat="34.21960923755929" lon="108.8799494931384">
        <ele>416.515510359779</ele>
        <time>2026-01-07T11:20:25.200000Z</time>
      </trkpt>
      <trkpt lat="34.219600450133996" lon="108.87994985693979">
        <ele>416.568048783578</ele>
        <time>2026-01-07T11:20:26.200000Z</time>
      </trkpt>
      <trkpt lat="34.21959227582272" lon="108.87994972756572">
        <ele>416.61876110360026</ele>
        <time>2026-01-07T11:20:27.200000Z</time>
      </trkpt>
      <trkpt lat="34.21958325821579" lon="108.87994975042356">
        <ele>416.6678555710241</ele>
        <time>2026-01-07T11:20:28.200000Z</time>
      </trkpt>
      <trkpt lat="34.21957312841144" lon="108.87995008201312">
        <ele>416.714267895557</ele>
        <time>2026-01-07T11:20:29.200000Z</time>
      </trkpt>
      <trkpt lat="34.219562180099295" lon="108.87995087060025">
        <ele>416.75903612282127</ele>
        <time>2026-01-07T11:20:30.200000Z</time>
      </trkpt>
      <trkpt lat="34.21955012559293" lon="108.87995169311615">
        <ele>416.8011699253693</ele>
        <time>2026-01-07T11:20:31.200000Z</time>
      </trkpt>
      <trkpt lat="34.21953657164219" lon="108.87995229258904">
        <ele>416.8413123348728</ele>
        <time>2026-01-07T11:20:32.200000Z</time>
      </trkpt>
      <trkpt lat="34.21952250076677" lon="108.87995247680398">
        <ele>416.88000678271055</ele>
        <time>2026-01-07T11:20:33.200000Z</time>
      </trkpt>
      <trkpt lat="34.21950875130321" lon="108.87995213427884">
        <ele>416.9176229480654</ele>
        <time>2026-01-07T11:20:34.200000Z</time>
      </trkpt>
      <trkpt lat="34.21949473343747" lon="108.87995155011765">
        <ele>416.95442128460854</ele>
        <time>2026-01-07T11:20:35.200000Z</time>
      </trkpt>
      <trkpt lat="34.219480632764956" lon="108.87995053173015">
        <ele>416.9899380002171</ele>
        <time>2026-01-07T11:20:36.200000Z</time>
      </trkpt>
      <trkpt lat="34.219466979251486" lon="108.879949748662">
        <ele>417.0226805889979</ele>
        <time>2026-01-07T11:20:37.200000Z</time>
      </trkpt>
      <trkpt lat="34.21945363950629" lon="108.87995029412016">
        <ele>417.0533056864515</ele>
        <time>2026-01-07T11:20:38.200000Z</time>
      </trkpt>
      <trkpt lat="34.21944079098127" lon="108.87995169707096">
        <ele>417.08248305879533</ele>
        <time>2026-01-07T11:20:39.200000Z</time>
      </trkpt>
      <trkpt lat="34.219428963622725" lon="108.87995324215532">
        <ele>417.1087449109182</ele>
        <time>2026-01-07T11:20:40.200000Z</time>
      </trkpt>
      <trkpt lat="34.219417907582745" lon="108.87995496278357">
        <ele>417.13315315544605</ele>
        <time>2026-01-07T11:20:41.200000Z</time>
      </trkpt>
      <trkpt lat="34.21940668964405" lon="108.87995732440459">
        <ele>417.15499472245574</ele>
        <time>2026-01-07T11:20:42.200000Z</time>
      </trkpt>
      <trkpt lat="34.219395388081885" lon="108.87996044891634">
        <ele>417.174911506474</ele>
        <time>2026-01-07T11:20:43.200000Z</time>
      </trkpt>
      <trkpt lat="34.21938411243834" lon="108.8799640531124">
        <ele>417.1928658634424</ele>
        <time>2026-01-07T11:20:44.200000Z</time>
      </trkpt>
      <trkpt lat="34.219372243895066" lon="108.87996777416">
        <ele>417.20884850714356</ele>
        <time>2026-01-07T11:20:45.200000Z</time>
      </trkpt>
      <trkpt lat="34.219360563451765" lon="108.87997150457339">
        <ele>417.22407895792276</ele>
        <time>2026-01-07T11:20:46.200000Z</time>
      </trkpt>
      <trkpt lat="34.21934938651182" lon="108.8799755341252">
        <ele>417.23867603298277</ele>
        <time>2026-01-07T11:20:47.200000Z</time>
      </trkpt>
      <trkpt lat="34.219337625912765" lon="108.8799798397205">
        <ele>417.2525045759976</ele>
        <time>2026-01-07T11:20:48.200000Z</time>
      </trkpt>
      <trkpt lat="34.219324513520974" lon="108.87998389154292">
        <ele>417.26499503012747</ele>
        <time>2026-01-07T11:20:49.200000Z</time>
      </trkpt>
      <trkpt lat="34.219309946413375" lon="108.87998723840846">
        <ele>417.27487285714597</ele>
        <time>2026-01-07T11:20:50.200000Z</time>
      </trkpt>
      <trkpt lat="34.219295145428624" lon="108.87999019495821">
        <ele>417.2819602759555</ele>
        <time>2026-01-07T11:20:51.200000Z</time>
      </trkpt>
      <trkpt lat="34.21928180839273" lon="108.879993418269">
        <ele>417.2875511460006</ele>
        <time>2026-01-07T11:20:52.200000Z</time>
      </trkpt>
      <trkpt lat="34.21927049600997" lon="108.8799969822432">
        <ele>417.2909818151966</ele>
        <time>2026-01-07T11:20:53.200000Z</time>
      </trkpt>
      <trkpt lat="34.21926047236057" lon="108.88000093779642">
        <ele>417.2925641918555</ele>
        <time>2026-01-07T11:20:54.200000Z</time>
      </trkpt>
      <trkpt lat="34.21925066821707" lon="108.88000492127618">
        <ele>417.29266363196075</ele>
        <time>2026-01-07T11:20:55.200000Z</time>
      </trkpt>
      <trkpt lat="34.21924000749619" lon="108.88000850805125">
        <ele>417.292263250798</ele>
        <time>2026-01-07T11:20:56.200000Z</time>
      </trkpt>
      <trkpt lat="34.21922780343324" lon="108.880011854324">
        <ele>417.29092556610703</ele>
        <time>2026-01-07T11:20:57.200000Z</time>
      </trkpt>
      <trkpt lat="34.21921433322277" lon="108.88001519014924">
        <ele>417.28790377639234</ele>
        <time>2026-01-07T11:20:58.200000Z</time>
      </trkpt>
      <trkpt lat="34.219200607035994" lon="108.88001908213691">
        <ele>417.2837656652555</ele>
        <time>2026-01-07T11:20:59.200000Z</time>
      </trkpt>
      <trkpt lat="34.21918758377171" lon="108.88002310098187">
        <ele>417.27650735899806</ele>
        <time>2026-01-07T11:21:00.200000Z</time>
      </trkpt>
      <trkpt lat="34.219174512518585" lon="108.88002630476666">
        <ele>417.26751184184104</ele>
        <time>2026-01-07T11:21:01.200000Z</time>
      </trkpt>
      <trkpt lat="34.21916018595187" lon="108.8800282878099">
        <ele>417.2576604736969</ele>
        <time>2026-01-07T11:21:02.200000Z</time>
      </trkpt>
      <trkpt lat="34.21914535018766" lon="108.88002894440167">
        <ele>417.24655358865857</ele>
        <time>2026-01-07T11:21:03.200000Z</time>
      </trkpt>
      <trkpt lat="34.219131312844645" lon="108.88002908812943">
        <ele>417.2336540268734</ele>
        <time>2026-01-07T11:21:04.200000Z</time>
      </trkpt>
      <trkpt lat="34.219118567848156" lon="108.88002921839119">
        <ele>417.21884199231863</ele>
        <time>2026-01-07T11:21:05.200000Z</time>
      </trkpt>
      <trkpt lat="34.21910752262746" lon="108.88002915904015">
        <ele>417.20220207516104</ele>
        <time>2026-01-07T11:21:06.200000Z</time>
      </trkpt>
      <trkpt lat="34.219098413298774" lon="108.88002918339832">
        <ele>417.183744052425</ele>
        <time>2026-01-07T11:21:07.200000Z</time>
      </trkpt>
      <trkpt lat="34.21909005448559" lon="108.88002950549534">
        <ele>417.1633807513863</ele>
        <time>2026-01-07T11:21:08.200000Z</time>
      </trkpt>
      <trkpt lat="34.219080963638646" lon="108.88003007778322">
        <ele>417.1407463978976</ele>
        <time>2026-01-07T11:21:09.200000Z</time>
      </trkpt>
      <trkpt lat="34.21907051933566" lon="108.88003101803353">
        <ele>417.1161604896188</ele>
        <time>2026-01-07T11:21:10.200000Z</time>
      </trkpt>
      <trkpt lat="34.21905978483208" lon="108.88003244497816">
        <ele>417.09003841038793</ele>
        <time>2026-01-07T11:21:11.200000Z</time>
      </trkpt>
      <trkpt lat="34.21904994388141" lon="108.88003415239085">
        <ele>417.0623281272128</ele>
        <time>2026-01-07T11:21:12.200000Z</time>
      </trkpt>
      <trkpt lat="34.219040460416814" lon="108.88003575027138">
        <ele>417.0337361134589</ele>
        <time>2026-01-07T11:21:13.200000Z</time>
      </trkpt>
      <trkpt lat="34.21903107497147" lon="108.8800369721162">
        <ele>417.0039920601994</ele>
        <time>2026-01-07T11:21:14.200000Z</time>
      </trkpt>
      <trkpt lat="34.21902193989215" lon="108.88003780751477">
        <ele>416.97370342630893</ele>
        <time>2026-01-07T11:21:15.200000Z</time>
      </trkpt>
      <trkpt lat="34.21901179380183" lon="108.88003835317024">
        <ele>416.9429032476619</ele>
        <time>2026-01-07T11:21:16.200000Z</time>
      </trkpt>
      <trkpt lat="34.21900026035296" lon="108.88003846578168">
        <ele>416.9120653066784</ele>
        <time>2026-01-07T11:21:17.200000Z</time>
      </trkpt>
      <trkpt lat="34.21898802548611" lon="108.8800381441731">
        <ele>416.8810620959848</ele>
        <time>2026-01-07T11:21:18.200000Z</time>
      </trkpt>
      <trkpt lat="34.21897531796362" lon="108.88003756516311">
        <ele>416.84985766839236</ele>
        <time>2026-01-07T11:21:19.200000Z</time>
      </trkpt>
      <trkpt lat="34.21896200874622" lon="108.88003670370652">
        <ele>416.8179036863148</ele>
        <time>2026-01-07T11:21:20.200000Z</time>
      </trkpt>
      <trkpt lat="34.21894774109286" lon="108.88003593579471">
        <ele>416.785544029437</ele>
        <time>2026-01-07T11:21:21.200000Z</time>
      </trkpt>
      <trkpt lat="34.21893427879333" lon="108.88003567655018">
        <ele>416.75237451307476</ele>
        <time>2026-01-07T11:21:22.200000Z</time>
      </trkpt>
      <trkpt lat="34.218922823261074" lon="108.88003537347956">
        <ele>416.7182676261291</ele>
        <time>2026-01-07T11:21:23.200000Z</time>
      </trkpt>
      <trkpt lat="34.21891175929889" lon="108.88003461120269">
        <ele>416.68328029476106</ele>
        <time>2026-01-07T11:21:24.200000Z</time>
      </trkpt>
      <trkpt lat="34.218899941274735" lon="108.88003376712302">
        <ele>416.64722687751055</ele>
        <time>2026-01-07T11:21:25.200000Z</time>
      </trkpt>
      <trkpt lat="34.21888755630485" lon="108.88003308312979">
        <ele>416.61061413772404</ele>
        <time>2026-01-07T11:21:26.200000Z</time>
      </trkpt>
      <trkpt lat="34.218875216600665" lon="108.88003259939259">
        <ele>416.5731602059677</ele>
        <time>2026-01-07T11:21:27.200000Z</time>
      </trkpt>
      <trkpt lat="34.21886350871081" lon="108.88003236357548">
        <ele>416.53498981520534</ele>
        <time>2026-01-07T11:21:28.200000Z</time>
      </trkpt>
      <trkpt lat="34.218851798803996" lon="108.88003211559922">
        <ele>416.49608158506453</ele>
        <time>2026-01-07T11:21:29.200000Z</time>
      </trkpt>
      <trkpt lat="34.218839299173936" lon="108.88003188641885">
        <ele>416.456670477055</ele>
        <time>2026-01-07T11:21:30.200000Z</time>
      </trkpt>
      <trkpt lat="34.21882607886981" lon="108.88003203100043">
        <ele>416.4165954729542</ele>
        <time>2026-01-07T11:21:31.200000Z</time>
      </trkpt>
      <trkpt lat="34.218811433380274" lon="108.88003240571543">
        <ele>416.37541671004146</ele>
        <time>2026-01-07T11:21:32.200000Z</time>
      </trkpt>
      <trkpt lat="34.2187954240401" lon="108.88003247128147">
        <ele>416.3323796624318</ele>
        <time>2026-01-07T11:21:33.200000Z</time>
      </trkpt>
      <trkpt lat="34.21878083326025" lon="108.88003137901337">
        <ele>416.28725427761674</ele>
        <time>2026-01-07T11:21:34.200000Z</time>
      </trkpt>
      <trkpt lat="34.2187685011329" lon="108.88002838159235">
        <ele>416.23970402311534</ele>
        <time>2026-01-07T11:21:35.200000Z</time>
      </trkpt>
      <trkpt lat="34.21875755481751" lon="108.88002409524192">
        <ele>416.18951393663883</ele>
        <time>2026-01-07T11:21:36.200000Z</time>
      </trkpt>
      <trkpt lat="34.218747363722976" lon="108.88001946157767">
        <ele>416.13637983985245</ele>
        <time>2026-01-07T11:21:37.200000Z</time>
      </trkpt>
      <trkpt lat="34.218736402577115" lon="108.88001437906541">
        <ele>416.08066606894135</ele>
        <time>2026-01-07T11:21:38.200000Z</time>
      </trkpt>
      <trkpt lat="34.21872392734229" lon="108.88000919112811">
        <ele>416.0225696824491</ele>
        <time>2026-01-07T11:21:39.200000Z</time>
      </trkpt>
      <trkpt lat="34.21871091837718" lon="108.88000489728044">
        <ele>415.9621742069721</ele>
        <time>2026-01-07T11:21:40.200000Z</time>
      </trkpt>
      <trkpt lat="34.21869760995871" lon="108.88000185648943">
        <ele>415.89939675852656</ele>
        <time>2026-01-07T11:21:41.200000Z</time>
      </trkpt>
      <trkpt lat="34.21868287669875" lon="108.88000023012182">
        <ele>415.8344557825476</ele>
        <time>2026-01-07T11:21:42.200000Z</time>
      </trkpt>
      <trkpt lat="34.218666815390165" lon="108.87999950593893">
        <ele>415.76668778900057</ele>
        <time>2026-01-07T11:21:43.200000Z</time>
      </trkpt>
      <trkpt lat="34.218649664790426" lon="108.8799986749479">
        <ele>415.697333952412</ele>
        <time>2026-01-07T11:21:44.200000Z</time>
      </trkpt>
      <trkpt lat="34.218631209966894" lon="108.879997750832">
        <ele>415.625998577103</ele>
        <time>2026-01-07T11:21:45.200000Z</time>
      </trkpt>
      <trkpt lat="34.218612017894884" lon="108.87999691639956">
        <ele>415.5523734977469</ele>
        <time>2026-01-07T11:21:46.200000Z</time>
      </trkpt>
      <trkpt lat="34.21859130895252" lon="108.87999543114647">
        <ele>415.4776304597035</ele>
        <time>2026-01-07T11:21:47.200000Z</time>
      </trkpt>
      <trkpt lat="34.2185684124802" lon="108.87999238276477">
        <ele>415.4021866694093</ele>
        <time>2026-01-07T11:21:48.200000Z</time>
      </trkpt>
      <trkpt lat="34.21854559484781" lon="108.87998856717371">
        <ele>415.32642286270857</ele>
        <time>2026-01-07T11:21:49.200000Z</time>
      </trkpt>
      <trkpt lat="34.21852327103113" lon="108.87998526159504">
        <ele>415.25134601444006</ele>
        <time>2026-01-07T11:21:50.200000Z</time>
      </trkpt>
      <trkpt lat="34.21850054231243" lon="108.8799824872702">
        <ele>415.1771125206724</ele>
        <time>2026-01-07T11:21:51.200000Z</time>
      </trkpt>
      <trkpt lat="34.218479992361495" lon="108.87998010028495">
        <ele>415.1045020921156</ele>
        <time>2026-01-07T11:21:52.200000Z</time>
      </trkpt>
      <trkpt lat="34.21846112907196" lon="108.87997763456022">
        <ele>415.0342485764995</ele>
        <time>2026-01-07T11:21:53.200000Z</time>
      </trkpt>
      <trkpt lat="34.21844310101048" lon="108.87997518641453">
        <ele>414.96627427171916</ele>
        <time>2026-01-07T11:21:54.200000Z</time>
      </trkpt>
      <trkpt lat="34.21842697035004" lon="108.87997356478196">
        <ele>414.9011008506641</ele>
        <time>2026-01-07T11:21:55.200000Z</time>
      </trkpt>
      <trkpt lat="34.21841187729497" lon="108.87997252195066">
        <ele>414.8392684003338</ele>
        <time>2026-01-07T11:21:56.200000Z</time>
      </trkpt>
      <trkpt lat="34.218397183015405" lon="108.87997159923178">
        <ele>414.7811439074576</ele>
        <time>2026-01-07T11:21:57.200000Z</time>
      </trkpt>
      <trkpt lat="34.218382202359166" lon="108.87997054490172">
        <ele>414.72694969177246</ele>
        <time>2026-01-07T11:21:58.200000Z</time>
      </trkpt>
      <trkpt lat="34.21836766144946" lon="108.87996921452614">
        <ele>414.67688012868166</ele>
        <time>2026-01-07T11:21:59.200000Z</time>
      </trkpt>
      <trkpt lat="34.218353037688615" lon="108.87996781085043">
        <ele>414.6310698501766</ele>
        <time>2026-01-07T11:22:00.200000Z</time>
      </trkpt>
      <trkpt lat="34.21833695130835" lon="108.87996667155616">
        <ele>414.5893907882273</ele>
        <time>2026-01-07T11:22:01.200000Z</time>
      </trkpt>
      <trkpt lat="34.21832074692534" lon="108.8799662661407">
        <ele>414.5520760240033</ele>
        <time>2026-01-07T11:22:02.200000Z</time>
      </trkpt>
      <trkpt lat="34.2183050184951" lon="108.87996657747817">
        <ele>414.51901393942535</ele>
        <time>2026-01-07T11:22:03.200000Z</time>
      </trkpt>
      <trkpt lat="34.21828930961553" lon="108.87996721343642">
        <ele>414.4897003220394</ele>
        <time>2026-01-07T11:22:04.200000Z</time>
      </trkpt>
      <trkpt lat="34.21827396456949" lon="108.87996778239767">
        <ele>414.46394803002477</ele>
        <time>2026-01-07T11:22:05.200000Z</time>
      </trkpt>
      <trkpt lat="34.218259295576985" lon="108.87996811358039">
        <ele>414.44182693585753</ele>
        <time>2026-01-07T11:22:06.200000Z</time>
      </trkpt>
      <trkpt lat="34.21824571966974" lon="108.8799683101282">
        <ele>414.4232430746779</ele>
        <time>2026-01-07T11:22:07.200000Z</time>
      </trkpt>
      <trkpt lat="34.218232605539065" lon="108.87996872153245">
        <ele>414.40771741233766</ele>
        <time>2026-01-07T11:22:08.200000Z</time>
      </trkpt>
      <trkpt lat="34.21821992816749" lon="108.87996979297758">
        <ele>414.39505983982235</ele>
        <time>2026-01-07T11:22:09.200000Z</time>
      </trkpt>
      <trkpt lat="34.21820872340059" lon="108.87997086740268">
        <ele>414.3848479958251</ele>
        <time>2026-01-07T11:22:10.200000Z</time>
      </trkpt>
      <trkpt lat="34.21819878375438" lon="108.87997217503643">
        <ele>414.37698784004897</ele>
        <time>2026-01-07T11:22:11.200000Z</time>
      </trkpt>
      <trkpt lat="34.218190043327056" lon="108.87997447782358">
        <ele>414.3709433125332</ele>
        <time>2026-01-07T11:22:12.200000Z</time>
      </trkpt>
      <trkpt lat="34.218181667294765" lon="108.87997785218508">
        <ele>414.3666272331029</ele>
        <time>2026-01-07T11:22:13.200000Z</time>
      </trkpt>
      <trkpt lat="34.21817284007037" lon="108.87998219671125">
        <ele>414.36387752648443</ele>
        <time>2026-01-07T11:22:14.200000Z</time>
      </trkpt>
      <trkpt lat="34.21816285683829" lon="108.87998745271352">
        <ele>414.3626159634441</ele>
        <time>2026-01-07T11:22:15.200000Z</time>
      </trkpt>
      <trkpt lat="34.21815171204075" lon="108.87999391155249">
        <ele>414.362948150374</ele>
        <time>2026-01-07T11:22:16.200000Z</time>
      </trkpt>
      <trkpt lat="34.21814249588646" lon="108.88000160871701">
        <ele>414.36480110511184</ele>
        <time>2026-01-07T11:22:17.200000Z</time>
      </trkpt>
      <trkpt lat="34.218136781190616" lon="108.88001022680349">
        <ele>414.3680185340345</ele>
        <time>2026-01-07T11:22:18.200000Z</time>
      </trkpt>
      <trkpt lat="34.21813322266128" lon="108.88001982868496">
        <ele>414.37241566739976</ele>
        <time>2026-01-07T11:22:19.200000Z</time>
      </trkpt>
      <trkpt lat="34.21813043228979" lon="108.8800308799811">
        <ele>414.37780261412263</ele>
        <time>2026-01-07T11:22:20.200000Z</time>
      </trkpt>
      <trkpt lat="34.21812820344979" lon="108.88004291987552">
        <ele>414.38408188708127</ele>
        <time>2026-01-07T11:22:21.200000Z</time>
      </trkpt>
      <trkpt lat="34.21812694451287" lon="108.88005460794156">
        <ele>414.39138098154217</ele>
        <time>2026-01-07T11:22:22.200000Z</time>
      </trkpt>
      <trkpt lat="34.21812635979472" lon="108.88006577285033">
        <ele>414.3995618512854</ele>
        <time>2026-01-07T11:22:23.200000Z</time>
      </trkpt>
      <trkpt lat="34.218125540538544" lon="108.88007938640006">
        <ele>414.40841404814273</ele>
        <time>2026-01-07T11:22:24.200000Z</time>
      </trkpt>
      <trkpt lat="34.21812421280222" lon="108.88009558932116">
        <ele>414.41757041588426</ele>
        <time>2026-01-07T11:22:25.200000Z</time>
      </trkpt>
      <trkpt lat="34.21812300508614" lon="108.880112483358">
        <ele>414.427032424137</ele>
        <time>2026-01-07T11:22:26.200000Z</time>
      </trkpt>
      <trkpt lat="34.21812213679182" lon="108.88012948971668">
        <ele>414.43655894417316</ele>
        <time>2026-01-07T11:22:27.200000Z</time>
      </trkpt>
      <trkpt lat="34.218121404627716" lon="108.8801441217676">
        <ele>414.445957897231</ele>
        <time>2026-01-07T11:22:28.200000Z</time>
      </trkpt>
      <trkpt lat="34.21812092793881" lon="108.8801550924743">
        <ele>414.45489181391895</ele>
        <time>2026-01-07T11:22:29.200000Z</time>
      </trkpt>
      <trkpt lat="34.218121036114034" lon="108.88016375222118">
        <ele>414.46302433963865</ele>
        <time>2026-01-07T11:22:30.200000Z</time>
      </trkpt>
      <trkpt lat="34.218121930335485" lon="108.88017158980091">
        <ele>414.4700758093968</ele>
        <time>2026-01-07T11:22:31.200000Z</time>
      </trkpt>
      <trkpt lat="34.21812333274103" lon="108.88017982926719">
        <ele>414.47555220872164</ele>
        <time>2026-01-07T11:22:32.200000Z</time>
      </trkpt>
      <trkpt lat="34.218124948135" lon="108.88018901135413">
        <ele>414.47955943178385</ele>
        <time>2026-01-07T11:22:33.200000Z</time>
      </trkpt>
      <trkpt lat="34.218126082710754" lon="108.88020068466155">
        <ele>414.4819234246388</ele>
        <time>2026-01-07T11:22:34.200000Z</time>
      </trkpt>
      <trkpt lat="34.21812645762837" lon="108.88021525237318">
        <ele>414.4828397547826</ele>
        <time>2026-01-07T11:22:35.200000Z</time>
      </trkpt>
      <trkpt lat="34.21812694743396" lon="108.88023141467984">
        <ele>414.4821745855734</ele>
        <time>2026-01-07T11:22:36.200000Z</time>
      </trkpt>
      <trkpt lat="34.2181277832933" lon="108.88024934820642">
        <ele>414.4797626938671</ele>
        <time>2026-01-07T11:22:37.200000Z</time>
      </trkpt>
      <trkpt lat="34.21812844680043" lon="108.88026874627626">
        <ele>414.4758472852409</ele>
        <time>2026-01-07T11:22:38.200000Z</time>
      </trkpt>
      <trkpt lat="34.2181284329633" lon="108.88028729736605">
        <ele>414.4703420596197</ele>
        <time>2026-01-07T11:22:39.200000Z</time>
      </trkpt>
      <trkpt lat="34.21812885262123" lon="108.88030429566643">
        <ele>414.4632831644267</ele>
        <time>2026-01-07T11:22:40.200000Z</time>
      </trkpt>
      <trkpt lat="34.21813041624568" lon="108.88032086477587">
        <ele>414.45463087782264</ele>
        <time>2026-01-07T11:22:41.200000Z</time>
      </trkpt>
      <trkpt lat="34.21813215071894" lon="108.88033732499484">
        <ele>414.4446206074208</ele>
        <time>2026-01-07T11:22:42.200000Z</time>
      </trkpt>
      <trkpt lat="34.21813441020877" lon="108.88035401883508">
        <ele>414.43320044875145</ele>
        <time>2026-01-07T11:22:43.200000Z</time>
      </trkpt>
      <trkpt lat="34.21813728196234" lon="108.88037099998682">
        <ele>414.42029171902686</ele>
        <time>2026-01-07T11:22:44.200000Z</time>
      </trkpt>
      <trkpt lat="34.2181398932102" lon="108.88038851538577">
        <ele>414.4058848870918</ele>
        <time>2026-01-07T11:22:45.200000Z</time>
      </trkpt>
      <trkpt lat="34.218141810096455" lon="108.88040619109105">
        <ele>414.38992186728865</ele>
        <time>2026-01-07T11:22:46.200000Z</time>
      </trkpt>
      <trkpt lat="34.218142711414316" lon="108.88042439915316">
        <ele>414.37240443658084</ele>
        <time>2026-01-07T11:22:47.200000Z</time>
      </trkpt>
      <trkpt lat="34.21814276538139" lon="108.88044249586513">
        <ele>414.35306111816317</ele>
        <time>2026-01-07T11:22:48.200000Z</time>
      </trkpt>
      <trkpt lat="34.218143033945424" lon="108.88046012949395">
        <ele>414.3321734042838</ele>
        <time>2026-01-07T11:22:49.200000Z</time>
      </trkpt>
      <trkpt lat="34.21814408261261" lon="108.88047812726855">
        <ele>414.3094568308443</ele>
        <time>2026-01-07T11:22:50.200000Z</time>
      </trkpt>
      <trkpt lat="34.21814576485301" lon="108.8804958870497">
        <ele>414.28501842636615</ele>
        <time>2026-01-07T11:22:51.200000Z</time>
      </trkpt>
      <trkpt lat="34.218148026890496" lon="108.88051276826745">
        <ele>414.2586944429204</ele>
        <time>2026-01-07T11:22:52.200000Z</time>
      </trkpt>
      <trkpt lat="34.21815014447941" lon="108.88052848697275">
        <ele>414.2301786299795</ele>
        <time>2026-01-07T11:22:53.200000Z</time>
      </trkpt>
      <trkpt lat="34.218151590309574" lon="108.8805437740958">
        <ele>414.1997015643865</ele>
        <time>2026-01-07T11:22:54.200000Z</time>
      </trkpt>
      <trkpt lat="34.21815273731725" lon="108.88055964492503">
        <ele>414.16732755303383</ele>
        <time>2026-01-07T11:22:55.200000Z</time>
      </trkpt>
      <trkpt lat="34.218153455018474" lon="108.88057659377216">
        <ele>414.1326916310936</ele>
        <time>2026-01-07T11:22:56.200000Z</time>
      </trkpt>
      <trkpt lat="34.21815397845357" lon="108.88059422585316">
        <ele>414.0958635471761</ele>
        <time>2026-01-07T11:22:57.200000Z</time>
      </trkpt>
      <trkpt lat="34.218154829704446" lon="108.88061204967293">
        <ele>414.05706408433616</ele>
        <time>2026-01-07T11:22:58.200000Z</time>
      </trkpt>
      <trkpt lat="34.21815564818093" lon="108.88062985453696">
        <ele>414.01602333877236</ele>
        <time>2026-01-07T11:22:59.200000Z</time>
      </trkpt>
      <trkpt lat="34.21815655967347" lon="108.88064699800819">
        <ele>413.97310811746866</ele>
        <time>2026-01-07T11:23:00.200000Z</time>
      </trkpt>
      <trkpt lat="34.218157627393" lon="108.88066329031551">
        <ele>413.9281504275277</ele>
        <time>2026-01-07T11:23:01.200000Z</time>
      </trkpt>
      <trkpt lat="34.2181585274434" lon="108.88067964011837">
        <ele>413.88132199272513</ele>
        <time>2026-01-07T11:23:02.200000Z</time>
      </trkpt>
      <trkpt lat="34.21815939980444" lon="108.88069614700032">
        <ele>413.83246812596917</ele>
        <time>2026-01-07T11:23:03.200000Z</time>
      </trkpt>
      <trkpt lat="34.2181603291142" lon="108.88071150538467">
        <ele>413.78158265259117</ele>
        <time>2026-01-07T11:23:04.200000Z</time>
      </trkpt>
      <trkpt lat="34.21816140596219" lon="108.8807248112777">
        <ele>413.7290323516354</ele>
        <time>2026-01-07T11:23:05.200000Z</time>
      </trkpt>
      <trkpt lat="34.21816241413224" lon="108.8807366227518">
        <ele>413.6748053506017</ele>
        <time>2026-01-07T11:23:06.200000Z</time>
      </trkpt>
      <trkpt lat="34.21816290866651" lon="108.88074872596972">
        <ele>413.619262563996</ele>
        <time>2026-01-07T11:23:07.200000Z</time>
      </trkpt>
      <trkpt lat="34.218162950625256" lon="108.88076206240034">
        <ele>413.5629349797964</ele>
        <time>2026-01-07T11:23:08.200000Z</time>
        <extensions>
          <gpxtpx:TrackPointExtension>
            <gpxtpx:hr>99</gpxtpx:hr>
          </gpxtpx:TrackPointExtension>
        </extensions>
      </trkpt>
      <trkpt lat="34.21816286399074" lon="108.88077651160509">
        <ele>413.5060653137043</ele>
        <time>2026-01-07T11:23:09.200000Z</time>
        <extensions>
          <gpxtpx:TrackPointExtension>
            <gpxtpx:hr>99</gpxtpx:hr>
          </gpxtpx:TrackPointExtension>
        </extensions>
      </trkpt>
      <trkpt lat="34.21816275580186" lon="108.88079131738706">
        <ele>413.4487680429593</ele>
        <time>2026-01-07T11:23:10.200000Z</time>
        <extensions>
          <gpxtpx:TrackPointExtension>
            <gpxtpx:hr>99</gpxtpx:hr>
          </gpxtpx:TrackPointExtension>
        </extensions>
      </trkpt>
      <trkpt lat="34.21816235429722" lon="108.88080592291834">
        <ele>413.3915821388364</ele>
        <time>2026-01-07T11:23:11.200000Z</time>
        <extensions>
          <gpxtpx:TrackPointExtension>
            <gpxtpx:hr>99</gpxtpx:hr>
          </gpxtpx:TrackPointExtension>
        </extensions>
      </trkpt>
      <trkpt lat="34.21816182609561" lon="108.8808202931961">
        <ele>413.3341472130269</ele>
        <time>2026-01-07T11:23:12.200000Z</time>
        <extensions>
          <gpxtpx:TrackPointExtension>
            <gpxtpx:hr>99</gpxtpx:hr>
          </gpxtpx:TrackPointExtension>
        </extensions>
      </trkpt>
      <trkpt lat="34.21816164242854" lon="108.88083372443447">
        <ele>413.2766123143956</ele>
        <time>2026-01-07T11:23:13.200000Z</time>
        <extensions>
          <gpxtpx:TrackPointExtension>
            <gpxtpx:hr>99</gpxtpx:hr>
          </gpxtpx:TrackPointExtension>
        </extensions>
      </trkpt>
      <trkpt lat="34.21816207206271" lon="108.88084590613308">
        <ele>413.21943309996277</ele>
        <time>2026-01-07T11:23:14.200000Z</time>
        <extensions>
          <gpxtpx:TrackPointExtension>
            <gpxtpx:hr>99</gpxtpx:hr>
          </gpxtpx:TrackPointExtension>
        </extensions>
      </trkpt>
      <trkpt lat="34.21816287468155" lon="108.88085798843339">
        <ele>413.1634346349165</ele>
        <time>2026-01-07T11:23:15.200000Z</time>
        <extensions>
          <gpxtpx:TrackPointExtension>
            <gpxtpx:hr>99</gpxtpx:hr>
          </gpxtpx:TrackPointExtension>
        </extensions>
      </trkpt>
      <trkpt lat="34.21816374590699" lon="108.88087049302256">
        <ele>413.1084652421996</ele>
        <time>2026-01-07T11:23:16.200000Z</time>
        <extensions>
          <gpxtpx:TrackPointExtension>
            <gpxtpx:hr>99</gpxtpx:hr>
          </gpxtpx:TrackPointExtension>
        </extensions>
      </trkpt>
      <trkpt lat="34.218164482359526" lon="108.88088388730286">
        <ele>413.0551968133077</ele>
        <time>2026-01-07T11:23:17.200000Z</time>
        <extensions>
          <gpxtpx:TrackPointExtension>
            <gpxtpx:hr>99</gpxtpx:hr>
          </gpxtpx:TrackPointExtension>
        </extensions>
      </trkpt>
      <trkpt lat="34.218164940038456" lon="108.88089899748795">
        <ele>413.00364205706865</ele>
        <time>2026-01-07T11:23:18.200000Z</time>
        <extensions>
          <gpxtpx:TrackPointExtension>
            <gpxtpx:hr>99</gpxtpx:hr>
          </gpxtpx:TrackPointExtension>
        </extensions>
      </trkpt>
      <trkpt lat="34.21816531542184" lon="108.88091465320566">
        <ele>412.95314129348844</ele>
        <time>2026-01-07T11:23:19.200000Z</time>
        <extensions>
          <gpxtpx:TrackPointExtension>
            <gpxtpx:hr>99</gpxtpx:hr>
          </gpxtpx:TrackPointExtension>
        </extensions>
      </trkpt>
      <trkpt lat="34.21816549093348" lon="108.88093005001163">
        <ele>412.90386660862714</ele>
        <time>2026-01-07T11:23:20.200000Z</time>
        <extensions>
          <gpxtpx:TrackPointExtension>
            <gpxtpx:hr>99</gpxtpx:hr>
          </gpxtpx:TrackPointExtension>
        </extensions>
      </trkpt>
      <trkpt lat="34.21816548288968" lon="108.880944817805">
        <ele>412.85595886968076</ele>
        <time>2026-01-07T11:23:21.200000Z</time>
        <extensions>
          <gpxtpx:TrackPointExtension>
            <gpxtpx:hr>99</gpxtpx:hr>
          </gpxtpx:TrackPointExtension>
        </extensions>
      </trkpt>
      <trkpt lat="34.21816526050658" lon="108.88095917252446">
        <ele>412.8099267212674</ele>
        <time>2026-01-07T11:23:22.200000Z</time>
        <extensions>
          <gpxtpx:TrackPointExtension>
            <gpxtpx:hr>99</gpxtpx:hr>
          </gpxtpx:TrackPointExtension>
        </extensions>
      </trkpt>
      <trkpt lat="34.218164773474115" lon="108.8809739666612">
        <ele>412.76543975714594</ele>
        <time>2026-01-07T11:23:23.200000Z</time>
        <extensions>
          <gpxtpx:TrackPointExtension>
            <gpxtpx:hr>99</gpxtpx:hr>
          </gpxtpx:TrackPointExtension>
        </extensions>
      </trkpt>
      <trkpt lat="34.218164351487616" lon="108.88098983652772">
        <ele>412.7227185498923</ele>
        <time>2026-01-07T11:23:24.200000Z</time>
        <extensions>
          <gpxtpx:TrackPointExtension>
            <gpxtpx:hr>99</gpxtpx:hr>
          </gpxtpx:TrackPointExtension>
        </extensions>
      </trkpt>
      <trkpt lat="34.218164431339" lon="108.88100622788271">
        <ele>412.6815332910046</ele>
        <time>2026-01-07T11:23:25.200000Z</time>
        <extensions>
          <gpxtpx:TrackPointExtension>
            <gpxtpx:hr>99</gpxtpx:hr>
          </gpxtpx:TrackPointExtension>
        </extensions>
      </trkpt>
      <trkpt lat="34.218165121383805" lon="108.88102214946268">
        <ele>412.6423731641844</ele>
        <time>2026-01-07T11:23:26.200000Z</time>
        <extensions>
          <gpxtpx:TrackPointExtension>
            <gpxtpx:hr>99</gpxtpx:hr>
          </gpxtpx:TrackPointExtension>
        </extensions>
      </trkpt>
      <trkpt lat="34.21816620466938" lon="108.8810369091895">
        <ele>412.6053200624883</ele>
        <time>2026-01-07T11:23:27.200000Z</time>
        <extensions>
          <gpxtpx:TrackPointExtension>
            <gpxtpx:hr>99</gpxtpx:hr>
          </gpxtpx:TrackPointExtension>
        </extensions>
      </trkpt>
      <trkpt lat="34.21816749585725" lon="108.88105089406292">
        <ele>412.5696942359209</ele>
        <time>2026-01-07T11:23:28.200000Z</time>
        <extensions>
          <gpxtpx:TrackPointExtension>
            <gpxtpx:hr>99</gpxtpx:hr>
          </gpxtpx:TrackPointExtension>
        </extensions>
      </trkpt>
      <trkpt lat="34.2181686660606" lon="108.88106451707152">
        <ele>412.5353567991406</ele>
        <time>2026-01-07T11:23:29.200000Z</time>
        <extensions>
          <gpxtpx:TrackPointExtension>
            <gpxtpx:hr>100</gpxtpx:hr>
          </gpxtpx:TrackPointExtension>
        </extensions>
      </trkpt>
      <trkpt lat="34.218169231999646" lon="108.8810781801165">
        <ele>412.50242324732244</ele>
        <time>2026-01-07T11:23:30.200000Z</time>
        <extensions>
          <gpxtpx:TrackPointExtension>
            <gpxtpx:hr>100</gpxtpx:hr>
          </gpxtpx:TrackPointExtension>
        </extensions>
      </trkpt>
      <trkpt lat="34.218169273570105" lon="108.88109457036">
        <ele>412.4679368333891</ele>
        <time>2026-01-07T11:23:31.400000Z</time>
        <extensions>
          <gpxtpx:TrackPointExtension>
            <gpxtpx:hr>100</gpxtpx:hr>
          </gpxtpx:TrackPointExtension>
        </extensions>
      </trkpt>
      <trkpt lat="34.21816920189102" lon="108.88110772804858">
        <ele>412.441633829847</ele>
        <time>2026-01-07T11:23:32.200000Z</time>
        <extensions>
          <gpxtpx:TrackPointExtension>
            <gpxtpx:hr>100</gpxtpx:hr>
          </gpxtpx:TrackPointExtension>
        </extensions>
      </trkpt>
      <trkpt lat="34.21816909482642" lon="108.88112244723955">
        <ele>412.41350718121976</ele>
        <time>2026-01-07T11:23:33.200000Z</time>
        <extensions>
          <gpxtpx:TrackPointExtension>
            <gpxtpx:hr>100</gpxtpx:hr>
          </gpxtpx:TrackPointExtension>
        </extensions>
      </trkpt>
      <trkpt lat="34.218168823828734" lon="108.88113807703847">
        <ele>412.386879818514</ele>
        <time>2026-01-07T11:23:34.200000Z</time>
        <extensions>
          <gpxtpx:TrackPointExtension>
            <gpxtpx:hr>100</gpxtpx:hr>
          </gpxtpx:TrackPointExtension>
        </extensions>
      </trkpt>
      <trkpt lat="34.218168688363114" lon="108.88115333109171">
        <ele>412.3616364058107</ele>
        <time>2026-01-07T11:23:35.200000Z</time>
        <extensions>
          <gpxtpx:TrackPointExtension>
            <gpxtpx:hr>100</gpxtpx:hr>
          </gpxtpx:TrackPointExtension>
        </extensions>
      </trkpt>
      <trkpt lat="34.21816846202354" lon="108.88116805657256">
        <ele>412.33786097727716</ele>
        <time>2026-01-07T11:23:36.200000Z</time>
        <extensions>
          <gpxtpx:TrackPointExtension>
            <gpxtpx:hr>100</gpxtpx:hr>
          </gpxtpx:TrackPointExtension>
        </extensions>
      </trkpt>
      <trkpt lat="34.218167436066246" lon="108.8811839920953">
        <ele>412.3153510177508</ele>
        <time>2026-01-07T11:23:37.200000Z</time>
        <extensions>
          <gpxtpx:TrackPointExtension>
            <gpxtpx:hr>100</gpxtpx:hr>
          </gpxtpx:TrackPointExtension>
        </extensions>
      </trkpt>
      <trkpt lat="34.21816584942052" lon="108.88120052228113">
        <ele>412.29395526088774</ele>
        <time>2026-01-07T11:23:38.200000Z</time>
        <extensions>
          <gpxtpx:TrackPointExtension>
            <gpxtpx:hr>100</gpxtpx:hr>
          </gpxtpx:TrackPointExtension>
        </extensions>
      </trkpt>
      <trkpt lat="34.21816456834022" lon="108.88121635339533">
        <ele>412.2734825890511</ele>
        <time>2026-01-07T11:23:39.200000Z</time>
        <extensions>
          <gpxtpx:TrackPointExtension>
            <gpxtpx:hr>100</gpxtpx:hr>
          </gpxtpx:TrackPointExtension>
        </extensions>
      </trkpt>
      <trkpt lat="34.21816370879904" lon="108.88123219443202">
        <ele>412.25392786599696</ele>
        <time>2026-01-07T11:23:40.200000Z</time>
        <extensions>
          <gpxtpx:TrackPointExtension>
            <gpxtpx:hr>100</gpxtpx:hr>
          </gpxtpx:TrackPointExtension>
        </extensions>
      </trkpt>
      <trkpt lat="34.21816280919521" lon="108.88124861664284">
        <ele>412.2354452526197</ele>
        <time>2026-01-07T11:23:41.200000Z</time>
        <extensions>
          <gpxtpx:TrackPointExtension>
            <gpxtpx:hr>100</gpxtpx:hr>
          </gpxtpx:TrackPointExtension>
        </extensions>
      </trkpt>
      <trkpt lat="34.218161648871" lon="108.88126516300382">
        <ele>412.2178291240707</ele>
        <time>2026-01-07T11:23:42.200000Z</time>
        <extensions>
          <gpxtpx:TrackPointExtension>
            <gpxtpx:hr>100</gpxtpx:hr>
          </gpxtpx:TrackPointExtension>
        </extensions>
      </trkpt>
      <trkpt lat="34.21816034512707" lon="108.8812808832995">
        <ele>412.2009903313592</ele>
        <time>2026-01-07T11:23:43.200000Z</time>
        <extensions>
          <gpxtpx:TrackPointExtension>
            <gpxtpx:hr>100</gpxtpx:hr>
          </gpxtpx:TrackPointExtension>
        </extensions>
      </trkpt>
      <trkpt lat="34.21815925615986" lon="108.88129493712928">
        <ele>412.1846713386476</ele>
        <time>2026-01-07T11:23:44.200000Z</time>
        <extensions>
          <gpxtpx:TrackPointExtension>
            <gpxtpx:hr>100</gpxtpx:hr>
          </gpxtpx:TrackPointExtension>
        </extensions>
      </trkpt>
      <trkpt lat="34.21815834513647" lon="108.88130833880273">
        <ele>412.1689522340894</ele>
        <time>2026-01-07T11:23:45.200000Z</time>
        <extensions>
          <gpxtpx:TrackPointExtension>
            <gpxtpx:hr>100</gpxtpx:hr>
          </gpxtpx:TrackPointExtension>
        </extensions>
      </trkpt>
      <trkpt lat="34.21815794746606" lon="108.88132164932613">
        <ele>412.15367174334824</ele>
        <time>2026-01-07T11:23:46.200000Z</time>
        <extensions>
          <gpxtpx:TrackPointExtension>
            <gpxtpx:hr>100</gpxtpx:hr>
          </gpxtpx:TrackPointExtension>
        </extensions>
      </trkpt>
      <trkpt lat="34.21815840828842" lon="108.88133450836695">
        <ele>412.13874656893313</ele>
        <time>2026-01-07T11:23:47.200000Z</time>
        <extensions>
          <gpxtpx:TrackPointExtension>
            <gpxtpx:hr>100</gpxtpx:hr>
          </gpxtpx:TrackPointExtension>
        </extensions>
      </trkpt>
      <trkpt lat="34.21815954499753" lon="108.88134760220753">
        <ele>412.1237863730639</ele>
        <time>2026-01-07T11:23:48.200000Z</time>
        <extensions>
          <gpxtpx:TrackPointExtension>
            <gpxtpx:hr>100</gpxtpx:hr>
          </gpxtpx:TrackPointExtension>
        </extensions>
      </trkpt>
      <trkpt lat="34.218160962554784" lon="108.88136094209631">
        <ele>412.10908066947013</ele>
        <time>2026-01-07T11:23:49.200000Z</time>
      </trkpt>
      <trkpt lat="34.218162268462144" lon="108.88137416489461">
        <ele>412.0946078468114</ele>
        <time>2026-01-07T11:23:50.200000Z</time>
      </trkpt>
      <trkpt lat="34.218163022532416" lon="108.88138816745246">
        <ele>412.08040707558393</ele>
        <time>2026-01-07T11:23:51.200000Z</time>
      </trkpt>
      <trkpt lat="34.21816274058089" lon="108.88140305549263">
        <ele>412.0663508856669</ele>
        <time>2026-01-07T11:23:52.200000Z</time>
      </trkpt>
      <trkpt lat="34.218161584416784" lon="108.88141763295887">
        <ele>412.05239119566977</ele>
        <time>2026-01-07T11:23:53.200000Z</time>
      </trkpt>
      <trkpt lat="34.218159824548756" lon="108.88143249321084">
        <ele>412.0385112632066</ele>
        <time>2026-01-07T11:23:54.200000Z</time>
      </trkpt>
      <trkpt lat="34.21815794655758" lon="108.88144743836787">
        <ele>412.02451625838876</ele>
        <time>2026-01-07T11:23:55.200000Z</time>
      </trkpt>
      <trkpt lat="34.218156558896794" lon="108.88146070744213">
        <ele>412.0101988874376</ele>
        <time>2026-01-07T11:23:56.200000Z</time>
      </trkpt>
      <trkpt lat="34.21815568683088" lon="108.88147255220585">
        <ele>411.9956321725622</ele>
        <time>2026-01-07T11:23:57.200000Z</time>
      </trkpt>
      <trkpt lat="34.21815515341362" lon="108.88148368172504">
        <ele>411.98031645733863</ele>
        <time>2026-01-07T11:23:58.200000Z</time>
      </trkpt>
      <trkpt lat="34.218154153135046" lon="108.8814951505955">
        <ele>411.9644916495308</ele>
        <time>2026-01-07T11:23:59.200000Z</time>
      </trkpt>
      <trkpt lat="34.21815262971698" lon="108.88150763840979">
        <ele>411.94785995502025</ele>
        <time>2026-01-07T11:24:00.200000Z</time>
      </trkpt>
      <trkpt lat="34.21815180173487" lon="108.88152007759983">
        <ele>411.9306210279465</ele>
        <time>2026-01-07T11:24:01.200000Z</time>
      </trkpt>
      <trkpt lat="34.218152377709764" lon="108.88153184775426">
        <ele>411.9128338480368</ele>
        <time>2026-01-07T11:24:02.200000Z</time>
      </trkpt>
      <trkpt lat="34.21815411762637" lon="108.88154204219555">
        <ele>411.8949138140306</ele>
        <time>2026-01-07T11:24:03.200000Z</time>
      </trkpt>
      <trkpt lat="34.21815679071042" lon="108.88155093855674">
        <ele>411.8767926581204</ele>
        <time>2026-01-07T11:24:04.200000Z</time>
      </trkpt>
      <trkpt lat="34.21815966877417" lon="108.88156149722751">
        <ele>411.8582865698263</ele>
        <time>2026-01-07T11:24:05.200000Z</time>
      </trkpt>
      <trkpt lat="34.21816143950352" lon="108.88157447730272">
        <ele>411.83939657267183</ele>
        <time>2026-01-07T11:24:06.200000Z</time>
      </trkpt>
      <trkpt lat="34.218162592765474" lon="108.88158749776414">
        <ele>411.82042783126235</ele>
        <time>2026-01-07T11:24:07.200000Z</time>
      </trkpt>
      <trkpt lat="34.218164552982245" lon="108.88159969892361">
        <ele>411.80208631046116</ele>
        <time>2026-01-07T11:24:08.200000Z</time>
      </trkpt>
      <trkpt lat="34.21816750475381" lon="108.88161186162301">
        <ele>411.78433481696993</ele>
        <time>2026-01-07T11:24:09.200000Z</time>
      </trkpt>
      <trkpt lat="34.21817176176901" lon="108.88162242377052">
        <ele>411.7676856247708</ele>
        <time>2026-01-07T11:24:10.200000Z</time>
      </trkpt>
      <trkpt lat="34.21817788622977" lon="108.88162855538346">
        <ele>411.75233807973564</ele>
        <time>2026-01-07T11:24:11.200000Z</time>
      </trkpt>
      <trkpt lat="34.21818649133391" lon="108.88163061621347">
        <ele>411.7387997498736</ele>
        <time>2026-01-07T11:24:12.200000Z</time>
      </trkpt>
      <trkpt lat="34.21819745950869" lon="108.8816309530981">
        <ele>411.72712334711105</ele>
        <time>2026-01-07T11:24:13.200000Z</time>
      </trkpt>
      <trkpt lat="34.218209652600684" lon="108.8816307584815">
        <ele>411.71742875967175</ele>
        <time>2026-01-07T11:24:14.200000Z</time>
      </trkpt>
      <trkpt lat="34.218222238499244" lon="108.88163026492859">
        <ele>411.7098920773715</ele>
        <time>2026-01-07T11:24:15.200000Z</time>
      </trkpt>
      <trkpt lat="34.21823514862434" lon="108.8816294025388">
        <ele>411.70451463386416</ele>
        <time>2026-01-07T11:24:16.200000Z</time>
      </trkpt>
      <trkpt lat="34.218248625448254" lon="108.88162821856268">
        <ele>411.7015346409753</ele>
        <time>2026-01-07T11:24:17.200000Z</time>
      </trkpt>
      <trkpt lat="34.21826142451515" lon="108.88162610540743">
        <ele>411.7013969067484</ele>
        <time>2026-01-07T11:24:18.200000Z</time>
      </trkpt>
      <trkpt lat="34.21827160657289" lon="108.88162226948118">
        <ele>411.70396332163364</ele>
        <time>2026-01-07T11:24:19.200000Z</time>
      </trkpt>
      <trkpt lat="34.218278354163104" lon="108.88161681800347">
        <ele>411.70932746492326</ele>
        <time>2026-01-07T11:24:20.200000Z</time>
      </trkpt>
      <trkpt lat="34.21828332883811" lon="108.88160828425097">
        <ele>411.7176317665726</ele>
        <time>2026-01-07T11:24:21.200000Z</time>
      </trkpt>
      <trkpt lat="34.2182878789346" lon="108.88159590102504">
        <ele>411.72879521083087</ele>
        <time>2026-01-07T11:24:22.200000Z</time>
      </trkpt>
      <trkpt lat="34.21829178042962" lon="108.88158288443097">
        <ele>411.7424554871395</ele>
        <time>2026-01-07T11:24:23.200000Z</time>
      </trkpt>
      <trkpt lat="34.21829536215749" lon="108.88157079714652">
        <ele>411.75875858590007</ele>
        <time>2026-01-07T11:24:24.200000Z</time>
      </trkpt>
      <trkpt lat="34.21829871595111" lon="108.88155969463996">
        <ele>411.77765902876854</ele>
        <time>2026-01-07T11:24:25.200000Z</time>
      </trkpt>
      <trkpt lat="34.2183018293354" lon="108.8815491686274">
        <ele>411.7990858461708</ele>
        <time>2026-01-07T11:24:26.200000Z</time>
      </trkpt>
      <trkpt lat="34.218304972059556" lon="108.88153747451601">
        <ele>411.8229276519269</ele>
        <time>2026-01-07T11:24:27.200000Z</time>
      </trkpt>
      <trkpt lat="34.21830830398327" lon="108.88152393303658">
        <ele>411.8493419652805</ele>
        <time>2026-01-07T11:24:28.200000Z</time>
      </trkpt>
      <trkpt lat="34.21831176813839" lon="108.88150934280182">
        <ele>411.8778713820502</ele>
        <time>2026-01-07T11:24:29.200000Z</time>
      </trkpt>
      <trkpt lat="34.21831534934469" lon="108.88149535083701">
        <ele>411.9084610231221</ele>
        <time>2026-01-07T11:24:30.200000Z</time>
      </trkpt>
      <trkpt lat="34.21831888770282" lon="108.88148302711312">
        <ele>411.940730471164</ele>
        <time>2026-01-07T11:24:31.200000Z</time>
      </trkpt>
      <trkpt lat="34.21832236735938" lon="108.88147159918267">
        <ele>411.9744583815336</ele>
        <time>2026-01-07T11:24:32.200000Z</time>
      </trkpt>
      <trkpt lat="34.21832641520291" lon="108.8814603747054">
        <ele>412.0097519652918</ele>
        <time>2026-01-07T11:24:33.200000Z</time>
      </trkpt>
      <trkpt lat="34.218331264219444" lon="108.88144959796229">
        <ele>412.04615767206997</ele>
        <time>2026-01-07T11:24:34.200000Z</time>
      </trkpt>
      <trkpt lat="34.218336684363365" lon="108.8814386807403">
        <ele>412.0837145736441</ele>
        <time>2026-01-07T11:24:35.200000Z</time>
      </trkpt>
      <trkpt lat="34.218343097661496" lon="108.88142733795722">
        <ele>412.1218928229064</ele>
        <time>2026-01-07T11:24:36.200000Z</time>
      </trkpt>
      <trkpt lat="34.21835067295195" lon="108.88141708558715">
        <ele>412.1605363851413</ele>
        <time>2026-01-07T11:24:37.200000Z</time>
      </trkpt>
      <trkpt lat="34.21835919742305" lon="108.88140840636186">
        <ele>412.19945607800037</ele>
        <time>2026-01-07T11:24:38.200000Z</time>
      </trkpt>
      <trkpt lat="34.21836913980973" lon="108.88140030959423">
        <ele>412.2383308811113</ele>
        <time>2026-01-07T11:24:39.200000Z</time>
      </trkpt>
      <trkpt lat="34.218380476539224" lon="108.88139320755137">
        <ele>412.27651668153703</ele>
        <time>2026-01-07T11:24:40.200000Z</time>
      </trkpt>
      <trkpt lat="34.21839213989" lon="108.88138795873796">
        <ele>412.31403660494834</ele>
        <time>2026-01-07T11:24:41.200000Z</time>
      </trkpt>
      <trkpt lat="34.21840392959166" lon="108.88138424229824">
        <ele>412.3503545951098</ele>
        <time>2026-01-07T11:24:42.200000Z</time>
      </trkpt>
      <trkpt lat="34.218415698969416" lon="108.88138173248953">
        <ele>412.38544857129455</ele>
        <time>2026-01-07T11:24:43.200000Z</time>
      </trkpt>
      <trkpt lat="34.21842798138027" lon="108.8813800671571">
        <ele>412.4191672867164</ele>
        <time>2026-01-07T11:24:44.200000Z</time>
      </trkpt>
      <trkpt lat="34.218441444454285" lon="108.881378472695">
        <ele>412.45094642881304</ele>
        <time>2026-01-07T11:24:45.200000Z</time>
      </trkpt>
      <trkpt lat="34.21845466506494" lon="108.88137692168243">
        <ele>412.4803848201409</ele>
        <time>2026-01-07T11:24:46.200000Z</time>
      </trkpt>
      <trkpt lat="34.21846724271293" lon="108.88137529060894">
        <ele>412.5076976129785</ele>
        <time>2026-01-07T11:24:47.200000Z</time>
      </trkpt>
      <trkpt lat="34.218479918177074" lon="108.88137363085825">
        <ele>412.5323964590207</ele>
        <time>2026-01-07T11:24:48.200000Z</time>
      </trkpt>
      <trkpt lat="34.21849387079947" lon="108.8813724628278">
        <ele>412.5546828750521</ele>
        <time>2026-01-07T11:24:49.200000Z</time>
      </trkpt>
      <trkpt lat="34.21850922467179" lon="108.881372065505">
        <ele>412.57373935636133</ele>
        <time>2026-01-07T11:24:50.200000Z</time>
      </trkpt>
      <trkpt lat="34.218524134381404" lon="108.88137223776245">
        <ele>412.5898021152243</ele>
        <time>2026-01-07T11:24:51.200000Z</time>
      </trkpt>
      <trkpt lat="34.218537823360734" lon="108.88137276405978">
        <ele>412.6029165862128</ele>
        <time>2026-01-07T11:24:52.200000Z</time>
      </trkpt>
      <trkpt lat="34.218549468766064" lon="108.88137315399788">
        <ele>412.61283821985126</ele>
        <time>2026-01-07T11:24:53.200000Z</time>
      </trkpt>
      <trkpt lat="34.218561409305586" lon="108.88137327772817">
        <ele>412.61987940967083</ele>
        <time>2026-01-07T11:24:54.200000Z</time>
      </trkpt>
      <trkpt lat="34.21857597143521" lon="108.88137319438832">
        <ele>412.62412994354963</ele>
        <time>2026-01-07T11:24:55.200000Z</time>
      </trkpt>
      <trkpt lat="34.218591930717615" lon="108.88137286731002">
        <ele>412.6257014796138</ele>
        <time>2026-01-07T11:24:56.200000Z</time>
      </trkpt>
      <trkpt lat="34.21860866184553" lon="108.88137254142957">
        <ele>412.6246656803414</ele>
        <time>2026-01-07T11:24:57.200000Z</time>
      </trkpt>
      <trkpt lat="34.21862458807297" lon="108.88137212700877">
        <ele>412.6210944643244</ele>
        <time>2026-01-07T11:24:58.200000Z</time>
      </trkpt>
      <trkpt lat="34.21864009564186" lon="108.88137166830974">
        <ele>412.6151923025027</ele>
        <time>2026-01-07T11:24:59.200000Z</time>
      </trkpt>
      <trkpt lat="34.21865535610656" lon="108.88137135869414">
        <ele>412.6071715960279</ele>
        <time>2026-01-07T11:25:00.200000Z</time>
      </trkpt>
      <trkpt lat="34.21866945574297" lon="108.88137092388003">
        <ele>412.59721950348467</ele>
        <time>2026-01-07T11:25:01.200000Z</time>
      </trkpt>
      <trkpt lat="34.21868375167392" lon="108.88136982540098">
        <ele>412.5855247490108</ele>
        <time>2026-01-07T11:25:02.200000Z</time>
      </trkpt>
      <trkpt lat="34.21869874375213" lon="108.88136815470338">
        <ele>412.57248318661004</ele>
        <time>2026-01-07T11:25:03.200000Z</time>
      </trkpt>
      <trkpt lat="34.21871386163773" lon="108.88136600342978">
        <ele>412.5584677970037</ele>
        <time>2026-01-07T11:25:04.200000Z</time>
      </trkpt>
      <trkpt lat="34.218728834467754" lon="108.88136332645725">
        <ele>412.54354124702513</ele>
        <time>2026-01-07T11:25:05.200000Z</time>
      </trkpt>
      <trkpt lat="34.21874308857379" lon="108.88136046907587">
        <ele>412.52788881305605</ele>
        <time>2026-01-07T11:25:06.200000Z</time>
      </trkpt>
      <trkpt lat="34.2187562659201" lon="108.8813578517954">
        <ele>412.5117848869413</ele>
        <time>2026-01-07T11:25:07.200000Z</time>
      </trkpt>
      <trkpt lat="34.218768607266036" lon="108.88135558669454">
        <ele>412.4956495091319</ele>
        <time>2026-01-07T11:25:08.200000Z</time>
      </trkpt>
      <trkpt lat="34.21878153678949" lon="108.88135334661816">
        <ele>412.4794915113598</ele>
        <time>2026-01-07T11:25:09.200000Z</time>
      </trkpt>
      <trkpt lat="34.218795719889556" lon="108.88135074570854">
        <ele>412.46351119782776</ele>
        <time>2026-01-07T11:25:10.200000Z</time>
      </trkpt>
      <trkpt lat="34.21881008767126" lon="108.88134785195052">
        <ele>412.44793461542577</ele>
        <time>2026-01-07T11:25:11.200000Z</time>
      </trkpt>
      <trkpt lat="34.21882432205857" lon="108.88134484167335">
        <ele>412.43316671904176</ele>
        <time>2026-01-07T11:25:12.200000Z</time>
      </trkpt>
      <trkpt lat="34.21883867446222" lon="108.88134190213343">
        <ele>412.4194225827232</ele>
        <time>2026-01-07T11:25:13.200000Z</time>
      </trkpt>
      <trkpt lat="34.21885341319838" lon="108.88133921525463">
        <ele>412.4068950843066</ele>
        <time>2026-01-07T11:25:14.200000Z</time>
      </trkpt>
      <trkpt lat="34.21886855887336" lon="108.88133679061113">
        <ele>412.3958143023774</ele>
        <time>2026-01-07T11:25:15.200000Z</time>
      </trkpt>
      <trkpt lat="34.21888333257966" lon="108.88133504623728">
        <ele>412.3863254310563</ele>
        <time>2026-01-07T11:25:16.200000Z</time>
      </trkpt>
      <trkpt lat="34.2188973679483" lon="108.8813342019894">
        <ele>412.3785954127088</ele>
        <time>2026-01-07T11:25:17.200000Z</time>
      </trkpt>
      <trkpt lat="34.21891134146799" lon="108.88133369118646">
        <ele>412.37290915474296</ele>
        <time>2026-01-07T11:25:18.200000Z</time>
      </trkpt>
      <trkpt lat="34.21892502077612" lon="108.88133318596608">
        <ele>412.36984245013446</ele>
        <time>2026-01-07T11:25:19.200000Z</time>
      </trkpt>
      <trkpt lat="34.21893873484014" lon="108.88133325106051">
        <ele>412.3689715350047</ele>
        <time>2026-01-07T11:25:20.200000Z</time>
      </trkpt>
      <trkpt lat="34.21895173718086" lon="108.88133377175167">
        <ele>412.3702654931694</ele>
        <time>2026-01-07T11:25:21.200000Z</time>
      </trkpt>
      <trkpt lat="34.218963587020845" lon="108.88133420963604">
        <ele>412.3741114400327</ele>
        <time>2026-01-07T11:25:22.200000Z</time>
      </trkpt>
      <trkpt lat="34.21897402004033" lon="108.88133424727525">
        <ele>412.38026568479836</ele>
        <time>2026-01-07T11:25:23.200000Z</time>
      </trkpt>
      <trkpt lat="34.2189844344932" lon="108.88133359094913">
        <ele>412.38932363595814</ele>
        <time>2026-01-07T11:25:24.200000Z</time>
      </trkpt>
      <trkpt lat="34.218996234850465" lon="108.88133251523408">
        <ele>412.4012212585658</ele>
        <time>2026-01-07T11:25:25.200000Z</time>
      </trkpt>
      <trkpt lat="34.2190086563739" lon="108.88133130195841">
        <ele>412.4154755352065</ele>
        <time>2026-01-07T11:25:26.200000Z</time>
      </trkpt>
      <trkpt lat="34.21902373082076" lon="108.8813299746899">
        <ele>412.43212378025055</ele>
        <time>2026-01-07T11:25:27.200000Z</time>
      </trkpt>
      <trkpt lat="34.21903940080463" lon="108.8813285850961">
        <ele>412.45090312696993</ele>
        <time>2026-01-07T11:25:28.200000Z</time>
      </trkpt>
      <trkpt lat="34.21905260407395" lon="108.8813275808994">
        <ele>412.4718254711479</ele>
        <time>2026-01-07T11:25:29.200000Z</time>
      </trkpt>
      <trkpt lat="34.21906386514701" lon="108.88132727122562">
        <ele>412.49464362859726</ele>
        <time>2026-01-07T11:25:30.200000Z</time>
      </trkpt>
      <trkpt lat="34.21907560976924" lon="108.88132820007603">
        <ele>412.5224189758301</ele>
        <time>2026-01-07T11:25:31.400000Z</time>
      </trkpt>
      <trkpt lat="34.21908544021063" lon="108.88132974818132">
        <ele>412.54584955237806</ele>
        <time>2026-01-07T11:25:32.200000Z</time>
      </trkpt>
      <trkpt lat="34.21909690067169" lon="108.88133097203541">
        <ele>412.5739206140861</ele>
        <time>2026-01-07T11:25:33.200000Z</time>
      </trkpt>
      <trkpt lat="34.219108618979824" lon="108.88133032717303">
        <ele>412.60385329741985</ele>
        <time>2026-01-07T11:25:34.200000Z</time>
      </trkpt>
      <trkpt lat="34.2191211366988" lon="108.88132802908657">
        <ele>412.63516040705144</ele>
        <time>2026-01-07T11:25:35.200000Z</time>
      </trkpt>
      <trkpt lat="34.219134501939955" lon="108.88132556390384">
        <ele>412.6676216907799</ele>
        <time>2026-01-07T11:25:36.200000Z</time>
      </trkpt>
      <trkpt lat="34.219148045617246" lon="108.88132400793612">
        <ele>412.70147152710706</ele>
        <time>2026-01-07T11:25:37.200000Z</time>
      </trkpt>
      <trkpt lat="34.219161189446154" lon="108.8813232747304">
        <ele>412.73631201218814</ele>
        <time>2026-01-07T11:25:38.200000Z</time>
      </trkpt>
      <trkpt lat="34.219173775078765" lon="108.8813227832148">
        <ele>412.7722630063072</ele>
        <time>2026-01-07T11:25:39.200000Z</time>
      </trkpt>
      <trkpt lat="34.21918589622649" lon="108.88132224305112">
        <ele>412.80863126181066</ele>
        <time>2026-01-07T11:25:40.200000Z</time>
      </trkpt>
      <trkpt lat="34.21919796148502" lon="108.88132155707913">
        <ele>412.84584658779204</ele>
        <time>2026-01-07T11:25:41.200000Z</time>
      </trkpt>
      <trkpt lat="34.219210831533275" lon="108.88132105980515">
        <ele>412.88364564068615</ele>
        <time>2026-01-07T11:25:42.200000Z</time>
      </trkpt>
      <trkpt lat="34.21922521748784" lon="108.88132035306575">
        <ele>412.921356103383</ele>
        <time>2026-01-07T11:25:43.200000Z</time>
      </trkpt>
      <trkpt lat="34.21923985132518" lon="108.88131841017207">
        <ele>412.9598869578913</ele>
        <time>2026-01-07T11:25:44.200000Z</time>
      </trkpt>
      <trkpt lat="34.21925313068084" lon="108.88131503446171">
        <ele>412.99862411338836</ele>
        <time>2026-01-07T11:25:45.200000Z</time>
      </trkpt>
      <trkpt lat="34.219264941420356" lon="108.8813114755395">
        <ele>413.0372687103227</ele>
        <time>2026-01-07T11:25:46.200000Z</time>
      </trkpt>
      <trkpt lat="34.21927569525102" lon="108.88130885810305">
        <ele>413.0767972217873</ele>
        <time>2026-01-07T11:25:47.200000Z</time>
      </trkpt>
      <trkpt lat="34.21928612530285" lon="108.88130709338371">
        <ele>413.1161781921983</ele>
        <time>2026-01-07T11:25:48.200000Z</time>
      </trkpt>
      <trkpt lat="34.21929724387768" lon="108.88130554426769">
        <ele>413.155419732444</ele>
        <time>2026-01-07T11:25:49.200000Z</time>
      </trkpt>
      <trkpt lat="34.21930971527467" lon="108.88130362837711">
        <ele>413.19455551728606</ele>
        <time>2026-01-07T11:25:50.200000Z</time>
      </trkpt>
      <trkpt lat="34.219322716909836" lon="108.88130167077156">
        <ele>413.23320977576077</ele>
        <time>2026-01-07T11:25:51.200000Z</time>
      </trkpt>
      <trkpt lat="34.219334670302466" lon="108.88130045266688">
        <ele>413.2712106751278</ele>
        <time>2026-01-07T11:25:52.200000Z</time>
      </trkpt>
      <trkpt lat="34.21934530904173" lon="108.88129989455838">
        <ele>413.3088865354657</ele>
        <time>2026-01-07T11:25:53.200000Z</time>
      </trkpt>
      <trkpt lat="34.21935547429129" lon="108.88129913796206">
        <ele>413.3460837509483</ele>
        <time>2026-01-07T11:25:54.200000Z</time>
      </trkpt>
      <trkpt lat="34.21936491587634" lon="108.8812979876769">
        <ele>413.3825945807621</ele>
        <time>2026-01-07T11:25:55.200000Z</time>
      </trkpt>
      <trkpt lat="34.21937316726759" lon="108.88129680115985">
        <ele>413.41873046476394</ele>
        <time>2026-01-07T11:25:56.200000Z</time>
      </trkpt>
      <trkpt lat="34.219380873154144" lon="108.88129573078835">
        <ele>413.45483272429556</ele>
        <time>2026-01-07T11:25:57.200000Z</time>
      </trkpt>
      <trkpt lat="34.219388410152604" lon="108.88129513032685">
        <ele>413.489911259152</ele>
        <time>2026-01-07T11:25:58.200000Z</time>
      </trkpt>
      <trkpt lat="34.21939494520466" lon="108.88129508323355">
        <ele>413.5239183017984</ele>
        <time>2026-01-07T11:25:59.200000Z</time>
      </trkpt>
      <trkpt lat="34.21939970979349" lon="108.881295241111">
        <ele>413.5566151365638</ele>
        <time>2026-01-07T11:26:00.200000Z</time>
      </trkpt>
      <trkpt lat="34.21940261880909" lon="108.88129565930915">
        <ele>413.5880447542295</ele>
        <time>2026-01-07T11:26:01.200000Z</time>
      </trkpt>
      <trkpt lat="34.21940418753693" lon="108.88129640138558">
        <ele>413.6184624079615</ele>
        <time>2026-01-07T11:26:02.200000Z</time>
      </trkpt>
      <trkpt lat="34.21940505093257" lon="108.88129734087872">
        <ele>413.6474945563823</ele>
        <time>2026-01-07T11:26:03.200000Z</time>
      </trkpt>
      <trkpt lat="34.219405371918164" lon="108.8812984505337">
        <ele>413.67510336637497</ele>
        <time>2026-01-07T11:26:04.200000Z</time>
      </trkpt>
      <trkpt lat="34.21940555629369" lon="108.8812996337843">
        <ele>413.70135325193405</ele>
        <time>2026-01-07T11:26:05.200000Z</time>
      </trkpt>
      <trkpt lat="34.219405884438" lon="108.88130074731355">
        <ele>413.726127310656</ele>
        <time>2026-01-07T11:26:06.200000Z</time>
      </trkpt>
      <trkpt lat="34.21940584617216" lon="108.88130171792422">
        <ele>413.74919550679624</ele>
        <time>2026-01-07T11:26:07.200000Z</time>
      </trkpt>
      <trkpt lat="34.219405424258646" lon="108.88130257427366">
        <ele>413.77063346188515</ele>
        <time>2026-01-07T11:26:08.200000Z</time>
      </trkpt>
      <trkpt lat="34.2194054149202" lon="108.88130341737129">
        <ele>413.7907269690186</ele>
        <time>2026-01-07T11:26:09.200000Z</time>
      </trkpt>
      <trkpt lat="34.21940545171863" lon="108.88130434578714">
        <ele>413.8095627864823</ele>
        <time>2026-01-07T11:26:10.200000Z</time>
      </trkpt>
      <trkpt lat="34.219404829212884" lon="108.88130537179134">
        <ele>413.82736480701715</ele>
        <time>2026-01-07T11:26:11.200000Z</time>
      </trkpt>
      <trkpt lat="34.219403583382714" lon="108.88130643152017">
        <ele>413.84381232969463</ele>
        <time>2026-01-07T11:26:12.200000Z</time>
      </trkpt>
      <trkpt lat="34.219401987507304" lon="108.8813074821276">
        <ele>413.85980510059744</ele>
        <time>2026-01-07T11:26:13.200000Z</time>
      </trkpt>
      <trkpt lat="34.219400126254" lon="108.88130853487544">
        <ele>413.87494519446045</ele>
        <time>2026-01-07T11:26:14.200000Z</time>
      </trkpt>
      <trkpt lat="34.21939788911378" lon="108.88130959502722">
        <ele>413.88941682316363</ele>
        <time>2026-01-07T11:26:15.200000Z</time>
      </trkpt>
      <trkpt lat="34.21939545638235" lon="108.88131060772669">
        <ele>413.9029036425054</ele>
        <time>2026-01-07T11:26:16.200000Z</time>
      </trkpt>
      <trkpt lat="34.21939287636147" lon="108.8813116390295">
        <ele>413.9155192831531</ele>
        <time>2026-01-07T11:26:17.200000Z</time>
      </trkpt>
      <trkpt lat="34.219390019210564" lon="108.8813127683471">
        <ele>413.92680685035884</ele>
        <time>2026-01-07T11:26:18.200000Z</time>
      </trkpt>
      <trkpt lat="34.21938714852537" lon="108.88131392176521">
        <ele>413.93698944710195</ele>
        <time>2026-01-07T11:26:19.200000Z</time>
      </trkpt>
      <trkpt lat="34.219384093719725" lon="108.88131509752901">
        <ele>413.94604667369276</ele>
        <time>2026-01-07T11:26:20.200000Z</time>
      </trkpt>
      <trkpt lat="34.21938053846429" lon="108.88131630923043">
        <ele>413.953300348483</ele>
        <time>2026-01-07T11:26:21.200000Z</time>
      </trkpt>
      <trkpt lat="34.219377018676674" lon="108.88131740098416">
        <ele>413.95901408977807</ele>
        <time>2026-01-07T11:26:22.200000Z</time>
      </trkpt>
      <trkpt lat="34.21937344381516" lon="108.88131841835744">
        <ele>413.9629952730611</ele>
        <time>2026-01-07T11:26:23.200000Z</time>
      </trkpt>
      <trkpt lat="34.21936946791426" lon="108.88131950626445">
        <ele>413.96498370636255</ele>
        <time>2026-01-07T11:26:24.200000Z</time>
      </trkpt>
      <trkpt lat="34.21936515473944" lon="108.88132064679726">
        <ele>413.96488017681986</ele>
        <time>2026-01-07T11:26:25.200000Z</time>
      </trkpt>
      <trkpt lat="34.21936042978969" lon="108.88132185609835">
        <ele>413.9629127243534</ele>
        <time>2026-01-07T11:26:26.200000Z</time>
      </trkpt>
      <trkpt lat="34.21935548635185" lon="108.88132310207801">
        <ele>413.9589634966105</ele>
        <time>2026-01-07T11:26:27.200000Z</time>
      </trkpt>
      <trkpt lat="34.21935030685871" lon="108.88132445257304">
        <ele>413.9529414344579</ele>
        <time>2026-01-07T11:26:28.200000Z</time>
      </trkpt>
      <trkpt lat="34.21934465291535" lon="108.88132621324917">
        <ele>413.9448131173849</ele>
        <time>2026-01-07T11:26:29.200000Z</time>
      </trkpt>
      <trkpt lat="34.21933771702978" lon="108.88132950234969">
        <ele>413.9344558259472</ele>
        <time>2026-01-07T11:26:30.200000Z</time>
      </trkpt>
      <trkpt lat="34.21931580076387" lon="108.88135659444725">
        <ele>413.9072497766465</ele>
        <time>2026-01-07T11:26:32Z</time>
      </trkpt>
      <trkpt lat="34.21931244665782" lon="108.88136177887812">
        <ele>413.9031015718356</ele>
        <time>2026-01-07T11:26:32.200000Z</time>
      </trkpt>
      <trkpt lat="34.21929530688471" lon="108.88138162784813">
        <ele>413.88290207181126</ele>
        <time>2026-01-07T11:26:33.200000Z</time>
        <extensions>
          <gpxtpx:TrackPointExtension>
            <gpxtpx:hr>99</gpxtpx:hr>
          </gpxtpx:TrackPointExtension>
        </extensions>
      </trkpt>
      <trkpt lat="34.21927821564151" lon="108.88139038273295">
        <ele>413.86025029048324</ele>
        <time>2026-01-07T11:26:34.200000Z</time>
        <extensions>
          <gpxtpx:TrackPointExtension>
            <gpxtpx:hr>99</gpxtpx:hr>
          </gpxtpx:TrackPointExtension>
        </extensions>
      </trkpt>
      <trkpt lat="34.21926424806565" lon="108.88138696341798">
        <ele>413.83540668617934</ele>
        <time>2026-01-07T11:26:35.200000Z</time>
        <extensions>
          <gpxtpx:TrackPointExtension>
            <gpxtpx:hr>99</gpxtpx:hr>
          </gpxtpx:TrackPointExtension>
        </extensions>
      </trkpt>
      <trkpt lat="34.21925192120908" lon="108.88137697449345">
        <ele>413.80873338039964</ele>
        <time>2026-01-07T11:26:36.200000Z</time>
        <extensions>
          <gpxtpx:TrackPointExtension>
            <gpxtpx:hr>99</gpxtpx:hr>
          </gpxtpx:TrackPointExtension>
        </extensions>
      </trkpt>
      <trkpt lat="34.21923973263746" lon="108.88137045725632">
        <ele>413.78005878813565</ele>
        <time>2026-01-07T11:26:37.200000Z</time>
        <extensions>
          <gpxtpx:TrackPointExtension>
            <gpxtpx:hr>99</gpxtpx:hr>
          </gpxtpx:TrackPointExtension>
        </extensions>
      </trkpt>
      <trkpt lat="34.219227694216734" lon="108.88136822717571">
        <ele>413.7496187919751</ele>
        <time>2026-01-07T11:26:38.200000Z</time>
        <extensions>
          <gpxtpx:TrackPointExtension>
            <gpxtpx:hr>99</gpxtpx:hr>
          </gpxtpx:TrackPointExtension>
        </extensions>
      </trkpt>
      <trkpt lat="34.2192148811947" lon="108.88136782249296">
        <ele>413.71733630169183</ele>
        <time>2026-01-07T11:26:39.200000Z</time>
        <extensions>
          <gpxtpx:TrackPointExtension>
            <gpxtpx:hr>99</gpxtpx:hr>
          </gpxtpx:TrackPointExtension>
        </extensions>
      </trkpt>
      <trkpt lat="34.21920267109117" lon="108.8813685615403">
        <ele>413.683344013989</ele>
        <time>2026-01-07T11:26:40.200000Z</time>
        <extensions>
          <gpxtpx:TrackPointExtension>
            <gpxtpx:hr>99</gpxtpx:hr>
          </gpxtpx:TrackPointExtension>
        </extensions>
      </trkpt>
      <trkpt lat="34.2191916169271" lon="108.8813692591875">
        <ele>413.6488691223785</ele>
        <time>2026-01-07T11:26:41.200000Z</time>
        <extensions>
          <gpxtpx:TrackPointExtension>
            <gpxtpx:hr>99</gpxtpx:hr>
          </gpxtpx:TrackPointExtension>
        </extensions>
      </trkpt>
      <trkpt lat="34.21918087044047" lon="108.88136960639953">
        <ele>413.61315158661455</ele>
        <time>2026-01-07T11:26:42.200000Z</time>
        <extensions>
          <gpxtpx:TrackPointExtension>
            <gpxtpx:hr>99</gpxtpx:hr>
          </gpxtpx:TrackPointExtension>
        </extensions>
      </trkpt>
      <trkpt lat="34.21916923992174" lon="108.8813699559105">
        <ele>413.576794879511</ele>
        <time>2026-01-07T11:26:43.200000Z</time>
        <extensions>
          <gpxtpx:TrackPointExtension>
            <gpxtpx:hr>99</gpxtpx:hr>
          </gpxtpx:TrackPointExtension>
        </extensions>
      </trkpt>
      <trkpt lat="34.219157027435145" lon="108.88137047191196">
        <ele>413.5398679310456</ele>
        <time>2026-01-07T11:26:44.200000Z</time>
        <extensions>
          <gpxtpx:TrackPointExtension>
            <gpxtpx:hr>99</gpxtpx:hr>
          </gpxtpx:TrackPointExtension>
        </extensions>
      </trkpt>
      <trkpt lat="34.21914463114996" lon="108.88137126403086">
        <ele>413.5021738531068</ele>
        <time>2026-01-07T11:26:45.200000Z</time>
        <extensions>
          <gpxtpx:TrackPointExtension>
            <gpxtpx:hr>99</gpxtpx:hr>
          </gpxtpx:TrackPointExtension>
        </extensions>
      </trkpt>
      <trkpt lat="34.21913203400209" lon="108.88137183704129">
        <ele>413.4646541485563</ele>
        <time>2026-01-07T11:26:46.200000Z</time>
        <extensions>
          <gpxtpx:TrackPointExtension>
            <gpxtpx:hr>97</gpxtpx:hr>
          </gpxtpx:TrackPointExtension>
        </extensions>
      </trkpt>
      <trkpt lat="34.219118710616634" lon="108.8813715245379">
        <ele>413.42705752141774</ele>
        <time>2026-01-07T11:26:47.200000Z</time>
        <extensions>
          <gpxtpx:TrackPointExtension>
            <gpxtpx:hr>97</gpxtpx:hr>
          </gpxtpx:TrackPointExtension>
        </extensions>
      </trkpt>
      <trkpt lat="34.21910462358546" lon="108.88137077296619">
        <ele>413.38961468916386</ele>
        <time>2026-01-07T11:26:48.200000Z</time>
        <extensions>
          <gpxtpx:TrackPointExtension>
            <gpxtpx:hr>97</gpxtpx:hr>
          </gpxtpx:TrackPointExtension>
        </extensions>
      </trkpt>
      <trkpt lat="34.21909058318315" lon="108.88137104489107">
        <ele>413.35212171729654</ele>
        <time>2026-01-07T11:26:49.200000Z</time>
        <extensions>
          <gpxtpx:TrackPointExtension>
            <gpxtpx:hr>98</gpxtpx:hr>
          </gpxtpx:TrackPointExtension>
        </extensions>
      </trkpt>
      <trkpt lat="34.21907702010882" lon="108.88137320920364">
        <ele>413.3141473066062</ele>
        <time>2026-01-07T11:26:50.200000Z</time>
        <extensions>
          <gpxtpx:TrackPointExtension>
            <gpxtpx:hr>98</gpxtpx:hr>
          </gpxtpx:TrackPointExtension>
        </extensions>
      </trkpt>
      <trkpt lat="34.21906403644923" lon="108.88137646161934">
        <ele>413.2771064294502</ele>
        <time>2026-01-07T11:26:51.200000Z</time>
        <extensions>
          <gpxtpx:TrackPointExtension>
            <gpxtpx:hr>98</gpxtpx:hr>
          </gpxtpx:TrackPointExtension>
        </extensions>
      </trkpt>
      <trkpt lat="34.21905123730365" lon="108.88137903623985">
        <ele>413.2402072409168</ele>
        <time>2026-01-07T11:26:52.200000Z</time>
        <extensions>
          <gpxtpx:TrackPointExtension>
            <gpxtpx:hr>99</gpxtpx:hr>
          </gpxtpx:TrackPointExtension>
        </extensions>
      </trkpt>
      <trkpt lat="34.21903860843007" lon="108.88138083603404">
        <ele>413.20384716801345</ele>
        <time>2026-01-07T11:26:53.200000Z</time>
        <extensions>
          <gpxtpx:TrackPointExtension>
            <gpxtpx:hr>99</gpxtpx:hr>
          </gpxtpx:TrackPointExtension>
        </extensions>
      </trkpt>
      <trkpt lat="34.219027379020844" lon="108.88138222923945">
        <ele>413.1678022136912</ele>
        <time>2026-01-07T11:26:54.200000Z</time>
        <extensions>
          <gpxtpx:TrackPointExtension>
            <gpxtpx:hr>99</gpxtpx:hr>
          </gpxtpx:TrackPointExtension>
        </extensions>
      </trkpt>
      <trkpt lat="34.21901705819778" lon="108.88138323251081">
        <ele>413.131877922453</ele>
        <time>2026-01-07T11:26:55.200000Z</time>
        <extensions>
          <gpxtpx:TrackPointExtension>
            <gpxtpx:hr>99</gpxtpx:hr>
          </gpxtpx:TrackPointExtension>
        </extensions>
      </trkpt>
      <trkpt lat="34.219005603484135" lon="108.88138401239765">
        <ele>413.0963722206652</ele>
        <time>2026-01-07T11:26:56.200000Z</time>
        <extensions>
          <gpxtpx:TrackPointExtension>
            <gpxtpx:hr>99</gpxtpx:hr>
          </gpxtpx:TrackPointExtension>
        </extensions>
      </trkpt>
      <trkpt lat="34.21899180205444" lon="108.88138469509751">
        <ele>413.0616249665618</ele>
        <time>2026-01-07T11:26:57.200000Z</time>
        <extensions>
          <gpxtpx:TrackPointExtension>
            <gpxtpx:hr>99</gpxtpx:hr>
          </gpxtpx:TrackPointExtension>
        </extensions>
      </trkpt>
      <trkpt lat="34.21897698769189" lon="108.88138643220111">
        <ele>413.02761218417436</ele>
        <time>2026-01-07T11:26:58.200000Z</time>
        <extensions>
          <gpxtpx:TrackPointExtension>
            <gpxtpx:hr>99</gpxtpx:hr>
          </gpxtpx:TrackPointExtension>
        </extensions>
      </trkpt>
      <trkpt lat="34.218962736063474" lon="108.88138875271072">
        <ele>412.9942073440179</ele>
        <time>2026-01-07T11:26:59.200000Z</time>
        <extensions>
          <gpxtpx:TrackPointExtension>
            <gpxtpx:hr>98</gpxtpx:hr>
          </gpxtpx:TrackPointExtension>
        </extensions>
      </trkpt>
      <trkpt lat="34.21894855169298" lon="108.88138964494141">
        <ele>412.9611668717116</ele>
        <time>2026-01-07T11:27:00.200000Z</time>
        <extensions>
          <gpxtpx:TrackPointExtension>
            <gpxtpx:hr>98</gpxtpx:hr>
          </gpxtpx:TrackPointExtension>
        </extensions>
      </trkpt>
      <trkpt lat="34.218934380917446" lon="108.88138891278258">
        <ele>412.92849026061594</ele>
        <time>2026-01-07T11:27:01.200000Z</time>
        <extensions>
          <gpxtpx:TrackPointExtension>
            <gpxtpx:hr>98</gpxtpx:hr>
          </gpxtpx:TrackPointExtension>
        </extensions>
      </trkpt>
      <trkpt lat="34.21892043459567" lon="108.88138689152306">
        <ele>412.8955572852865</ele>
        <time>2026-01-07T11:27:02.200000Z</time>
        <extensions>
          <gpxtpx:TrackPointExtension>
            <gpxtpx:hr>98</gpxtpx:hr>
          </gpxtpx:TrackPointExtension>
        </extensions>
      </trkpt>
      <trkpt lat="34.21890668218029" lon="108.88138343552266">
        <ele>412.8639653334394</ele>
        <time>2026-01-07T11:27:03.200000Z</time>
        <extensions>
          <gpxtpx:TrackPointExtension>
            <gpxtpx:hr>98</gpxtpx:hr>
          </gpxtpx:TrackPointExtension>
        </extensions>
      </trkpt>
      <trkpt lat="34.21889288262896" lon="108.88138015930419">
        <ele>412.83298832084984</ele>
        <time>2026-01-07T11:27:04.200000Z</time>
        <extensions>
          <gpxtpx:TrackPointExtension>
            <gpxtpx:hr>97</gpxtpx:hr>
          </gpxtpx:TrackPointExtension>
        </extensions>
      </trkpt>
      <trkpt lat="34.21887929930908" lon="108.88137847967006">
        <ele>412.80293993186206</ele>
        <time>2026-01-07T11:27:05.200000Z</time>
        <extensions>
          <gpxtpx:TrackPointExtension>
            <gpxtpx:hr>97</gpxtpx:hr>
          </gpxtpx:TrackPointExtension>
        </extensions>
      </trkpt>
      <trkpt lat="34.21886745598735" lon="108.88137782872182">
        <ele>412.77380286809057</ele>
        <time>2026-01-07T11:27:06.200000Z</time>
        <extensions>
          <gpxtpx:TrackPointExtension>
            <gpxtpx:hr>97</gpxtpx:hr>
          </gpxtpx:TrackPointExtension>
        </extensions>
      </trkpt>
      <trkpt lat="34.21885779105464" lon="108.881377268319">
        <ele>412.74555723927915</ele>
        <time>2026-01-07T11:27:07.200000Z</time>
        <extensions>
          <gpxtpx:TrackPointExtension>
            <gpxtpx:hr>97</gpxtpx:hr>
          </gpxtpx:TrackPointExtension>
        </extensions>
      </trkpt>
      <trkpt lat="34.21884846258221" lon="108.88137641762663">
        <ele>412.71935874409974</ele>
        <time>2026-01-07T11:27:08.200000Z</time>
        <extensions>
          <gpxtpx:TrackPointExtension>
            <gpxtpx:hr>98</gpxtpx:hr>
          </gpxtpx:TrackPointExtension>
        </extensions>
      </trkpt>
      <trkpt lat="34.21883768300644" lon="108.88137574176044">
        <ele>412.69456121418625</ele>
        <time>2026-01-07T11:27:09.200000Z</time>
        <extensions>
          <gpxtpx:TrackPointExtension>
            <gpxtpx:hr>98</gpxtpx:hr>
          </gpxtpx:TrackPointExtension>
        </extensions>
      </trkpt>
      <trkpt lat="34.21882600905043" lon="108.88137527149043">
        <ele>412.6711786361411</ele>
        <time>2026-01-07T11:27:10.200000Z</time>
        <extensions>
          <gpxtpx:TrackPointExtension>
            <gpxtpx:hr>98</gpxtpx:hr>
          </gpxtpx:TrackPointExtension>
        </extensions>
      </trkpt>
      <trkpt lat="34.21881460905193" lon="108.8813750746347">
        <ele>412.6493226643652</ele>
        <time>2026-01-07T11:27:11.200000Z</time>
        <extensions>
          <gpxtpx:TrackPointExtension>
            <gpxtpx:hr>98</gpxtpx:hr>
          </gpxtpx:TrackPointExtension>
        </extensions>
      </trkpt>
      <trkpt lat="34.21880347366756" lon="108.88137490444353">
        <ele>412.62858131341636</ele>
        <time>2026-01-07T11:27:12.200000Z</time>
        <extensions>
          <gpxtpx:TrackPointExtension>
            <gpxtpx:hr>98</gpxtpx:hr>
          </gpxtpx:TrackPointExtension>
        </extensions>
      </trkpt>
      <trkpt lat="34.218792582691634" lon="108.88137429691344">
        <ele>412.61045680195093</ele>
        <time>2026-01-07T11:27:13.200000Z</time>
        <extensions>
          <gpxtpx:TrackPointExtension>
            <gpxtpx:hr>98</gpxtpx:hr>
          </gpxtpx:TrackPointExtension>
        </extensions>
      </trkpt>
      <trkpt lat="34.2187810687206" lon="108.88137363431449">
        <ele>412.59385968744755</ele>
        <time>2026-01-07T11:27:14.200000Z</time>
        <extensions>
          <gpxtpx:TrackPointExtension>
            <gpxtpx:hr>98</gpxtpx:hr>
          </gpxtpx:TrackPointExtension>
        </extensions>
      </trkpt>
      <trkpt lat="34.2187694407906" lon="108.88137366688453">
        <ele>412.57928858790547</ele>
        <time>2026-01-07T11:27:15.200000Z</time>
        <extensions>
          <gpxtpx:TrackPointExtension>
            <gpxtpx:hr>98</gpxtpx:hr>
          </gpxtpx:TrackPointExtension>
        </extensions>
      </trkpt>
      <trkpt lat="34.218758493800166" lon="108.88137514165784">
        <ele>412.56635809410363</ele>
        <time>2026-01-07T11:27:16.200000Z</time>
        <extensions>
          <gpxtpx:TrackPointExtension>
            <gpxtpx:hr>98</gpxtpx:hr>
          </gpxtpx:TrackPointExtension>
        </extensions>
      </trkpt>
      <trkpt lat="34.21874684808979" lon="108.88137758713022">
        <ele>412.5550971329212</ele>
        <time>2026-01-07T11:27:17.200000Z</time>
        <extensions>
          <gpxtpx:TrackPointExtension>
            <gpxtpx:hr>98</gpxtpx:hr>
          </gpxtpx:TrackPointExtension>
        </extensions>
      </trkpt>
      <trkpt lat="34.218734498257106" lon="108.88138030725672">
        <ele>412.54551302455366</ele>
        <time>2026-01-07T11:27:18.200000Z</time>
        <extensions>
          <gpxtpx:TrackPointExtension>
            <gpxtpx:hr>98</gpxtpx:hr>
          </gpxtpx:TrackPointExtension>
        </extensions>
      </trkpt>
      <trkpt lat="34.21872324545428" lon="108.88138322705166">
        <ele>412.5377656817436</ele>
        <time>2026-01-07T11:27:19.200000Z</time>
        <extensions>
          <gpxtpx:TrackPointExtension>
            <gpxtpx:hr>98</gpxtpx:hr>
          </gpxtpx:TrackPointExtension>
        </extensions>
      </trkpt>
      <trkpt lat="34.21871380778213" lon="108.88138567034272">
        <ele>412.53179725818336</ele>
        <time>2026-01-07T11:27:20.200000Z</time>
        <extensions>
          <gpxtpx:TrackPointExtension>
            <gpxtpx:hr>98</gpxtpx:hr>
          </gpxtpx:TrackPointExtension>
        </extensions>
      </trkpt>
      <trkpt lat="34.21870464722313" lon="108.88138773411403">
        <ele>412.52741926629096</ele>
        <time>2026-01-07T11:27:21.200000Z</time>
        <extensions>
          <gpxtpx:TrackPointExtension>
            <gpxtpx:hr>98</gpxtpx:hr>
          </gpxtpx:TrackPointExtension>
        </extensions>
      </trkpt>
      <trkpt lat="34.218694535398974" lon="108.88138997700788">
        <ele>412.52472640387714</ele>
        <time>2026-01-07T11:27:22.200000Z</time>
        <extensions>
          <gpxtpx:TrackPointExtension>
            <gpxtpx:hr>98</gpxtpx:hr>
          </gpxtpx:TrackPointExtension>
        </extensions>
      </trkpt>
      <trkpt lat="34.21868331918424" lon="108.88139224060507">
        <ele>412.5234678070992</ele>
        <time>2026-01-07T11:27:23.200000Z</time>
        <extensions>
          <gpxtpx:TrackPointExtension>
            <gpxtpx:hr>98</gpxtpx:hr>
          </gpxtpx:TrackPointExtension>
        </extensions>
      </trkpt>
      <trkpt lat="34.218671668351675" lon="108.88139372550212">
        <ele>412.5235394006595</ele>
        <time>2026-01-07T11:27:24.200000Z</time>
        <extensions>
          <gpxtpx:TrackPointExtension>
            <gpxtpx:hr>98</gpxtpx:hr>
          </gpxtpx:TrackPointExtension>
        </extensions>
      </trkpt>
      <trkpt lat="34.21866043342314" lon="108.88139390573116">
        <ele>412.5246391147375</ele>
        <time>2026-01-07T11:27:25.200000Z</time>
        <extensions>
          <gpxtpx:TrackPointExtension>
            <gpxtpx:hr>98</gpxtpx:hr>
          </gpxtpx:TrackPointExtension>
        </extensions>
      </trkpt>
      <trkpt lat="34.218648650748776" lon="108.88139327491436">
        <ele>412.5269773667678</ele>
        <time>2026-01-07T11:27:26.200000Z</time>
        <extensions>
          <gpxtpx:TrackPointExtension>
            <gpxtpx:hr>98</gpxtpx:hr>
          </gpxtpx:TrackPointExtension>
        </extensions>
      </trkpt>
      <trkpt lat="34.21863604530381" lon="108.88139252407282">
        <ele>412.5300944298506</ele>
        <time>2026-01-07T11:27:27.200000Z</time>
        <extensions>
          <gpxtpx:TrackPointExtension>
            <gpxtpx:hr>98</gpxtpx:hr>
          </gpxtpx:TrackPointExtension>
        </extensions>
      </trkpt>
      <trkpt lat="34.21862323010331" lon="108.8813922294966">
        <ele>412.5334608508274</ele>
        <time>2026-01-07T11:27:28.200000Z</time>
        <extensions>
          <gpxtpx:TrackPointExtension>
            <gpxtpx:hr>98</gpxtpx:hr>
          </gpxtpx:TrackPointExtension>
        </extensions>
      </trkpt>
      <trkpt lat="34.218610879289734" lon="108.8813922243527">
        <ele>412.5370158655569</ele>
        <time>2026-01-07T11:27:29.200000Z</time>
        <extensions>
          <gpxtpx:TrackPointExtension>
            <gpxtpx:hr>98</gpxtpx:hr>
          </gpxtpx:TrackPointExtension>
        </extensions>
      </trkpt>
      <trkpt lat="34.21859800839959" lon="108.88139257781376">
        <ele>412.54095480777323</ele>
        <time>2026-01-07T11:27:30.200000Z</time>
        <extensions>
          <gpxtpx:TrackPointExtension>
            <gpxtpx:hr>98</gpxtpx:hr>
          </gpxtpx:TrackPointExtension>
        </extensions>
      </trkpt>
      <trkpt lat="34.21858292334291" lon="108.88139387105602">
        <ele>412.5461378125474</ele>
        <time>2026-01-07T11:27:31.300000Z</time>
        <extensions>
          <gpxtpx:TrackPointExtension>
            <gpxtpx:hr>98</gpxtpx:hr>
          </gpxtpx:TrackPointExtension>
        </extensions>
      </trkpt>
      <trkpt lat="34.21857043281231" lon="108.88139572409547">
        <ele>412.5499045699835</ele>
        <time>2026-01-07T11:27:32.200000Z</time>
        <extensions>
          <gpxtpx:TrackPointExtension>
            <gpxtpx:hr>98</gpxtpx:hr>
          </gpxtpx:TrackPointExtension>
        </extensions>
      </trkpt>
      <trkpt lat="34.21855634043125" lon="108.88139866418177">
        <ele>412.55364512093365</ele>
        <time>2026-01-07T11:27:33.200000Z</time>
        <extensions>
          <gpxtpx:TrackPointExtension>
            <gpxtpx:hr>98</gpxtpx:hr>
          </gpxtpx:TrackPointExtension>
        </extensions>
      </trkpt>
      <trkpt lat="34.21854257799855" lon="108.88140250536443">
        <ele>412.5568055026233</ele>
        <time>2026-01-07T11:27:34.200000Z</time>
        <extensions>
          <gpxtpx:TrackPointExtension>
            <gpxtpx:hr>98</gpxtpx:hr>
          </gpxtpx:TrackPointExtension>
        </extensions>
      </trkpt>
      <trkpt lat="34.218528791189414" lon="108.88140668809125">
        <ele>412.55861823353916</ele>
        <time>2026-01-07T11:27:35.200000Z</time>
        <extensions>
          <gpxtpx:TrackPointExtension>
            <gpxtpx:hr>98</gpxtpx:hr>
          </gpxtpx:TrackPointExtension>
        </extensions>
      </trkpt>
      <trkpt lat="34.218515431621206" lon="108.88140993173351">
        <ele>412.559793619439</ele>
        <time>2026-01-07T11:27:36.200000Z</time>
        <extensions>
          <gpxtpx:TrackPointExtension>
            <gpxtpx:hr>98</gpxtpx:hr>
          </gpxtpx:TrackPointExtension>
        </extensions>
      </trkpt>
      <trkpt lat="34.21850335141218" lon="108.88141253528848">
        <ele>412.5594624672085</ele>
        <time>2026-01-07T11:27:37.200000Z</time>
        <extensions>
          <gpxtpx:TrackPointExtension>
            <gpxtpx:hr>98</gpxtpx:hr>
          </gpxtpx:TrackPointExtension>
        </extensions>
      </trkpt>
      <trkpt lat="34.218491573963625" lon="108.88141515877271">
        <ele>412.5581149030477</ele>
        <time>2026-01-07T11:27:38.200000Z</time>
        <extensions>
          <gpxtpx:TrackPointExtension>
            <gpxtpx:hr>99</gpxtpx:hr>
          </gpxtpx:TrackPointExtension>
        </extensions>
      </trkpt>
      <trkpt lat="34.21847894916134" lon="108.88141777771544">
        <ele>412.55458303913474</ele>
        <time>2026-01-07T11:27:39.200000Z</time>
        <extensions>
          <gpxtpx:TrackPointExtension>
            <gpxtpx:hr>99</gpxtpx:hr>
          </gpxtpx:TrackPointExtension>
        </extensions>
      </trkpt>
      <trkpt lat="34.21846525164325" lon="108.88141989837301">
        <ele>412.5487350784242</ele>
        <time>2026-01-07T11:27:40.200000Z</time>
        <extensions>
          <gpxtpx:TrackPointExtension>
            <gpxtpx:hr>99</gpxtpx:hr>
          </gpxtpx:TrackPointExtension>
        </extensions>
      </trkpt>
      <trkpt lat="34.21845190107485" lon="108.88142119521342">
        <ele>412.54110299423337</ele>
        <time>2026-01-07T11:27:41.200000Z</time>
        <extensions>
          <gpxtpx:TrackPointExtension>
            <gpxtpx:hr>99</gpxtpx:hr>
          </gpxtpx:TrackPointExtension>
        </extensions>
      </trkpt>
      <trkpt lat="34.21844012913948" lon="108.88142245283687">
        <ele>412.53190698102117</ele>
        <time>2026-01-07T11:27:42.200000Z</time>
        <extensions>
          <gpxtpx:TrackPointExtension>
            <gpxtpx:hr>98</gpxtpx:hr>
          </gpxtpx:TrackPointExtension>
        </extensions>
      </trkpt>
      <trkpt lat="34.218428555587515" lon="108.88142320177536">
        <ele>412.52092553209513</ele>
        <time>2026-01-07T11:27:43.200000Z</time>
        <extensions>
          <gpxtpx:TrackPointExtension>
            <gpxtpx:hr>98</gpxtpx:hr>
          </gpxtpx:TrackPointExtension>
        </extensions>
      </trkpt>
      <trkpt lat="34.21841629686268" lon="108.88142325333808">
        <ele>412.50819028541446</ele>
        <time>2026-01-07T11:27:44.200000Z</time>
        <extensions>
          <gpxtpx:TrackPointExtension>
            <gpxtpx:hr>98</gpxtpx:hr>
          </gpxtpx:TrackPointExtension>
        </extensions>
      </trkpt>
      <trkpt lat="34.218404389568384" lon="108.88142383571773">
        <ele>412.49322067946196</ele>
        <time>2026-01-07T11:27:45.200000Z</time>
        <extensions>
          <gpxtpx:TrackPointExtension>
            <gpxtpx:hr>98</gpxtpx:hr>
          </gpxtpx:TrackPointExtension>
        </extensions>
      </trkpt>
      <trkpt lat="34.218393451656866" lon="108.88142527293121">
        <ele>412.47610204294324</ele>
        <time>2026-01-07T11:27:46.200000Z</time>
        <extensions>
          <gpxtpx:TrackPointExtension>
            <gpxtpx:hr>98</gpxtpx:hr>
          </gpxtpx:TrackPointExtension>
        </extensions>
      </trkpt>
      <trkpt lat="34.218383293305415" lon="108.8814276968447">
        <ele>412.45667534321547</ele>
        <time>2026-01-07T11:27:47.200000Z</time>
        <extensions>
          <gpxtpx:TrackPointExtension>
            <gpxtpx:hr>98</gpxtpx:hr>
          </gpxtpx:TrackPointExtension>
        </extensions>
      </trkpt>
      <trkpt lat="34.218372891865435" lon="108.881431445094">
        <ele>412.4352673990652</ele>
        <time>2026-01-07T11:27:48.200000Z</time>
        <extensions>
          <gpxtpx:TrackPointExtension>
            <gpxtpx:hr>98</gpxtpx:hr>
          </gpxtpx:TrackPointExtension>
        </extensions>
      </trkpt>
      <trkpt lat="34.218362478798156" lon="108.8814360586271">
        <ele>412.4126857696101</ele>
        <time>2026-01-07T11:27:49.200000Z</time>
        <extensions>
          <gpxtpx:TrackPointExtension>
            <gpxtpx:hr>98</gpxtpx:hr>
          </gpxtpx:TrackPointExtension>
        </extensions>
      </trkpt>
      <trkpt lat="34.218353013964936" lon="108.88144170725295">
        <ele>412.387130940333</ele>
        <time>2026-01-07T11:27:50.200000Z</time>
        <extensions>
          <gpxtpx:TrackPointExtension>
            <gpxtpx:hr>98</gpxtpx:hr>
          </gpxtpx:TrackPointExtension>
        </extensions>
      </trkpt>
      <trkpt lat="34.218344133092764" lon="108.88144937159527">
        <ele>412.35940638557076</ele>
        <time>2026-01-07T11:27:51.200000Z</time>
        <extensions>
          <gpxtpx:TrackPointExtension>
            <gpxtpx:hr>98</gpxtpx:hr>
          </gpxtpx:TrackPointExtension>
        </extensions>
      </trkpt>
      <trkpt lat="34.21833575687908" lon="108.88145917240837">
        <ele>412.33180308993906</ele>
        <time>2026-01-07T11:27:52.200000Z</time>
        <extensions>
          <gpxtpx:TrackPointExtension>
            <gpxtpx:hr>98</gpxtpx:hr>
          </gpxtpx:TrackPointExtension>
        </extensions>
      </trkpt>
      <trkpt lat="34.21832854820926" lon="108.88147074184775">
        <ele>412.302617976442</ele>
        <time>2026-01-07T11:27:53.200000Z</time>
        <extensions>
          <gpxtpx:TrackPointExtension>
            <gpxtpx:hr>98</gpxtpx:hr>
          </gpxtpx:TrackPointExtension>
        </extensions>
      </trkpt>
      <trkpt lat="34.21832248600937" lon="108.88148325433396">
        <ele>412.27194320224226</ele>
        <time>2026-01-07T11:27:54.200000Z</time>
        <extensions>
          <gpxtpx:TrackPointExtension>
            <gpxtpx:hr>98</gpxtpx:hr>
          </gpxtpx:TrackPointExtension>
        </extensions>
      </trkpt>
      <trkpt lat="34.218316811096756" lon="108.88149555961353">
        <ele>412.23940495960414</ele>
        <time>2026-01-07T11:27:55.200000Z</time>
        <extensions>
          <gpxtpx:TrackPointExtension>
            <gpxtpx:hr>98</gpxtpx:hr>
          </gpxtpx:TrackPointExtension>
        </extensions>
      </trkpt>
      <trkpt lat="34.218311638929315" lon="108.88150719368979">
        <ele>412.2067175731063</ele>
        <time>2026-01-07T11:27:56.200000Z</time>
        <extensions>
          <gpxtpx:TrackPointExtension>
            <gpxtpx:hr>98</gpxtpx:hr>
          </gpxtpx:TrackPointExtension>
        </extensions>
      </trkpt>
      <trkpt lat="34.21830733802018" lon="108.88151859440923">
        <ele>412.17262316308916</ele>
        <time>2026-01-07T11:27:57.200000Z</time>
        <extensions>
          <gpxtpx:TrackPointExtension>
            <gpxtpx:hr>98</gpxtpx:hr>
          </gpxtpx:TrackPointExtension>
        </extensions>
      </trkpt>
      <trkpt lat="34.218303350352144" lon="108.88153068121005">
        <ele>412.13816384319216</ele>
        <time>2026-01-07T11:27:58.200000Z</time>
        <extensions>
          <gpxtpx:TrackPointExtension>
            <gpxtpx:hr>98</gpxtpx:hr>
          </gpxtpx:TrackPointExtension>
        </extensions>
      </trkpt>
      <trkpt lat="34.21829932837623" lon="108.88154379314952">
        <ele>412.10198739077896</ele>
        <time>2026-01-07T11:27:59.200000Z</time>
        <extensions>
          <gpxtpx:TrackPointExtension>
            <gpxtpx:hr>98</gpxtpx:hr>
          </gpxtpx:TrackPointExtension>
        </extensions>
      </trkpt>
      <trkpt lat="34.218295354883324" lon="108.88155788567855">
        <ele>412.06521049607545</ele>
        <time>2026-01-07T11:28:00.200000Z</time>
        <extensions>
          <gpxtpx:TrackPointExtension>
            <gpxtpx:hr>98</gpxtpx:hr>
          </gpxtpx:TrackPointExtension>
        </extensions>
      </trkpt>
      <trkpt lat="34.21829129770529" lon="108.88157253081711">
        <ele>412.0261192144826</ele>
        <time>2026-01-07T11:28:01.200000Z</time>
        <extensions>
          <gpxtpx:TrackPointExtension>
            <gpxtpx:hr>98</gpxtpx:hr>
          </gpxtpx:TrackPointExtension>
        </extensions>
      </trkpt>
      <trkpt lat="34.21828648410557" lon="108.88158726688955">
        <ele>411.98842022847384</ele>
        <time>2026-01-07T11:28:02.200000Z</time>
        <extensions>
          <gpxtpx:TrackPointExtension>
            <gpxtpx:hr>97</gpxtpx:hr>
          </gpxtpx:TrackPointExtension>
        </extensions>
      </trkpt>
      <trkpt lat="34.21828081589588" lon="108.8816013647529">
        <ele>411.9508192939684</ele>
        <time>2026-01-07T11:28:03.200000Z</time>
        <extensions>
          <gpxtpx:TrackPointExtension>
            <gpxtpx:hr>97</gpxtpx:hr>
          </gpxtpx:TrackPointExtension>
        </extensions>
      </trkpt>
      <trkpt lat="34.21827409704076" lon="108.881614704929">
        <ele>411.9133849553764</ele>
        <time>2026-01-07T11:28:04.200000Z</time>
        <extensions>
          <gpxtpx:TrackPointExtension>
            <gpxtpx:hr>97</gpxtpx:hr>
          </gpxtpx:TrackPointExtension>
        </extensions>
      </trkpt>
      <trkpt lat="34.218266845768916" lon="108.88162750317295">
        <ele>411.87528521567583</ele>
        <time>2026-01-07T11:28:05.200000Z</time>
        <extensions>
          <gpxtpx:TrackPointExtension>
            <gpxtpx:hr>97</gpxtpx:hr>
          </gpxtpx:TrackPointExtension>
        </extensions>
      </trkpt>
      <trkpt lat="34.218259471117136" lon="108.88163867423852">
        <ele>411.83663787320256</ele>
        <time>2026-01-07T11:28:06.200000Z</time>
        <extensions>
          <gpxtpx:TrackPointExtension>
            <gpxtpx:hr>97</gpxtpx:hr>
          </gpxtpx:TrackPointExtension>
        </extensions>
      </trkpt>
      <trkpt lat="34.218250695913675" lon="108.88164687545265">
        <ele>411.7964155189693</ele>
        <time>2026-01-07T11:28:07.200000Z</time>
        <extensions>
          <gpxtpx:TrackPointExtension>
            <gpxtpx:hr>96</gpxtpx:hr>
          </gpxtpx:TrackPointExtension>
        </extensions>
      </trkpt>
      <trkpt lat="34.2182408876228" lon="108.8816516788648">
        <ele>411.75646457169205</ele>
        <time>2026-01-07T11:28:08.200000Z</time>
        <extensions>
          <gpxtpx:TrackPointExtension>
            <gpxtpx:hr>96</gpxtpx:hr>
          </gpxtpx:TrackPointExtension>
        </extensions>
      </trkpt>
      <trkpt lat="34.21823184620371" lon="108.8816536213467">
        <ele>411.71567779406905</ele>
        <time>2026-01-07T11:28:09.200000Z</time>
        <extensions>
          <gpxtpx:TrackPointExtension>
            <gpxtpx:hr>96</gpxtpx:hr>
          </gpxtpx:TrackPointExtension>
        </extensions>
      </trkpt>
      <trkpt lat="34.21822343683634" lon="108.88165313763736">
        <ele>411.67373524885625</ele>
        <time>2026-01-07T11:28:10.200000Z</time>
        <extensions>
          <gpxtpx:TrackPointExtension>
            <gpxtpx:hr>96</gpxtpx:hr>
          </gpxtpx:TrackPointExtension>
        </extensions>
      </trkpt>
      <trkpt lat="34.21821526742741" lon="108.88165084248243">
        <ele>411.6309568323195</ele>
        <time>2026-01-07T11:28:11.200000Z</time>
        <extensions>
          <gpxtpx:TrackPointExtension>
            <gpxtpx:hr>96</gpxtpx:hr>
          </gpxtpx:TrackPointExtension>
        </extensions>
      </trkpt>
      <trkpt lat="34.21820784758683" lon="108.88164771770319">
        <ele>411.58800079114735</ele>
        <time>2026-01-07T11:28:12.200000Z</time>
        <extensions>
          <gpxtpx:TrackPointExtension>
            <gpxtpx:hr>95</gpxtpx:hr>
          </gpxtpx:TrackPointExtension>
        </extensions>
      </trkpt>
      <trkpt lat="34.21820031206677" lon="108.88164488696594">
        <ele>411.54612769559026</ele>
        <time>2026-01-07T11:28:13.200000Z</time>
        <extensions>
          <gpxtpx:TrackPointExtension>
            <gpxtpx:hr>95</gpxtpx:hr>
          </gpxtpx:TrackPointExtension>
        </extensions>
      </trkpt>
      <trkpt lat="34.218191726742376" lon="108.88164182302678">
        <ele>411.50621072389185</ele>
        <time>2026-01-07T11:28:14.200000Z</time>
        <extensions>
          <gpxtpx:TrackPointExtension>
            <gpxtpx:hr>95</gpxtpx:hr>
          </gpxtpx:TrackPointExtension>
        </extensions>
      </trkpt>
      <trkpt lat="34.218183190289714" lon="108.88163793642796">
        <ele>411.46726913098246</ele>
        <time>2026-01-07T11:28:15.200000Z</time>
        <extensions>
          <gpxtpx:TrackPointExtension>
            <gpxtpx:hr>95</gpxtpx:hr>
          </gpxtpx:TrackPointExtension>
        </extensions>
      </trkpt>
      <trkpt lat="34.218175660828415" lon="108.88163267812023">
        <ele>411.42876761220396</ele>
        <time>2026-01-07T11:28:16.200000Z</time>
        <extensions>
          <gpxtpx:TrackPointExtension>
            <gpxtpx:hr>95</gpxtpx:hr>
          </gpxtpx:TrackPointExtension>
        </extensions>
      </trkpt>
      <trkpt lat="34.21816760319348" lon="108.8816242869078">
        <ele>411.3917317185551</ele>
        <time>2026-01-07T11:28:17.200000Z</time>
        <extensions>
          <gpxtpx:TrackPointExtension>
            <gpxtpx:hr>96</gpxtpx:hr>
          </gpxtpx:TrackPointExtension>
        </extensions>
      </trkpt>
      <trkpt lat="34.218159164955146" lon="108.88161370165096">
        <ele>411.355816883035</ele>
        <time>2026-01-07T11:28:18.200000Z</time>
        <extensions>
          <gpxtpx:TrackPointExtension>
            <gpxtpx:hr>96</gpxtpx:hr>
          </gpxtpx:TrackPointExtension>
        </extensions>
      </trkpt>
      <trkpt lat="34.218152769848054" lon="108.88160317232389">
        <ele>411.32157875597477</ele>
        <time>2026-01-07T11:28:19.200000Z</time>
        <extensions>
          <gpxtpx:TrackPointExtension>
            <gpxtpx:hr>96</gpxtpx:hr>
          </gpxtpx:TrackPointExtension>
        </extensions>
      </trkpt>
      <trkpt lat="34.21814867472725" lon="108.88159265784176">
        <ele>411.28958547022194</ele>
        <time>2026-01-07T11:28:20.200000Z</time>
        <extensions>
          <gpxtpx:TrackPointExtension>
            <gpxtpx:hr>96</gpxtpx:hr>
          </gpxtpx:TrackPointExtension>
        </extensions>
      </trkpt>
      <trkpt lat="34.218145552154205" lon="108.8815815446794">
        <ele>411.25926992762834</ele>
        <time>2026-01-07T11:28:21.200000Z</time>
        <extensions>
          <gpxtpx:TrackPointExtension>
            <gpxtpx:hr>96</gpxtpx:hr>
          </gpxtpx:TrackPointExtension>
        </extensions>
      </trkpt>
      <trkpt lat="34.21814290448925" lon="108.88156998635674">
        <ele>411.2299525421113</ele>
        <time>2026-01-07T11:28:22.200000Z</time>
        <extensions>
          <gpxtpx:TrackPointExtension>
            <gpxtpx:hr>96</gpxtpx:hr>
          </gpxtpx:TrackPointExtension>
        </extensions>
      </trkpt>
      <trkpt lat="34.21814068982347" lon="108.88155789449712">
        <ele>411.2026921324432</ele>
        <time>2026-01-07T11:28:23.200000Z</time>
        <extensions>
          <gpxtpx:TrackPointExtension>
            <gpxtpx:hr>96</gpxtpx:hr>
          </gpxtpx:TrackPointExtension>
        </extensions>
      </trkpt>
      <trkpt lat="34.218138629532596" lon="108.88154551885374">
        <ele>411.1780112758279</ele>
        <time>2026-01-07T11:28:24.200000Z</time>
        <extensions>
          <gpxtpx:TrackPointExtension>
            <gpxtpx:hr>97</gpxtpx:hr>
          </gpxtpx:TrackPointExtension>
        </extensions>
      </trkpt>
      <trkpt lat="34.21813686214449" lon="108.88153405929778">
        <ele>411.15600778348744</ele>
        <time>2026-01-07T11:28:25.200000Z</time>
        <extensions>
          <gpxtpx:TrackPointExtension>
            <gpxtpx:hr>97</gpxtpx:hr>
          </gpxtpx:TrackPointExtension>
        </extensions>
      </trkpt>
      <trkpt lat="34.2181358623255" lon="108.88152299678515">
        <ele>411.1380004202947</ele>
        <time>2026-01-07T11:28:26.200000Z</time>
        <extensions>
          <gpxtpx:TrackPointExtension>
            <gpxtpx:hr>97</gpxtpx:hr>
          </gpxtpx:TrackPointExtension>
        </extensions>
      </trkpt>
      <trkpt lat="34.21813549898507" lon="108.88151130258375">
        <ele>411.1228146040812</ele>
        <time>2026-01-07T11:28:27.200000Z</time>
        <extensions>
          <gpxtpx:TrackPointExtension>
            <gpxtpx:hr>97</gpxtpx:hr>
          </gpxtpx:TrackPointExtension>
        </extensions>
      </trkpt>
      <trkpt lat="34.218135521966126" lon="108.88149969391797">
        <ele>411.11005191411823</ele>
        <time>2026-01-07T11:28:28.200000Z</time>
        <extensions>
          <gpxtpx:TrackPointExtension>
            <gpxtpx:hr>97</gpxtpx:hr>
          </gpxtpx:TrackPointExtension>
        </extensions>
      </trkpt>
      <trkpt lat="34.2181358278155" lon="108.88148808489251">
        <ele>411.1012501930818</ele>
        <time>2026-01-07T11:28:29.200000Z</time>
        <extensions>
          <gpxtpx:TrackPointExtension>
            <gpxtpx:hr>97</gpxtpx:hr>
          </gpxtpx:TrackPointExtension>
        </extensions>
      </trkpt>
      <trkpt lat="34.21813562819688" lon="108.88147615469558">
        <ele>411.09578902553767</ele>
        <time>2026-01-07T11:28:30.200000Z</time>
        <extensions>
          <gpxtpx:TrackPointExtension>
            <gpxtpx:hr>98</gpxtpx:hr>
          </gpxtpx:TrackPointExtension>
        </extensions>
      </trkpt>
      <trkpt lat="34.21813544690538" lon="108.88146457964694">
        <ele>411.0938833914697</ele>
        <time>2026-01-07T11:28:31.200000Z</time>
        <extensions>
          <gpxtpx:TrackPointExtension>
            <gpxtpx:hr>98</gpxtpx:hr>
          </gpxtpx:TrackPointExtension>
        </extensions>
      </trkpt>
      <trkpt lat="34.21813589878943" lon="108.88145222186257">
        <ele>411.0961087504402</ele>
        <time>2026-01-07T11:28:32.200000Z</time>
        <extensions>
          <gpxtpx:TrackPointExtension>
            <gpxtpx:hr>98</gpxtpx:hr>
          </gpxtpx:TrackPointExtension>
        </extensions>
      </trkpt>
      <trkpt lat="34.218135242047644" lon="108.88143985050512">
        <ele>411.1020435616374</ele>
        <time>2026-01-07T11:28:33.200000Z</time>
        <extensions>
          <gpxtpx:TrackPointExtension>
            <gpxtpx:hr>98</gpxtpx:hr>
          </gpxtpx:TrackPointExtension>
        </extensions>
      </trkpt>
      <trkpt lat="34.2181331633813" lon="108.88142885233226">
        <ele>411.11271386034787</ele>
        <time>2026-01-07T11:28:34.200000Z</time>
        <extensions>
          <gpxtpx:TrackPointExtension>
            <gpxtpx:hr>98</gpxtpx:hr>
          </gpxtpx:TrackPointExtension>
        </extensions>
      </trkpt>
      <trkpt lat="34.218130507327075" lon="108.88141758956412">
        <ele>411.1269762888551</ele>
        <time>2026-01-07T11:28:35.200000Z</time>
        <extensions>
          <gpxtpx:TrackPointExtension>
            <gpxtpx:hr>98</gpxtpx:hr>
          </gpxtpx:TrackPointExtension>
        </extensions>
      </trkpt>
      <trkpt lat="34.21812819606515" lon="108.88140537569116">
        <ele>411.1461853161454</ele>
        <time>2026-01-07T11:28:36.200000Z</time>
        <extensions>
          <gpxtpx:TrackPointExtension>
            <gpxtpx:hr>98</gpxtpx:hr>
          </gpxtpx:TrackPointExtension>
        </extensions>
      </trkpt>
      <trkpt lat="34.21812699765281" lon="108.88139290529408">
        <ele>411.16986651625484</ele>
        <time>2026-01-07T11:28:37.200000Z</time>
        <extensions>
          <gpxtpx:TrackPointExtension>
            <gpxtpx:hr>98</gpxtpx:hr>
          </gpxtpx:TrackPointExtension>
        </extensions>
      </trkpt>
      <trkpt lat="34.21812666738537" lon="108.88138033323916">
        <ele>411.1982163004577</ele>
        <time>2026-01-07T11:28:38.200000Z</time>
        <extensions>
          <gpxtpx:TrackPointExtension>
            <gpxtpx:hr>98</gpxtpx:hr>
          </gpxtpx:TrackPointExtension>
        </extensions>
      </trkpt>
      <trkpt lat="34.2181270430902" lon="108.88136662695003">
        <ele>411.2311454974115</ele>
        <time>2026-01-07T11:28:39.200000Z</time>
        <extensions>
          <gpxtpx:TrackPointExtension>
            <gpxtpx:hr>98</gpxtpx:hr>
          </gpxtpx:TrackPointExtension>
        </extensions>
      </trkpt>
      <trkpt lat="34.218127539786735" lon="108.88135194221972">
        <ele>411.2685744110495</ele>
        <time>2026-01-07T11:28:40.200000Z</time>
        <extensions>
          <gpxtpx:TrackPointExtension>
            <gpxtpx:hr>98</gpxtpx:hr>
          </gpxtpx:TrackPointExtension>
        </extensions>
      </trkpt>
      <trkpt lat="34.218127744769454" lon="108.88133676557939">
        <ele>411.3103325460106</ele>
        <time>2026-01-07T11:28:41.200000Z</time>
        <extensions>
          <gpxtpx:TrackPointExtension>
            <gpxtpx:hr>98</gpxtpx:hr>
          </gpxtpx:TrackPointExtension>
        </extensions>
      </trkpt>
      <trkpt lat="34.21812857227358" lon="108.88132171912187">
        <ele>411.3563141450286</ele>
        <time>2026-01-07T11:28:42.200000Z</time>
        <extensions>
          <gpxtpx:TrackPointExtension>
            <gpxtpx:hr>98</gpxtpx:hr>
          </gpxtpx:TrackPointExtension>
        </extensions>
      </trkpt>
      <trkpt lat="34.21813051134338" lon="108.88130790633485">
        <ele>411.4063800089061</ele>
        <time>2026-01-07T11:28:43.200000Z</time>
        <extensions>
          <gpxtpx:TrackPointExtension>
            <gpxtpx:hr>98</gpxtpx:hr>
          </gpxtpx:TrackPointExtension>
        </extensions>
      </trkpt>
      <trkpt lat="34.21813344016543" lon="108.88129412364528">
        <ele>411.46033111121505</ele>
        <time>2026-01-07T11:28:44.200000Z</time>
        <extensions>
          <gpxtpx:TrackPointExtension>
            <gpxtpx:hr>98</gpxtpx:hr>
          </gpxtpx:TrackPointExtension>
        </extensions>
      </trkpt>
      <trkpt lat="34.218136858208375" lon="108.88127947558806">
        <ele>411.518122295849</ele>
        <time>2026-01-07T11:28:45.200000Z</time>
        <extensions>
          <gpxtpx:TrackPointExtension>
            <gpxtpx:hr>95</gpxtpx:hr>
          </gpxtpx:TrackPointExtension>
        </extensions>
      </trkpt>
      <trkpt lat="34.21814046143105" lon="108.88126546380798">
        <ele>411.579030524008</ele>
        <time>2026-01-07T11:28:46.200000Z</time>
        <extensions>
          <gpxtpx:TrackPointExtension>
            <gpxtpx:hr>95</gpxtpx:hr>
          </gpxtpx:TrackPointExtension>
        </extensions>
      </trkpt>
      <trkpt lat="34.21814473625451" lon="108.88125305819943">
        <ele>411.64305377192795</ele>
        <time>2026-01-07T11:28:47.200000Z</time>
        <extensions>
          <gpxtpx:TrackPointExtension>
            <gpxtpx:hr>95</gpxtpx:hr>
          </gpxtpx:TrackPointExtension>
        </extensions>
      </trkpt>
      <trkpt lat="34.21815028200061" lon="108.88124105144247">
        <ele>411.70978492405266</ele>
        <time>2026-01-07T11:28:48.200000Z</time>
        <extensions>
          <gpxtpx:TrackPointExtension>
            <gpxtpx:hr>95</gpxtpx:hr>
          </gpxtpx:TrackPointExtension>
        </extensions>
      </trkpt>
      <trkpt lat="34.218156906917635" lon="108.88122949705047">
        <ele>411.77929602283984</ele>
        <time>2026-01-07T11:28:49.200000Z</time>
        <extensions>
          <gpxtpx:TrackPointExtension>
            <gpxtpx:hr>95</gpxtpx:hr>
          </gpxtpx:TrackPointExtension>
        </extensions>
      </trkpt>
      <trkpt lat="34.2181635107713" lon="108.88121970030913">
        <ele>411.8505147751421</ele>
        <time>2026-01-07T11:28:50.200000Z</time>
        <extensions>
          <gpxtpx:TrackPointExtension>
            <gpxtpx:hr>96</gpxtpx:hr>
          </gpxtpx:TrackPointExtension>
        </extensions>
      </trkpt>
      <trkpt lat="34.218168985978664" lon="108.88121113485995">
        <ele>411.9234456429258</ele>
        <time>2026-01-07T11:28:51.200000Z</time>
        <extensions>
          <gpxtpx:TrackPointExtension>
            <gpxtpx:hr>96</gpxtpx:hr>
          </gpxtpx:TrackPointExtension>
        </extensions>
      </trkpt>
      <trkpt lat="34.218172958386404" lon="108.88120333140878">
        <ele>411.9976707790047</ele>
        <time>2026-01-07T11:28:52.200000Z</time>
        <extensions>
          <gpxtpx:TrackPointExtension>
            <gpxtpx:hr>96</gpxtpx:hr>
          </gpxtpx:TrackPointExtension>
        </extensions>
      </trkpt>
      <trkpt lat="34.218176127406686" lon="108.88119598949822">
        <ele>412.0729982871562</ele>
        <time>2026-01-07T11:28:53.200000Z</time>
        <extensions>
          <gpxtpx:TrackPointExtension>
            <gpxtpx:hr>96</gpxtpx:hr>
          </gpxtpx:TrackPointExtension>
        </extensions>
      </trkpt>
      <trkpt lat="34.21817871913683" lon="108.88118912174868">
        <ele>412.1494029061869</ele>
        <time>2026-01-07T11:28:54.200000Z</time>
        <extensions>
          <gpxtpx:TrackPointExtension>
            <gpxtpx:hr>96</gpxtpx:hr>
          </gpxtpx:TrackPointExtension>
        </extensions>
      </trkpt>
      <trkpt lat="34.218180591465845" lon="108.88118293720939">
        <ele>412.2267914796248</ele>
        <time>2026-01-07T11:28:55.200000Z</time>
        <extensions>
          <gpxtpx:TrackPointExtension>
            <gpxtpx:hr>96</gpxtpx:hr>
          </gpxtpx:TrackPointExtension>
        </extensions>
      </trkpt>
      <trkpt lat="34.21818222682388" lon="108.88117711244942">
        <ele>412.30465321522206</ele>
        <time>2026-01-07T11:28:56.200000Z</time>
        <extensions>
          <gpxtpx:TrackPointExtension>
            <gpxtpx:hr>96</gpxtpx:hr>
          </gpxtpx:TrackPointExtension>
        </extensions>
      </trkpt>
      <trkpt lat="34.21818482840674" lon="108.88117067027022">
        <ele>412.38272374216467</ele>
        <time>2026-01-07T11:28:57.200000Z</time>
        <extensions>
          <gpxtpx:TrackPointExtension>
            <gpxtpx:hr>97</gpxtpx:hr>
          </gpxtpx:TrackPointExtension>
        </extensions>
      </trkpt>
      <trkpt lat="34.21818785594307" lon="108.88116376299655">
        <ele>412.46066329535097</ele>
        <time>2026-01-07T11:28:58.200000Z</time>
        <extensions>
          <gpxtpx:TrackPointExtension>
            <gpxtpx:hr>97</gpxtpx:hr>
          </gpxtpx:TrackPointExtension>
        </extensions>
      </trkpt>
      <trkpt lat="34.21818984955456" lon="108.88115747729907">
        <ele>412.5379239283502</ele>
        <time>2026-01-07T11:28:59.200000Z</time>
        <extensions>
          <gpxtpx:TrackPointExtension>
            <gpxtpx:hr>97</gpxtpx:hr>
          </gpxtpx:TrackPointExtension>
        </extensions>
      </trkpt>
      <trkpt lat="34.218191062459994" lon="108.88115154298463">
        <ele>412.61398562788963</ele>
        <time>2026-01-07T11:29:00.200000Z</time>
        <extensions>
          <gpxtpx:TrackPointExtension>
            <gpxtpx:hr>97</gpxtpx:hr>
          </gpxtpx:TrackPointExtension>
        </extensions>
      </trkpt>
      <trkpt lat="34.21819190964321" lon="108.88114548513705">
        <ele>412.6882035629824</ele>
        <time>2026-01-07T11:29:01.200000Z</time>
        <extensions>
          <gpxtpx:TrackPointExtension>
            <gpxtpx:hr>97</gpxtpx:hr>
          </gpxtpx:TrackPointExtension>
        </extensions>
      </trkpt>
      <trkpt lat="34.21819250585795" lon="108.88113926870501">
        <ele>412.7597932899371</ele>
        <time>2026-01-07T11:29:02.200000Z</time>
        <extensions>
          <gpxtpx:TrackPointExtension>
            <gpxtpx:hr>96</gpxtpx:hr>
          </gpxtpx:TrackPointExtension>
        </extensions>
      </trkpt>
      <trkpt lat="34.21819313781281" lon="108.88113253457676">
        <ele>412.82807910628617</ele>
        <time>2026-01-07T11:29:03.200000Z</time>
        <extensions>
          <gpxtpx:TrackPointExtension>
            <gpxtpx:hr>96</gpxtpx:hr>
          </gpxtpx:TrackPointExtension>
        </extensions>
      </trkpt>
      <trkpt lat="34.218194016816554" lon="108.88112500943545">
        <ele>412.89241337403655</ele>
        <time>2026-01-07T11:29:04.200000Z</time>
        <extensions>
          <gpxtpx:TrackPointExtension>
            <gpxtpx:hr>96</gpxtpx:hr>
          </gpxtpx:TrackPointExtension>
        </extensions>
      </trkpt>
      <trkpt lat="34.21819502773526" lon="108.88111696159851">
        <ele>412.9522987063974</ele>
        <time>2026-01-07T11:29:05.200000Z</time>
        <extensions>
          <gpxtpx:TrackPointExtension>
            <gpxtpx:hr>96</gpxtpx:hr>
          </gpxtpx:TrackPointExtension>
        </extensions>
      </trkpt>
      <trkpt lat="34.218195747228975" lon="108.88110884876568">
        <ele>413.0072921011597</ele>
        <time>2026-01-07T11:29:06.200000Z</time>
        <extensions>
          <gpxtpx:TrackPointExtension>
            <gpxtpx:hr>96</gpxtpx:hr>
          </gpxtpx:TrackPointExtension>
        </extensions>
      </trkpt>
      <trkpt lat="34.21819560758245" lon="108.88110111818094">
        <ele>413.0570659907535</ele>
        <time>2026-01-07T11:29:07.200000Z</time>
        <extensions>
          <gpxtpx:TrackPointExtension>
            <gpxtpx:hr>96</gpxtpx:hr>
          </gpxtpx:TrackPointExtension>
        </extensions>
      </trkpt>
      <trkpt lat="34.218194100609125" lon="108.88109405612298">
        <ele>413.1014560936019</ele>
        <time>2026-01-07T11:29:08.200000Z</time>
        <extensions>
          <gpxtpx:TrackPointExtension>
            <gpxtpx:hr>96</gpxtpx:hr>
          </gpxtpx:TrackPointExtension>
        </extensions>
      </trkpt>
      <trkpt lat="34.21819080583813" lon="108.88108780436346">
        <ele>413.14051125478</ele>
        <time>2026-01-07T11:29:09.200000Z</time>
        <extensions>
          <gpxtpx:TrackPointExtension>
            <gpxtpx:hr>96</gpxtpx:hr>
          </gpxtpx:TrackPointExtension>
        </extensions>
      </trkpt>
      <trkpt lat="34.21818551210166" lon="108.88108256390032">
        <ele>413.17450699210167</ele>
        <time>2026-01-07T11:29:10.200000Z</time>
        <extensions>
          <gpxtpx:TrackPointExtension>
            <gpxtpx:hr>96</gpxtpx:hr>
          </gpxtpx:TrackPointExtension>
        </extensions>
      </trkpt>
      <trkpt lat="34.218178550675546" lon="108.8810785033954">
        <ele>413.2038226481527</ele>
        <time>2026-01-07T11:29:11.200000Z</time>
        <extensions>
          <gpxtpx:TrackPointExtension>
            <gpxtpx:hr>96</gpxtpx:hr>
          </gpxtpx:TrackPointExtension>
        </extensions>
      </trkpt>
      <trkpt lat="34.218170954281334" lon="108.88107570919179">
        <ele>413.22874680906534</ele>
        <time>2026-01-07T11:29:12.200000Z</time>
        <extensions>
          <gpxtpx:TrackPointExtension>
            <gpxtpx:hr>96</gpxtpx:hr>
          </gpxtpx:TrackPointExtension>
        </extensions>
      </trkpt>
      <trkpt lat="34.21816403842833" lon="108.88107406904717">
        <ele>413.24952200613916</ele>
        <time>2026-01-07T11:29:13.200000Z</time>
        <extensions>
          <gpxtpx:TrackPointExtension>
            <gpxtpx:hr>96</gpxtpx:hr>
          </gpxtpx:TrackPointExtension>
        </extensions>
      </trkpt>
      <trkpt lat="34.21815892205905" lon="108.88107354487943">
        <ele>413.26651296485215</ele>
        <time>2026-01-07T11:29:14.200000Z</time>
        <extensions>
          <gpxtpx:TrackPointExtension>
            <gpxtpx:hr>97</gpxtpx:hr>
          </gpxtpx:TrackPointExtension>
        </extensions>
      </trkpt>
      <trkpt lat="34.218155073060586" lon="108.88107386720023">
        <ele>413.2802638858557</ele>
        <time>2026-01-07T11:29:15.200000Z</time>
        <extensions>
          <gpxtpx:TrackPointExtension>
            <gpxtpx:hr>97</gpxtpx:hr>
          </gpxtpx:TrackPointExtension>
        </extensions>
      </trkpt>
      <trkpt lat="34.21815129624846" lon="108.8810744538447">
        <ele>413.2914590323344</ele>
        <time>2026-01-07T11:29:16.200000Z</time>
        <extensions>
          <gpxtpx:TrackPointExtension>
            <gpxtpx:hr>97</gpxtpx:hr>
          </gpxtpx:TrackPointExtension>
        </extensions>
      </trkpt>
      <trkpt lat="34.218146788453076" lon="108.88107507251566">
        <ele>413.30159671325237</ele>
        <time>2026-01-07T11:29:17.300000Z</time>
        <extensions>
          <gpxtpx:TrackPointExtension>
            <gpxtpx:hr>97</gpxtpx:hr>
          </gpxtpx:TrackPointExtension>
        </extensions>
      </trkpt>
      <trkpt lat="34.21814221109766" lon="108.88107564821402">
        <ele>413.3095108605921</ele>
        <time>2026-01-07T11:29:18.300000Z</time>
        <extensions>
          <gpxtpx:TrackPointExtension>
            <gpxtpx:hr>97</gpxtpx:hr>
          </gpxtpx:TrackPointExtension>
        </extensions>
      </trkpt>
      <trkpt lat="34.21813733188919" lon="108.88107640076312">
        <ele>413.31661473121494</ele>
        <time>2026-01-07T11:29:19.300000Z</time>
        <extensions>
          <gpxtpx:TrackPointExtension>
            <gpxtpx:hr>97</gpxtpx:hr>
          </gpxtpx:TrackPointExtension>
        </extensions>
      </trkpt>
      <trkpt lat="34.21813236916134" lon="108.88107726352523">
        <ele>413.3230696283281</ele>
        <time>2026-01-07T11:29:20.300000Z</time>
        <extensions>
          <gpxtpx:TrackPointExtension>
            <gpxtpx:hr>97</gpxtpx:hr>
          </gpxtpx:TrackPointExtension>
        </extensions>
      </trkpt>
      <trkpt lat="34.21812749584857" lon="108.88107809558953">
        <ele>413.32909163460135</ele>
        <time>2026-01-07T11:29:21.300000Z</time>
        <extensions>
          <gpxtpx:TrackPointExtension>
            <gpxtpx:hr>97</gpxtpx:hr>
          </gpxtpx:TrackPointExtension>
        </extensions>
      </trkpt>
      <trkpt lat="34.2181229233766" lon="108.88107885157498">
        <ele>413.3348281690851</ele>
        <time>2026-01-07T11:29:22.300000Z</time>
        <extensions>
          <gpxtpx:TrackPointExtension>
            <gpxtpx:hr>97</gpxtpx:hr>
          </gpxtpx:TrackPointExtension>
        </extensions>
      </trkpt>
      <trkpt lat="34.218119430347684" lon="108.88107921693747">
        <ele>413.3404130144045</ele>
        <time>2026-01-07T11:29:23.300000Z</time>
        <extensions>
          <gpxtpx:TrackPointExtension>
            <gpxtpx:hr>97</gpxtpx:hr>
          </gpxtpx:TrackPointExtension>
        </extensions>
      </trkpt>
      <trkpt lat="34.21811712829575" lon="108.8810788645738">
        <ele>413.345869038254</ele>
        <time>2026-01-07T11:29:24.300000Z</time>
        <extensions>
          <gpxtpx:TrackPointExtension>
            <gpxtpx:hr>97</gpxtpx:hr>
          </gpxtpx:TrackPointExtension>
        </extensions>
      </trkpt>
      <trkpt lat="34.2181152832437" lon="108.88107774398112">
        <ele>413.35110349580646</ele>
        <time>2026-01-07T11:29:25.300000Z</time>
        <extensions>
          <gpxtpx:TrackPointExtension>
            <gpxtpx:hr>97</gpxtpx:hr>
          </gpxtpx:TrackPointExtension>
        </extensions>
      </trkpt>
      <trkpt lat="34.21811361660977" lon="108.88107629945378">
        <ele>413.35556151811033</ele>
        <time>2026-01-07T11:29:26.200000Z</time>
        <extensions>
          <gpxtpx:TrackPointExtension>
            <gpxtpx:hr>97</gpxtpx:hr>
          </gpxtpx:TrackPointExtension>
        </extensions>
      </trkpt>
      <trkpt lat="34.218111441776436" lon="108.88107481754018">
        <ele>413.3599762832746</ele>
        <time>2026-01-07T11:29:27.200000Z</time>
        <extensions>
          <gpxtpx:TrackPointExtension>
            <gpxtpx:hr>97</gpxtpx:hr>
          </gpxtpx:TrackPointExtension>
        </extensions>
      </trkpt>
      <trkpt lat="34.21810889227455" lon="108.88107385599885">
        <ele>413.3639266109094</ele>
        <time>2026-01-07T11:29:28.200000Z</time>
        <extensions>
          <gpxtpx:TrackPointExtension>
            <gpxtpx:hr>98</gpxtpx:hr>
          </gpxtpx:TrackPointExtension>
        </extensions>
      </trkpt>
      <trkpt lat="34.21810615207443" lon="108.8810732661187">
        <ele>413.36743478290737</ele>
        <time>2026-01-07T11:29:29.200000Z</time>
        <extensions>
          <gpxtpx:TrackPointExtension>
            <gpxtpx:hr>98</gpxtpx:hr>
          </gpxtpx:TrackPointExtension>
        </extensions>
      </trkpt>
      <trkpt lat="34.21810319473906" lon="108.88107266322203">
        <ele>413.3704441227019</ele>
        <time>2026-01-07T11:29:30.200000Z</time>
        <extensions>
          <gpxtpx:TrackPointExtension>
            <gpxtpx:hr>98</gpxtpx:hr>
          </gpxtpx:TrackPointExtension>
        </extensions>
      </trkpt>
      <trkpt lat="34.21809959014438" lon="108.88107208763891">
        <ele>413.37317464500666</ele>
        <time>2026-01-07T11:29:31.400000Z</time>
        <extensions>
          <gpxtpx:TrackPointExtension>
            <gpxtpx:hr>98</gpxtpx:hr>
          </gpxtpx:TrackPointExtension>
        </extensions>
      </trkpt>
      <trkpt lat="34.218096894029514" lon="108.88107175747501">
        <ele>413.3747684247792</ele>
        <time>2026-01-07T11:29:32.200000Z</time>
        <extensions>
          <gpxtpx:TrackPointExtension>
            <gpxtpx:hr>98</gpxtpx:hr>
          </gpxtpx:TrackPointExtension>
        </extensions>
      </trkpt>
      <trkpt lat="34.21809425397501" lon="108.88107150368253">
        <ele>413.3758062971756</ele>
        <time>2026-01-07T11:29:33.200000Z</time>
        <extensions>
          <gpxtpx:TrackPointExtension>
            <gpxtpx:hr>98</gpxtpx:hr>
          </gpxtpx:TrackPointExtension>
        </extensions>
      </trkpt>
      <trkpt lat="34.21809252371121" lon="108.88107112979687">
        <ele>413.37555977050215</ele>
        <time>2026-01-07T11:29:34.200000Z</time>
        <extensions>
          <gpxtpx:TrackPointExtension>
            <gpxtpx:hr>98</gpxtpx:hr>
          </gpxtpx:TrackPointExtension>
        </extensions>
      </trkpt>
      <trkpt lat="34.218091286534175" lon="108.88107119716778">
        <ele>413.37342516705394</ele>
        <time>2026-01-07T11:29:35.200000Z</time>
        <extensions>
          <gpxtpx:TrackPointExtension>
            <gpxtpx:hr>98</gpxtpx:hr>
          </gpxtpx:TrackPointExtension>
        </extensions>
      </trkpt>
      <trkpt lat="34.218089764878385" lon="108.88107220593217">
        <ele>413.36877182498574</ele>
        <time>2026-01-07T11:29:36.200000Z</time>
        <extensions>
          <gpxtpx:TrackPointExtension>
            <gpxtpx:hr>98</gpxtpx:hr>
          </gpxtpx:TrackPointExtension>
        </extensions>
      </trkpt>
      <trkpt lat="34.218088273066186" lon="108.88107353560642">
        <ele>413.36108836345375</ele>
        <time>2026-01-07T11:29:37.200000Z</time>
        <extensions>
          <gpxtpx:TrackPointExtension>
            <gpxtpx:hr>99</gpxtpx:hr>
          </gpxtpx:TrackPointExtension>
        </extensions>
      </trkpt>
      <trkpt lat="34.21808719553212" lon="108.8810748040222">
        <ele>413.3498729215935</ele>
        <time>2026-01-07T11:29:38.200000Z</time>
        <extensions>
          <gpxtpx:TrackPointExtension>
            <gpxtpx:hr>99</gpxtpx:hr>
          </gpxtpx:TrackPointExtension>
        </extensions>
      </trkpt>
      <trkpt lat="34.21808680479151" lon="108.88107552659683">
        <ele>413.3344594882801</ele>
        <time>2026-01-07T11:29:39.200000Z</time>
        <extensions>
          <gpxtpx:TrackPointExtension>
            <gpxtpx:hr>99</gpxtpx:hr>
          </gpxtpx:TrackPointExtension>
        </extensions>
      </trkpt>
      <trkpt lat="34.21808760752722" lon="108.8810746333538">
        <ele>413.3142019389197</ele>
        <time>2026-01-07T11:29:40.200000Z</time>
        <extensions>
          <gpxtpx:TrackPointExtension>
            <gpxtpx:hr>99</gpxtpx:hr>
          </gpxtpx:TrackPointExtension>
        </extensions>
      </trkpt>
      <trkpt lat="34.21809139886407" lon="108.8810690213342">
        <ele>413.288820983842</ele>
        <time>2026-01-07T11:29:41.200000Z</time>
        <extensions>
          <gpxtpx:TrackPointExtension>
            <gpxtpx:hr>99</gpxtpx:hr>
          </gpxtpx:TrackPointExtension>
        </extensions>
      </trkpt>
      <trkpt lat="34.21809888794535" lon="108.88105652163362">
        <ele>413.25850874744356</ele>
        <time>2026-01-07T11:29:42.200000Z</time>
        <extensions>
          <gpxtpx:TrackPointExtension>
            <gpxtpx:hr>101</gpxtpx:hr>
          </gpxtpx:TrackPointExtension>
        </extensions>
      </trkpt>
      <trkpt lat="34.218107839056245" lon="108.88103803123671">
        <ele>413.22349425032735</ele>
        <time>2026-01-07T11:29:43.200000Z</time>
        <extensions>
          <gpxtpx:TrackPointExtension>
            <gpxtpx:hr>101</gpxtpx:hr>
          </gpxtpx:TrackPointExtension>
        </extensions>
      </trkpt>
      <trkpt lat="34.218116108289315" lon="108.88101497750274">
        <ele>413.1843097470701</ele>
        <time>2026-01-07T11:29:44.200000Z</time>
        <extensions>
          <gpxtpx:TrackPointExtension>
            <gpxtpx:hr>101</gpxtpx:hr>
          </gpxtpx:TrackPointExtension>
        </extensions>
      </trkpt>
      <trkpt lat="34.218122492340584" lon="108.88099011626707">
        <ele>413.1416236497462</ele>
        <time>2026-01-07T11:29:45.200000Z</time>
        <extensions>
          <gpxtpx:TrackPointExtension>
            <gpxtpx:hr>101</gpxtpx:hr>
          </gpxtpx:TrackPointExtension>
        </extensions>
      </trkpt>
      <trkpt lat="34.21812610490091" lon="108.88096898816507">
        <ele>413.09591038990766</ele>
        <time>2026-01-07T11:29:46.200000Z</time>
        <extensions>
          <gpxtpx:TrackPointExtension>
            <gpxtpx:hr>101</gpxtpx:hr>
          </gpxtpx:TrackPointExtension>
        </extensions>
      </trkpt>
      <trkpt lat="34.21812635862171" lon="108.88095795407325">
        <ele>413.04759053792804</ele>
        <time>2026-01-07T11:29:47.200000Z</time>
        <extensions>
          <gpxtpx:TrackPointExtension>
            <gpxtpx:hr>101</gpxtpx:hr>
          </gpxtpx:TrackPointExtension>
        </extensions>
      </trkpt>
      <trkpt lat="34.21812419865796" lon="108.88095587617529">
        <ele>412.9969232836738</ele>
        <time>2026-01-07T11:29:48.200000Z</time>
        <extensions>
          <gpxtpx:TrackPointExtension>
            <gpxtpx:hr>101</gpxtpx:hr>
          </gpxtpx:TrackPointExtension>
        </extensions>
      </trkpt>
      <trkpt lat="34.21812179386732" lon="108.88095898432542">
        <ele>412.94439892843366</ele>
        <time>2026-01-07T11:29:49.200000Z</time>
        <extensions>
          <gpxtpx:TrackPointExtension>
            <gpxtpx:hr>97</gpxtpx:hr>
          </gpxtpx:TrackPointExtension>
        </extensions>
      </trkpt>
      <trkpt lat="34.2181194871878" lon="108.88096384128255">
        <ele>412.8898623585701</ele>
        <time>2026-01-07T11:29:50.200000Z</time>
        <extensions>
          <gpxtpx:TrackPointExtension>
            <gpxtpx:hr>97</gpxtpx:hr>
          </gpxtpx:TrackPointExtension>
        </extensions>
      </trkpt>
      <trkpt lat="34.21811510001165" lon="108.88096286969412">
        <ele>412.8336851745844</ele>
        <time>2026-01-07T11:29:51.200000Z</time>
        <extensions>
          <gpxtpx:TrackPointExtension>
            <gpxtpx:hr>97</gpxtpx:hr>
          </gpxtpx:TrackPointExtension>
        </extensions>
      </trkpt>
      <trkpt lat="34.2181099218805" lon="108.88095666551311">
        <ele>412.7757866345346</ele>
        <time>2026-01-07T11:29:52.200000Z</time>
        <extensions>
          <gpxtpx:TrackPointExtension>
            <gpxtpx:hr>97</gpxtpx:hr>
          </gpxtpx:TrackPointExtension>
        </extensions>
      </trkpt>
      <trkpt lat="34.218107359520374" lon="108.88095103952523">
        <ele>412.71608195174485</ele>
        <time>2026-01-07T11:29:53.200000Z</time>
        <extensions>
          <gpxtpx:TrackPointExtension>
            <gpxtpx:hr>97</gpxtpx:hr>
          </gpxtpx:TrackPointExtension>
        </extensions>
      </trkpt>
      <trkpt lat="34.21810966582495" lon="108.8809496051629">
        <ele>412.65539302211255</ele>
        <time>2026-01-07T11:29:54.200000Z</time>
        <extensions>
          <gpxtpx:TrackPointExtension>
            <gpxtpx:hr>96</gpxtpx:hr>
          </gpxtpx:TrackPointExtension>
        </extensions>
      </trkpt>
      <trkpt lat="34.21811599987858" lon="108.88095128139513">
        <ele>412.5947152664885</ele>
        <time>2026-01-07T11:29:55.200000Z</time>
        <extensions>
          <gpxtpx:TrackPointExtension>
            <gpxtpx:hr>96</gpxtpx:hr>
          </gpxtpx:TrackPointExtension>
        </extensions>
      </trkpt>
      <trkpt lat="34.21812226030136" lon="108.88095062658033">
        <ele>412.5346855632961</ele>
        <time>2026-01-07T11:29:56.200000Z</time>
        <extensions>
          <gpxtpx:TrackPointExtension>
            <gpxtpx:hr>96</gpxtpx:hr>
          </gpxtpx:TrackPointExtension>
        </extensions>
      </trkpt>
      <trkpt lat="34.21812736802408" lon="108.88094728250817">
        <ele>412.4760859524831</ele>
        <time>2026-01-07T11:29:57.200000Z</time>
        <extensions>
          <gpxtpx:TrackPointExtension>
            <gpxtpx:hr>97</gpxtpx:hr>
          </gpxtpx:TrackPointExtension>
        </extensions>
      </trkpt>
      <trkpt lat="34.218132475043845" lon="108.88094292741101">
        <ele>412.4189349040389</ele>
        <time>2026-01-07T11:29:58.200000Z</time>
        <extensions>
          <gpxtpx:TrackPointExtension>
            <gpxtpx:hr>97</gpxtpx:hr>
          </gpxtpx:TrackPointExtension>
        </extensions>
      </trkpt>
      <trkpt lat="34.21813831428866" lon="108.88093716216461">
        <ele>412.3623855197802</ele>
        <time>2026-01-07T11:29:59.200000Z</time>
        <extensions>
          <gpxtpx:TrackPointExtension>
            <gpxtpx:hr>97</gpxtpx:hr>
          </gpxtpx:TrackPointExtension>
        </extensions>
      </trkpt>
      <trkpt lat="34.21814412264872" lon="108.88092997022672">
        <ele>412.3080653883517</ele>
        <time>2026-01-07T11:30:00.200000Z</time>
        <extensions>
          <gpxtpx:TrackPointExtension>
            <gpxtpx:hr>97</gpxtpx:hr>
          </gpxtpx:TrackPointExtension>
        </extensions>
      </trkpt>
      <trkpt lat="34.218149061565875" lon="108.88092230122547">
        <ele>412.256822056137</ele>
        <time>2026-01-07T11:30:01.200000Z</time>
        <extensions>
          <gpxtpx:TrackPointExtension>
            <gpxtpx:hr>97</gpxtpx:hr>
          </gpxtpx:TrackPointExtension>
        </extensions>
      </trkpt>
      <trkpt lat="34.218153618791916" lon="108.88091429880535">
        <ele>412.2092739716172</ele>
        <time>2026-01-07T11:30:02.200000Z</time>
        <extensions>
          <gpxtpx:TrackPointExtension>
            <gpxtpx:hr>100</gpxtpx:hr>
          </gpxtpx:TrackPointExtension>
        </extensions>
      </trkpt>
      <trkpt lat="34.2181589820637" lon="108.88090419371827">
        <ele>412.1658778572455</ele>
        <time>2026-01-07T11:30:03.200000Z</time>
        <extensions>
          <gpxtpx:TrackPointExtension>
            <gpxtpx:hr>100</gpxtpx:hr>
          </gpxtpx:TrackPointExtension>
        </extensions>
      </trkpt>
      <trkpt lat="34.218164775761814" lon="108.88089303324506">
        <ele>412.1267826920375</ele>
        <time>2026-01-07T11:30:04.200000Z</time>
        <extensions>
          <gpxtpx:TrackPointExtension>
            <gpxtpx:hr>100</gpxtpx:hr>
          </gpxtpx:TrackPointExtension>
        </extensions>
      </trkpt>
      <trkpt lat="34.21817018871969" lon="108.880882840442">
        <ele>412.09234120417386</ele>
        <time>2026-01-07T11:30:05.200000Z</time>
        <extensions>
          <gpxtpx:TrackPointExtension>
            <gpxtpx:hr>100</gpxtpx:hr>
          </gpxtpx:TrackPointExtension>
        </extensions>
      </trkpt>
      <trkpt lat="34.218176116002525" lon="108.88087285573351">
        <ele>412.062630998902</ele>
        <time>2026-01-07T11:30:06.200000Z</time>
        <extensions>
          <gpxtpx:TrackPointExtension>
            <gpxtpx:hr>100</gpxtpx:hr>
          </gpxtpx:TrackPointExtension>
        </extensions>
      </trkpt>
      <trkpt lat="34.21818168283906" lon="108.88086319143409">
        <ele>412.0380292804912</ele>
        <time>2026-01-07T11:30:07.200000Z</time>
        <extensions>
          <gpxtpx:TrackPointExtension>
            <gpxtpx:hr>100</gpxtpx:hr>
          </gpxtpx:TrackPointExtension>
        </extensions>
      </trkpt>
      <trkpt lat="34.21818624373404" lon="108.88085348948493">
        <ele>412.0190312732011</ele>
        <time>2026-01-07T11:30:08.200000Z</time>
        <extensions>
          <gpxtpx:TrackPointExtension>
            <gpxtpx:hr>100</gpxtpx:hr>
          </gpxtpx:TrackPointExtension>
        </extensions>
      </trkpt>
      <trkpt lat="34.2181903738494" lon="108.8808434023254">
        <ele>412.0056683411822</ele>
        <time>2026-01-07T11:30:09.200000Z</time>
        <extensions>
          <gpxtpx:TrackPointExtension>
            <gpxtpx:hr>100</gpxtpx:hr>
          </gpxtpx:TrackPointExtension>
        </extensions>
      </trkpt>
      <trkpt lat="34.21819297386592" lon="108.88083279271494">
        <ele>411.9984007831663</ele>
        <time>2026-01-07T11:30:10.200000Z</time>
        <extensions>
          <gpxtpx:TrackPointExtension>
            <gpxtpx:hr>100</gpxtpx:hr>
          </gpxtpx:TrackPointExtension>
        </extensions>
      </trkpt>
      <trkpt lat="34.218193976967086" lon="108.88082077643632">
        <ele>411.99687286652625</ele>
        <time>2026-01-07T11:30:11.200000Z</time>
        <extensions>
          <gpxtpx:TrackPointExtension>
            <gpxtpx:hr>100</gpxtpx:hr>
          </gpxtpx:TrackPointExtension>
        </extensions>
      </trkpt>
      <trkpt lat="34.21819448869397" lon="108.88080819754018">
        <ele>412.0015597669408</ele>
        <time>2026-01-07T11:30:12.200000Z</time>
        <extensions>
          <gpxtpx:TrackPointExtension>
            <gpxtpx:hr>100</gpxtpx:hr>
          </gpxtpx:TrackPointExtension>
        </extensions>
      </trkpt>
      <trkpt lat="34.21819508223304" lon="108.8807953743674">
        <ele>412.01259269285947</ele>
        <time>2026-01-07T11:30:13.200000Z</time>
        <extensions>
          <gpxtpx:TrackPointExtension>
            <gpxtpx:hr>100</gpxtpx:hr>
          </gpxtpx:TrackPointExtension>
        </extensions>
      </trkpt>
      <trkpt lat="34.2181956801778" lon="108.880782136381">
        <ele>412.02973377052695</ele>
        <time>2026-01-07T11:30:14.200000Z</time>
        <extensions>
          <gpxtpx:TrackPointExtension>
            <gpxtpx:hr>99</gpxtpx:hr>
          </gpxtpx:TrackPointExtension>
        </extensions>
      </trkpt>
      <trkpt lat="34.21819640551333" lon="108.88076839090155">
        <ele>412.05244070198387</ele>
        <time>2026-01-07T11:30:15.200000Z</time>
        <extensions>
          <gpxtpx:TrackPointExtension>
            <gpxtpx:hr>99</gpxtpx:hr>
          </gpxtpx:TrackPointExtension>
        </extensions>
      </trkpt>
      <trkpt lat="34.218197778363056" lon="108.88075459883498">
        <ele>412.080872467719</ele>
        <time>2026-01-07T11:30:16.200000Z</time>
        <extensions>
          <gpxtpx:TrackPointExtension>
            <gpxtpx:hr>99</gpxtpx:hr>
          </gpxtpx:TrackPointExtension>
        </extensions>
      </trkpt>
      <trkpt lat="34.21819956587891" lon="108.88074133800534">
        <ele>412.1151939397678</ele>
        <time>2026-01-07T11:30:17.200000Z</time>
        <extensions>
          <gpxtpx:TrackPointExtension>
            <gpxtpx:hr>99</gpxtpx:hr>
          </gpxtpx:TrackPointExtension>
        </extensions>
      </trkpt>
      <trkpt lat="34.21820212576814" lon="108.88072759010782">
        <ele>412.15485460776836</ele>
        <time>2026-01-07T11:30:18.200000Z</time>
        <extensions>
          <gpxtpx:TrackPointExtension>
            <gpxtpx:hr>99</gpxtpx:hr>
          </gpxtpx:TrackPointExtension>
        </extensions>
      </trkpt>
      <trkpt lat="34.21820595577318" lon="108.8807132442557">
        <ele>412.1996311638504</ele>
        <time>2026-01-07T11:30:19.200000Z</time>
        <extensions>
          <gpxtpx:TrackPointExtension>
            <gpxtpx:hr>99</gpxtpx:hr>
          </gpxtpx:TrackPointExtension>
        </extensions>
      </trkpt>
      <trkpt lat="34.21821037432646" lon="108.88069951973408">
        <ele>412.2492598714307</ele>
        <time>2026-01-07T11:30:20.200000Z</time>
        <extensions>
          <gpxtpx:TrackPointExtension>
            <gpxtpx:hr>99</gpxtpx:hr>
          </gpxtpx:TrackPointExtension>
        </extensions>
      </trkpt>
      <trkpt lat="34.218215448027685" lon="108.88068712965662">
        <ele>412.30359468236566</ele>
        <time>2026-01-07T11:30:21.200000Z</time>
        <extensions>
          <gpxtpx:TrackPointExtension>
            <gpxtpx:hr>99</gpxtpx:hr>
          </gpxtpx:TrackPointExtension>
        </extensions>
      </trkpt>
      <trkpt lat="34.218221636958766" lon="108.88067571330994">
        <ele>412.3624643366784</ele>
        <time>2026-01-07T11:30:22.200000Z</time>
        <extensions>
          <gpxtpx:TrackPointExtension>
            <gpxtpx:hr>99</gpxtpx:hr>
          </gpxtpx:TrackPointExtension>
        </extensions>
      </trkpt>
      <trkpt lat="34.21822858180723" lon="108.88066471885806">
        <ele>412.4255089145154</ele>
        <time>2026-01-07T11:30:23.200000Z</time>
        <extensions>
          <gpxtpx:TrackPointExtension>
            <gpxtpx:hr>99</gpxtpx:hr>
          </gpxtpx:TrackPointExtension>
        </extensions>
      </trkpt>
      <trkpt lat="34.21823632489925" lon="108.88065347973189">
        <ele>412.4923166362569</ele>
        <time>2026-01-07T11:30:24.200000Z</time>
        <extensions>
          <gpxtpx:TrackPointExtension>
            <gpxtpx:hr>99</gpxtpx:hr>
          </gpxtpx:TrackPointExtension>
        </extensions>
      </trkpt>
      <trkpt lat="34.21824419061207" lon="108.88064289708807">
        <ele>412.562304998748</ele>
        <time>2026-01-07T11:30:25.200000Z</time>
        <extensions>
          <gpxtpx:TrackPointExtension>
            <gpxtpx:hr>99</gpxtpx:hr>
          </gpxtpx:TrackPointExtension>
        </extensions>
      </trkpt>
      <trkpt lat="34.218249644490236" lon="108.88063223195863">
        <ele>412.63487044908106</ele>
        <time>2026-01-07T11:30:26.200000Z</time>
        <extensions>
          <gpxtpx:TrackPointExtension>
            <gpxtpx:hr>98</gpxtpx:hr>
          </gpxtpx:TrackPointExtension>
        </extensions>
      </trkpt>
      <trkpt lat="34.21825299486027" lon="108.88062036291295">
        <ele>412.7094758711755</ele>
        <time>2026-01-07T11:30:27.200000Z</time>
        <extensions>
          <gpxtpx:TrackPointExtension>
            <gpxtpx:hr>98</gpxtpx:hr>
          </gpxtpx:TrackPointExtension>
        </extensions>
      </trkpt>
      <trkpt lat="34.21825779056803" lon="108.88060910855006">
        <ele>412.7856373321265</ele>
        <time>2026-01-07T11:30:28.200000Z</time>
        <extensions>
          <gpxtpx:TrackPointExtension>
            <gpxtpx:hr>98</gpxtpx:hr>
          </gpxtpx:TrackPointExtension>
        </extensions>
      </trkpt>
      <trkpt lat="34.218265023348756" lon="108.88059818274183">
        <ele>412.86320112273097</ele>
        <time>2026-01-07T11:30:29.200000Z</time>
        <extensions>
          <gpxtpx:TrackPointExtension>
            <gpxtpx:hr>98</gpxtpx:hr>
          </gpxtpx:TrackPointExtension>
        </extensions>
      </trkpt>
      <trkpt lat="34.21827151798683" lon="108.8805866060399">
        <ele>412.9417361356318</ele>
        <time>2026-01-07T11:30:30.200000Z</time>
        <extensions>
          <gpxtpx:TrackPointExtension>
            <gpxtpx:hr>98</gpxtpx:hr>
          </gpxtpx:TrackPointExtension>
        </extensions>
      </trkpt>
      <trkpt lat="34.218274656425194" lon="108.88057437756791">
        <ele>413.02069935109466</ele>
        <time>2026-01-07T11:30:31.200000Z</time>
        <extensions>
          <gpxtpx:TrackPointExtension>
            <gpxtpx:hr>98</gpxtpx:hr>
          </gpxtpx:TrackPointExtension>
        </extensions>
      </trkpt>
      <trkpt lat="34.2182756973096" lon="108.8805612080796">
        <ele>413.0996955484152</ele>
        <time>2026-01-07T11:30:32.200000Z</time>
        <extensions>
          <gpxtpx:TrackPointExtension>
            <gpxtpx:hr>98</gpxtpx:hr>
          </gpxtpx:TrackPointExtension>
        </extensions>
      </trkpt>
      <trkpt lat="34.21827611070257" lon="108.88054767762112">
        <ele>413.17835765890777</ele>
        <time>2026-01-07T11:30:33.200000Z</time>
        <extensions>
          <gpxtpx:TrackPointExtension>
            <gpxtpx:hr>98</gpxtpx:hr>
          </gpxtpx:TrackPointExtension>
        </extensions>
      </trkpt>
      <trkpt lat="34.21827631695442" lon="108.88053481714336">
        <ele>413.2562688672915</ele>
        <time>2026-01-07T11:30:34.200000Z</time>
        <extensions>
          <gpxtpx:TrackPointExtension>
            <gpxtpx:hr>97</gpxtpx:hr>
          </gpxtpx:TrackPointExtension>
        </extensions>
      </trkpt>
      <trkpt lat="34.21827924746135" lon="108.88052190619626">
        <ele>413.333231266588</ele>
        <time>2026-01-07T11:30:35.200000Z</time>
        <extensions>
          <gpxtpx:TrackPointExtension>
            <gpxtpx:hr>97</gpxtpx:hr>
          </gpxtpx:TrackPointExtension>
        </extensions>
      </trkpt>
      <trkpt lat="34.21828566165126" lon="108.88050812834717">
        <ele>413.40933504048735</ele>
        <time>2026-01-07T11:30:36.200000Z</time>
        <extensions>
          <gpxtpx:TrackPointExtension>
            <gpxtpx:hr>97</gpxtpx:hr>
          </gpxtpx:TrackPointExtension>
        </extensions>
      </trkpt>
      <trkpt lat="34.21829244370952" lon="108.88049420435314">
        <ele>413.4839725373313</ele>
        <time>2026-01-07T11:30:37.200000Z</time>
        <extensions>
          <gpxtpx:TrackPointExtension>
            <gpxtpx:hr>97</gpxtpx:hr>
          </gpxtpx:TrackPointExtension>
        </extensions>
      </trkpt>
      <trkpt lat="34.21829745368648" lon="108.88048114933366">
        <ele>413.55694131180644</ele>
        <time>2026-01-07T11:30:38.200000Z</time>
        <extensions>
          <gpxtpx:TrackPointExtension>
            <gpxtpx:hr>97</gpxtpx:hr>
          </gpxtpx:TrackPointExtension>
        </extensions>
      </trkpt>
      <trkpt lat="34.21830011181125" lon="108.88046983835855">
        <ele>413.628106886521</ele>
        <time>2026-01-07T11:30:39.200000Z</time>
        <extensions>
          <gpxtpx:TrackPointExtension>
            <gpxtpx:hr>97</gpxtpx:hr>
          </gpxtpx:TrackPointExtension>
        </extensions>
      </trkpt>
      <trkpt lat="34.21830079694545" lon="108.88045939851617">
        <ele>413.69695257395506</ele>
        <time>2026-01-07T11:30:40.200000Z</time>
        <extensions>
          <gpxtpx:TrackPointExtension>
            <gpxtpx:hr>97</gpxtpx:hr>
          </gpxtpx:TrackPointExtension>
        </extensions>
      </trkpt>
      <trkpt lat="34.21829851196266" lon="108.88044649049684">
        <ele>413.7633385518566</ele>
        <time>2026-01-07T11:30:41.200000Z</time>
        <extensions>
          <gpxtpx:TrackPointExtension>
            <gpxtpx:hr>97</gpxtpx:hr>
          </gpxtpx:TrackPointExtension>
        </extensions>
      </trkpt>
      <trkpt lat="34.218294938772" lon="108.88043214502407">
        <ele>413.82715418562293</ele>
        <time>2026-01-07T11:30:42.200000Z</time>
        <extensions>
          <gpxtpx:TrackPointExtension>
            <gpxtpx:hr>97</gpxtpx:hr>
          </gpxtpx:TrackPointExtension>
        </extensions>
      </trkpt>
      <trkpt lat="34.21829259297259" lon="108.88041897699053">
        <ele>413.88817356247455</ele>
        <time>2026-01-07T11:30:43.200000Z</time>
        <extensions>
          <gpxtpx:TrackPointExtension>
            <gpxtpx:hr>97</gpxtpx:hr>
          </gpxtpx:TrackPointExtension>
        </extensions>
      </trkpt>
      <trkpt lat="34.218290295601165" lon="108.88040569262688">
        <ele>413.9464143579826</ele>
        <time>2026-01-07T11:30:44.200000Z</time>
        <extensions>
          <gpxtpx:TrackPointExtension>
            <gpxtpx:hr>97</gpxtpx:hr>
          </gpxtpx:TrackPointExtension>
        </extensions>
      </trkpt>
      <trkpt lat="34.21828651711901" lon="108.88039023918073">
        <ele>414.00174708943814</ele>
        <time>2026-01-07T11:30:45.200000Z</time>
        <extensions>
          <gpxtpx:TrackPointExtension>
            <gpxtpx:hr>97</gpxtpx:hr>
          </gpxtpx:TrackPointExtension>
        </extensions>
      </trkpt>
      <trkpt lat="34.21828220033252" lon="108.88037357973452">
        <ele>414.0541069358587</ele>
        <time>2026-01-07T11:30:46.200000Z</time>
        <extensions>
          <gpxtpx:TrackPointExtension>
            <gpxtpx:hr>97</gpxtpx:hr>
          </gpxtpx:TrackPointExtension>
        </extensions>
      </trkpt>
      <trkpt lat="34.21827869393721" lon="108.88035768017035">
        <ele>414.10350516531616</ele>
        <time>2026-01-07T11:30:47.200000Z</time>
        <extensions>
          <gpxtpx:TrackPointExtension>
            <gpxtpx:hr>97</gpxtpx:hr>
          </gpxtpx:TrackPointExtension>
        </extensions>
      </trkpt>
      <trkpt lat="34.21827505046811" lon="108.88034213613767">
        <ele>414.1498743984848</ele>
        <time>2026-01-07T11:30:48.200000Z</time>
        <extensions>
          <gpxtpx:TrackPointExtension>
            <gpxtpx:hr>97</gpxtpx:hr>
          </gpxtpx:TrackPointExtension>
        </extensions>
      </trkpt>
      <trkpt lat="34.21827026679628" lon="108.88032781699228">
        <ele>414.19268557429314</ele>
        <time>2026-01-07T11:30:49.200000Z</time>
        <extensions>
          <gpxtpx:TrackPointExtension>
            <gpxtpx:hr>97</gpxtpx:hr>
          </gpxtpx:TrackPointExtension>
        </extensions>
      </trkpt>
      <trkpt lat="34.218264971088736" lon="108.88031448292936">
        <ele>414.23160652816296</ele>
        <time>2026-01-07T11:30:50.200000Z</time>
        <extensions>
          <gpxtpx:TrackPointExtension>
            <gpxtpx:hr>97</gpxtpx:hr>
          </gpxtpx:TrackPointExtension>
        </extensions>
      </trkpt>
      <trkpt lat="34.21825965630555" lon="108.88029927336508">
        <ele>414.2665489865467</ele>
        <time>2026-01-07T11:30:51.200000Z</time>
        <extensions>
          <gpxtpx:TrackPointExtension>
            <gpxtpx:hr>97</gpxtpx:hr>
          </gpxtpx:TrackPointExtension>
        </extensions>
      </trkpt>
      <trkpt lat="34.218256107421105" lon="108.88028335679249">
        <ele>414.2977999513969</ele>
        <time>2026-01-07T11:30:52.200000Z</time>
        <extensions>
          <gpxtpx:TrackPointExtension>
            <gpxtpx:hr>97</gpxtpx:hr>
          </gpxtpx:TrackPointExtension>
        </extensions>
      </trkpt>
      <trkpt lat="34.21825464560917" lon="108.880267906999">
        <ele>414.32552442792803</ele>
        <time>2026-01-07T11:30:53.200000Z</time>
        <extensions>
          <gpxtpx:TrackPointExtension>
            <gpxtpx:hr>96</gpxtpx:hr>
          </gpxtpx:TrackPointExtension>
        </extensions>
      </trkpt>
      <trkpt lat="34.21825296638212" lon="108.88025192633364">
        <ele>414.34974563866854</ele>
        <time>2026-01-07T11:30:54.200000Z</time>
        <extensions>
          <gpxtpx:TrackPointExtension>
            <gpxtpx:hr>96</gpxtpx:hr>
          </gpxtpx:TrackPointExtension>
        </extensions>
      </trkpt>
      <trkpt lat="34.21825128713253" lon="108.88023665784577">
        <ele>414.3708471432328</ele>
        <time>2026-01-07T11:30:55.200000Z</time>
        <extensions>
          <gpxtpx:TrackPointExtension>
            <gpxtpx:hr>96</gpxtpx:hr>
          </gpxtpx:TrackPointExtension>
        </extensions>
      </trkpt>
      <trkpt lat="34.21825006131245" lon="108.88022114236348">
        <ele>414.3892769217491</ele>
        <time>2026-01-07T11:30:56.200000Z</time>
        <extensions>
          <gpxtpx:TrackPointExtension>
            <gpxtpx:hr>96</gpxtpx:hr>
          </gpxtpx:TrackPointExtension>
        </extensions>
      </trkpt>
      <trkpt lat="34.218248880234796" lon="108.88020507333525">
        <ele>414.40565922204405</ele>
        <time>2026-01-07T11:30:57.200000Z</time>
        <extensions>
          <gpxtpx:TrackPointExtension>
            <gpxtpx:hr>96</gpxtpx:hr>
          </gpxtpx:TrackPointExtension>
        </extensions>
      </trkpt>
      <trkpt lat="34.21824790348778" lon="108.88019084291109">
        <ele>414.4202151913196</ele>
        <time>2026-01-07T11:30:58.200000Z</time>
        <extensions>
          <gpxtpx:TrackPointExtension>
            <gpxtpx:hr>96</gpxtpx:hr>
          </gpxtpx:TrackPointExtension>
        </extensions>
      </trkpt>
      <trkpt lat="34.218247047809065" lon="108.8801785603811">
        <ele>414.43348096497357</ele>
        <time>2026-01-07T11:30:59.200000Z</time>
        <extensions>
          <gpxtpx:TrackPointExtension>
            <gpxtpx:hr>96</gpxtpx:hr>
          </gpxtpx:TrackPointExtension>
        </extensions>
      </trkpt>
      <trkpt lat="34.21824578552785" lon="108.88016643898786">
        <ele>414.4458208233118</ele>
        <time>2026-01-07T11:31:00.200000Z</time>
        <extensions>
          <gpxtpx:TrackPointExtension>
            <gpxtpx:hr>96</gpxtpx:hr>
          </gpxtpx:TrackPointExtension>
        </extensions>
      </trkpt>
      <trkpt lat="34.21824456074959" lon="108.88015316367525">
        <ele>414.45769743062556</ele>
        <time>2026-01-07T11:31:01.200000Z</time>
        <extensions>
          <gpxtpx:TrackPointExtension>
            <gpxtpx:hr>96</gpxtpx:hr>
          </gpxtpx:TrackPointExtension>
        </extensions>
      </trkpt>
      <trkpt lat="34.218244865635995" lon="108.8801392815597">
        <ele>414.46952505223453</ele>
        <time>2026-01-07T11:31:02.200000Z</time>
        <extensions>
          <gpxtpx:TrackPointExtension>
            <gpxtpx:hr>96</gpxtpx:hr>
          </gpxtpx:TrackPointExtension>
        </extensions>
      </trkpt>
      <trkpt lat="34.21824633763388" lon="108.88012646797735">
        <ele>414.4818186843768</ele>
        <time>2026-01-07T11:31:03.200000Z</time>
        <extensions>
          <gpxtpx:TrackPointExtension>
            <gpxtpx:hr>96</gpxtpx:hr>
          </gpxtpx:TrackPointExtension>
        </extensions>
      </trkpt>
      <trkpt lat="34.21824732339038" lon="108.88011386786758">
        <ele>414.4948537228629</ele>
        <time>2026-01-07T11:31:04.200000Z</time>
        <extensions>
          <gpxtpx:TrackPointExtension>
            <gpxtpx:hr>96</gpxtpx:hr>
          </gpxtpx:TrackPointExtension>
        </extensions>
      </trkpt>
      <trkpt lat="34.21824810919838" lon="108.88010041574441">
        <ele>414.5087894266471</ele>
        <time>2026-01-07T11:31:05.200000Z</time>
        <extensions>
          <gpxtpx:TrackPointExtension>
            <gpxtpx:hr>96</gpxtpx:hr>
          </gpxtpx:TrackPointExtension>
        </extensions>
      </trkpt>
      <trkpt lat="34.218248917843006" lon="108.88008766976485">
        <ele>414.5237226160243</ele>
        <time>2026-01-07T11:31:06.200000Z</time>
        <extensions>
          <gpxtpx:TrackPointExtension>
            <gpxtpx:hr>97</gpxtpx:hr>
          </gpxtpx:TrackPointExtension>
        </extensions>
      </trkpt>
      <trkpt lat="34.21825006760622" lon="108.88007662110654">
        <ele>414.5396823855117</ele>
        <time>2026-01-07T11:31:07.200000Z</time>
        <extensions>
          <gpxtpx:TrackPointExtension>
            <gpxtpx:hr>97</gpxtpx:hr>
          </gpxtpx:TrackPointExtension>
        </extensions>
      </trkpt>
      <trkpt lat="34.21825192695598" lon="108.88006782903953">
        <ele>414.5563649293035</ele>
        <time>2026-01-07T11:31:08.200000Z</time>
        <extensions>
          <gpxtpx:TrackPointExtension>
            <gpxtpx:hr>97</gpxtpx:hr>
          </gpxtpx:TrackPointExtension>
        </extensions>
      </trkpt>
      <trkpt lat="34.218254586708746" lon="108.88006064014621">
        <ele>414.57366293668747</ele>
        <time>2026-01-07T11:31:09.200000Z</time>
        <extensions>
          <gpxtpx:TrackPointExtension>
            <gpxtpx:hr>97</gpxtpx:hr>
          </gpxtpx:TrackPointExtension>
        </extensions>
      </trkpt>
      <trkpt lat="34.21825865609736" lon="108.88005330291419">
        <ele>414.5913157677278</ele>
        <time>2026-01-07T11:31:10.200000Z</time>
        <extensions>
          <gpxtpx:TrackPointExtension>
            <gpxtpx:hr>97</gpxtpx:hr>
          </gpxtpx:TrackPointExtension>
        </extensions>
      </trkpt>
      <trkpt lat="34.21826518355828" lon="108.88004489172314">
        <ele>414.6088750278577</ele>
        <time>2026-01-07T11:31:11.200000Z</time>
        <extensions>
          <gpxtpx:TrackPointExtension>
            <gpxtpx:hr>97</gpxtpx:hr>
          </gpxtpx:TrackPointExtension>
        </extensions>
      </trkpt>
      <trkpt lat="34.218274060401185" lon="108.8800362589173">
        <ele>414.6263033859432</ele>
        <time>2026-01-07T11:31:12.200000Z</time>
        <extensions>
          <gpxtpx:TrackPointExtension>
            <gpxtpx:hr>97</gpxtpx:hr>
          </gpxtpx:TrackPointExtension>
        </extensions>
      </trkpt>
      <trkpt lat="34.21828357512851" lon="108.88002906258377">
        <ele>414.6433359812945</ele>
        <time>2026-01-07T11:31:13.200000Z</time>
        <extensions>
          <gpxtpx:TrackPointExtension>
            <gpxtpx:hr>97</gpxtpx:hr>
          </gpxtpx:TrackPointExtension>
        </extensions>
      </trkpt>
      <trkpt lat="34.21829294373148" lon="108.88002301684853">
        <ele>414.6599024645984</ele>
        <time>2026-01-07T11:31:14.200000Z</time>
        <extensions>
          <gpxtpx:TrackPointExtension>
            <gpxtpx:hr>97</gpxtpx:hr>
          </gpxtpx:TrackPointExtension>
        </extensions>
      </trkpt>
      <trkpt lat="34.21830260669037" lon="108.88001704385553">
        <ele>414.67562442366034</ele>
        <time>2026-01-07T11:31:15.200000Z</time>
        <extensions>
          <gpxtpx:TrackPointExtension>
            <gpxtpx:hr>98</gpxtpx:hr>
          </gpxtpx:TrackPointExtension>
        </extensions>
      </trkpt>
      <trkpt lat="34.21831323068169" lon="108.88001035763183">
        <ele>414.6907230298966</ele>
        <time>2026-01-07T11:31:16.200000Z</time>
        <extensions>
          <gpxtpx:TrackPointExtension>
            <gpxtpx:hr>98</gpxtpx:hr>
          </gpxtpx:TrackPointExtension>
        </extensions>
      </trkpt>
      <trkpt lat="34.218324455791084" lon="108.88000347213993">
        <ele>414.7050352105871</ele>
        <time>2026-01-07T11:31:17.200000Z</time>
        <extensions>
          <gpxtpx:TrackPointExtension>
            <gpxtpx:hr>98</gpxtpx:hr>
          </gpxtpx:TrackPointExtension>
        </extensions>
      </trkpt>
      <trkpt lat="34.21833499658007" lon="108.87999769015718">
        <ele>414.7184142721817</ele>
        <time>2026-01-07T11:31:18.200000Z</time>
        <extensions>
          <gpxtpx:TrackPointExtension>
            <gpxtpx:hr>98</gpxtpx:hr>
          </gpxtpx:TrackPointExtension>
        </extensions>
      </trkpt>
      <trkpt lat="34.21834558067441" lon="108.8799928020978">
        <ele>414.73099078424275</ele>
        <time>2026-01-07T11:31:19.200000Z</time>
        <extensions>
          <gpxtpx:TrackPointExtension>
            <gpxtpx:hr>98</gpxtpx:hr>
          </gpxtpx:TrackPointExtension>
        </extensions>
      </trkpt>
      <trkpt lat="34.218358012738605" lon="108.87998817432505">
        <ele>414.7428316799924</ele>
        <time>2026-01-07T11:31:20.200000Z</time>
        <extensions>
          <gpxtpx:TrackPointExtension>
            <gpxtpx:hr>98</gpxtpx:hr>
          </gpxtpx:TrackPointExtension>
        </extensions>
      </trkpt>
      <trkpt lat="34.218370783072864" lon="108.87998471889185">
        <ele>414.7541297804564</ele>
        <time>2026-01-07T11:31:21.200000Z</time>
        <extensions>
          <gpxtpx:TrackPointExtension>
            <gpxtpx:hr>99</gpxtpx:hr>
          </gpxtpx:TrackPointExtension>
        </extensions>
      </trkpt>
      <trkpt lat="34.21838205370544" lon="108.87998278863282">
        <ele>414.764936093241</ele>
        <time>2026-01-07T11:31:22.200000Z</time>
        <extensions>
          <gpxtpx:TrackPointExtension>
            <gpxtpx:hr>99</gpxtpx:hr>
          </gpxtpx:TrackPointExtension>
        </extensions>
      </trkpt>
      <trkpt lat="34.218392162468" lon="108.8799815869457">
        <ele>414.77490989211947</ele>
        <time>2026-01-07T11:31:23.200000Z</time>
        <extensions>
          <gpxtpx:TrackPointExtension>
            <gpxtpx:hr>99</gpxtpx:hr>
          </gpxtpx:TrackPointExtension>
        </extensions>
      </trkpt>
      <trkpt lat="34.21840207832556" lon="108.8799798317632">
        <ele>414.78424413036555</ele>
        <time>2026-01-07T11:31:24.200000Z</time>
        <extensions>
          <gpxtpx:TrackPointExtension>
            <gpxtpx:hr>99</gpxtpx:hr>
          </gpxtpx:TrackPointExtension>
        </extensions>
      </trkpt>
      <trkpt lat="34.21841359350054" lon="108.87997711699606">
        <ele>414.793258825317</ele>
        <time>2026-01-07T11:31:25.200000Z</time>
        <extensions>
          <gpxtpx:TrackPointExtension>
            <gpxtpx:hr>99</gpxtpx:hr>
          </gpxtpx:TrackPointExtension>
        </extensions>
      </trkpt>
      <trkpt lat="34.21842899555137" lon="108.87997449978035">
        <ele>414.80230625439435</ele>
        <time>2026-01-07T11:31:26.200000Z</time>
        <extensions>
          <gpxtpx:TrackPointExtension>
            <gpxtpx:hr>99</gpxtpx:hr>
          </gpxtpx:TrackPointExtension>
        </extensions>
      </trkpt>
      <trkpt lat="34.218446640202" lon="108.87997340836108">
        <ele>414.8112541465089</ele>
        <time>2026-01-07T11:31:27.200000Z</time>
        <extensions>
          <gpxtpx:TrackPointExtension>
            <gpxtpx:hr>99</gpxtpx:hr>
          </gpxtpx:TrackPointExtension>
        </extensions>
      </trkpt>
      <trkpt lat="34.21846241284006" lon="108.87997344595894">
        <ele>414.8204131582752</ele>
        <time>2026-01-07T11:31:28.200000Z</time>
        <extensions>
          <gpxtpx:TrackPointExtension>
            <gpxtpx:hr>100</gpxtpx:hr>
          </gpxtpx:TrackPointExtension>
        </extensions>
      </trkpt>
      <trkpt lat="34.21847550391955" lon="108.87997295966608">
        <ele>414.8298026509583</ele>
        <time>2026-01-07T11:31:29.200000Z</time>
        <extensions>
          <gpxtpx:TrackPointExtension>
            <gpxtpx:hr>100</gpxtpx:hr>
          </gpxtpx:TrackPointExtension>
        </extensions>
      </trkpt>
      <trkpt lat="34.21848699606211" lon="108.87997160211778">
        <ele>414.83903265185654</ele>
        <time>2026-01-07T11:31:30.200000Z</time>
        <extensions>
          <gpxtpx:TrackPointExtension>
            <gpxtpx:hr>100</gpxtpx:hr>
          </gpxtpx:TrackPointExtension>
        </extensions>
      </trkpt>
      <trkpt lat="34.218498247033835" lon="108.87996972462409">
        <ele>414.84897673595697</ele>
        <time>2026-01-07T11:31:31.200000Z</time>
        <extensions>
          <gpxtpx:TrackPointExtension>
            <gpxtpx:hr>100</gpxtpx:hr>
          </gpxtpx:TrackPointExtension>
        </extensions>
      </trkpt>
      <trkpt lat="34.21850971103966" lon="108.87996770367366">
        <ele>414.85930971615016</ele>
        <time>2026-01-07T11:31:32.200000Z</time>
        <extensions>
          <gpxtpx:TrackPointExtension>
            <gpxtpx:hr>100</gpxtpx:hr>
          </gpxtpx:TrackPointExtension>
        </extensions>
      </trkpt>
      <trkpt lat="34.21852131503567" lon="108.87996583145447">
        <ele>414.8692590119317</ele>
        <time>2026-01-07T11:31:33.200000Z</time>
        <extensions>
          <gpxtpx:TrackPointExtension>
            <gpxtpx:hr>99</gpxtpx:hr>
          </gpxtpx:TrackPointExtension>
        </extensions>
      </trkpt>
      <trkpt lat="34.218533431231144" lon="108.87996422153286">
        <ele>414.87959205918014</ele>
        <time>2026-01-07T11:31:34.200000Z</time>
        <extensions>
          <gpxtpx:TrackPointExtension>
            <gpxtpx:hr>99</gpxtpx:hr>
          </gpxtpx:TrackPointExtension>
        </extensions>
      </trkpt>
      <trkpt lat="34.21854580138808" lon="108.8799629935864">
        <ele>414.8901410009712</ele>
        <time>2026-01-07T11:31:35.200000Z</time>
        <extensions>
          <gpxtpx:TrackPointExtension>
            <gpxtpx:hr>99</gpxtpx:hr>
          </gpxtpx:TrackPointExtension>
        </extensions>
      </trkpt>
      <trkpt lat="34.218556868427825" lon="108.87996254670362">
        <ele>414.90171907190233</ele>
        <time>2026-01-07T11:31:36.200000Z</time>
        <extensions>
          <gpxtpx:TrackPointExtension>
            <gpxtpx:hr>99</gpxtpx:hr>
          </gpxtpx:TrackPointExtension>
        </extensions>
      </trkpt>
      <trkpt lat="34.21856678899142" lon="108.87996276523891">
        <ele>414.9139629146084</ele>
        <time>2026-01-07T11:31:37.200000Z</time>
        <extensions>
          <gpxtpx:TrackPointExtension>
            <gpxtpx:hr>99</gpxtpx:hr>
          </gpxtpx:TrackPointExtension>
        </extensions>
      </trkpt>
      <trkpt lat="34.21857729021125" lon="108.87996295255718">
        <ele>414.9265280580148</ele>
        <time>2026-01-07T11:31:38.200000Z</time>
        <extensions>
          <gpxtpx:TrackPointExtension>
            <gpxtpx:hr>99</gpxtpx:hr>
          </gpxtpx:TrackPointExtension>
        </extensions>
      </trkpt>
      <trkpt lat="34.2185874940219" lon="108.87996290226553">
        <ele>414.93915195018053</ele>
        <time>2026-01-07T11:31:39.200000Z</time>
        <extensions>
          <gpxtpx:TrackPointExtension>
            <gpxtpx:hr>99</gpxtpx:hr>
          </gpxtpx:TrackPointExtension>
        </extensions>
      </trkpt>
      <trkpt lat="34.21859733200138" lon="108.87996236666852">
        <ele>414.95184621587396</ele>
        <time>2026-01-07T11:31:40.200000Z</time>
        <extensions>
          <gpxtpx:TrackPointExtension>
            <gpxtpx:hr>99</gpxtpx:hr>
          </gpxtpx:TrackPointExtension>
        </extensions>
      </trkpt>
      <trkpt lat="34.21860870789404" lon="108.87996177679695">
        <ele>414.96493001282215</ele>
        <time>2026-01-07T11:31:41.200000Z</time>
        <extensions>
          <gpxtpx:TrackPointExtension>
            <gpxtpx:hr>99</gpxtpx:hr>
          </gpxtpx:TrackPointExtension>
        </extensions>
      </trkpt>
      <trkpt lat="34.218620355447165" lon="108.87996210068296">
        <ele>414.9774851510301</ele>
        <time>2026-01-07T11:31:42.200000Z</time>
        <extensions>
          <gpxtpx:TrackPointExtension>
            <gpxtpx:hr>99</gpxtpx:hr>
          </gpxtpx:TrackPointExtension>
        </extensions>
      </trkpt>
      <trkpt lat="34.218631318321016" lon="108.87996327528424">
        <ele>414.9897112576291</ele>
        <time>2026-01-07T11:31:43.200000Z</time>
        <extensions>
          <gpxtpx:TrackPointExtension>
            <gpxtpx:hr>99</gpxtpx:hr>
          </gpxtpx:TrackPointExtension>
        </extensions>
      </trkpt>
      <trkpt lat="34.218641964584386" lon="108.87996433344838">
        <ele>415.00172106269747</ele>
        <time>2026-01-07T11:31:44.200000Z</time>
        <extensions>
          <gpxtpx:TrackPointExtension>
            <gpxtpx:hr>99</gpxtpx:hr>
          </gpxtpx:TrackPointExtension>
        </extensions>
      </trkpt>
      <trkpt lat="34.21865289695918" lon="108.87996455895158">
        <ele>415.0135179264471</ele>
        <time>2026-01-07T11:31:45.200000Z</time>
        <extensions>
          <gpxtpx:TrackPointExtension>
            <gpxtpx:hr>99</gpxtpx:hr>
          </gpxtpx:TrackPointExtension>
        </extensions>
      </trkpt>
      <trkpt lat="34.218664109448156" lon="108.8799642201375">
        <ele>415.02457815688103</ele>
        <time>2026-01-07T11:31:46.200000Z</time>
        <extensions>
          <gpxtpx:TrackPointExtension>
            <gpxtpx:hr>99</gpxtpx:hr>
          </gpxtpx:TrackPointExtension>
        </extensions>
      </trkpt>
      <trkpt lat="34.21867511497193" lon="108.87996350768499">
        <ele>415.0338791543618</ele>
        <time>2026-01-07T11:31:47.200000Z</time>
        <extensions>
          <gpxtpx:TrackPointExtension>
            <gpxtpx:hr>99</gpxtpx:hr>
          </gpxtpx:TrackPointExtension>
        </extensions>
      </trkpt>
      <trkpt lat="34.21868591966321" lon="108.87996235828375">
        <ele>415.0421702982858</ele>
        <time>2026-01-07T11:31:48.200000Z</time>
        <extensions>
          <gpxtpx:TrackPointExtension>
            <gpxtpx:hr>99</gpxtpx:hr>
          </gpxtpx:TrackPointExtension>
        </extensions>
      </trkpt>
      <trkpt lat="34.218697104553" lon="108.87996065344191">
        <ele>415.04936323314905</ele>
        <time>2026-01-07T11:31:49.200000Z</time>
        <extensions>
          <gpxtpx:TrackPointExtension>
            <gpxtpx:hr>99</gpxtpx:hr>
          </gpxtpx:TrackPointExtension>
        </extensions>
      </trkpt>
      <trkpt lat="34.21871028127236" lon="108.87995833941952">
        <ele>415.05469735711813</ele>
        <time>2026-01-07T11:31:50.200000Z</time>
        <extensions>
          <gpxtpx:TrackPointExtension>
            <gpxtpx:hr>99</gpxtpx:hr>
          </gpxtpx:TrackPointExtension>
        </extensions>
      </trkpt>
      <trkpt lat="34.218723999877156" lon="108.87995575906703">
        <ele>415.0585450353101</ele>
        <time>2026-01-07T11:31:51.200000Z</time>
        <extensions>
          <gpxtpx:TrackPointExtension>
            <gpxtpx:hr>99</gpxtpx:hr>
          </gpxtpx:TrackPointExtension>
        </extensions>
      </trkpt>
      <trkpt lat="34.21873690148777" lon="108.87995318323941">
        <ele>415.06134177651256</ele>
        <time>2026-01-07T11:31:52.200000Z</time>
        <extensions>
          <gpxtpx:TrackPointExtension>
            <gpxtpx:hr>99</gpxtpx:hr>
          </gpxtpx:TrackPointExtension>
        </extensions>
      </trkpt>
      <trkpt lat="34.21874907013398" lon="108.87995045382948">
        <ele>415.0615954725072</ele>
        <time>2026-01-07T11:31:53.200000Z</time>
        <extensions>
          <gpxtpx:TrackPointExtension>
            <gpxtpx:hr>99</gpxtpx:hr>
          </gpxtpx:TrackPointExtension>
        </extensions>
      </trkpt>
      <trkpt lat="34.21875998520722" lon="108.87994727843783">
        <ele>415.059796708636</ele>
        <time>2026-01-07T11:31:54.200000Z</time>
        <extensions>
          <gpxtpx:TrackPointExtension>
            <gpxtpx:hr>99</gpxtpx:hr>
          </gpxtpx:TrackPointExtension>
        </extensions>
      </trkpt>
      <trkpt lat="34.218770482304215" lon="108.87994349481464">
        <ele>415.0571862561628</ele>
        <time>2026-01-07T11:31:55.200000Z</time>
        <extensions>
          <gpxtpx:TrackPointExtension>
            <gpxtpx:hr>99</gpxtpx:hr>
          </gpxtpx:TrackPointExtension>
        </extensions>
      </trkpt>
      <trkpt lat="34.21878163052541" lon="108.87993939677837">
        <ele>415.05341902561486</ele>
        <time>2026-01-07T11:31:56.200000Z</time>
        <extensions>
          <gpxtpx:TrackPointExtension>
            <gpxtpx:hr>99</gpxtpx:hr>
          </gpxtpx:TrackPointExtension>
        </extensions>
      </trkpt>
      <trkpt lat="34.21879312620653" lon="108.87993506513082">
        <ele>415.0486432528123</ele>
        <time>2026-01-07T11:31:57.200000Z</time>
        <extensions>
          <gpxtpx:TrackPointExtension>
            <gpxtpx:hr>98</gpxtpx:hr>
          </gpxtpx:TrackPointExtension>
        </extensions>
      </trkpt>
      <trkpt lat="34.218804325266625" lon="108.87993017906938">
        <ele>415.04225435014814</ele>
        <time>2026-01-07T11:31:58.200000Z</time>
        <extensions>
          <gpxtpx:TrackPointExtension>
            <gpxtpx:hr>98</gpxtpx:hr>
          </gpxtpx:TrackPointExtension>
        </extensions>
      </trkpt>
      <trkpt lat="34.218814755489355" lon="108.87992466729965">
        <ele>415.0349515378475</ele>
        <time>2026-01-07T11:31:59.200000Z</time>
        <extensions>
          <gpxtpx:TrackPointExtension>
            <gpxtpx:hr>98</gpxtpx:hr>
          </gpxtpx:TrackPointExtension>
        </extensions>
      </trkpt>
      <trkpt lat="34.21882395911119" lon="108.87991866944452">
        <ele>415.0269586732611</ele>
        <time>2026-01-07T11:32:00.200000Z</time>
        <extensions>
          <gpxtpx:TrackPointExtension>
            <gpxtpx:hr>98</gpxtpx:hr>
          </gpxtpx:TrackPointExtension>
        </extensions>
      </trkpt>
      <trkpt lat="34.218832063661196" lon="108.8799120663579">
        <ele>415.018521762453</ele>
        <time>2026-01-07T11:32:01.200000Z</time>
        <extensions>
          <gpxtpx:TrackPointExtension>
            <gpxtpx:hr>98</gpxtpx:hr>
          </gpxtpx:TrackPointExtension>
        </extensions>
      </trkpt>
      <trkpt lat="34.21883935306587" lon="108.8799049135914">
        <ele>415.00995384994894</ele>
        <time>2026-01-07T11:32:02.200000Z</time>
        <extensions>
          <gpxtpx:TrackPointExtension>
            <gpxtpx:hr>98</gpxtpx:hr>
          </gpxtpx:TrackPointExtension>
        </extensions>
      </trkpt>
      <trkpt lat="34.21884584084351" lon="108.87989725504212">
        <ele>415.0011591101065</ele>
        <time>2026-01-07T11:32:03.200000Z</time>
        <extensions>
          <gpxtpx:TrackPointExtension>
            <gpxtpx:hr>98</gpxtpx:hr>
          </gpxtpx:TrackPointExtension>
        </extensions>
      </trkpt>
      <trkpt lat="34.218851112018314" lon="108.87988870250878">
        <ele>414.9923232458532</ele>
        <time>2026-01-07T11:32:04.200000Z</time>
        <extensions>
          <gpxtpx:TrackPointExtension>
            <gpxtpx:hr>98</gpxtpx:hr>
          </gpxtpx:TrackPointExtension>
        </extensions>
      </trkpt>
      <trkpt lat="34.218855033441876" lon="108.87987949704235">
        <ele>414.98362854495645</ele>
        <time>2026-01-07T11:32:05.200000Z</time>
        <extensions>
          <gpxtpx:TrackPointExtension>
            <gpxtpx:hr>98</gpxtpx:hr>
          </gpxtpx:TrackPointExtension>
        </extensions>
      </trkpt>
      <trkpt lat="34.21885826460359" lon="108.87986987527859">
        <ele>414.9748687418178</ele>
        <time>2026-01-07T11:32:06.200000Z</time>
        <extensions>
          <gpxtpx:TrackPointExtension>
            <gpxtpx:hr>98</gpxtpx:hr>
          </gpxtpx:TrackPointExtension>
        </extensions>
      </trkpt>
      <trkpt lat="34.218861507279" lon="108.87986007462217">
        <ele>414.96724431496114</ele>
        <time>2026-01-07T11:32:07.200000Z</time>
        <extensions>
          <gpxtpx:TrackPointExtension>
            <gpxtpx:hr>98</gpxtpx:hr>
          </gpxtpx:TrackPointExtension>
        </extensions>
      </trkpt>
      <trkpt lat="34.2188644179639" lon="108.8798499619658">
        <ele>414.9602705165744</ele>
        <time>2026-01-07T11:32:08.200000Z</time>
        <extensions>
          <gpxtpx:TrackPointExtension>
            <gpxtpx:hr>98</gpxtpx:hr>
          </gpxtpx:TrackPointExtension>
        </extensions>
      </trkpt>
      <trkpt lat="34.21886642906571" lon="108.87983888657223">
        <ele>414.95408623851836</ele>
        <time>2026-01-07T11:32:09.200000Z</time>
        <extensions>
          <gpxtpx:TrackPointExtension>
            <gpxtpx:hr>97</gpxtpx:hr>
          </gpxtpx:TrackPointExtension>
        </extensions>
      </trkpt>
      <trkpt lat="34.21886775867604" lon="108.87982680539594">
        <ele>414.94880625233054</ele>
        <time>2026-01-07T11:32:10.200000Z</time>
        <extensions>
          <gpxtpx:TrackPointExtension>
            <gpxtpx:hr>97</gpxtpx:hr>
          </gpxtpx:TrackPointExtension>
        </extensions>
      </trkpt>
      <trkpt lat="34.218868641659256" lon="108.87981449886824">
        <ele>414.94452000502497</ele>
        <time>2026-01-07T11:32:11.200000Z</time>
        <extensions>
          <gpxtpx:TrackPointExtension>
            <gpxtpx:hr>97</gpxtpx:hr>
          </gpxtpx:TrackPointExtension>
        </extensions>
      </trkpt>
      <trkpt lat="34.21886931761939" lon="108.87980197186796">
        <ele>414.9412847692147</ele>
        <time>2026-01-07T11:32:12.200000Z</time>
        <extensions>
          <gpxtpx:TrackPointExtension>
            <gpxtpx:hr>97</gpxtpx:hr>
          </gpxtpx:TrackPointExtension>
        </extensions>
      </trkpt>
      <trkpt lat="34.218869943823" lon="108.8797888882282">
        <ele>414.93911264277995</ele>
        <time>2026-01-07T11:32:13.200000Z</time>
        <extensions>
          <gpxtpx:TrackPointExtension>
            <gpxtpx:hr>97</gpxtpx:hr>
          </gpxtpx:TrackPointExtension>
        </extensions>
      </trkpt>
      <trkpt lat="34.218870580669126" lon="108.87977573346747">
        <ele>414.9379672296345</ele>
        <time>2026-01-07T11:32:14.200000Z</time>
        <extensions>
          <gpxtpx:TrackPointExtension>
            <gpxtpx:hr>97</gpxtpx:hr>
          </gpxtpx:TrackPointExtension>
        </extensions>
      </trkpt>
      <trkpt lat="34.21887123055562" lon="108.87976264722079">
        <ele>414.9377836519852</ele>
        <time>2026-01-07T11:32:15.200000Z</time>
        <extensions>
          <gpxtpx:TrackPointExtension>
            <gpxtpx:hr>97</gpxtpx:hr>
          </gpxtpx:TrackPointExtension>
        </extensions>
      </trkpt>
      <trkpt lat="34.21887199518795" lon="108.87974963651963">
        <ele>414.93849434982985</ele>
        <time>2026-01-07T11:32:16.200000Z</time>
        <extensions>
          <gpxtpx:TrackPointExtension>
            <gpxtpx:hr>97</gpxtpx:hr>
          </gpxtpx:TrackPointExtension>
        </extensions>
      </trkpt>
      <trkpt lat="34.21887255445922" lon="108.87973740754288">
        <ele>414.94003988895565</ele>
        <time>2026-01-07T11:32:17.200000Z</time>
        <extensions>
          <gpxtpx:TrackPointExtension>
            <gpxtpx:hr>97</gpxtpx:hr>
          </gpxtpx:TrackPointExtension>
        </extensions>
      </trkpt>
      <trkpt lat="34.218872483007885" lon="108.87972539614032">
        <ele>414.94237150251865</ele>
        <time>2026-01-07T11:32:18.200000Z</time>
        <extensions>
          <gpxtpx:TrackPointExtension>
            <gpxtpx:hr>97</gpxtpx:hr>
          </gpxtpx:TrackPointExtension>
        </extensions>
      </trkpt>
      <trkpt lat="34.21887196866153" lon="108.87971291227912">
        <ele>414.94545704498887</ele>
        <time>2026-01-07T11:32:19.200000Z</time>
        <extensions>
          <gpxtpx:TrackPointExtension>
            <gpxtpx:hr>97</gpxtpx:hr>
          </gpxtpx:TrackPointExtension>
        </extensions>
      </trkpt>
      <trkpt lat="34.21887136065311" lon="108.87970227850394">
        <ele>414.94928488042206</ele>
        <time>2026-01-07T11:32:20.200000Z</time>
        <extensions>
          <gpxtpx:TrackPointExtension>
            <gpxtpx:hr>97</gpxtpx:hr>
          </gpxtpx:TrackPointExtension>
        </extensions>
      </trkpt>
      <trkpt lat="34.218870694202565" lon="108.87969312342787">
        <ele>414.95388101041317</ele>
        <time>2026-01-07T11:32:21.200000Z</time>
        <extensions>
          <gpxtpx:TrackPointExtension>
            <gpxtpx:hr>97</gpxtpx:hr>
          </gpxtpx:TrackPointExtension>
        </extensions>
      </trkpt>
      <trkpt lat="34.218869693710985" lon="108.8796822146569">
        <ele>414.9593310728669</ele>
        <time>2026-01-07T11:32:22.200000Z</time>
        <extensions>
          <gpxtpx:TrackPointExtension>
            <gpxtpx:hr>97</gpxtpx:hr>
          </gpxtpx:TrackPointExtension>
        </extensions>
      </trkpt>
      <trkpt lat="34.21886832757546" lon="108.87966895413412">
        <ele>414.9657722823322</ele>
        <time>2026-01-07T11:32:23.200000Z</time>
        <extensions>
          <gpxtpx:TrackPointExtension>
            <gpxtpx:hr>97</gpxtpx:hr>
          </gpxtpx:TrackPointExtension>
        </extensions>
      </trkpt>
      <trkpt lat="34.218866766389816" lon="108.87965489584596">
        <ele>414.97340197954327</ele>
        <time>2026-01-07T11:32:24.200000Z</time>
      </trkpt>
      <trkpt lat="34.21886504148654" lon="108.87964231649019">
        <ele>414.9825229300186</ele>
        <time>2026-01-07T11:32:25.200000Z</time>
      </trkpt>
      <trkpt lat="34.21886324754531" lon="108.87963155861296">
        <ele>414.9935712600127</ele>
        <time>2026-01-07T11:32:26.200000Z</time>
      </trkpt>
      <trkpt lat="34.21886152231046" lon="108.87962056797257">
        <ele>415.0070996033028</ele>
        <time>2026-01-07T11:32:27.200000Z</time>
      </trkpt>
      <trkpt lat="34.218859858099684" lon="108.87960930573809">
        <ele>415.0237137377262</ele>
        <time>2026-01-07T11:32:28.200000Z</time>
      </trkpt>
      <trkpt lat="34.218858078078675" lon="108.87959806352644">
        <ele>415.04400959424675</ele>
        <time>2026-01-07T11:32:29.200000Z</time>
      </trkpt>
      <trkpt lat="34.218855777164066" lon="108.87958554057727">
        <ele>415.06854648608714</ele>
        <time>2026-01-07T11:32:30.200000Z</time>
      </trkpt>
      <trkpt lat="34.218852358251524" lon="108.87957053782232">
        <ele>415.1017181063071</ele>
        <time>2026-01-07T11:32:31.400000Z</time>
      </trkpt>
      <trkpt lat="34.21884907560651" lon="108.87955901187595">
        <ele>415.1329984627664</ele>
        <time>2026-01-07T11:32:32.200000Z</time>
      </trkpt>
      <trkpt lat="34.21884547809627" lon="108.87954779475946">
        <ele>415.17320527136326</ele>
        <time>2026-01-07T11:32:33.200000Z</time>
      </trkpt>
      <trkpt lat="34.21884172216579" lon="108.8795378382811">
        <ele>415.21934323757887</ele>
        <time>2026-01-07T11:32:34.200000Z</time>
      </trkpt>
      <trkpt lat="34.21883574142445" lon="108.8795287485831">
        <ele>415.2716482253745</ele>
        <time>2026-01-07T11:32:35.200000Z</time>
      </trkpt>
      <trkpt lat="34.21882771738942" lon="108.87952119345134">
        <ele>415.33026486169547</ele>
        <time>2026-01-07T11:32:36.200000Z</time>
      </trkpt>
      <trkpt lat="34.21881982390821" lon="108.87951554912236">
        <ele>415.3952080635354</ele>
        <time>2026-01-07T11:32:37.200000Z</time>
      </trkpt>
      <trkpt lat="34.21881238652498" lon="108.87951175047358">
        <ele>415.4663640568033</ele>
        <time>2026-01-07T11:32:38.200000Z</time>
      </trkpt>
      <trkpt lat="34.21880476441937" lon="108.87950849939661">
        <ele>415.5435347845778</ele>
        <time>2026-01-07T11:32:39.200000Z</time>
      </trkpt>
      <trkpt lat="34.21879759413701" lon="108.87950453134248">
        <ele>415.62644746527076</ele>
        <time>2026-01-07T11:32:40.200000Z</time>
      </trkpt>
      <trkpt lat="34.21879303906661" lon="108.8795006427295">
        <ele>415.7147501120344</ele>
        <time>2026-01-07T11:32:41.200000Z</time>
      </trkpt>
      <trkpt lat="34.218791618628785" lon="108.87949741529363">
        <ele>415.808026089333</ele>
        <time>2026-01-07T11:32:42.200000Z</time>
      </trkpt>
      <trkpt lat="34.21879222270707" lon="108.87949438795671">
        <ele>415.90577699709684</ele>
        <time>2026-01-07T11:32:43.200000Z</time>
      </trkpt>
      <trkpt lat="34.21879455307127" lon="108.8794912821616">
        <ele>416.00738342199475</ele>
        <time>2026-01-07T11:32:44.200000Z</time>
      </trkpt>
      <trkpt lat="34.21879852767906" lon="108.8794877015274">
        <ele>416.1121132802218</ele>
        <time>2026-01-07T11:32:45.200000Z</time>
      </trkpt>
      <trkpt lat="34.218803491735265" lon="108.87948313651451">
        <ele>416.2190857362002</ele>
        <time>2026-01-07T11:32:46.200000Z</time>
      </trkpt>
      <trkpt lat="34.21880755618734" lon="108.87947702311506">
        <ele>416.3272170126438</ele>
        <time>2026-01-07T11:32:47.200000Z</time>
      </trkpt>
      <trkpt lat="34.21880824583736" lon="108.87946954745745">
        <ele>416.4352048896253</ele>
        <time>2026-01-07T11:32:48.200000Z</time>
      </trkpt>
      <trkpt lat="34.218806863866504" lon="108.87946086042592">
        <ele>416.5416212659329</ele>
        <time>2026-01-07T11:32:49.200000Z</time>
      </trkpt>
      <trkpt lat="34.21880595583569" lon="108.87945081101843">
        <ele>416.64514659065753</ele>
        <time>2026-01-07T11:32:50.200000Z</time>
      </trkpt>
      <trkpt lat="34.2188068502505" lon="108.87943989377759">
        <ele>416.7448003180325</ele>
        <time>2026-01-07T11:32:51.200000Z</time>
      </trkpt>
      <trkpt lat="34.21881285948593" lon="108.87942892897354">
        <ele>416.8400850202888</ele>
        <time>2026-01-07T11:32:52.200000Z</time>
      </trkpt>
      <trkpt lat="34.21882408813751" lon="108.87941882361055">
        <ele>416.9309782413766</ele>
        <time>2026-01-07T11:32:53.200000Z</time>
      </trkpt>
      <trkpt lat="34.21883706471712" lon="108.87941019893299">
        <ele>417.0178021453321</ele>
        <time>2026-01-07T11:32:54.200000Z</time>
      </trkpt>
      <trkpt lat="34.21885148650652" lon="108.87940225912362">
        <ele>417.10854783281684</ele>
        <time>2026-01-07T11:32:55.300000Z</time>
      </trkpt>
      <trkpt lat="34.21891962971638" lon="108.8793744832272">
        <ele>417.4595096241683</ele>
        <time>2026-01-07T11:33:01.400000Z</time>
      </trkpt>
      <trkpt lat="34.21899018829565" lon="108.87932841930692">
        <ele>418.3439737893641</ele>
        <time>2026-01-07T11:33:42.200000Z</time>
        <extensions>
          <gpxtpx:TrackPointExtension>
            <gpxtpx:hr>97</gpxtpx:hr>
          </gpxtpx:TrackPointExtension>
        </extensions>
      </trkpt>
      <trkpt lat="34.21899000315901" lon="108.87932280453713">
        <ele>418.2195803085342</ele>
        <time>2026-01-07T11:33:43.200000Z</time>
        <extensions>
          <gpxtpx:TrackPointExtension>
            <gpxtpx:hr>97</gpxtpx:hr>
          </gpxtpx:TrackPointExtension>
        </extensions>
      </trkpt>
      <trkpt lat="34.21898967688208" lon="108.87931653817212">
        <ele>418.0957752643153</ele>
        <time>2026-01-07T11:33:44.200000Z</time>
        <extensions>
          <gpxtpx:TrackPointExtension>
            <gpxtpx:hr>97</gpxtpx:hr>
          </gpxtpx:TrackPointExtension>
        </extensions>
      </trkpt>
      <trkpt lat="34.21898921089751" lon="108.87930912537327">
        <ele>417.9738913970068</ele>
        <time>2026-01-07T11:33:45.200000Z</time>
        <extensions>
          <gpxtpx:TrackPointExtension>
            <gpxtpx:hr>97</gpxtpx:hr>
          </gpxtpx:TrackPointExtension>
        </extensions>
      </trkpt>
      <trkpt lat="34.21898893695049" lon="108.87930153343878">
        <ele>417.8551933513954</ele>
        <time>2026-01-07T11:33:46.200000Z</time>
        <extensions>
          <gpxtpx:TrackPointExtension>
            <gpxtpx:hr>97</gpxtpx:hr>
          </gpxtpx:TrackPointExtension>
        </extensions>
      </trkpt>
      <trkpt lat="34.21898938426739" lon="108.87929482462266">
        <ele>417.74017063714564</ele>
        <time>2026-01-07T11:33:47.200000Z</time>
        <extensions>
          <gpxtpx:TrackPointExtension>
            <gpxtpx:hr>97</gpxtpx:hr>
          </gpxtpx:TrackPointExtension>
        </extensions>
      </trkpt>
      <trkpt lat="34.218991062778244" lon="108.87929000857844">
        <ele>417.63015077635646</ele>
        <time>2026-01-07T11:33:48.200000Z</time>
        <extensions>
          <gpxtpx:TrackPointExtension>
            <gpxtpx:hr>98</gpxtpx:hr>
          </gpxtpx:TrackPointExtension>
        </extensions>
      </trkpt>
      <trkpt lat="34.21899395929619" lon="108.87928694005942">
        <ele>417.52508949581534</ele>
        <time>2026-01-07T11:33:49.200000Z</time>
        <extensions>
          <gpxtpx:TrackPointExtension>
            <gpxtpx:hr>98</gpxtpx:hr>
          </gpxtpx:TrackPointExtension>
        </extensions>
      </trkpt>
      <trkpt lat="34.21899757566195" lon="108.87928470027596">
        <ele>417.4252738971263</ele>
        <time>2026-01-07T11:33:50.200000Z</time>
        <extensions>
          <gpxtpx:TrackPointExtension>
            <gpxtpx:hr>98</gpxtpx:hr>
          </gpxtpx:TrackPointExtension>
        </extensions>
      </trkpt>
      <trkpt lat="34.21900153382758" lon="108.8792824157671">
        <ele>417.33099972177297</ele>
        <time>2026-01-07T11:33:51.200000Z</time>
        <extensions>
          <gpxtpx:TrackPointExtension>
            <gpxtpx:hr>98</gpxtpx:hr>
          </gpxtpx:TrackPointExtension>
        </extensions>
      </trkpt>
      <trkpt lat="34.21900575908314" lon="108.8792803176331">
        <ele>417.2425463767722</ele>
        <time>2026-01-07T11:33:52.200000Z</time>
        <extensions>
          <gpxtpx:TrackPointExtension>
            <gpxtpx:hr>98</gpxtpx:hr>
          </gpxtpx:TrackPointExtension>
        </extensions>
      </trkpt>
      <trkpt lat="34.21901006608005" lon="108.87927968836208">
        <ele>417.16006502509117</ele>
        <time>2026-01-07T11:33:53.200000Z</time>
        <extensions>
          <gpxtpx:TrackPointExtension>
            <gpxtpx:hr>97</gpxtpx:hr>
          </gpxtpx:TrackPointExtension>
        </extensions>
      </trkpt>
      <trkpt lat="34.219014111333514" lon="108.87928145424577">
        <ele>417.08355085738003</ele>
        <time>2026-01-07T11:33:54.200000Z</time>
        <extensions>
          <gpxtpx:TrackPointExtension>
            <gpxtpx:hr>97</gpxtpx:hr>
          </gpxtpx:TrackPointExtension>
        </extensions>
      </trkpt>
      <trkpt lat="34.21901763017794" lon="108.87928503913471">
        <ele>417.01285468786955</ele>
        <time>2026-01-07T11:33:55.200000Z</time>
        <extensions>
          <gpxtpx:TrackPointExtension>
            <gpxtpx:hr>97</gpxtpx:hr>
          </gpxtpx:TrackPointExtension>
        </extensions>
      </trkpt>
      <trkpt lat="34.21902056778929" lon="108.87928914286086">
        <ele>416.94766949955374</ele>
        <time>2026-01-07T11:33:56.200000Z</time>
        <extensions>
          <gpxtpx:TrackPointExtension>
            <gpxtpx:hr>97</gpxtpx:hr>
          </gpxtpx:TrackPointExtension>
        </extensions>
      </trkpt>
      <trkpt lat="34.21902270616623" lon="108.87929258328143">
        <ele>416.8875198997557</ele>
        <time>2026-01-07T11:33:57.200000Z</time>
        <extensions>
          <gpxtpx:TrackPointExtension>
            <gpxtpx:hr>97</gpxtpx:hr>
          </gpxtpx:TrackPointExtension>
        </extensions>
      </trkpt>
      <trkpt lat="34.21902426211839" lon="108.87929512454052">
        <ele>416.83177023846656</ele>
        <time>2026-01-07T11:33:58.200000Z</time>
        <extensions>
          <gpxtpx:TrackPointExtension>
            <gpxtpx:hr>97</gpxtpx:hr>
          </gpxtpx:TrackPointExtension>
        </extensions>
      </trkpt>
      <trkpt lat="34.21902653950395" lon="108.87929884513905">
        <ele>416.7759640561417</ele>
        <time>2026-01-07T11:33:59.300000Z</time>
        <extensions>
          <gpxtpx:TrackPointExtension>
            <gpxtpx:hr>100</gpxtpx:hr>
          </gpxtpx:TrackPointExtension>
        </extensions>
      </trkpt>
      <trkpt lat="34.21904237702107" lon="108.87932124720227">
        <ele>416.5982751492411</ele>
        <time>2026-01-07T11:34:05.300000Z</time>
        <extensions>
          <gpxtpx:TrackPointExtension>
            <gpxtpx:hr>100</gpxtpx:hr>
          </gpxtpx:TrackPointExtension>
        </extensions>
      </trkpt>
      <trkpt lat="34.21904414159843" lon="108.87932326365599">
        <ele>416.58870652038604</ele>
        <time>2026-01-07T11:34:06.300000Z</time>
        <extensions>
          <gpxtpx:TrackPointExtension>
            <gpxtpx:hr>101</gpxtpx:hr>
          </gpxtpx:TrackPointExtension>
        </extensions>
      </trkpt>
      <trkpt lat="34.21904522153706" lon="108.87932470156346">
        <ele>416.5783687522635</ele>
        <time>2026-01-07T11:34:07.300000Z</time>
        <extensions>
          <gpxtpx:TrackPointExtension>
            <gpxtpx:hr>101</gpxtpx:hr>
          </gpxtpx:TrackPointExtension>
        </extensions>
      </trkpt>
      <trkpt lat="34.21904668939463" lon="108.8793274022454">
        <ele>416.5671082176268</ele>
        <time>2026-01-07T11:34:08.300000Z</time>
        <extensions>
          <gpxtpx:TrackPointExtension>
            <gpxtpx:hr>101</gpxtpx:hr>
          </gpxtpx:TrackPointExtension>
        </extensions>
      </trkpt>
      <trkpt lat="34.21907933208823" lon="108.87938850704816">
        <ele>416.5164070725441</ele>
        <time>2026-01-07T11:34:24.300000Z</time>
        <extensions>
          <gpxtpx:TrackPointExtension>
            <gpxtpx:hr>97</gpxtpx:hr>
          </gpxtpx:TrackPointExtension>
        </extensions>
      </trkpt>
      <trkpt lat="34.2190810895149" lon="108.87939182019261">
        <ele>416.52244017180055</ele>
        <time>2026-01-07T11:34:25.300000Z</time>
        <extensions>
          <gpxtpx:TrackPointExtension>
            <gpxtpx:hr>97</gpxtpx:hr>
          </gpxtpx:TrackPointExtension>
        </extensions>
      </trkpt>
      <trkpt lat="34.2190818971297" lon="108.879393840987">
        <ele>416.52899945434183</ele>
        <time>2026-01-07T11:34:26.200000Z</time>
        <extensions>
          <gpxtpx:TrackPointExtension>
            <gpxtpx:hr>100</gpxtpx:hr>
          </gpxtpx:TrackPointExtension>
        </extensions>
      </trkpt>
      <trkpt lat="34.21908225891688" lon="108.87939515241193">
        <ele>416.5369416754693</ele>
        <time>2026-01-07T11:34:27.200000Z</time>
        <extensions>
          <gpxtpx:TrackPointExtension>
            <gpxtpx:hr>100</gpxtpx:hr>
          </gpxtpx:TrackPointExtension>
        </extensions>
      </trkpt>
      <trkpt lat="34.219082461509814" lon="108.8793962497971">
        <ele>416.545425882563</ele>
        <time>2026-01-07T11:34:28.200000Z</time>
        <extensions>
          <gpxtpx:TrackPointExtension>
            <gpxtpx:hr>100</gpxtpx:hr>
          </gpxtpx:TrackPointExtension>
        </extensions>
      </trkpt>
      <trkpt lat="34.21908267502107" lon="108.87939756491096">
        <ele>416.55408897064626</ele>
        <time>2026-01-07T11:34:29.200000Z</time>
        <extensions>
          <gpxtpx:TrackPointExtension>
            <gpxtpx:hr>100</gpxtpx:hr>
          </gpxtpx:TrackPointExtension>
        </extensions>
      </trkpt>
      <trkpt lat="34.21908287773132" lon="108.87939885851033">
        <ele>416.56265344750136</ele>
        <time>2026-01-07T11:34:30.200000Z</time>
        <extensions>
          <gpxtpx:TrackPointExtension>
            <gpxtpx:hr>100</gpxtpx:hr>
          </gpxtpx:TrackPointExtension>
        </extensions>
      </trkpt>
      <trkpt lat="34.219083036503356" lon="108.87939988471872">
        <ele>416.5709156394005</ele>
        <time>2026-01-07T11:34:31.200000Z</time>
        <extensions>
          <gpxtpx:TrackPointExtension>
            <gpxtpx:hr>100</gpxtpx:hr>
          </gpxtpx:TrackPointExtension>
        </extensions>
      </trkpt>
      <trkpt lat="34.21908314647698" lon="108.87940059993603">
        <ele>416.57873464841396</ele>
        <time>2026-01-07T11:34:32.200000Z</time>
        <extensions>
          <gpxtpx:TrackPointExtension>
            <gpxtpx:hr>100</gpxtpx:hr>
          </gpxtpx:TrackPointExtension>
        </extensions>
      </trkpt>
      <trkpt lat="34.21908323023101" lon="108.87940114624794">
        <ele>416.58602206781507</ele>
        <time>2026-01-07T11:34:33.200000Z</time>
        <extensions>
          <gpxtpx:TrackPointExtension>
            <gpxtpx:hr>100</gpxtpx:hr>
          </gpxtpx:TrackPointExtension>
        </extensions>
      </trkpt>
      <trkpt lat="34.21908330114754" lon="108.87940160935426">
        <ele>416.5927326148376</ele>
        <time>2026-01-07T11:34:34.200000Z</time>
        <extensions>
          <gpxtpx:TrackPointExtension>
            <gpxtpx:hr>100</gpxtpx:hr>
          </gpxtpx:TrackPointExtension>
        </extensions>
      </trkpt>
      <trkpt lat="34.21908336928754" lon="108.8794020545111">
        <ele>416.5988557031378</ele>
        <time>2026-01-07T11:34:35.200000Z</time>
        <extensions>
          <gpxtpx:TrackPointExtension>
            <gpxtpx:hr>100</gpxtpx:hr>
          </gpxtpx:TrackPointExtension>
        </extensions>
      </trkpt>
      <trkpt lat="34.219083495756855" lon="108.8794028808384">
        <ele>416.60827850550413</ele>
        <time>2026-01-07T11:34:37.200000Z</time>
        <extensions>
          <gpxtpx:TrackPointExtension>
            <gpxtpx:hr>100</gpxtpx:hr>
          </gpxtpx:TrackPointExtension>
        </extensions>
      </trkpt>
      <trkpt lat="34.219083542504436" lon="108.87940318629272">
        <ele>416.61160463280976</ele>
        <time>2026-01-07T11:34:38.200000Z</time>
        <extensions>
          <gpxtpx:TrackPointExtension>
            <gpxtpx:hr>100</gpxtpx:hr>
          </gpxtpx:TrackPointExtension>
        </extensions>
      </trkpt>
      <trkpt lat="34.219083575381546" lon="108.87940340111646">
        <ele>416.61441770754755</ele>
        <time>2026-01-07T11:34:39.200000Z</time>
        <extensions>
          <gpxtpx:TrackPointExtension>
            <gpxtpx:hr>100</gpxtpx:hr>
          </gpxtpx:TrackPointExtension>
        </extensions>
      </trkpt>
      <trkpt lat="34.21908360081921" lon="108.87940356733027">
        <ele>416.6167587870732</ele>
        <time>2026-01-07T11:34:40.200000Z</time>
        <extensions>
          <gpxtpx:TrackPointExtension>
            <gpxtpx:hr>100</gpxtpx:hr>
          </gpxtpx:TrackPointExtension>
        </extensions>
      </trkpt>
      <trkpt lat="34.21908362114138" lon="108.87940370011852">
        <ele>416.61867285706103</ele>
        <time>2026-01-07T11:34:41.200000Z</time>
        <extensions>
          <gpxtpx:TrackPointExtension>
            <gpxtpx:hr>100</gpxtpx:hr>
          </gpxtpx:TrackPointExtension>
        </extensions>
      </trkpt>
      <trkpt lat="34.21908363858361" lon="108.8794038140892">
        <ele>416.6202066214755</ele>
        <time>2026-01-07T11:34:42.200000Z</time>
        <extensions>
          <gpxtpx:TrackPointExtension>
            <gpxtpx:hr>100</gpxtpx:hr>
          </gpxtpx:TrackPointExtension>
        </extensions>
      </trkpt>
      <trkpt lat="34.219083652787496" lon="108.87940390689967">
        <ele>416.6214066641405</ele>
        <time>2026-01-07T11:34:43.200000Z</time>
        <extensions>
          <gpxtpx:TrackPointExtension>
            <gpxtpx:hr>100</gpxtpx:hr>
          </gpxtpx:TrackPointExtension>
        </extensions>
      </trkpt>
      <trkpt lat="34.21908366365124" lon="108.87940397788515">
        <ele>416.62231818959117</ele>
        <time>2026-01-07T11:34:44.200000Z</time>
        <extensions>
          <gpxtpx:TrackPointExtension>
            <gpxtpx:hr>99</gpxtpx:hr>
          </gpxtpx:TrackPointExtension>
        </extensions>
      </trkpt>
      <trkpt lat="34.21908367373766" lon="108.87940404379161">
        <ele>416.6229839650914</ele>
        <time>2026-01-07T11:34:45.200000Z</time>
        <extensions>
          <gpxtpx:TrackPointExtension>
            <gpxtpx:hr>99</gpxtpx:hr>
          </gpxtpx:TrackPointExtension>
        </extensions>
      </trkpt>
      <trkpt lat="34.21908368414769" lon="108.8794041118124">
        <ele>416.62344367429614</ele>
        <time>2026-01-07T11:34:46.200000Z</time>
        <extensions>
          <gpxtpx:TrackPointExtension>
            <gpxtpx:hr>99</gpxtpx:hr>
          </gpxtpx:TrackPointExtension>
        </extensions>
      </trkpt>
      <trkpt lat="34.219083694357764" lon="108.8794041785268">
        <ele>416.62373347580433</ele>
        <time>2026-01-07T11:34:47.200000Z</time>
        <extensions>
          <gpxtpx:TrackPointExtension>
            <gpxtpx:hr>99</gpxtpx:hr>
          </gpxtpx:TrackPointExtension>
        </extensions>
      </trkpt>
      <trkpt lat="34.21908370349566" lon="108.87940423823535">
        <ele>416.6238857684657</ele>
        <time>2026-01-07T11:34:48.200000Z</time>
        <extensions>
          <gpxtpx:TrackPointExtension>
            <gpxtpx:hr>99</gpxtpx:hr>
          </gpxtpx:TrackPointExtension>
        </extensions>
      </trkpt>
      <trkpt lat="34.219083711520526" lon="108.87940429067096">
        <ele>416.6239291150123</ele>
        <time>2026-01-07T11:34:49.200000Z</time>
        <extensions>
          <gpxtpx:TrackPointExtension>
            <gpxtpx:hr>99</gpxtpx:hr>
          </gpxtpx:TrackPointExtension>
        </extensions>
      </trkpt>
      <trkpt lat="34.21908371856115" lon="108.87940433667552">
        <ele>416.6238883091137</ele>
        <time>2026-01-07T11:34:50.200000Z</time>
        <extensions>
          <gpxtpx:TrackPointExtension>
            <gpxtpx:hr>99</gpxtpx:hr>
          </gpxtpx:TrackPointExtension>
        </extensions>
      </trkpt>
      <trkpt lat="34.21908372480438" lon="108.87940437747008">
        <ele>416.6237844917923</ele>
        <time>2026-01-07T11:34:51.200000Z</time>
        <extensions>
          <gpxtpx:TrackPointExtension>
            <gpxtpx:hr>97</gpxtpx:hr>
          </gpxtpx:TrackPointExtension>
        </extensions>
      </trkpt>
      <trkpt lat="34.21908373027644" lon="108.87940441322529">
        <ele>416.6236353730783</ele>
        <time>2026-01-07T11:34:52.200000Z</time>
        <extensions>
          <gpxtpx:TrackPointExtension>
            <gpxtpx:hr>97</gpxtpx:hr>
          </gpxtpx:TrackPointExtension>
        </extensions>
      </trkpt>
      <trkpt lat="34.21908373504807" lon="108.87940444440407">
        <ele>416.62345550302416</ele>
        <time>2026-01-07T11:34:53.200000Z</time>
        <extensions>
          <gpxtpx:TrackPointExtension>
            <gpxtpx:hr>97</gpxtpx:hr>
          </gpxtpx:TrackPointExtension>
        </extensions>
      </trkpt>
      <trkpt lat="34.21908373974057" lon="108.87940447506554">
        <ele>416.6232565063983</ele>
        <time>2026-01-07T11:34:54.200000Z</time>
        <extensions>
          <gpxtpx:TrackPointExtension>
            <gpxtpx:hr>97</gpxtpx:hr>
          </gpxtpx:TrackPointExtension>
        </extensions>
      </trkpt>
      <trkpt lat="34.21908374840762" lon="108.87940453169746">
        <ele>416.62283633463085</ele>
        <time>2026-01-07T11:34:56.200000Z</time>
        <extensions>
          <gpxtpx:TrackPointExtension>
            <gpxtpx:hr>98</gpxtpx:hr>
          </gpxtpx:TrackPointExtension>
        </extensions>
      </trkpt>
      <trkpt lat="34.21908375154082" lon="108.8794045521703">
        <ele>416.6226260634139</ele>
        <time>2026-01-07T11:34:57.200000Z</time>
        <extensions>
          <gpxtpx:TrackPointExtension>
            <gpxtpx:hr>98</gpxtpx:hr>
          </gpxtpx:TrackPointExtension>
        </extensions>
      </trkpt>
      <trkpt lat="34.219083753779834" lon="108.87940456680032">
        <ele>416.6224256735295</ele>
        <time>2026-01-07T11:34:58.200000Z</time>
        <extensions>
          <gpxtpx:TrackPointExtension>
            <gpxtpx:hr>98</gpxtpx:hr>
          </gpxtpx:TrackPointExtension>
        </extensions>
      </trkpt>
      <trkpt lat="34.21908375560831" lon="108.87940457874801">
        <ele>416.6222386183217</ele>
        <time>2026-01-07T11:34:59.200000Z</time>
        <extensions>
          <gpxtpx:TrackPointExtension>
            <gpxtpx:hr>98</gpxtpx:hr>
          </gpxtpx:TrackPointExtension>
        </extensions>
      </trkpt>
      <trkpt lat="34.2190837571024" lon="108.87940458851068">
        <ele>416.62206711806357</ele>
        <time>2026-01-07T11:35:00.200000Z</time>
        <extensions>
          <gpxtpx:TrackPointExtension>
            <gpxtpx:hr>98</gpxtpx:hr>
          </gpxtpx:TrackPointExtension>
        </extensions>
      </trkpt>
      <trkpt lat="34.21908375833207" lon="108.87940459654546">
        <ele>416.62191241886467</ele>
        <time>2026-01-07T11:35:01.200000Z</time>
        <extensions>
          <gpxtpx:TrackPointExtension>
            <gpxtpx:hr>98</gpxtpx:hr>
          </gpxtpx:TrackPointExtension>
        </extensions>
      </trkpt>
      <trkpt lat="34.219083759318046" lon="108.87940460298803">
        <ele>416.6217749575153</ele>
        <time>2026-01-07T11:35:02.200000Z</time>
        <extensions>
          <gpxtpx:TrackPointExtension>
            <gpxtpx:hr>98</gpxtpx:hr>
          </gpxtpx:TrackPointExtension>
        </extensions>
      </trkpt>
      <trkpt lat="34.21908376109465" lon="108.87940461459665">
        <ele>416.6215505357832</ele>
        <time>2026-01-07T11:35:04.200000Z</time>
        <extensions>
          <gpxtpx:TrackPointExtension>
            <gpxtpx:hr>98</gpxtpx:hr>
          </gpxtpx:TrackPointExtension>
        </extensions>
      </trkpt>
      <trkpt lat="34.219083762193314" lon="108.87940462177552">
        <ele>416.6214620489627</ele>
        <time>2026-01-07T11:35:05.200000Z</time>
        <extensions>
          <gpxtpx:TrackPointExtension>
            <gpxtpx:hr>104</gpxtpx:hr>
          </gpxtpx:TrackPointExtension>
        </extensions>
      </trkpt>
      <trkpt lat="34.219083763206946" lon="108.87940462839875">
        <ele>416.6213878104463</ele>
        <time>2026-01-07T11:35:06.200000Z</time>
        <extensions>
          <gpxtpx:TrackPointExtension>
            <gpxtpx:hr>104</gpxtpx:hr>
          </gpxtpx:TrackPointExtension>
        </extensions>
      </trkpt>
      <trkpt lat="34.21908377326843" lon="108.87940465169395">
        <ele>416.621281276457</ele>
        <time>2026-01-07T11:37:21.200000Z</time>
        <extensions>
          <gpxtpx:TrackPointExtension>
            <gpxtpx:hr>99</gpxtpx:hr>
          </gpxtpx:TrackPointExtension>
        </extensions>
      </trkpt>
      <trkpt lat="34.21908377665275" lon="108.8794046291681">
        <ele>416.6213188841939</ele>
        <time>2026-01-07T11:37:22.200000Z</time>
        <extensions>
          <gpxtpx:TrackPointExtension>
            <gpxtpx:hr>99</gpxtpx:hr>
          </gpxtpx:TrackPointExtension>
        </extensions>
      </trkpt>
      <trkpt lat="34.219083780174955" lon="108.87940460571652">
        <ele>416.6213490832597</ele>
        <time>2026-01-07T11:37:23.200000Z</time>
        <extensions>
          <gpxtpx:TrackPointExtension>
            <gpxtpx:hr>99</gpxtpx:hr>
          </gpxtpx:TrackPointExtension>
        </extensions>
      </trkpt>
      <trkpt lat="34.21908378387221" lon="108.87940458109807">
        <ele>416.6213716324419</ele>
        <time>2026-01-07T11:37:24.200000Z</time>
        <extensions>
          <gpxtpx:TrackPointExtension>
            <gpxtpx:hr>99</gpxtpx:hr>
          </gpxtpx:TrackPointExtension>
        </extensions>
      </trkpt>
      <trkpt lat="34.21908378786634" lon="108.87940455450301">
        <ele>416.62138608749956</ele>
        <time>2026-01-07T11:37:25.200000Z</time>
        <extensions>
          <gpxtpx:TrackPointExtension>
            <gpxtpx:hr>99</gpxtpx:hr>
          </gpxtpx:TrackPointExtension>
        </extensions>
      </trkpt>
      <trkpt lat="34.21908379223384" lon="108.87940452542215">
        <ele>416.62139180116355</ele>
        <time>2026-01-07T11:37:26.200000Z</time>
        <extensions>
          <gpxtpx:TrackPointExtension>
            <gpxtpx:hr>99</gpxtpx:hr>
          </gpxtpx:TrackPointExtension>
        </extensions>
      </trkpt>
      <trkpt lat="34.21908379701509" lon="108.87940449358673">
        <ele>416.62138788960874</ele>
        <time>2026-01-07T11:37:27.200000Z</time>
        <extensions>
          <gpxtpx:TrackPointExtension>
            <gpxtpx:hr>99</gpxtpx:hr>
          </gpxtpx:TrackPointExtension>
        </extensions>
      </trkpt>
      <trkpt lat="34.219083802244995" lon="108.87940445876427">
        <ele>416.62137321569026</ele>
        <time>2026-01-07T11:37:28.200000Z</time>
        <extensions>
          <gpxtpx:TrackPointExtension>
            <gpxtpx:hr>99</gpxtpx:hr>
          </gpxtpx:TrackPointExtension>
        </extensions>
      </trkpt>
      <trkpt lat="34.21908380796305" lon="108.87940442069177">
        <ele>416.62134639173746</ele>
        <time>2026-01-07T11:37:29.200000Z</time>
        <extensions>
          <gpxtpx:TrackPointExtension>
            <gpxtpx:hr>99</gpxtpx:hr>
          </gpxtpx:TrackPointExtension>
        </extensions>
      </trkpt>
      <trkpt lat="34.219083814049824" lon="108.87940438016433">
        <ele>416.62130578421056</ele>
        <time>2026-01-07T11:37:30.200000Z</time>
        <extensions>
          <gpxtpx:TrackPointExtension>
            <gpxtpx:hr>99</gpxtpx:hr>
          </gpxtpx:TrackPointExtension>
        </extensions>
      </trkpt>
      <trkpt lat="34.219083820146146" lon="108.87940433957336">
        <ele>416.62124952394515</ele>
        <time>2026-01-07T11:37:31.200000Z</time>
        <extensions>
          <gpxtpx:TrackPointExtension>
            <gpxtpx:hr>99</gpxtpx:hr>
          </gpxtpx:TrackPointExtension>
        </extensions>
      </trkpt>
      <trkpt lat="34.219083826508154" lon="108.87940429721375">
        <ele>416.6211755424738</ele>
        <time>2026-01-07T11:37:32.200000Z</time>
        <extensions>
          <gpxtpx:TrackPointExtension>
            <gpxtpx:hr>99</gpxtpx:hr>
          </gpxtpx:TrackPointExtension>
        </extensions>
      </trkpt>
      <trkpt lat="34.21908383252647" lon="108.87940425603195">
        <ele>416.621093374677</ele>
        <time>2026-01-07T11:37:33.200000Z</time>
        <extensions>
          <gpxtpx:TrackPointExtension>
            <gpxtpx:hr>99</gpxtpx:hr>
          </gpxtpx:TrackPointExtension>
        </extensions>
      </trkpt>
      <trkpt lat="34.21908383828613" lon="108.87940421665206">
        <ele>416.62098707444966</ele>
        <time>2026-01-07T11:37:34.200000Z</time>
        <extensions>
          <gpxtpx:TrackPointExtension>
            <gpxtpx:hr>99</gpxtpx:hr>
          </gpxtpx:TrackPointExtension>
        </extensions>
      </trkpt>
      <trkpt lat="34.21908384500639" lon="108.87940417091797">
        <ele>416.6208543051034</ele>
        <time>2026-01-07T11:37:35.200000Z</time>
        <extensions>
          <gpxtpx:TrackPointExtension>
            <gpxtpx:hr>99</gpxtpx:hr>
          </gpxtpx:TrackPointExtension>
        </extensions>
      </trkpt>
      <trkpt lat="34.219083853809046" lon="108.87940411194242">
        <ele>416.6206957316026</ele>
        <time>2026-01-07T11:37:36.200000Z</time>
        <extensions>
          <gpxtpx:TrackPointExtension>
            <gpxtpx:hr>99</gpxtpx:hr>
          </gpxtpx:TrackPointExtension>
        </extensions>
      </trkpt>
      <trkpt lat="34.21908386777414" lon="108.87940401837976">
        <ele>416.6205081092194</ele>
        <time>2026-01-07T11:37:37.200000Z</time>
        <extensions>
          <gpxtpx:TrackPointExtension>
            <gpxtpx:hr>99</gpxtpx:hr>
          </gpxtpx:TrackPointExtension>
        </extensions>
      </trkpt>
      <trkpt lat="34.219083884988045" lon="108.87940390305103">
        <ele>416.6202894700691</ele>
        <time>2026-01-07T11:37:38.200000Z</time>
        <extensions>
          <gpxtpx:TrackPointExtension>
            <gpxtpx:hr>99</gpxtpx:hr>
          </gpxtpx:TrackPointExtension>
        </extensions>
      </trkpt>
      <trkpt lat="34.21908390011691" lon="108.87940380169158">
        <ele>416.6200384311378</ele>
        <time>2026-01-07T11:37:39.200000Z</time>
        <extensions>
          <gpxtpx:TrackPointExtension>
            <gpxtpx:hr>99</gpxtpx:hr>
          </gpxtpx:TrackPointExtension>
        </extensions>
      </trkpt>
      <trkpt lat="34.219083918087975" lon="108.87940368128984">
        <ele>416.61975441500545</ele>
        <time>2026-01-07T11:37:40.200000Z</time>
        <extensions>
          <gpxtpx:TrackPointExtension>
            <gpxtpx:hr>99</gpxtpx:hr>
          </gpxtpx:TrackPointExtension>
        </extensions>
      </trkpt>
      <trkpt lat="34.2190839431171" lon="108.87940351360126">
        <ele>416.61943790875375</ele>
        <time>2026-01-07T11:37:41.200000Z</time>
        <extensions>
          <gpxtpx:TrackPointExtension>
            <gpxtpx:hr>99</gpxtpx:hr>
          </gpxtpx:TrackPointExtension>
        </extensions>
      </trkpt>
      <trkpt lat="34.21908397187136" lon="108.879403320955">
        <ele>416.6190908057615</ele>
        <time>2026-01-07T11:37:42.200000Z</time>
        <extensions>
          <gpxtpx:TrackPointExtension>
            <gpxtpx:hr>99</gpxtpx:hr>
          </gpxtpx:TrackPointExtension>
        </extensions>
      </trkpt>
      <trkpt lat="34.2190840049266" lon="108.87940309949327">
        <ele>416.61871676240116</ele>
        <time>2026-01-07T11:37:43.200000Z</time>
        <extensions>
          <gpxtpx:TrackPointExtension>
            <gpxtpx:hr>99</gpxtpx:hr>
          </gpxtpx:TrackPointExtension>
        </extensions>
      </trkpt>
      <trkpt lat="34.219084043714666" lon="108.87940283962295">
        <ele>416.618321611546</ele>
        <time>2026-01-07T11:37:44.200000Z</time>
        <extensions>
          <gpxtpx:TrackPointExtension>
            <gpxtpx:hr>99</gpxtpx:hr>
          </gpxtpx:TrackPointExtension>
        </extensions>
      </trkpt>
      <trkpt lat="34.21908408794378" lon="108.87940254329935">
        <ele>416.61791381798685</ele>
        <time>2026-01-07T11:37:45.200000Z</time>
        <extensions>
          <gpxtpx:TrackPointExtension>
            <gpxtpx:hr>99</gpxtpx:hr>
          </gpxtpx:TrackPointExtension>
        </extensions>
      </trkpt>
      <trkpt lat="34.219084137960195" lon="108.87940220820205">
        <ele>416.6175049934536</ele>
        <time>2026-01-07T11:37:46.200000Z</time>
        <extensions>
          <gpxtpx:TrackPointExtension>
            <gpxtpx:hr>99</gpxtpx:hr>
          </gpxtpx:TrackPointExtension>
        </extensions>
      </trkpt>
      <trkpt lat="34.21908419528188" lon="108.8794018241612">
        <ele>416.61711043305695</ele>
        <time>2026-01-07T11:37:47.200000Z</time>
        <extensions>
          <gpxtpx:TrackPointExtension>
            <gpxtpx:hr>99</gpxtpx:hr>
          </gpxtpx:TrackPointExtension>
        </extensions>
      </trkpt>
      <trkpt lat="34.219084261251474" lon="108.87940138218168">
        <ele>416.6167496824637</ele>
        <time>2026-01-07T11:37:48.200000Z</time>
        <extensions>
          <gpxtpx:TrackPointExtension>
            <gpxtpx:hr>99</gpxtpx:hr>
          </gpxtpx:TrackPointExtension>
        </extensions>
      </trkpt>
      <trkpt lat="34.219084337236104" lon="108.87940087310393">
        <ele>416.6164471404627</ele>
        <time>2026-01-07T11:37:49.200000Z</time>
        <extensions>
          <gpxtpx:TrackPointExtension>
            <gpxtpx:hr>99</gpxtpx:hr>
          </gpxtpx:TrackPointExtension>
        </extensions>
      </trkpt>
      <trkpt lat="34.21908442537487" lon="108.8794002825966">
        <ele>416.6162326326594</ele>
        <time>2026-01-07T11:37:50.200000Z</time>
        <extensions>
          <gpxtpx:TrackPointExtension>
            <gpxtpx:hr>99</gpxtpx:hr>
          </gpxtpx:TrackPointExtension>
        </extensions>
      </trkpt>
      <trkpt lat="34.219084525926604" lon="108.87939960892543">
        <ele>416.6161419833079</ele>
        <time>2026-01-07T11:37:51.200000Z</time>
        <extensions>
          <gpxtpx:TrackPointExtension>
            <gpxtpx:hr>99</gpxtpx:hr>
          </gpxtpx:TrackPointExtension>
        </extensions>
      </trkpt>
      <trkpt lat="34.21908463178369" lon="108.87939889970966">
        <ele>416.6162175294012</ele>
        <time>2026-01-07T11:37:52.200000Z</time>
        <extensions>
          <gpxtpx:TrackPointExtension>
            <gpxtpx:hr>99</gpxtpx:hr>
          </gpxtpx:TrackPointExtension>
        </extensions>
      </trkpt>
      <trkpt lat="34.219084733196865" lon="108.87939822026699">
        <ele>416.61650855094194</ele>
        <time>2026-01-07T11:37:53.200000Z</time>
        <extensions>
          <gpxtpx:TrackPointExtension>
            <gpxtpx:hr>99</gpxtpx:hr>
          </gpxtpx:TrackPointExtension>
        </extensions>
      </trkpt>
      <trkpt lat="34.21908483639339" lon="108.8793975288762">
        <ele>416.6170715568587</ele>
        <time>2026-01-07T11:37:54.200000Z</time>
        <extensions>
          <gpxtpx:TrackPointExtension>
            <gpxtpx:hr>99</gpxtpx:hr>
          </gpxtpx:TrackPointExtension>
        </extensions>
      </trkpt>
      <trkpt lat="34.21908495917484" lon="108.87939670627145">
        <ele>416.6179704014212</ele>
        <time>2026-01-07T11:37:55.200000Z</time>
        <extensions>
          <gpxtpx:TrackPointExtension>
            <gpxtpx:hr>100</gpxtpx:hr>
          </gpxtpx:TrackPointExtension>
        </extensions>
      </trkpt>
      <trkpt lat="34.21908510457011" lon="108.87939573215962">
        <ele>416.6192761603743</ele>
        <time>2026-01-07T11:37:56.200000Z</time>
        <extensions>
          <gpxtpx:TrackPointExtension>
            <gpxtpx:hr>100</gpxtpx:hr>
          </gpxtpx:TrackPointExtension>
        </extensions>
      </trkpt>
      <trkpt lat="34.21908525872283" lon="108.87939469937513">
        <ele>416.6210666485131</ele>
        <time>2026-01-07T11:37:57.200000Z</time>
        <extensions>
          <gpxtpx:TrackPointExtension>
            <gpxtpx:hr>100</gpxtpx:hr>
          </gpxtpx:TrackPointExtension>
        </extensions>
      </trkpt>
      <trkpt lat="34.21908548130695" lon="108.87939320811721">
        <ele>416.62342562060803</ele>
        <time>2026-01-07T11:37:58.200000Z</time>
        <extensions>
          <gpxtpx:TrackPointExtension>
            <gpxtpx:hr>94</gpxtpx:hr>
          </gpxtpx:TrackPointExtension>
        </extensions>
      </trkpt>
      <trkpt lat="34.21908579890085" lon="108.87939108031695">
        <ele>416.6264539603144</ele>
        <time>2026-01-07T11:37:59.200000Z</time>
        <extensions>
          <gpxtpx:TrackPointExtension>
            <gpxtpx:hr>94</gpxtpx:hr>
          </gpxtpx:TrackPointExtension>
        </extensions>
      </trkpt>
      <trkpt lat="34.21908614298281" lon="108.8793887750533">
        <ele>416.6302225831896</ele>
        <time>2026-01-07T11:38:00.200000Z</time>
        <extensions>
          <gpxtpx:TrackPointExtension>
            <gpxtpx:hr>94</gpxtpx:hr>
          </gpxtpx:TrackPointExtension>
        </extensions>
      </trkpt>
      <trkpt lat="34.219086433495605" lon="108.87938682868929">
        <ele>416.63482992351055</ele>
        <time>2026-01-07T11:38:01.200000Z</time>
        <extensions>
          <gpxtpx:TrackPointExtension>
            <gpxtpx:hr>94</gpxtpx:hr>
          </gpxtpx:TrackPointExtension>
        </extensions>
      </trkpt>
      <trkpt lat="34.219086686655466" lon="108.87938513258099">
        <ele>416.64036376960576</ele>
        <time>2026-01-07T11:38:02.200000Z</time>
        <extensions>
          <gpxtpx:TrackPointExtension>
            <gpxtpx:hr>94</gpxtpx:hr>
          </gpxtpx:TrackPointExtension>
        </extensions>
      </trkpt>
      <trkpt lat="34.219087055320976" lon="108.87938266261507">
        <ele>416.6469034133479</ele>
        <time>2026-01-07T11:38:03.200000Z</time>
        <extensions>
          <gpxtpx:TrackPointExtension>
            <gpxtpx:hr>94</gpxtpx:hr>
          </gpxtpx:TrackPointExtension>
        </extensions>
      </trkpt>
      <trkpt lat="34.21908759359282" lon="108.87937905633599">
        <ele>416.6545144058764</ele>
        <time>2026-01-07T11:38:04.200000Z</time>
        <extensions>
          <gpxtpx:TrackPointExtension>
            <gpxtpx:hr>94</gpxtpx:hr>
          </gpxtpx:TrackPointExtension>
        </extensions>
      </trkpt>
      <trkpt lat="34.21908826178349" lon="108.87937457966076">
        <ele>416.663243079558</ele>
        <time>2026-01-07T11:38:05.200000Z</time>
        <extensions>
          <gpxtpx:TrackPointExtension>
            <gpxtpx:hr>92</gpxtpx:hr>
          </gpxtpx:TrackPointExtension>
        </extensions>
      </trkpt>
      <trkpt lat="34.219089053271006" lon="108.87936927702913">
        <ele>416.67310638632625</ele>
        <time>2026-01-07T11:38:06.200000Z</time>
        <extensions>
          <gpxtpx:TrackPointExtension>
            <gpxtpx:hr>92</gpxtpx:hr>
          </gpxtpx:TrackPointExtension>
        </extensions>
      </trkpt>
      <trkpt lat="34.21908997396203" lon="108.87936310912244">
        <ele>416.68408309854567</ele>
        <time>2026-01-07T11:38:07.200000Z</time>
        <extensions>
          <gpxtpx:TrackPointExtension>
            <gpxtpx:hr>92</gpxtpx:hr>
          </gpxtpx:TrackPointExtension>
        </extensions>
      </trkpt>
      <trkpt lat="34.219090999731485" lon="108.87935623843545">
        <ele>416.69610449206084</ele>
        <time>2026-01-07T11:38:08.200000Z</time>
        <extensions>
          <gpxtpx:TrackPointExtension>
            <gpxtpx:hr>92</gpxtpx:hr>
          </gpxtpx:TrackPointExtension>
        </extensions>
      </trkpt>
      <trkpt lat="34.21909212803865" lon="108.8793486851814">
        <ele>416.70903859101236</ele>
        <time>2026-01-07T11:38:09.200000Z</time>
        <extensions>
          <gpxtpx:TrackPointExtension>
            <gpxtpx:hr>92</gpxtpx:hr>
          </gpxtpx:TrackPointExtension>
        </extensions>
      </trkpt>
      <trkpt lat="34.21909336502241" lon="108.87934041986878">
        <ele>416.7226770427078</ele>
        <time>2026-01-07T11:38:10.200000Z</time>
        <extensions>
          <gpxtpx:TrackPointExtension>
            <gpxtpx:hr>92</gpxtpx:hr>
          </gpxtpx:TrackPointExtension>
        </extensions>
      </trkpt>
      <trkpt lat="34.219094615705046" lon="108.87933212136178">
        <ele>416.7367211608216</ele>
        <time>2026-01-07T11:38:11.200000Z</time>
        <extensions>
          <gpxtpx:TrackPointExtension>
            <gpxtpx:hr>92</gpxtpx:hr>
          </gpxtpx:TrackPointExtension>
        </extensions>
      </trkpt>
      <trkpt lat="34.21909570357613" lon="108.87932490091316">
        <ele>416.750821499154</ele>
        <time>2026-01-07T11:38:12.200000Z</time>
        <extensions>
          <gpxtpx:TrackPointExtension>
            <gpxtpx:hr>90</gpxtpx:hr>
          </gpxtpx:TrackPointExtension>
        </extensions>
      </trkpt>
      <trkpt lat="34.21909660618992" lon="108.87931884404148">
        <ele>416.76468322239816</ele>
        <time>2026-01-07T11:38:13.200000Z</time>
        <extensions>
          <gpxtpx:TrackPointExtension>
            <gpxtpx:hr>90</gpxtpx:hr>
          </gpxtpx:TrackPointExtension>
        </extensions>
      </trkpt>
      <trkpt lat="34.21909736072642" lon="108.87931375295034">
        <ele>416.7781111570075</ele>
        <time>2026-01-07T11:38:14.200000Z</time>
        <extensions>
          <gpxtpx:TrackPointExtension>
            <gpxtpx:hr>90</gpxtpx:hr>
          </gpxtpx:TrackPointExtension>
        </extensions>
      </trkpt>
      <trkpt lat="34.21909796894372" lon="108.87930962849585">
        <ele>416.7909914897755</ele>
        <time>2026-01-07T11:38:15.200000Z</time>
        <extensions>
          <gpxtpx:TrackPointExtension>
            <gpxtpx:hr>90</gpxtpx:hr>
          </gpxtpx:TrackPointExtension>
        </extensions>
      </trkpt>
      <trkpt lat="34.219098472962976" lon="108.87930619110126">
        <ele>416.80327657982707</ele>
        <time>2026-01-07T11:38:16.200000Z</time>
        <extensions>
          <gpxtpx:TrackPointExtension>
            <gpxtpx:hr>91</gpxtpx:hr>
          </gpxtpx:TrackPointExtension>
        </extensions>
      </trkpt>
      <trkpt lat="34.21909884184656" lon="108.87930365775505">
        <ele>416.81497021205723</ele>
        <time>2026-01-07T11:38:17.200000Z</time>
        <extensions>
          <gpxtpx:TrackPointExtension>
            <gpxtpx:hr>91</gpxtpx:hr>
          </gpxtpx:TrackPointExtension>
        </extensions>
      </trkpt>
      <trkpt lat="34.21909910377505" lon="108.87930183651551">
        <ele>416.8261140603572</ele>
        <time>2026-01-07T11:38:18.200000Z</time>
        <extensions>
          <gpxtpx:TrackPointExtension>
            <gpxtpx:hr>91</gpxtpx:hr>
          </gpxtpx:TrackPointExtension>
        </extensions>
      </trkpt>
      <trkpt lat="34.21909938520288" lon="108.87929984283377">
        <ele>416.83677505422384</ele>
        <time>2026-01-07T11:38:19.200000Z</time>
        <extensions>
          <gpxtpx:TrackPointExtension>
            <gpxtpx:hr>91</gpxtpx:hr>
          </gpxtpx:TrackPointExtension>
        </extensions>
      </trkpt>
      <trkpt lat="34.21909968624631" lon="108.87929766854846">
        <ele>416.8470333730802</ele>
        <time>2026-01-07T11:38:20.200000Z</time>
        <extensions>
          <gpxtpx:TrackPointExtension>
            <gpxtpx:hr>91</gpxtpx:hr>
          </gpxtpx:TrackPointExtension>
        </extensions>
      </trkpt>
      <trkpt lat="34.21909993433992" lon="108.87929582256865">
        <ele>416.8569713169709</ele>
        <time>2026-01-07T11:38:21.200000Z</time>
        <extensions>
          <gpxtpx:TrackPointExtension>
            <gpxtpx:hr>96</gpxtpx:hr>
          </gpxtpx:TrackPointExtension>
        </extensions>
      </trkpt>
      <trkpt lat="34.2191001183614" lon="108.87929438949364">
        <ele>416.86666254419833</ele>
        <time>2026-01-07T11:38:22.200000Z</time>
        <extensions>
          <gpxtpx:TrackPointExtension>
            <gpxtpx:hr>96</gpxtpx:hr>
          </gpxtpx:TrackPointExtension>
        </extensions>
      </trkpt>
      <trkpt lat="34.2191002451999" lon="108.87929334604588">
        <ele>416.8761615389958</ele>
        <time>2026-01-07T11:38:23.200000Z</time>
        <extensions>
          <gpxtpx:TrackPointExtension>
            <gpxtpx:hr>96</gpxtpx:hr>
          </gpxtpx:TrackPointExtension>
        </extensions>
      </trkpt>
      <trkpt lat="34.219100328209954" lon="108.87929263689419">
        <ele>416.88550958316773</ele>
        <time>2026-01-07T11:38:24.200000Z</time>
        <extensions>
          <gpxtpx:TrackPointExtension>
            <gpxtpx:hr>96</gpxtpx:hr>
          </gpxtpx:TrackPointExtension>
        </extensions>
      </trkpt>
      <trkpt lat="34.219100377239066" lon="108.87929221280989">
        <ele>416.89475688524544</ele>
        <time>2026-01-07T11:38:25.200000Z</time>
        <extensions>
          <gpxtpx:TrackPointExtension>
            <gpxtpx:hr>96</gpxtpx:hr>
          </gpxtpx:TrackPointExtension>
        </extensions>
      </trkpt>
    </trkseg>
  </trk>
</gpx>