<?xml version="1.0" encoding="UTF-8"?>
<gpx xmlns="http://www.topografix.com/GPX/1/1" xmlns:gpxtpx="http://www.garmin.com/xmlschemas/TrackPointExtension/v1" xmlns:xsi="http://www.w3.org/2001/XMLSchema-instance" xsi:schemaLocation="http://www.topografix.com/GPX/1/1 http://www.topografix.com/GPX/1/1/gpx.xsd" version="1.1" creator="gpx.py -- https://github.com/tkrajina/gpxpy">
  <trk>
    <name>gpx from keep</name>
    <type>Walk</type>
    <trkseg>
      <trkpt lat="34.22119746427118" lon="108.83046179319385">
        <ele>406.2151552736759</ele>
        <time>2025-11-12T04:23:29Z</time>
      </trkpt>
      <trkpt lat="34.22119695681712" lon="108.8304482273228">
        <ele>406.21479826886207</ele>
        <time>2025-11-12T04:23:30Z</time>
      </trkpt>
      <trkpt lat="34.2211961624607" lon="108.83043470747204">
        <ele>406.2149815587327</ele>
        <time>2025-11-12T04:23:31Z</time>
      </trkpt>
      <trkpt lat="34.2211953716481" lon="108.83042102905249">
        <ele>406.21541441231966</ele>
        <time>2025-11-12T04:23:32Z</time>
      </trkpt>
      <trkpt lat="34.22119418474481" lon="108.83040723623937">
        <ele>406.21644864976406</ele>
        <time>2025-11-12T04:23:33Z</time>
      </trkpt>
      <trkpt lat="34.22119289750817" lon="108.83039299437284">
        <ele>406.2175361867994</ele>
        <time>2025-11-12T04:23:34Z</time>
      </trkpt>
      <trkpt lat="34.22119141907207" lon="108.83037813961083">
        <ele>406.21855706349015</ele>
        <time>2025-11-12T04:23:35Z</time>
      </trkpt>
      <trkpt lat="34.22118969788423" lon="108.83036274937557">
        <ele>406.21955474931747</ele>
        <time>2025-11-12T04:23:36Z</time>
      </trkpt>
      <trkpt lat="34.2211880202549" lon="108.83034694727056">
        <ele>406.2204244537279</ele>
        <time>2025-11-12T04:23:37Z</time>
      </trkpt>
      <trkpt lat="34.221186833093626" lon="108.83033110300379">
        <ele>406.2209186507389</ele>
        <time>2025-11-12T04:23:38Z</time>
      </trkpt>
      <trkpt lat="34.22118597267787" lon="108.83031504791388">
        <ele>406.2210945803672</ele>
        <time>2025-11-12T04:23:39Z</time>
      </trkpt>
      <trkpt lat="34.221185414849494" lon="108.83029848235145">
        <ele>406.22112143132836</ele>
        <time>2025-11-12T04:23:40Z</time>
      </trkpt>
      <trkpt lat="34.22118512934202" lon="108.83028213642885">
        <ele>406.2211213139817</ele>
        <time>2025-11-12T04:23:41Z</time>
      </trkpt>
      <trkpt lat="34.22118534837234" lon="108.83026582807568">
        <ele>406.22025018092245</ele>
        <time>2025-11-12T04:23:42Z</time>
      </trkpt>
      <trkpt lat="34.22118610821455" lon="108.83024934948958">
        <ele>406.21837324276567</ele>
        <time>2025-11-12T04:23:43Z</time>
      </trkpt>
      <trkpt lat="34.22118702653239" lon="108.83023302471594">
        <ele>406.215944070369</ele>
        <time>2025-11-12T04:23:44Z</time>
      </trkpt>
      <trkpt lat="34.22118797010296" lon="108.8302166181155">
        <ele>406.2132567027584</ele>
        <time>2025-11-12T04:23:45Z</time>
      </trkpt>
      <trkpt lat="34.2211889140671" lon="108.83020004818256">
        <ele>406.21051069069654</ele>
        <time>2025-11-12T04:23:46Z</time>
      </trkpt>
      <trkpt lat="34.22119017497232" lon="108.83018315490241">
        <ele>406.20798294618726</ele>
        <time>2025-11-12T04:23:47Z</time>
      </trkpt>
      <trkpt lat="34.22119191482088" lon="108.83016566018615">
        <ele>406.20566551573575</ele>
        <time>2025-11-12T04:23:48Z</time>
      </trkpt>
      <trkpt lat="34.22119418282725" lon="108.83014771466026">
        <ele>406.2036691820249</ele>
        <time>2025-11-12T04:23:49Z</time>
      </trkpt>
      <trkpt lat="34.22119136176657" lon="108.83013221285361">
        <ele>406.2083327844739</ele>
        <time>2025-11-12T04:23:50Z</time>
      </trkpt>
      <trkpt lat="34.22119079847709" lon="108.83011562330415">
        <ele>406.2158083114773</ele>
        <time>2025-11-12T04:23:51Z</time>
      </trkpt>
      <trkpt lat="34.22119176398347" lon="108.83009928934861">
        <ele>406.2275876644999</ele>
        <time>2025-11-12T04:23:52Z</time>
      </trkpt>
      <trkpt lat="34.22119204364706" lon="108.83008403129473">
        <ele>406.2571274796501</ele>
        <time>2025-11-12T04:23:53Z</time>
      </trkpt>
      <trkpt lat="34.22119261722083" lon="108.8300684313607">
        <ele>406.30282933078706</ele>
        <time>2025-11-12T04:23:54Z</time>
      </trkpt>
      <trkpt lat="34.221192931952494" lon="108.83005268506591">
        <ele>406.35538374166936</ele>
        <time>2025-11-12T04:23:55Z</time>
      </trkpt>
      <trkpt lat="34.22119276010666" lon="108.83003688878736">
        <ele>406.4213911630213</ele>
        <time>2025-11-12T04:23:56Z</time>
        <extensions>
          <gpxtpx:TrackPointExtension>
            <gpxtpx:hr>111</gpxtpx:hr>
          </gpxtpx:TrackPointExtension>
        </extensions>
      </trkpt>
      <trkpt lat="34.22119268248716" lon="108.83002076779309">
        <ele>406.48293712362647</ele>
        <time>2025-11-12T04:23:57Z</time>
        <extensions>
          <gpxtpx:TrackPointExtension>
            <gpxtpx:hr>111</gpxtpx:hr>
          </gpxtpx:TrackPointExtension>
        </extensions>
      </trkpt>
      <trkpt lat="34.22119260159319" lon="108.83000442063701">
        <ele>406.5685678012669</ele>
        <time>2025-11-12T04:23:58Z</time>
        <extensions>
          <gpxtpx:TrackPointExtension>
            <gpxtpx:hr>111</gpxtpx:hr>
          </gpxtpx:TrackPointExtension>
        </extensions>
      </trkpt>
      <trkpt lat="34.221192113769774" lon="108.82998817313374">
        <ele>406.67339308094233</ele>
        <time>2025-11-12T04:23:59Z</time>
        <extensions>
          <gpxtpx:TrackPointExtension>
            <gpxtpx:hr>111</gpxtpx:hr>
          </gpxtpx:TrackPointExtension>
        </extensions>
      </trkpt>
      <trkpt lat="34.22119052171984" lon="108.82997343404851">
        <ele>406.78526546806097</ele>
        <time>2025-11-12T04:24:00Z</time>
        <extensions>
          <gpxtpx:TrackPointExtension>
            <gpxtpx:hr>111</gpxtpx:hr>
          </gpxtpx:TrackPointExtension>
        </extensions>
      </trkpt>
      <trkpt lat="34.22118798618353" lon="108.82996116224403">
        <ele>406.897567066364</ele>
        <time>2025-11-12T04:24:01Z</time>
        <extensions>
          <gpxtpx:TrackPointExtension>
            <gpxtpx:hr>111</gpxtpx:hr>
          </gpxtpx:TrackPointExtension>
        </extensions>
      </trkpt>
      <trkpt lat="34.22118610374776" lon="108.82995029225968">
        <ele>407.0277649490163</ele>
        <time>2025-11-12T04:24:02Z</time>
        <extensions>
          <gpxtpx:TrackPointExtension>
            <gpxtpx:hr>111</gpxtpx:hr>
          </gpxtpx:TrackPointExtension>
        </extensions>
      </trkpt>
      <trkpt lat="34.22118581077875" lon="108.82993985697235">
        <ele>407.1592568522319</ele>
        <time>2025-11-12T04:24:03Z</time>
        <extensions>
          <gpxtpx:TrackPointExtension>
            <gpxtpx:hr>111</gpxtpx:hr>
          </gpxtpx:TrackPointExtension>
        </extensions>
      </trkpt>
      <trkpt lat="34.221187574535996" lon="108.8299294379914">
        <ele>407.28958312422037</ele>
        <time>2025-11-12T04:24:04Z</time>
        <extensions>
          <gpxtpx:TrackPointExtension>
            <gpxtpx:hr>111</gpxtpx:hr>
          </gpxtpx:TrackPointExtension>
        </extensions>
      </trkpt>
      <trkpt lat="34.22119114975055" lon="108.82991892817186">
        <ele>407.410631256178</ele>
        <time>2025-11-12T04:24:05Z</time>
        <extensions>
          <gpxtpx:TrackPointExtension>
            <gpxtpx:hr>111</gpxtpx:hr>
          </gpxtpx:TrackPointExtension>
        </extensions>
      </trkpt>
      <trkpt lat="34.22119571686206" lon="108.82990787935145">
        <ele>407.5323362722993</ele>
        <time>2025-11-12T04:24:06Z</time>
        <extensions>
          <gpxtpx:TrackPointExtension>
            <gpxtpx:hr>111</gpxtpx:hr>
          </gpxtpx:TrackPointExtension>
        </extensions>
      </trkpt>
      <trkpt lat="34.22120074504039" lon="108.82989594305684">
        <ele>407.63429008889943</ele>
        <time>2025-11-12T04:24:07Z</time>
        <extensions>
          <gpxtpx:TrackPointExtension>
            <gpxtpx:hr>111</gpxtpx:hr>
          </gpxtpx:TrackPointExtension>
        </extensions>
      </trkpt>
      <trkpt lat="34.221206066801315" lon="108.82988369635738">
        <ele>407.7021088702604</ele>
        <time>2025-11-12T04:24:08Z</time>
        <extensions>
          <gpxtpx:TrackPointExtension>
            <gpxtpx:hr>111</gpxtpx:hr>
          </gpxtpx:TrackPointExtension>
        </extensions>
      </trkpt>
      <trkpt lat="34.22121120562896" lon="108.82987190961038">
        <ele>407.73235375154763</ele>
        <time>2025-11-12T04:24:09Z</time>
        <extensions>
          <gpxtpx:TrackPointExtension>
            <gpxtpx:hr>111</gpxtpx:hr>
          </gpxtpx:TrackPointExtension>
        </extensions>
      </trkpt>
      <trkpt lat="34.22121587037085" lon="108.82986047970859">
        <ele>407.7596519961953</ele>
        <time>2025-11-12T04:24:10Z</time>
        <extensions>
          <gpxtpx:TrackPointExtension>
            <gpxtpx:hr>111</gpxtpx:hr>
          </gpxtpx:TrackPointExtension>
        </extensions>
      </trkpt>
      <trkpt lat="34.221220276202494" lon="108.82984859095187">
        <ele>407.74387418385595</ele>
        <time>2025-11-12T04:24:11Z</time>
        <extensions>
          <gpxtpx:TrackPointExtension>
            <gpxtpx:hr>111</gpxtpx:hr>
          </gpxtpx:TrackPointExtension>
        </extensions>
      </trkpt>
      <trkpt lat="34.221224523882555" lon="108.82983529937901">
        <ele>407.73019851278514</ele>
        <time>2025-11-12T04:24:12Z</time>
        <extensions>
          <gpxtpx:TrackPointExtension>
            <gpxtpx:hr>111</gpxtpx:hr>
          </gpxtpx:TrackPointExtension>
        </extensions>
      </trkpt>
      <trkpt lat="34.22122859652579" lon="108.82982021704088">
        <ele>407.70517212245613</ele>
        <time>2025-11-12T04:24:13Z</time>
        <extensions>
          <gpxtpx:TrackPointExtension>
            <gpxtpx:hr>111</gpxtpx:hr>
          </gpxtpx:TrackPointExtension>
        </extensions>
      </trkpt>
      <trkpt lat="34.221232568458746" lon="108.82980389305233">
        <ele>407.68854743242264</ele>
        <time>2025-11-12T04:24:14Z</time>
        <extensions>
          <gpxtpx:TrackPointExtension>
            <gpxtpx:hr>111</gpxtpx:hr>
          </gpxtpx:TrackPointExtension>
        </extensions>
      </trkpt>
      <trkpt lat="34.2212363243338" lon="108.82978688042364">
        <ele>407.67783784959465</ele>
        <time>2025-11-12T04:24:15Z</time>
        <extensions>
          <gpxtpx:TrackPointExtension>
            <gpxtpx:hr>111</gpxtpx:hr>
          </gpxtpx:TrackPointExtension>
        </extensions>
      </trkpt>
      <trkpt lat="34.22123911433011" lon="108.82977019191665">
        <ele>407.6453544422984</ele>
        <time>2025-11-12T04:24:16Z</time>
      </trkpt>
      <trkpt lat="34.22124160165083" lon="108.82975454152492">
        <ele>407.6234737308696</ele>
        <time>2025-11-12T04:24:17Z</time>
      </trkpt>
      <trkpt lat="34.2212447147289" lon="108.82974005238479">
        <ele>407.61388653703034</ele>
        <time>2025-11-12T04:24:18Z</time>
      </trkpt>
      <trkpt lat="34.221247651184584" lon="108.82972652478378">
        <ele>407.61581688094884</ele>
        <time>2025-11-12T04:24:19Z</time>
      </trkpt>
      <trkpt lat="34.22124962039761" lon="108.82971364821157">
        <ele>407.611896796152</ele>
        <time>2025-11-12T04:24:20Z</time>
      </trkpt>
      <trkpt lat="34.22125064449352" lon="108.82970119737806">
        <ele>407.6083539612591</ele>
        <time>2025-11-12T04:24:21Z</time>
      </trkpt>
      <trkpt lat="34.22125138278746" lon="108.82968862924947">
        <ele>407.6366048678756</ele>
        <time>2025-11-12T04:24:22Z</time>
      </trkpt>
      <trkpt lat="34.221252071636656" lon="108.82967575143368">
        <ele>407.6816732957959</ele>
        <time>2025-11-12T04:24:23Z</time>
      </trkpt>
      <trkpt lat="34.221252873878605" lon="108.82966245136342">
        <ele>407.733336023055</ele>
        <time>2025-11-12T04:24:24Z</time>
      </trkpt>
      <trkpt lat="34.221253802196685" lon="108.82964829793698">
        <ele>407.7733983322978</ele>
        <time>2025-11-12T04:24:25Z</time>
      </trkpt>
      <trkpt lat="34.221254866675096" lon="108.82963262887789">
        <ele>407.83120843209326</ele>
        <time>2025-11-12T04:24:26Z</time>
      </trkpt>
      <trkpt lat="34.221256156662115" lon="108.82961569552171">
        <ele>407.9064980298281</ele>
        <time>2025-11-12T04:24:27Z</time>
      </trkpt>
      <trkpt lat="34.22125767452344" lon="108.82959770769871">
        <ele>407.9821099275723</ele>
        <time>2025-11-12T04:24:28Z</time>
      </trkpt>
      <trkpt lat="34.22125955208894" lon="108.82957860258497">
        <ele>408.0321204205975</ele>
        <time>2025-11-12T04:24:29Z</time>
      </trkpt>
      <trkpt lat="34.22126201567386" lon="108.82955894732335">
        <ele>408.0853808512911</ele>
        <time>2025-11-12T04:24:30Z</time>
      </trkpt>
      <trkpt lat="34.22126497524521" lon="108.82953902154159">
        <ele>408.1392695289105</ele>
        <time>2025-11-12T04:24:31Z</time>
      </trkpt>
      <trkpt lat="34.221267981917826" lon="108.82951918323661">
        <ele>408.19706989452243</ele>
        <time>2025-11-12T04:24:32Z</time>
      </trkpt>
      <trkpt lat="34.22127072271448" lon="108.82949982222776">
        <ele>408.24634995218366</ele>
        <time>2025-11-12T04:24:33Z</time>
      </trkpt>
      <trkpt lat="34.221273303988774" lon="108.82948139780167">
        <ele>408.28664755355567</ele>
        <time>2025-11-12T04:24:34Z</time>
      </trkpt>
      <trkpt lat="34.221275818771836" lon="108.82946390349395">
        <ele>408.3054212452844</ele>
        <time>2025-11-12T04:24:35Z</time>
      </trkpt>
      <trkpt lat="34.22127796233993" lon="108.8294473068643">
        <ele>408.33132725115865</ele>
        <time>2025-11-12T04:24:36Z</time>
      </trkpt>
      <trkpt lat="34.221279596968856" lon="108.82943178895788">
        <ele>408.3558903140947</ele>
        <time>2025-11-12T04:24:37Z</time>
      </trkpt>
      <trkpt lat="34.22128121756231" lon="108.82941674392053">
        <ele>408.38842772319913</ele>
        <time>2025-11-12T04:24:38Z</time>
      </trkpt>
      <trkpt lat="34.22128332733353" lon="108.82940192477979">
        <ele>408.38501065503806</ele>
        <time>2025-11-12T04:24:39Z</time>
      </trkpt>
      <trkpt lat="34.221285830764145" lon="108.82938768434937">
        <ele>408.39387332089245</ele>
        <time>2025-11-12T04:24:40Z</time>
      </trkpt>
      <trkpt lat="34.221288634364065" lon="108.8293737232532">
        <ele>408.39083743840456</ele>
        <time>2025-11-12T04:24:41Z</time>
      </trkpt>
      <trkpt lat="34.221291718200476" lon="108.82936023554161">
        <ele>408.4020972047001</ele>
        <time>2025-11-12T04:24:42Z</time>
      </trkpt>
      <trkpt lat="34.22129472893333" lon="108.8293481720063">
        <ele>408.4004436871037</ele>
        <time>2025-11-12T04:24:43Z</time>
      </trkpt>
      <trkpt lat="34.22129754519122" lon="108.82933782227579">
        <ele>408.38835785072297</ele>
        <time>2025-11-12T04:24:44Z</time>
      </trkpt>
      <trkpt lat="34.22129996154094" lon="108.82932829895563">
        <ele>408.3951676962897</ele>
        <time>2025-11-12T04:24:45Z</time>
      </trkpt>
      <trkpt lat="34.22130173395091" lon="108.8293183967521">
        <ele>408.4078941801563</ele>
        <time>2025-11-12T04:24:46Z</time>
      </trkpt>
      <trkpt lat="34.22130261531645" lon="108.82930796243689">
        <ele>408.4160158941522</ele>
        <time>2025-11-12T04:24:47Z</time>
      </trkpt>
      <trkpt lat="34.22130268458517" lon="108.82929699845387">
        <ele>408.4123466266319</ele>
        <time>2025-11-12T04:24:48Z</time>
      </trkpt>
      <trkpt lat="34.22130158204278" lon="108.82928523898545">
        <ele>408.39887633547187</ele>
        <time>2025-11-12T04:24:49Z</time>
      </trkpt>
      <trkpt lat="34.221299029196665" lon="108.82927310905968">
        <ele>408.3839466990903</ele>
        <time>2025-11-12T04:24:50Z</time>
      </trkpt>
      <trkpt lat="34.22129525591537" lon="108.82926067373883">
        <ele>408.37563120760024</ele>
        <time>2025-11-12T04:24:51Z</time>
      </trkpt>
      <trkpt lat="34.2212910933852" lon="108.82924730189352">
        <ele>408.372387457639</ele>
        <time>2025-11-12T04:24:52Z</time>
      </trkpt>
      <trkpt lat="34.22128675016318" lon="108.82923278304611">
        <ele>408.3592667412013</ele>
        <time>2025-11-12T04:24:53Z</time>
      </trkpt>
      <trkpt lat="34.2212811064528" lon="108.82921694334371">
        <ele>408.3203553073108</ele>
        <time>2025-11-12T04:24:54Z</time>
      </trkpt>
      <trkpt lat="34.22127406807325" lon="108.8291998733727">
        <ele>408.28378851991147</ele>
        <time>2025-11-12T04:24:55Z</time>
      </trkpt>
      <trkpt lat="34.22126557482965" lon="108.82918151046647">
        <ele>408.25012411084026</ele>
        <time>2025-11-12T04:24:56Z</time>
      </trkpt>
      <trkpt lat="34.22125537797032" lon="108.82916132763258">
        <ele>408.2041838904843</ele>
        <time>2025-11-12T04:24:57Z</time>
      </trkpt>
      <trkpt lat="34.22124394672503" lon="108.82913970598082">
        <ele>408.1235022479668</ele>
        <time>2025-11-12T04:24:58Z</time>
      </trkpt>
      <trkpt lat="34.22123282083631" lon="108.82911794444932">
        <ele>408.0485403155908</ele>
        <time>2025-11-12T04:24:59Z</time>
      </trkpt>
      <trkpt lat="34.22122351657313" lon="108.82909732190849">
        <ele>407.9795086523518</ele>
        <time>2025-11-12T04:25:00Z</time>
      </trkpt>
      <trkpt lat="34.22121495807432" lon="108.82907779254117">
        <ele>407.9045741260052</ele>
        <time>2025-11-12T04:25:01Z</time>
      </trkpt>
      <trkpt lat="34.221205268291996" lon="108.82905918889283">
        <ele>407.81986066233367</ele>
        <time>2025-11-12T04:25:02Z</time>
      </trkpt>
      <trkpt lat="34.22119479453575" lon="108.82904204046716">
        <ele>407.74232656881213</ele>
        <time>2025-11-12T04:25:03Z</time>
      </trkpt>
      <trkpt lat="34.221183689380034" lon="108.8290257210801">
        <ele>407.63337696529925</ele>
        <time>2025-11-12T04:25:04Z</time>
      </trkpt>
      <trkpt lat="34.2211720971449" lon="108.82900929962074">
        <ele>407.5470779100433</ele>
        <time>2025-11-12T04:25:05Z</time>
      </trkpt>
      <trkpt lat="34.221161167743325" lon="108.82899255876083">
        <ele>407.46699333842844</ele>
        <time>2025-11-12T04:25:06Z</time>
      </trkpt>
      <trkpt lat="34.22115146899631" lon="108.82897555945684">
        <ele>407.3866091715172</ele>
        <time>2025-11-12T04:25:07Z</time>
      </trkpt>
      <trkpt lat="34.22114229741337" lon="108.82895826340004">
        <ele>407.2707967814058</ele>
        <time>2025-11-12T04:25:08Z</time>
      </trkpt>
      <trkpt lat="34.221135147710356" lon="108.82894027453682">
        <ele>407.09285118058324</ele>
        <time>2025-11-12T04:25:09Z</time>
      </trkpt>
      <trkpt lat="34.22112932966067" lon="108.82892180395497">
        <ele>406.9113773936406</ele>
        <time>2025-11-12T04:25:10Z</time>
      </trkpt>
      <trkpt lat="34.22112529324529" lon="108.82890318233879">
        <ele>406.7472380856052</ele>
        <time>2025-11-12T04:25:11Z</time>
      </trkpt>
      <trkpt lat="34.2211232469173" lon="108.82888474611876">
        <ele>406.5806925985962</ele>
        <time>2025-11-12T04:25:12Z</time>
      </trkpt>
      <trkpt lat="34.22112379281747" lon="108.82886667623085">
        <ele>406.41063134744763</ele>
        <time>2025-11-12T04:25:13Z</time>
      </trkpt>
      <trkpt lat="34.22112751548603" lon="108.82884890970954">
        <ele>406.239210665226</ele>
        <time>2025-11-12T04:25:14Z</time>
      </trkpt>
      <trkpt lat="34.221133705105515" lon="108.82883177721601">
        <ele>406.06749141868204</ele>
        <time>2025-11-12T04:25:15Z</time>
      </trkpt>
      <trkpt lat="34.22114085263032" lon="108.82881544029895">
        <ele>405.900944984518</ele>
        <time>2025-11-12T04:25:16Z</time>
      </trkpt>
      <trkpt lat="34.22115083569795" lon="108.82879893898941">
        <ele>405.735804582946</ele>
        <time>2025-11-12T04:25:17Z</time>
      </trkpt>
      <trkpt lat="34.22116445466662" lon="108.82878169169908">
        <ele>405.5707248141989</ele>
        <time>2025-11-12T04:25:18Z</time>
      </trkpt>
      <trkpt lat="34.22117720888717" lon="108.82876480362542">
        <ele>405.42207771074027</ele>
        <time>2025-11-12T04:25:18.900000Z</time>
      </trkpt>
      <trkpt lat="34.22118628304282" lon="108.82874858669909">
        <ele>405.30152202397585</ele>
        <time>2025-11-12T04:25:19.900000Z</time>
      </trkpt>
      <trkpt lat="34.22119184721034" lon="108.82873219209152">
        <ele>405.207964383997</ele>
        <time>2025-11-12T04:25:20.900000Z</time>
      </trkpt>
      <trkpt lat="34.22119455374567" lon="108.82871547150583">
        <ele>405.13467995636165</ele>
        <time>2025-11-12T04:25:21.900000Z</time>
      </trkpt>
      <trkpt lat="34.22119551322062" lon="108.82869873070278">
        <ele>405.08311807271093</ele>
        <time>2025-11-12T04:25:22.900000Z</time>
      </trkpt>
      <trkpt lat="34.22119595345823" lon="108.82868212168033">
        <ele>405.0511559471488</ele>
        <time>2025-11-12T04:25:23.900000Z</time>
      </trkpt>
      <trkpt lat="34.2211962351927" lon="108.82866604347507">
        <ele>405.0279248720035</ele>
        <time>2025-11-12T04:25:24.900000Z</time>
      </trkpt>
      <trkpt lat="34.221195764117105" lon="108.82865029938819">
        <ele>405.02236718777567</ele>
        <time>2025-11-12T04:25:25.900000Z</time>
      </trkpt>
      <trkpt lat="34.22119448947724" lon="108.82863458852356">
        <ele>405.0267033809796</ele>
        <time>2025-11-12T04:25:26.900000Z</time>
      </trkpt>
      <trkpt lat="34.22119275361837" lon="108.82861893183592">
        <ele>405.0394255956635</ele>
        <time>2025-11-12T04:25:27.900000Z</time>
      </trkpt>
      <trkpt lat="34.22119051282427" lon="108.82860352081435">
        <ele>405.0617900080979</ele>
        <time>2025-11-12T04:25:28.900000Z</time>
      </trkpt>
      <trkpt lat="34.2211877383043" lon="108.82858890282597">
        <ele>405.0930871171877</ele>
        <time>2025-11-12T04:25:29.900000Z</time>
      </trkpt>
      <trkpt lat="34.221184263839454" lon="108.8285746074512">
        <ele>405.14252690784633</ele>
        <time>2025-11-12T04:25:30.900000Z</time>
      </trkpt>
      <trkpt lat="34.22117990507433" lon="108.82856032574655">
        <ele>405.2060026526451</ele>
        <time>2025-11-12T04:25:31.900000Z</time>
      </trkpt>
      <trkpt lat="34.2211742714647" lon="108.82854611340007">
        <ele>405.2680337158963</ele>
        <time>2025-11-12T04:25:32.900000Z</time>
      </trkpt>
      <trkpt lat="34.22116701215924" lon="108.8285315566145">
        <ele>405.3327871914953</ele>
        <time>2025-11-12T04:25:33.900000Z</time>
      </trkpt>
      <trkpt lat="34.22115832761574" lon="108.82851656019277">
        <ele>405.4018021794036</ele>
        <time>2025-11-12T04:25:34.900000Z</time>
      </trkpt>
      <trkpt lat="34.22114882800031" lon="108.82850238142227">
        <ele>405.4648241531104</ele>
        <time>2025-11-12T04:25:35.900000Z</time>
      </trkpt>
      <trkpt lat="34.22113877872755" lon="108.82848894934023">
        <ele>405.5353342713788</ele>
        <time>2025-11-12T04:25:36.900000Z</time>
      </trkpt>
      <trkpt lat="34.22112861130003" lon="108.82847634549466">
        <ele>405.6179031720385</ele>
        <time>2025-11-12T04:25:37.900000Z</time>
      </trkpt>
      <trkpt lat="34.22111808532908" lon="108.82846532966745">
        <ele>405.70655177440494</ele>
        <time>2025-11-12T04:25:38.900000Z</time>
      </trkpt>
      <trkpt lat="34.22110655929243" lon="108.82845555319032">
        <ele>405.8006001729518</ele>
        <time>2025-11-12T04:25:39.900000Z</time>
      </trkpt>
      <trkpt lat="34.22109411509528" lon="108.82844664666473">
        <ele>405.8880836274475</ele>
        <time>2025-11-12T04:25:40.900000Z</time>
      </trkpt>
      <trkpt lat="34.22108068879367" lon="108.82843815602995">
        <ele>405.98817897681147</ele>
        <time>2025-11-12T04:25:41.900000Z</time>
      </trkpt>
      <trkpt lat="34.221067163323916" lon="108.82843050748073">
        <ele>406.09002483449876</ele>
        <time>2025-11-12T04:25:42.900000Z</time>
      </trkpt>
      <trkpt lat="34.221054194900184" lon="108.82842456399923">
        <ele>406.1780679533258</ele>
        <time>2025-11-12T04:25:43.900000Z</time>
      </trkpt>
      <trkpt lat="34.221040830459785" lon="108.8284208073713">
        <ele>406.252445878461</ele>
        <time>2025-11-12T04:25:44.900000Z</time>
      </trkpt>
      <trkpt lat="34.22102656343336" lon="108.82841932970517">
        <ele>406.3251516353339</ele>
        <time>2025-11-12T04:25:45.900000Z</time>
      </trkpt>
      <trkpt lat="34.22101245758913" lon="108.82841971777412">
        <ele>406.3905321890488</ele>
        <time>2025-11-12T04:25:46.900000Z</time>
      </trkpt>
      <trkpt lat="34.220998988635735" lon="108.82842106044805">
        <ele>406.4525416297838</ele>
        <time>2025-11-12T04:25:47.900000Z</time>
      </trkpt>
      <trkpt lat="34.22098620364216" lon="108.82842199708385">
        <ele>406.5153075521812</ele>
        <time>2025-11-12T04:25:48.900000Z</time>
      </trkpt>
      <trkpt lat="34.2209744491962" lon="108.82842177121333">
        <ele>406.5812057927251</ele>
        <time>2025-11-12T04:25:49.900000Z</time>
      </trkpt>
      <trkpt lat="34.22096324020215" lon="108.82842049507764">
        <ele>406.6388282524422</ele>
        <time>2025-11-12T04:25:50.900000Z</time>
      </trkpt>
      <trkpt lat="34.22095216848612" lon="108.82841866071755">
        <ele>406.68952524196357</ele>
        <time>2025-11-12T04:25:51.900000Z</time>
      </trkpt>
      <trkpt lat="34.220940860571844" lon="108.8284167061164">
        <ele>406.72888504341245</ele>
        <time>2025-11-12T04:25:52.900000Z</time>
      </trkpt>
      <trkpt lat="34.220928806520234" lon="108.8284147698041">
        <ele>406.7611553836614</ele>
        <time>2025-11-12T04:25:53.900000Z</time>
      </trkpt>
      <trkpt lat="34.220915761437794" lon="108.82841293370417">
        <ele>406.7887920970097</ele>
        <time>2025-11-12T04:25:54.900000Z</time>
      </trkpt>
      <trkpt lat="34.220902265810615" lon="108.82841070194077">
        <ele>406.80966716539115</ele>
        <time>2025-11-12T04:25:55.900000Z</time>
      </trkpt>
      <trkpt lat="34.22088853862732" lon="108.82840786688007">
        <ele>406.8316570017487</ele>
        <time>2025-11-12T04:25:56.900000Z</time>
      </trkpt>
      <trkpt lat="34.2208750622988" lon="108.82840510635972">
        <ele>406.8474091133103</ele>
        <time>2025-11-12T04:25:57.900000Z</time>
      </trkpt>
      <trkpt lat="34.22086192226811" lon="108.82840342962575">
        <ele>406.84805572219193</ele>
        <time>2025-11-12T04:25:58.900000Z</time>
      </trkpt>
      <trkpt lat="34.22084850481432" lon="108.82840318275058">
        <ele>406.83492271229625</ele>
        <time>2025-11-12T04:25:59.900000Z</time>
      </trkpt>
      <trkpt lat="34.22083551188898" lon="108.82840308430949">
        <ele>406.82739359047264</ele>
        <time>2025-11-12T04:26:00.900000Z</time>
      </trkpt>
      <trkpt lat="34.220822900830996" lon="108.82840272498031">
        <ele>406.8194275908172</ele>
        <time>2025-11-12T04:26:01.900000Z</time>
      </trkpt>
      <trkpt lat="34.220810317497374" lon="108.82840233076767">
        <ele>406.81076639704406</ele>
        <time>2025-11-12T04:26:02.900000Z</time>
      </trkpt>
      <trkpt lat="34.220797568974014" lon="108.82840180278042">
        <ele>406.79276388324797</ele>
        <time>2025-11-12T04:26:03.900000Z</time>
      </trkpt>
      <trkpt lat="34.22078434886338" lon="108.82840143040653">
        <ele>406.7691158102825</ele>
        <time>2025-11-12T04:26:04.900000Z</time>
      </trkpt>
      <trkpt lat="34.220771246855136" lon="108.82840119671857">
        <ele>406.7350867241621</ele>
        <time>2025-11-12T04:26:05.900000Z</time>
      </trkpt>
      <trkpt lat="34.22075845595812" lon="108.82840081810726">
        <ele>406.71419637463987</ele>
        <time>2025-11-12T04:26:06.900000Z</time>
      </trkpt>
      <trkpt lat="34.22074563548694" lon="108.8284001573863">
        <ele>406.69043128285557</ele>
        <time>2025-11-12T04:26:07.900000Z</time>
      </trkpt>
      <trkpt lat="34.22073302451791" lon="108.8283988866458">
        <ele>406.657352684997</ele>
        <time>2025-11-12T04:26:08.900000Z</time>
      </trkpt>
      <trkpt lat="34.220720624813104" lon="108.82839700635748">
        <ele>406.6224046321586</ele>
        <time>2025-11-12T04:26:09.900000Z</time>
      </trkpt>
      <trkpt lat="34.22070804378858" lon="108.8283949966686">
        <ele>406.5798234278336</ele>
        <time>2025-11-12T04:26:10.900000Z</time>
      </trkpt>
      <trkpt lat="34.22069508544636" lon="108.82839321863099">
        <ele>406.54066751897335</ele>
        <time>2025-11-12T04:26:11.900000Z</time>
      </trkpt>
      <trkpt lat="34.220682193735726" lon="108.82839211654887">
        <ele>406.5010484531522</ele>
        <time>2025-11-12T04:26:12.900000Z</time>
      </trkpt>
      <trkpt lat="34.22066897993524" lon="108.82839136008563">
        <ele>406.47378600016236</ele>
        <time>2025-11-12T04:26:13.900000Z</time>
      </trkpt>
      <trkpt lat="34.220655680126335" lon="108.82839021311534">
        <ele>406.46421792171896</ele>
        <time>2025-11-12T04:26:14.900000Z</time>
      </trkpt>
      <trkpt lat="34.220642613699525" lon="108.828388127533">
        <ele>406.4630090771243</ele>
        <time>2025-11-12T04:26:15.900000Z</time>
      </trkpt>
      <trkpt lat="34.220629673880424" lon="108.82838509553096">
        <ele>406.4714215109125</ele>
        <time>2025-11-12T04:26:16.900000Z</time>
      </trkpt>
      <trkpt lat="34.2206165024108" lon="108.8283819106722">
        <ele>406.4897713828832</ele>
        <time>2025-11-12T04:26:17.900000Z</time>
      </trkpt>
      <trkpt lat="34.220603227509145" lon="108.82837938580447">
        <ele>406.5181427123025</ele>
        <time>2025-11-12T04:26:18.900000Z</time>
      </trkpt>
      <trkpt lat="34.22059016718102" lon="108.82837764583378">
        <ele>406.5406075483188</ele>
        <time>2025-11-12T04:26:19.900000Z</time>
      </trkpt>
      <trkpt lat="34.22057712083664" lon="108.82837635339358">
        <ele>406.5702646104619</ele>
        <time>2025-11-12T04:26:20.900000Z</time>
      </trkpt>
      <trkpt lat="34.22056442253144" lon="108.82837539974926">
        <ele>406.5869604665786</ele>
        <time>2025-11-12T04:26:21.900000Z</time>
      </trkpt>
      <trkpt lat="34.22055172708275" lon="108.82837464322894">
        <ele>406.5870816074312</ele>
        <time>2025-11-12T04:26:22.900000Z</time>
      </trkpt>
      <trkpt lat="34.22053916371738" lon="108.82837401970512">
        <ele>406.5688784085214</ele>
        <time>2025-11-12T04:26:23.900000Z</time>
      </trkpt>
      <trkpt lat="34.22052685080488" lon="108.82837361207189">
        <ele>406.531521666795</ele>
        <time>2025-11-12T04:26:24.900000Z</time>
      </trkpt>
      <trkpt lat="34.220514965608714" lon="108.82837315538602">
        <ele>406.48427323810756</ele>
        <time>2025-11-12T04:26:25.900000Z</time>
      </trkpt>
      <trkpt lat="34.22050376501811" lon="108.82837245680396">
        <ele>406.42875853180885</ele>
        <time>2025-11-12T04:26:26.900000Z</time>
      </trkpt>
      <trkpt lat="34.220492546692775" lon="108.82837166246911">
        <ele>406.3592605832964</ele>
        <time>2025-11-12T04:26:27.900000Z</time>
      </trkpt>
      <trkpt lat="34.22048055603685" lon="108.82837032569579">
        <ele>406.2816993230954</ele>
        <time>2025-11-12T04:26:28.900000Z</time>
      </trkpt>
      <trkpt lat="34.22046844649045" lon="108.82836788235568">
        <ele>406.18397086206824</ele>
        <time>2025-11-12T04:26:29.900000Z</time>
      </trkpt>
      <trkpt lat="34.2204568197693" lon="108.82836440439752">
        <ele>406.06464334763587</ele>
        <time>2025-11-12T04:26:30.900000Z</time>
      </trkpt>
      <trkpt lat="34.22044587026149" lon="108.8283607092913">
        <ele>405.9410237343982</ele>
        <time>2025-11-12T04:26:31.900000Z</time>
      </trkpt>
      <trkpt lat="34.220435539284985" lon="108.82835831280886">
        <ele>405.78761460166425</ele>
        <time>2025-11-12T04:26:32.900000Z</time>
      </trkpt>
      <trkpt lat="34.220425375484716" lon="108.82835756508258">
        <ele>405.62833336926997</ele>
        <time>2025-11-12T04:26:33.900000Z</time>
      </trkpt>
      <trkpt lat="34.22041467318084" lon="108.82835691392211">
        <ele>405.47320852056146</ele>
        <time>2025-11-12T04:26:35Z</time>
      </trkpt>
      <trkpt lat="34.22040313595357" lon="108.82835541533689">
        <ele>405.327056244947</ele>
        <time>2025-11-12T04:26:36Z</time>
      </trkpt>
      <trkpt lat="34.22039124900563" lon="108.82835316629216">
        <ele>405.1937776589766</ele>
        <time>2025-11-12T04:26:37Z</time>
      </trkpt>
      <trkpt lat="34.22037942652286" lon="108.82835108400373">
        <ele>405.0690346620977</ele>
        <time>2025-11-12T04:26:38Z</time>
      </trkpt>
      <trkpt lat="34.22036766487603" lon="108.82834945559982">
        <ele>404.9613880151883</ele>
        <time>2025-11-12T04:26:39Z</time>
      </trkpt>
      <trkpt lat="34.220355898510945" lon="108.8283477362671">
        <ele>404.8601810215041</ele>
        <time>2025-11-12T04:26:40Z</time>
      </trkpt>
      <trkpt lat="34.22034361384313" lon="108.82834581711256">
        <ele>404.77325649000704</ele>
        <time>2025-11-12T04:26:41Z</time>
      </trkpt>
      <trkpt lat="34.220331209992914" lon="108.82834398741731">
        <ele>404.69029220286757</ele>
        <time>2025-11-12T04:26:42Z</time>
      </trkpt>
      <trkpt lat="34.22031904541838" lon="108.82834220602192">
        <ele>404.61714656930417</ele>
        <time>2025-11-12T04:26:43Z</time>
      </trkpt>
      <trkpt lat="34.220306698249225" lon="108.82834074151158">
        <ele>404.5549790440127</ele>
        <time>2025-11-12T04:26:44Z</time>
      </trkpt>
      <trkpt lat="34.22029422889718" lon="108.82833943677645">
        <ele>404.5094510773197</ele>
        <time>2025-11-12T04:26:45Z</time>
      </trkpt>
      <trkpt lat="34.22028220575064" lon="108.82833795619761">
        <ele>404.47929241135716</ele>
        <time>2025-11-12T04:26:46Z</time>
      </trkpt>
      <trkpt lat="34.22027073684231" lon="108.82833732826819">
        <ele>404.46593673340976</ele>
        <time>2025-11-12T04:26:47Z</time>
      </trkpt>
      <trkpt lat="34.22025957579236" lon="108.82833859368124">
        <ele>404.45767978951335</ele>
        <time>2025-11-12T04:26:48Z</time>
      </trkpt>
      <trkpt lat="34.22024876954425" lon="108.82834161314409">
        <ele>404.44500387553126</ele>
        <time>2025-11-12T04:26:49Z</time>
      </trkpt>
      <trkpt lat="34.22023757472987" lon="108.82834549219476">
        <ele>404.4365709805861</ele>
        <time>2025-11-12T04:26:50Z</time>
      </trkpt>
      <trkpt lat="34.220225359518444" lon="108.82834990181925">
        <ele>404.4243614953011</ele>
        <time>2025-11-12T04:26:51Z</time>
      </trkpt>
      <trkpt lat="34.2202126834429" lon="108.82835427258317">
        <ele>404.407012228854</ele>
        <time>2025-11-12T04:26:51.900000Z</time>
      </trkpt>
      <trkpt lat="34.22019981814691" lon="108.82835804193424">
        <ele>404.3891669251025</ele>
        <time>2025-11-12T04:26:52.900000Z</time>
      </trkpt>
      <trkpt lat="34.22018640882583" lon="108.82836179473188">
        <ele>404.3710990585387</ele>
        <time>2025-11-12T04:26:53.900000Z</time>
      </trkpt>
      <trkpt lat="34.22017289016517" lon="108.82836541152386">
        <ele>404.3526684176177</ele>
        <time>2025-11-12T04:26:54.900000Z</time>
      </trkpt>
      <trkpt lat="34.22015918304601" lon="108.82836898033021">
        <ele>404.33291700389236</ele>
        <time>2025-11-12T04:26:55.900000Z</time>
      </trkpt>
      <trkpt lat="34.22014459658428" lon="108.82837324440841">
        <ele>404.3115958739072</ele>
        <time>2025-11-12T04:26:56.900000Z</time>
      </trkpt>
      <trkpt lat="34.22013032273757" lon="108.82837779188803">
        <ele>404.2979848254472</ele>
        <time>2025-11-12T04:26:57.900000Z</time>
      </trkpt>
      <trkpt lat="34.22011707878002" lon="108.82838208625353">
        <ele>404.27951834723353</ele>
        <time>2025-11-12T04:26:58.900000Z</time>
      </trkpt>
      <trkpt lat="34.220104378197746" lon="108.82838545837103">
        <ele>404.25720885116607</ele>
        <time>2025-11-12T04:26:59.900000Z</time>
      </trkpt>
      <trkpt lat="34.22009208603435" lon="108.82838747161041">
        <ele>404.2310240846127</ele>
        <time>2025-11-12T04:27:00.900000Z</time>
      </trkpt>
      <trkpt lat="34.220079374022994" lon="108.82838869885293">
        <ele>404.20310515072197</ele>
        <time>2025-11-12T04:27:01.900000Z</time>
      </trkpt>
      <trkpt lat="34.22006581788519" lon="108.82838949475152">
        <ele>404.1780040394515</ele>
        <time>2025-11-12T04:27:02.900000Z</time>
      </trkpt>
      <trkpt lat="34.2200523198798" lon="108.82838982800419">
        <ele>404.1477363361046</ele>
        <time>2025-11-12T04:27:03.900000Z</time>
      </trkpt>
      <trkpt lat="34.22003922783407" lon="108.8283900780852">
        <ele>404.1238563358784</ele>
        <time>2025-11-12T04:27:04.900000Z</time>
      </trkpt>
      <trkpt lat="34.22002637717446" lon="108.82839102959419">
        <ele>404.09309681504965</ele>
        <time>2025-11-12T04:27:05.900000Z</time>
      </trkpt>
      <trkpt lat="34.2200139772992" lon="108.82839278197306">
        <ele>404.0581298582256</ele>
        <time>2025-11-12T04:27:06.900000Z</time>
      </trkpt>
      <trkpt lat="34.22000145952484" lon="108.82839503567826">
        <ele>404.0241632638499</ele>
        <time>2025-11-12T04:27:07.900000Z</time>
      </trkpt>
      <trkpt lat="34.219988890173184" lon="108.82839735405227">
        <ele>403.98955237306654</ele>
        <time>2025-11-12T04:27:08.900000Z</time>
      </trkpt>
      <trkpt lat="34.2199770265879" lon="108.82839916962563">
        <ele>403.95694749616086</ele>
        <time>2025-11-12T04:27:09.900000Z</time>
      </trkpt>
      <trkpt lat="34.21996618514133" lon="108.82839974188835">
        <ele>403.91326733026654</ele>
        <time>2025-11-12T04:27:10.900000Z</time>
      </trkpt>
      <trkpt lat="34.21995650630391" lon="108.82839876958859">
        <ele>403.8557037310675</ele>
        <time>2025-11-12T04:27:11.900000Z</time>
      </trkpt>
      <trkpt lat="34.21994725441753" lon="108.82839571316227">
        <ele>403.782919684425</ele>
        <time>2025-11-12T04:27:12.900000Z</time>
      </trkpt>
      <trkpt lat="34.21993749557709" lon="108.82839079829485">
        <ele>403.7084811627865</ele>
        <time>2025-11-12T04:27:13.900000Z</time>
      </trkpt>
      <trkpt lat="34.2199269207798" lon="108.82838497959598">
        <ele>403.6276744622737</ele>
        <time>2025-11-12T04:27:14.900000Z</time>
      </trkpt>
      <trkpt lat="34.219915877985066" lon="108.82837886907515">
        <ele>403.5512574072927</ele>
        <time>2025-11-12T04:27:15.900000Z</time>
      </trkpt>
      <trkpt lat="34.21990497718442" lon="108.82837377837096">
        <ele>403.4848537147045</ele>
        <time>2025-11-12T04:27:16.900000Z</time>
      </trkpt>
      <trkpt lat="34.21989445980346" lon="108.82837034909372">
        <ele>403.41901010274887</ele>
        <time>2025-11-12T04:27:17.900000Z</time>
      </trkpt>
      <trkpt lat="34.2198839811631" lon="108.8283677257819">
        <ele>403.3571748137474</ele>
        <time>2025-11-12T04:27:18.900000Z</time>
      </trkpt>
      <trkpt lat="34.21987277346" lon="108.82836476788326">
        <ele>403.27685303334147</ele>
        <time>2025-11-12T04:27:19.900000Z</time>
      </trkpt>
      <trkpt lat="34.21986060648288" lon="108.82836130389016">
        <ele>403.1955928793177</ele>
        <time>2025-11-12T04:27:20.900000Z</time>
      </trkpt>
      <trkpt lat="34.219847695472254" lon="108.82835827532392">
        <ele>403.1175718018785</ele>
        <time>2025-11-12T04:27:21.900000Z</time>
      </trkpt>
      <trkpt lat="34.219834435987806" lon="108.8283561402441">
        <ele>403.0450460873544</ele>
        <time>2025-11-12T04:27:22.900000Z</time>
      </trkpt>
      <trkpt lat="34.21982122478769" lon="108.82835426241674">
        <ele>402.9944580057636</ele>
        <time>2025-11-12T04:27:23.900000Z</time>
      </trkpt>
      <trkpt lat="34.2198082586495" lon="108.82835216797281">
        <ele>402.9445769833401</ele>
        <time>2025-11-12T04:27:24.900000Z</time>
      </trkpt>
      <trkpt lat="34.219795823687235" lon="108.82834973217552">
        <ele>402.8985683824867</ele>
        <time>2025-11-12T04:27:25.900000Z</time>
      </trkpt>
      <trkpt lat="34.21978333817471" lon="108.82834660256572">
        <ele>402.8530448284</ele>
        <time>2025-11-12T04:27:26.900000Z</time>
      </trkpt>
      <trkpt lat="34.21976993452403" lon="108.82834248273909">
        <ele>402.83149905037135</ele>
        <time>2025-11-12T04:27:27.900000Z</time>
      </trkpt>
      <trkpt lat="34.21975579595926" lon="108.82833788667043">
        <ele>402.8190030353144</ele>
        <time>2025-11-12T04:27:28.900000Z</time>
      </trkpt>
      <trkpt lat="34.21974158174247" lon="108.82833401513867">
        <ele>402.8242931365967</ele>
        <time>2025-11-12T04:27:29.900000Z</time>
      </trkpt>
      <trkpt lat="34.219728145075074" lon="108.82833151212964">
        <ele>402.83721461333334</ele>
        <time>2025-11-12T04:27:30.900000Z</time>
      </trkpt>
      <trkpt lat="34.21971602025722" lon="108.82832967205486">
        <ele>402.8554907897487</ele>
        <time>2025-11-12T04:27:31.900000Z</time>
      </trkpt>
      <trkpt lat="34.21970438472438" lon="108.82832794072438">
        <ele>402.88684639614075</ele>
        <time>2025-11-12T04:27:32.900000Z</time>
      </trkpt>
      <trkpt lat="34.219692113916565" lon="108.82832655129234">
        <ele>402.93758490961045</ele>
        <time>2025-11-12T04:27:33.900000Z</time>
      </trkpt>
      <trkpt lat="34.21967899399028" lon="108.82832507486071">
        <ele>402.99137379135936</ele>
        <time>2025-11-12T04:27:34.900000Z</time>
      </trkpt>
      <trkpt lat="34.219664934267826" lon="108.8283221799182">
        <ele>403.06013442669064</ele>
        <time>2025-11-12T04:27:35.900000Z</time>
      </trkpt>
      <trkpt lat="34.2196511117586" lon="108.82831776287468">
        <ele>403.14357574936</ele>
        <time>2025-11-12T04:27:36.900000Z</time>
      </trkpt>
      <trkpt lat="34.21963830334426" lon="108.82831292162057">
        <ele>403.2249368811026</ele>
        <time>2025-11-12T04:27:37.900000Z</time>
      </trkpt>
      <trkpt lat="34.21962551309977" lon="108.82830864861369">
        <ele>403.30917571112514</ele>
        <time>2025-11-12T04:27:38.900000Z</time>
      </trkpt>
      <trkpt lat="34.21961241955908" lon="108.82830553424326">
        <ele>403.3925263741985</ele>
        <time>2025-11-12T04:27:39.900000Z</time>
      </trkpt>
      <trkpt lat="34.21959939294122" lon="108.82830339382556">
        <ele>403.48291985690594</ele>
        <time>2025-11-12T04:27:40.900000Z</time>
      </trkpt>
      <trkpt lat="34.219586718290635" lon="108.82830166956222">
        <ele>403.5581156183034</ele>
        <time>2025-11-12T04:27:41.900000Z</time>
      </trkpt>
      <trkpt lat="34.21957388744761" lon="108.82829986388145">
        <ele>403.6185608264059</ele>
        <time>2025-11-12T04:27:42.900000Z</time>
      </trkpt>
      <trkpt lat="34.21956019334483" lon="108.82829787784742">
        <ele>403.6670732749626</ele>
        <time>2025-11-12T04:27:43.900000Z</time>
      </trkpt>
      <trkpt lat="34.219545722217894" lon="108.82829638826259">
        <ele>403.7142388848588</ele>
        <time>2025-11-12T04:27:44.900000Z</time>
      </trkpt>
      <trkpt lat="34.2195309307913" lon="108.82829588017638">
        <ele>403.7651521610096</ele>
        <time>2025-11-12T04:27:45.900000Z</time>
      </trkpt>
      <trkpt lat="34.21951648261541" lon="108.82829677685214">
        <ele>403.81432144809514</ele>
        <time>2025-11-12T04:27:46.900000Z</time>
      </trkpt>
      <trkpt lat="34.219502959822236" lon="108.82829905196739">
        <ele>403.85714509524405</ele>
        <time>2025-11-12T04:27:47.900000Z</time>
      </trkpt>
      <trkpt lat="34.21949013279824" lon="108.82830217687885">
        <ele>403.8848121250048</ele>
        <time>2025-11-12T04:27:48.900000Z</time>
      </trkpt>
      <trkpt lat="34.21947754933663" lon="108.82830547206908">
        <ele>403.90934867132455</ele>
        <time>2025-11-12T04:27:49.900000Z</time>
      </trkpt>
      <trkpt lat="34.21946514832736" lon="108.8283080469576">
        <ele>403.9433364532888</ele>
        <time>2025-11-12T04:27:50.900000Z</time>
      </trkpt>
      <trkpt lat="34.219453458436256" lon="108.82830970299572">
        <ele>403.9653269145638</ele>
        <time>2025-11-12T04:27:51.900000Z</time>
      </trkpt>
      <trkpt lat="34.219442280184474" lon="108.82831064922551">
        <ele>403.97789783682674</ele>
        <time>2025-11-12T04:27:52.900000Z</time>
      </trkpt>
      <trkpt lat="34.21943094500581" lon="108.82831137404706">
        <ele>403.98899302538484</ele>
        <time>2025-11-12T04:27:53.900000Z</time>
      </trkpt>
      <trkpt lat="34.21941912626262" lon="108.82831244751591">
        <ele>404.0079752858728</ele>
        <time>2025-11-12T04:27:54.900000Z</time>
      </trkpt>
      <trkpt lat="34.219406966739626" lon="108.82831385992093">
        <ele>404.02420106716454</ele>
        <time>2025-11-12T04:27:55.900000Z</time>
      </trkpt>
      <trkpt lat="34.21939433566661" lon="108.82831551052644">
        <ele>404.0469323238358</ele>
        <time>2025-11-12T04:27:56.900000Z</time>
      </trkpt>
      <trkpt lat="34.21938118437236" lon="108.82831709419577">
        <ele>404.0637227986008</ele>
        <time>2025-11-12T04:27:57.900000Z</time>
      </trkpt>
      <trkpt lat="34.219367398826975" lon="108.82831810835826">
        <ele>404.0820794617757</ele>
        <time>2025-11-12T04:27:58.900000Z</time>
      </trkpt>
      <trkpt lat="34.219352940226536" lon="108.82831784586959">
        <ele>404.10151158086956</ele>
        <time>2025-11-12T04:27:59.900000Z</time>
      </trkpt>
      <trkpt lat="34.21933874032494" lon="108.82831644385938">
        <ele>404.1098996512592</ele>
        <time>2025-11-12T04:28:00.900000Z</time>
      </trkpt>
      <trkpt lat="34.21932529224094" lon="108.82831557459502">
        <ele>404.1207912778482</ele>
        <time>2025-11-12T04:28:01.900000Z</time>
      </trkpt>
      <trkpt lat="34.219312060745956" lon="108.82831631021423">
        <ele>404.1328785410151</ele>
        <time>2025-11-12T04:28:02.900000Z</time>
      </trkpt>
      <trkpt lat="34.219299212561836" lon="108.82831824642905">
        <ele>404.15576472505927</ele>
        <time>2025-11-12T04:28:03.900000Z</time>
      </trkpt>
      <trkpt lat="34.219287404632055" lon="108.82832043771133">
        <ele>404.18207157496363</ele>
        <time>2025-11-12T04:28:04.900000Z</time>
      </trkpt>
      <trkpt lat="34.21927668918076" lon="108.82832226338857">
        <ele>404.21183017641306</ele>
        <time>2025-11-12T04:28:05.900000Z</time>
      </trkpt>
      <trkpt lat="34.21926603826611" lon="108.82832343942536">
        <ele>404.24369475152344</ele>
        <time>2025-11-12T04:28:06.900000Z</time>
      </trkpt>
      <trkpt lat="34.21925439425804" lon="108.82832372278932">
        <ele>404.31163446977735</ele>
        <time>2025-11-12T04:28:07.900000Z</time>
      </trkpt>
      <trkpt lat="34.21924205936719" lon="108.82832306013984">
        <ele>404.41163288708776</ele>
        <time>2025-11-12T04:28:08.900000Z</time>
      </trkpt>
      <trkpt lat="34.21922982720109" lon="108.82832165150073">
        <ele>404.5371720958501</ele>
        <time>2025-11-12T04:28:09.900000Z</time>
      </trkpt>
      <trkpt lat="34.2192178632755" lon="108.8283194706756">
        <ele>404.6800015550107</ele>
        <time>2025-11-12T04:28:10.900000Z</time>
      </trkpt>
      <trkpt lat="34.219206350693185" lon="108.82831617735697">
        <ele>404.8308894345537</ele>
        <time>2025-11-12T04:28:11.900000Z</time>
      </trkpt>
      <trkpt lat="34.2191952642525" lon="108.82831190018764">
        <ele>404.9948540646583</ele>
        <time>2025-11-12T04:28:12.900000Z</time>
      </trkpt>
      <trkpt lat="34.21918451461996" lon="108.82830681121278">
        <ele>405.1765924328938</ele>
        <time>2025-11-12T04:28:13.900000Z</time>
      </trkpt>
      <trkpt lat="34.219174142762554" lon="108.82830088453392">
        <ele>405.38443871680647</ele>
        <time>2025-11-12T04:28:14.900000Z</time>
      </trkpt>
      <trkpt lat="34.219164087145074" lon="108.82829465793178">
        <ele>405.59670276846737</ele>
        <time>2025-11-12T04:28:15.900000Z</time>
      </trkpt>
      <trkpt lat="34.21915420700446" lon="108.82828855811555">
        <ele>405.81442670710385</ele>
        <time>2025-11-12T04:28:16.900000Z</time>
      </trkpt>
      <trkpt lat="34.21914388182427" lon="108.82828242549319">
        <ele>406.03068798035383</ele>
        <time>2025-11-12T04:28:17.900000Z</time>
      </trkpt>
      <trkpt lat="34.21913304556179" lon="108.82827628346875">
        <ele>406.22786648292094</ele>
        <time>2025-11-12T04:28:18.900000Z</time>
      </trkpt>
      <trkpt lat="34.2191223489374" lon="108.82827051507077">
        <ele>406.4024969842285</ele>
        <time>2025-11-12T04:28:19.900000Z</time>
      </trkpt>
      <trkpt lat="34.21911186881979" lon="108.82826559100738">
        <ele>406.5595853300765</ele>
        <time>2025-11-12T04:28:20.900000Z</time>
      </trkpt>
      <trkpt lat="34.2191011463693" lon="108.82826149676826">
        <ele>406.68884051498026</ele>
        <time>2025-11-12T04:28:21.900000Z</time>
      </trkpt>
      <trkpt lat="34.21908992280919" lon="108.82825789638899">
        <ele>406.79107578564435</ele>
        <time>2025-11-12T04:28:22.900000Z</time>
      </trkpt>
      <trkpt lat="34.21907796000051" lon="108.82825445999991">
        <ele>406.85460886359215</ele>
        <time>2025-11-12T04:28:23.900000Z</time>
      </trkpt>
      <trkpt lat="34.21906488072543" lon="108.82825127939473">
        <ele>406.8880449840799</ele>
        <time>2025-11-12T04:28:24.900000Z</time>
      </trkpt>
      <trkpt lat="34.2190509907606" lon="108.82824903512589">
        <ele>406.888563898392</ele>
        <time>2025-11-12T04:28:25.900000Z</time>
      </trkpt>
      <trkpt lat="34.21903668527622" lon="108.82824824381167">
        <ele>406.8566996352747</ele>
        <time>2025-11-12T04:28:26.900000Z</time>
      </trkpt>
      <trkpt lat="34.21902288854352" lon="108.82824817701523">
        <ele>406.80885626003146</ele>
        <time>2025-11-12T04:28:27.900000Z</time>
      </trkpt>
      <trkpt lat="34.21901033471304" lon="108.8282489287862">
        <ele>406.7334233401343</ele>
        <time>2025-11-12T04:28:28.900000Z</time>
      </trkpt>
      <trkpt lat="34.21899826931349" lon="108.82825056131355">
        <ele>406.64221695251763</ele>
        <time>2025-11-12T04:28:29.900000Z</time>
      </trkpt>
      <trkpt lat="34.21898580333811" lon="108.8282519237436">
        <ele>406.5431880662218</ele>
        <time>2025-11-12T04:28:30.900000Z</time>
      </trkpt>
      <trkpt lat="34.21897233742866" lon="108.8282525984151">
        <ele>406.42955229245126</ele>
        <time>2025-11-12T04:28:31.900000Z</time>
      </trkpt>
      <trkpt lat="34.21895815898812" lon="108.82825285578332">
        <ele>406.30951665341854</ele>
        <time>2025-11-12T04:28:32.900000Z</time>
      </trkpt>
      <trkpt lat="34.21894396495111" lon="108.82825288101154">
        <ele>406.1669008694589</ele>
        <time>2025-11-12T04:28:33.900000Z</time>
      </trkpt>
      <trkpt lat="34.218929916839386" lon="108.82825237662634">
        <ele>406.0398979531601</ele>
        <time>2025-11-12T04:28:34.900000Z</time>
      </trkpt>
      <trkpt lat="34.218915207783866" lon="108.8282515555448">
        <ele>405.9298471240327</ele>
        <time>2025-11-12T04:28:35.900000Z</time>
      </trkpt>
      <trkpt lat="34.2188999111969" lon="108.82825103045585">
        <ele>405.82185389474034</ele>
        <time>2025-11-12T04:28:36.900000Z</time>
      </trkpt>
      <trkpt lat="34.21888460332885" lon="108.82825130318999">
        <ele>405.7253139009699</ele>
        <time>2025-11-12T04:28:37.900000Z</time>
      </trkpt>
      <trkpt lat="34.21886957936414" lon="108.82825211220047">
        <ele>405.63625879306346</ele>
        <time>2025-11-12T04:28:38.900000Z</time>
      </trkpt>
      <trkpt lat="34.218854826565966" lon="108.82825298809">
        <ele>405.54786432534456</ele>
        <time>2025-11-12T04:28:39.900000Z</time>
      </trkpt>
      <trkpt lat="34.2188398106586" lon="108.82825335676918">
        <ele>405.4613196281716</ele>
        <time>2025-11-12T04:28:41Z</time>
      </trkpt>
      <trkpt lat="34.21882554555568" lon="108.82825278973783">
        <ele>405.3773368736729</ele>
        <time>2025-11-12T04:28:42Z</time>
      </trkpt>
      <trkpt lat="34.21881194674872" lon="108.82825134155064">
        <ele>405.2969941524789</ele>
        <time>2025-11-12T04:28:43Z</time>
      </trkpt>
      <trkpt lat="34.21879874980564" lon="108.82824901775282">
        <ele>405.22226632013917</ele>
        <time>2025-11-12T04:28:44Z</time>
      </trkpt>
      <trkpt lat="34.218786524767694" lon="108.82824627748418">
        <ele>405.1597653143108</ele>
        <time>2025-11-12T04:28:45Z</time>
      </trkpt>
      <trkpt lat="34.21877465028162" lon="108.82824436272422">
        <ele>405.0994419930503</ele>
        <time>2025-11-12T04:28:46Z</time>
      </trkpt>
      <trkpt lat="34.218762677736294" lon="108.82824377108017">
        <ele>405.0548981586471</ele>
        <time>2025-11-12T04:28:47Z</time>
      </trkpt>
      <trkpt lat="34.21875060578068" lon="108.82824420038098">
        <ele>405.0132058560848</ele>
        <time>2025-11-12T04:28:48Z</time>
      </trkpt>
      <trkpt lat="34.218738099578786" lon="108.82824464896754">
        <ele>404.95962295494974</ele>
        <time>2025-11-12T04:28:48.900000Z</time>
      </trkpt>
      <trkpt lat="34.21872537374391" lon="108.8282448194224">
        <ele>404.89505855180323</ele>
        <time>2025-11-12T04:28:50Z</time>
      </trkpt>
      <trkpt lat="34.21871292870172" lon="108.82824521801689">
        <ele>404.82762197684497</ele>
        <time>2025-11-12T04:28:51Z</time>
      </trkpt>
      <trkpt lat="34.21870045051399" lon="108.82824559046014">
        <ele>404.7413278790191</ele>
        <time>2025-11-12T04:28:51.900000Z</time>
      </trkpt>
      <trkpt lat="34.21868731652918" lon="108.82824602447123">
        <ele>404.66649467498064</ele>
        <time>2025-11-12T04:28:52.900000Z</time>
      </trkpt>
      <trkpt lat="34.21867394424588" lon="108.82824669908203">
        <ele>404.60772420838475</ele>
        <time>2025-11-12T04:28:54Z</time>
      </trkpt>
      <trkpt lat="34.21866119697117" lon="108.82824787507656">
        <ele>404.5528369778767</ele>
        <time>2025-11-12T04:28:54.900000Z</time>
      </trkpt>
      <trkpt lat="34.218648597990786" lon="108.8282502071565">
        <ele>404.5050540966913</ele>
        <time>2025-11-12T04:28:55.900000Z</time>
      </trkpt>
      <trkpt lat="34.21863631735321" lon="108.82825287960401">
        <ele>404.4413575101644</ele>
        <time>2025-11-12T04:28:56.900000Z</time>
      </trkpt>
      <trkpt lat="34.218624242113584" lon="108.8282553483536">
        <ele>404.38296862877905</ele>
        <time>2025-11-12T04:28:57.900000Z</time>
      </trkpt>
      <trkpt lat="34.21861145666312" lon="108.82825739448">
        <ele>404.32312101405114</ele>
        <time>2025-11-12T04:28:58.900000Z</time>
      </trkpt>
      <trkpt lat="34.21859854780139" lon="108.82825835503513">
        <ele>404.2540641836822</ele>
        <time>2025-11-12T04:28:59.900000Z</time>
      </trkpt>
      <trkpt lat="34.21858614167308" lon="108.82825846959652">
        <ele>404.176236952655</ele>
        <time>2025-11-12T04:29:00.900000Z</time>
      </trkpt>
      <trkpt lat="34.218573805276" lon="108.82825854574884">
        <ele>404.0946873538196</ele>
        <time>2025-11-12T04:29:01.900000Z</time>
      </trkpt>
      <trkpt lat="34.21856102488144" lon="108.82825902662553">
        <ele>404.0117715727538</ele>
        <time>2025-11-12T04:29:02.900000Z</time>
      </trkpt>
      <trkpt lat="34.218548267447815" lon="108.82826009324707">
        <ele>403.9443192500621</ele>
        <time>2025-11-12T04:29:03.900000Z</time>
      </trkpt>
      <trkpt lat="34.21853585294212" lon="108.82826274663284">
        <ele>403.89180849213153</ele>
        <time>2025-11-12T04:29:04.900000Z</time>
      </trkpt>
      <trkpt lat="34.21852366621245" lon="108.82826795532128">
        <ele>403.8460198780522</ele>
        <time>2025-11-12T04:29:05.900000Z</time>
      </trkpt>
      <trkpt lat="34.218512668795405" lon="108.82827590983362">
        <ele>403.80651421751827</ele>
        <time>2025-11-12T04:29:06.900000Z</time>
      </trkpt>
      <trkpt lat="34.21850516054871" lon="108.82828826160947">
        <ele>403.7798103876412</ele>
        <time>2025-11-12T04:29:07.900000Z</time>
      </trkpt>
      <trkpt lat="34.218503053431604" lon="108.82830397655755">
        <ele>403.7656161785126</ele>
        <time>2025-11-12T04:29:08.900000Z</time>
      </trkpt>
      <trkpt lat="34.21850457245131" lon="108.82832006989926">
        <ele>403.7677435455844</ele>
        <time>2025-11-12T04:29:09.900000Z</time>
      </trkpt>
      <trkpt lat="34.21850672390709" lon="108.828335297293">
        <ele>403.773550205864</ele>
        <time>2025-11-12T04:29:10.900000Z</time>
      </trkpt>
      <trkpt lat="34.21850856763935" lon="108.82834884064947">
        <ele>403.782167872414</ele>
        <time>2025-11-12T04:29:11.900000Z</time>
      </trkpt>
      <trkpt lat="34.218509575808206" lon="108.82836149497393">
        <ele>403.80608940217644</ele>
        <time>2025-11-12T04:29:12.900000Z</time>
      </trkpt>
      <trkpt lat="34.218509376537504" lon="108.82837478023883">
        <ele>403.84096926636994</ele>
        <time>2025-11-12T04:29:13.900000Z</time>
      </trkpt>
      <trkpt lat="34.21850828817002" lon="108.82838943141894">
        <ele>403.8835919043049</ele>
        <time>2025-11-12T04:29:14.900000Z</time>
      </trkpt>
      <trkpt lat="34.218506655690014" lon="108.82840485324431">
        <ele>403.94889991078526</ele>
        <time>2025-11-12T04:29:15.900000Z</time>
      </trkpt>
      <trkpt lat="34.218504657395385" lon="108.82842058621358">
        <ele>404.03207671362907</ele>
        <time>2025-11-12T04:29:16.900000Z</time>
      </trkpt>
      <trkpt lat="34.2185024970831" lon="108.82843633605022">
        <ele>404.1064528329298</ele>
        <time>2025-11-12T04:29:17.900000Z</time>
      </trkpt>
      <trkpt lat="34.21849988335989" lon="108.82845189170236">
        <ele>404.1941304542124</ele>
        <time>2025-11-12T04:29:18.900000Z</time>
      </trkpt>
      <trkpt lat="34.218496803582944" lon="108.82846768206235">
        <ele>404.2770970761776</ele>
        <time>2025-11-12T04:29:19.900000Z</time>
      </trkpt>
      <trkpt lat="34.21849382785614" lon="108.8284841198197">
        <ele>404.3338255221024</ele>
        <time>2025-11-12T04:29:20.900000Z</time>
      </trkpt>
      <trkpt lat="34.21849089694691" lon="108.8285010832322">
        <ele>404.37339575681835</ele>
        <time>2025-11-12T04:29:21.900000Z</time>
      </trkpt>
      <trkpt lat="34.21848796863704" lon="108.82851758100959">
        <ele>404.4174076458439</ele>
        <time>2025-11-12T04:29:22.900000Z</time>
      </trkpt>
      <trkpt lat="34.21848512801499" lon="108.82853371019888">
        <ele>404.4461213964969</ele>
        <time>2025-11-12T04:29:23.900000Z</time>
      </trkpt>
      <trkpt lat="34.21848255992315" lon="108.82855026906077">
        <ele>404.468330883421</ele>
        <time>2025-11-12T04:29:24.900000Z</time>
      </trkpt>
      <trkpt lat="34.218480518875616" lon="108.82856681803929">
        <ele>404.48461001645774</ele>
        <time>2025-11-12T04:29:25.900000Z</time>
      </trkpt>
      <trkpt lat="34.21847902258703" lon="108.82858301217324">
        <ele>404.485353179276</ele>
        <time>2025-11-12T04:29:26.900000Z</time>
      </trkpt>
      <trkpt lat="34.218478046318374" lon="108.828598282779">
        <ele>404.4762741057202</ele>
        <time>2025-11-12T04:29:27.900000Z</time>
      </trkpt>
      <trkpt lat="34.21847745361179" lon="108.82861206516884">
        <ele>404.4584269048646</ele>
        <time>2025-11-12T04:29:28.900000Z</time>
      </trkpt>
      <trkpt lat="34.21847679235529" lon="108.828625276446">
        <ele>404.43386965058744</ele>
        <time>2025-11-12T04:29:29.900000Z</time>
      </trkpt>
      <trkpt lat="34.21847597120564" lon="108.82863917249954">
        <ele>404.404258816503</ele>
        <time>2025-11-12T04:29:30.900000Z</time>
      </trkpt>
      <trkpt lat="34.21847518397784" lon="108.82865405957374">
        <ele>404.37595685664564</ele>
        <time>2025-11-12T04:29:31.900000Z</time>
      </trkpt>
      <trkpt lat="34.21847394358821" lon="108.82866939715136">
        <ele>404.34264806006104</ele>
        <time>2025-11-12T04:29:32.900000Z</time>
      </trkpt>
      <trkpt lat="34.21847217087753" lon="108.82868511174195">
        <ele>404.3142505567521</ele>
        <time>2025-11-12T04:29:33.900000Z</time>
      </trkpt>
      <trkpt lat="34.218470366308104" lon="108.82870155423223">
        <ele>404.2961002336815</ele>
        <time>2025-11-12T04:29:34.900000Z</time>
      </trkpt>
      <trkpt lat="34.21846876681088" lon="108.82871836663443">
        <ele>404.28830210492015</ele>
        <time>2025-11-12T04:29:35.900000Z</time>
      </trkpt>
      <trkpt lat="34.21846756061908" lon="108.82873478213658">
        <ele>404.2952889315784</ele>
        <time>2025-11-12T04:29:36.900000Z</time>
      </trkpt>
      <trkpt lat="34.21846728880948" lon="108.82875111638616">
        <ele>404.3247130466625</ele>
        <time>2025-11-12T04:29:37.900000Z</time>
      </trkpt>
      <trkpt lat="34.218467700701254" lon="108.82876783054557">
        <ele>404.3611830882728</ele>
        <time>2025-11-12T04:29:38.900000Z</time>
      </trkpt>
      <trkpt lat="34.21846818516845" lon="108.82878447835306">
        <ele>404.4115043338388</ele>
        <time>2025-11-12T04:29:39.900000Z</time>
      </trkpt>
      <trkpt lat="34.21846869681886" lon="108.82880059398423">
        <ele>404.46455584373325</ele>
        <time>2025-11-12T04:29:40.900000Z</time>
      </trkpt>
      <trkpt lat="34.218469597394936" lon="108.82881591061643">
        <ele>404.52424629591405</ele>
        <time>2025-11-12T04:29:41.900000Z</time>
      </trkpt>
      <trkpt lat="34.218470924618416" lon="108.82883112925033">
        <ele>404.601744055748</ele>
        <time>2025-11-12T04:29:42.900000Z</time>
      </trkpt>
      <trkpt lat="34.218472473465475" lon="108.82884696452592">
        <ele>404.6863422328606</ele>
        <time>2025-11-12T04:29:43.900000Z</time>
      </trkpt>
      <trkpt lat="34.21847385101144" lon="108.82886313443706">
        <ele>404.7786514759064</ele>
        <time>2025-11-12T04:29:44.900000Z</time>
      </trkpt>
      <trkpt lat="34.218474383089735" lon="108.82887896156986">
        <ele>404.8861897457391</ele>
        <time>2025-11-12T04:29:45.900000Z</time>
      </trkpt>
      <trkpt lat="34.21847373087918" lon="108.82889464675418">
        <ele>405.00413221586496</ele>
        <time>2025-11-12T04:29:46.900000Z</time>
      </trkpt>
      <trkpt lat="34.21847194202936" lon="108.82891114352442">
        <ele>405.1415154719725</ele>
        <time>2025-11-12T04:29:47.900000Z</time>
      </trkpt>
      <trkpt lat="34.21846953496861" lon="108.82892812764547">
        <ele>405.29445496108383</ele>
        <time>2025-11-12T04:29:48.900000Z</time>
      </trkpt>
      <trkpt lat="34.2184664582702" lon="108.82894504113088">
        <ele>405.4429834894836</ele>
        <time>2025-11-12T04:29:49.900000Z</time>
      </trkpt>
      <trkpt lat="34.21846242116317" lon="108.8289621538576">
        <ele>405.58531976491213</ele>
        <time>2025-11-12T04:29:50.900000Z</time>
      </trkpt>
      <trkpt lat="34.218458047129324" lon="108.82897901085035">
        <ele>405.72460540849715</ele>
        <time>2025-11-12T04:29:51.900000Z</time>
      </trkpt>
      <trkpt lat="34.21845325372072" lon="108.8289959884679">
        <ele>405.8759902631864</ele>
        <time>2025-11-12T04:29:52.900000Z</time>
      </trkpt>
      <trkpt lat="34.218447735472715" lon="108.8290131992668">
        <ele>406.0157922031358</ele>
        <time>2025-11-12T04:29:53.900000Z</time>
      </trkpt>
      <trkpt lat="34.21844185512794" lon="108.82903005321316">
        <ele>406.13981325086206</ele>
        <time>2025-11-12T04:29:54.900000Z</time>
      </trkpt>
      <trkpt lat="34.218436336140144" lon="108.8290469061141">
        <ele>406.28560782037675</ele>
        <time>2025-11-12T04:29:55.900000Z</time>
      </trkpt>
      <trkpt lat="34.218431916773994" lon="108.82906369891332">
        <ele>406.43233217671514</ele>
        <time>2025-11-12T04:29:56.900000Z</time>
      </trkpt>
      <trkpt lat="34.21842883155615" lon="108.82907948778438">
        <ele>406.54494271986187</ele>
        <time>2025-11-12T04:29:57.900000Z</time>
      </trkpt>
      <trkpt lat="34.21842665812393" lon="108.82909410370833">
        <ele>406.6474049407989</ele>
        <time>2025-11-12T04:29:58.900000Z</time>
      </trkpt>
      <trkpt lat="34.21842482628878" lon="108.8291084665622">
        <ele>406.74269370920956</ele>
        <time>2025-11-12T04:29:59.900000Z</time>
      </trkpt>
      <trkpt lat="34.218422988220766" lon="108.82912266982112">
        <ele>406.8297332758084</ele>
        <time>2025-11-12T04:30:00.900000Z</time>
      </trkpt>
      <trkpt lat="34.218420555004435" lon="108.82913574605048">
        <ele>406.91873352974653</ele>
        <time>2025-11-12T04:30:01.900000Z</time>
      </trkpt>
      <trkpt lat="34.218417261594524" lon="108.82914830992428">
        <ele>406.9970612246543</ele>
        <time>2025-11-12T04:30:02.900000Z</time>
      </trkpt>
      <trkpt lat="34.218413986081764" lon="108.82916113823653">
        <ele>407.05819295533</ele>
        <time>2025-11-12T04:30:03.900000Z</time>
      </trkpt>
      <trkpt lat="34.21841153568054" lon="108.82917367964035">
        <ele>407.1054848963395</ele>
        <time>2025-11-12T04:30:04.900000Z</time>
      </trkpt>
      <trkpt lat="34.2184094469844" lon="108.82918634477772">
        <ele>407.12303994223475</ele>
        <time>2025-11-12T04:30:05.900000Z</time>
      </trkpt>
      <trkpt lat="34.218407145890815" lon="108.82919935939674">
        <ele>407.1256471350789</ele>
        <time>2025-11-12T04:30:06.900000Z</time>
      </trkpt>
      <trkpt lat="34.21840454885811" lon="108.82921160136303">
        <ele>407.0809417227283</ele>
        <time>2025-11-12T04:30:07.900000Z</time>
      </trkpt>
      <trkpt lat="34.21840309476744" lon="108.8292222476401">
        <ele>406.99521560780704</ele>
        <time>2025-11-12T04:30:08.900000Z</time>
      </trkpt>
      <trkpt lat="34.218403342330426" lon="108.82923255928704">
        <ele>406.9132207846269</ele>
        <time>2025-11-12T04:30:09.900000Z</time>
      </trkpt>
      <trkpt lat="34.21840421132663" lon="108.82924434775278">
        <ele>406.85065552033484</ele>
        <time>2025-11-12T04:30:10.900000Z</time>
      </trkpt>
      <trkpt lat="34.21840486804126" lon="108.82925829421535">
        <ele>406.8017297210172</ele>
        <time>2025-11-12T04:30:11.900000Z</time>
      </trkpt>
      <trkpt lat="34.21840497238521" lon="108.8292736670362">
        <ele>406.74931544531137</ele>
        <time>2025-11-12T04:30:12.900000Z</time>
      </trkpt>
      <trkpt lat="34.21840479719461" lon="108.82928936220128">
        <ele>406.69548848923296</ele>
        <time>2025-11-12T04:30:13.900000Z</time>
      </trkpt>
      <trkpt lat="34.21840444613386" lon="108.82930491537148">
        <ele>406.64666075538844</ele>
        <time>2025-11-12T04:30:14.900000Z</time>
      </trkpt>
      <trkpt lat="34.21840425673345" lon="108.8293206057884">
        <ele>406.5744767347351</ele>
        <time>2025-11-12T04:30:15.900000Z</time>
      </trkpt>
      <trkpt lat="34.21840459082477" lon="108.82933619192559">
        <ele>406.4926806539297</ele>
        <time>2025-11-12T04:30:16.900000Z</time>
      </trkpt>
      <trkpt lat="34.21840513452349" lon="108.82934954039283">
        <ele>406.41090792790055</ele>
        <time>2025-11-12T04:30:17.900000Z</time>
      </trkpt>
      <trkpt lat="34.21840619531992" lon="108.82936061613096">
        <ele>406.33752843085676</ele>
        <time>2025-11-12T04:30:18.900000Z</time>
      </trkpt>
      <trkpt lat="34.21840720910205" lon="108.82937291537344">
        <ele>406.2865817816928</ele>
        <time>2025-11-12T04:30:19.900000Z</time>
      </trkpt>
      <trkpt lat="34.21840677920656" lon="108.82938820471578">
        <ele>406.2262861998752</ele>
        <time>2025-11-12T04:30:20.900000Z</time>
      </trkpt>
      <trkpt lat="34.21840480344203" lon="108.82940576327921">
        <ele>406.1610474148765</ele>
        <time>2025-11-12T04:30:21.900000Z</time>
      </trkpt>
      <trkpt lat="34.218401901197375" lon="108.8294238005553">
        <ele>406.0891611268744</ele>
        <time>2025-11-12T04:30:22.900000Z</time>
      </trkpt>
      <trkpt lat="34.218399278429004" lon="108.82944197331771">
        <ele>406.04969881568104</ele>
        <time>2025-11-12T04:30:23.900000Z</time>
      </trkpt>
      <trkpt lat="34.218397749266465" lon="108.82946021101577">
        <ele>405.9724127165973</ele>
        <time>2025-11-12T04:30:24.900000Z</time>
      </trkpt>
      <trkpt lat="34.218397236610905" lon="108.82947825131161">
        <ele>405.88051573652774</ele>
        <time>2025-11-12T04:30:25.900000Z</time>
      </trkpt>
      <trkpt lat="34.21839697726581" lon="108.8294961507388">
        <ele>405.7843765774742</ele>
        <time>2025-11-12T04:30:26.900000Z</time>
      </trkpt>
      <trkpt lat="34.21839618447432" lon="108.82951414490643">
        <ele>405.70497145690024</ele>
        <time>2025-11-12T04:30:27.900000Z</time>
      </trkpt>
      <trkpt lat="34.21839488516674" lon="108.82953154025037">
        <ele>405.62051385454834</ele>
        <time>2025-11-12T04:30:28.900000Z</time>
      </trkpt>
      <trkpt lat="34.218394000675715" lon="108.8295478081852">
        <ele>405.52186669781804</ele>
        <time>2025-11-12T04:30:29.900000Z</time>
      </trkpt>
      <trkpt lat="34.21839383458921" lon="108.8295645653673">
        <ele>405.4020232921466</ele>
        <time>2025-11-12T04:30:30.900000Z</time>
      </trkpt>
      <trkpt lat="34.21839377733862" lon="108.829581160397">
        <ele>405.2705621365458</ele>
        <time>2025-11-12T04:30:31.900000Z</time>
      </trkpt>
      <trkpt lat="34.21839350232217" lon="108.82959689121927">
        <ele>405.1339986314997</ele>
        <time>2025-11-12T04:30:32.900000Z</time>
      </trkpt>
      <trkpt lat="34.21839366640288" lon="108.82961195108065">
        <ele>404.99214025679976</ele>
        <time>2025-11-12T04:30:33.900000Z</time>
      </trkpt>
      <trkpt lat="34.21839459569045" lon="108.8296264102424">
        <ele>404.8457766575739</ele>
        <time>2025-11-12T04:30:34.900000Z</time>
      </trkpt>
      <trkpt lat="34.21839615044076" lon="108.82964076569229">
        <ele>404.67807736899704</ele>
        <time>2025-11-12T04:30:35.900000Z</time>
      </trkpt>
      <trkpt lat="34.2183981134537" lon="108.82965530310112">
        <ele>404.51269431225955</ele>
        <time>2025-11-12T04:30:36.900000Z</time>
      </trkpt>
      <trkpt lat="34.21840003450649" lon="108.82966963535361">
        <ele>404.33594891708344</ele>
        <time>2025-11-12T04:30:37.900000Z</time>
      </trkpt>
      <trkpt lat="34.21840159551282" lon="108.82968314322645">
        <ele>404.1593540618196</ele>
        <time>2025-11-12T04:30:38.900000Z</time>
      </trkpt>
      <trkpt lat="34.21840314592598" lon="108.8296962693823">
        <ele>403.99143436923623</ele>
        <time>2025-11-12T04:30:39.900000Z</time>
      </trkpt>
      <trkpt lat="34.21840524822248" lon="108.82970983801947">
        <ele>403.8278938829899</ele>
        <time>2025-11-12T04:30:40.900000Z</time>
      </trkpt>
      <trkpt lat="34.218407969959095" lon="108.82972451440962">
        <ele>403.6698783803731</ele>
        <time>2025-11-12T04:30:41.900000Z</time>
      </trkpt>
      <trkpt lat="34.218410683944164" lon="108.8297400087303">
        <ele>403.51478592306376</ele>
        <time>2025-11-12T04:30:42.900000Z</time>
      </trkpt>
      <trkpt lat="34.21841303620555" lon="108.82975603801394">
        <ele>403.3567973077297</ele>
        <time>2025-11-12T04:30:43.900000Z</time>
      </trkpt>
      <trkpt lat="34.21841506188494" lon="108.82977231437818">
        <ele>403.20886600669473</ele>
        <time>2025-11-12T04:30:44.900000Z</time>
      </trkpt>
      <trkpt lat="34.218417475109725" lon="108.8297889215228">
        <ele>403.07305602170527</ele>
        <time>2025-11-12T04:30:45.900000Z</time>
      </trkpt>
      <trkpt lat="34.21842051339296" lon="108.82980585832163">
        <ele>402.9425584739074</ele>
        <time>2025-11-12T04:30:46.900000Z</time>
      </trkpt>
      <trkpt lat="34.21842343023803" lon="108.82982239975864">
        <ele>402.84215767495334</ele>
        <time>2025-11-12T04:30:47.900000Z</time>
        <extensions>
          <gpxtpx:TrackPointExtension>
            <gpxtpx:hr>110</gpxtpx:hr>
          </gpxtpx:TrackPointExtension>
        </extensions>
      </trkpt>
      <trkpt lat="34.21842645579953" lon="108.8298387904349">
        <ele>402.7570124771446</ele>
        <time>2025-11-12T04:30:48.900000Z</time>
        <extensions>
          <gpxtpx:TrackPointExtension>
            <gpxtpx:hr>110</gpxtpx:hr>
          </gpxtpx:TrackPointExtension>
        </extensions>
      </trkpt>
      <trkpt lat="34.218430034400804" lon="108.82985591342921">
        <ele>402.69494204223156</ele>
        <time>2025-11-12T04:30:49.900000Z</time>
        <extensions>
          <gpxtpx:TrackPointExtension>
            <gpxtpx:hr>110</gpxtpx:hr>
          </gpxtpx:TrackPointExtension>
        </extensions>
      </trkpt>
      <trkpt lat="34.218433495613326" lon="108.82987262824422">
        <ele>402.62629218026996</ele>
        <time>2025-11-12T04:30:50.900000Z</time>
        <extensions>
          <gpxtpx:TrackPointExtension>
            <gpxtpx:hr>110</gpxtpx:hr>
          </gpxtpx:TrackPointExtension>
        </extensions>
      </trkpt>
      <trkpt lat="34.21843682238735" lon="108.8298885781987">
        <ele>402.56192109454423</ele>
        <time>2025-11-12T04:30:51.900000Z</time>
        <extensions>
          <gpxtpx:TrackPointExtension>
            <gpxtpx:hr>110</gpxtpx:hr>
          </gpxtpx:TrackPointExtension>
        </extensions>
      </trkpt>
      <trkpt lat="34.21844053008856" lon="108.82990443519223">
        <ele>402.5119701260701</ele>
        <time>2025-11-12T04:30:52.900000Z</time>
        <extensions>
          <gpxtpx:TrackPointExtension>
            <gpxtpx:hr>110</gpxtpx:hr>
          </gpxtpx:TrackPointExtension>
        </extensions>
      </trkpt>
      <trkpt lat="34.218444812670015" lon="108.82992012527293">
        <ele>402.48695193696767</ele>
        <time>2025-11-12T04:30:53.900000Z</time>
        <extensions>
          <gpxtpx:TrackPointExtension>
            <gpxtpx:hr>110</gpxtpx:hr>
          </gpxtpx:TrackPointExtension>
        </extensions>
      </trkpt>
      <trkpt lat="34.21844954424832" lon="108.829936091485">
        <ele>402.4698782777414</ele>
        <time>2025-11-12T04:30:54.900000Z</time>
        <extensions>
          <gpxtpx:TrackPointExtension>
            <gpxtpx:hr>110</gpxtpx:hr>
          </gpxtpx:TrackPointExtension>
        </extensions>
      </trkpt>
      <trkpt lat="34.21845430092385" lon="108.82995242537363">
        <ele>402.459228717722</ele>
        <time>2025-11-12T04:30:55.900000Z</time>
        <extensions>
          <gpxtpx:TrackPointExtension>
            <gpxtpx:hr>110</gpxtpx:hr>
          </gpxtpx:TrackPointExtension>
        </extensions>
      </trkpt>
      <trkpt lat="34.218458728699645" lon="108.82996854883002">
        <ele>402.4614360127598</ele>
        <time>2025-11-12T04:30:56.900000Z</time>
        <extensions>
          <gpxtpx:TrackPointExtension>
            <gpxtpx:hr>110</gpxtpx:hr>
          </gpxtpx:TrackPointExtension>
        </extensions>
      </trkpt>
      <trkpt lat="34.2184627396769" lon="108.8299849817697">
        <ele>402.4535637870431</ele>
        <time>2025-11-12T04:30:57.900000Z</time>
        <extensions>
          <gpxtpx:TrackPointExtension>
            <gpxtpx:hr>110</gpxtpx:hr>
          </gpxtpx:TrackPointExtension>
        </extensions>
      </trkpt>
      <trkpt lat="34.21846587724467" lon="108.83000164027507">
        <ele>402.4436743333936</ele>
        <time>2025-11-12T04:30:58.900000Z</time>
        <extensions>
          <gpxtpx:TrackPointExtension>
            <gpxtpx:hr>110</gpxtpx:hr>
          </gpxtpx:TrackPointExtension>
        </extensions>
      </trkpt>
      <trkpt lat="34.21846810762176" lon="108.83001766693698">
        <ele>402.4623251343146</ele>
        <time>2025-11-12T04:30:59.900000Z</time>
        <extensions>
          <gpxtpx:TrackPointExtension>
            <gpxtpx:hr>110</gpxtpx:hr>
          </gpxtpx:TrackPointExtension>
        </extensions>
      </trkpt>
      <trkpt lat="34.218470094141836" lon="108.83003365638824">
        <ele>402.47704355139285</ele>
        <time>2025-11-12T04:31:00.900000Z</time>
        <extensions>
          <gpxtpx:TrackPointExtension>
            <gpxtpx:hr>110</gpxtpx:hr>
          </gpxtpx:TrackPointExtension>
        </extensions>
      </trkpt>
      <trkpt lat="34.21847202405658" lon="108.83004952140098">
        <ele>402.50919709634036</ele>
        <time>2025-11-12T04:31:01.900000Z</time>
        <extensions>
          <gpxtpx:TrackPointExtension>
            <gpxtpx:hr>110</gpxtpx:hr>
          </gpxtpx:TrackPointExtension>
        </extensions>
      </trkpt>
      <trkpt lat="34.218473981997896" lon="108.83006486206405">
        <ele>402.5445172851905</ele>
        <time>2025-11-12T04:31:02.900000Z</time>
        <extensions>
          <gpxtpx:TrackPointExtension>
            <gpxtpx:hr>110</gpxtpx:hr>
          </gpxtpx:TrackPointExtension>
        </extensions>
      </trkpt>
      <trkpt lat="34.21847615132927" lon="108.83007954720811">
        <ele>402.5837714346126</ele>
        <time>2025-11-12T04:31:03.900000Z</time>
        <extensions>
          <gpxtpx:TrackPointExtension>
            <gpxtpx:hr>110</gpxtpx:hr>
          </gpxtpx:TrackPointExtension>
        </extensions>
      </trkpt>
      <trkpt lat="34.21847845393723" lon="108.8300931448862">
        <ele>402.6173407053575</ele>
        <time>2025-11-12T04:31:04.900000Z</time>
        <extensions>
          <gpxtpx:TrackPointExtension>
            <gpxtpx:hr>110</gpxtpx:hr>
          </gpxtpx:TrackPointExtension>
        </extensions>
      </trkpt>
      <trkpt lat="34.218480942920195" lon="108.83010672756758">
        <ele>402.6486104624346</ele>
        <time>2025-11-12T04:31:05.900000Z</time>
        <extensions>
          <gpxtpx:TrackPointExtension>
            <gpxtpx:hr>110</gpxtpx:hr>
          </gpxtpx:TrackPointExtension>
        </extensions>
      </trkpt>
      <trkpt lat="34.2184834403314" lon="108.83012114793388">
        <ele>402.6896849218756</ele>
        <time>2025-11-12T04:31:06.900000Z</time>
        <extensions>
          <gpxtpx:TrackPointExtension>
            <gpxtpx:hr>111</gpxtpx:hr>
          </gpxtpx:TrackPointExtension>
        </extensions>
      </trkpt>
      <trkpt lat="34.21848567682728" lon="108.83013583043702">
        <ele>402.73011065553874</ele>
        <time>2025-11-12T04:31:07.900000Z</time>
        <extensions>
          <gpxtpx:TrackPointExtension>
            <gpxtpx:hr>111</gpxtpx:hr>
          </gpxtpx:TrackPointExtension>
        </extensions>
      </trkpt>
      <trkpt lat="34.21848741860523" lon="108.83015013149594">
        <ele>402.77016185503453</ele>
        <time>2025-11-12T04:31:08.900000Z</time>
        <extensions>
          <gpxtpx:TrackPointExtension>
            <gpxtpx:hr>111</gpxtpx:hr>
          </gpxtpx:TrackPointExtension>
        </extensions>
      </trkpt>
      <trkpt lat="34.218488640828745" lon="108.83016340386126">
        <ele>402.8182195434347</ele>
        <time>2025-11-12T04:31:09.900000Z</time>
        <extensions>
          <gpxtpx:TrackPointExtension>
            <gpxtpx:hr>111</gpxtpx:hr>
          </gpxtpx:TrackPointExtension>
        </extensions>
      </trkpt>
      <trkpt lat="34.218489446573024" lon="108.83017617289049">
        <ele>402.8585276585072</ele>
        <time>2025-11-12T04:31:10.900000Z</time>
        <extensions>
          <gpxtpx:TrackPointExtension>
            <gpxtpx:hr>111</gpxtpx:hr>
          </gpxtpx:TrackPointExtension>
        </extensions>
      </trkpt>
      <trkpt lat="34.218490263915506" lon="108.83018938651826">
        <ele>402.89087450597435</ele>
        <time>2025-11-12T04:31:11.900000Z</time>
        <extensions>
          <gpxtpx:TrackPointExtension>
            <gpxtpx:hr>111</gpxtpx:hr>
          </gpxtpx:TrackPointExtension>
        </extensions>
      </trkpt>
      <trkpt lat="34.21849151943018" lon="108.83020240079918">
        <ele>402.93508326169103</ele>
        <time>2025-11-12T04:31:12.900000Z</time>
        <extensions>
          <gpxtpx:TrackPointExtension>
            <gpxtpx:hr>111</gpxtpx:hr>
          </gpxtpx:TrackPointExtension>
        </extensions>
      </trkpt>
      <trkpt lat="34.21849364996086" lon="108.83021466113702">
        <ele>402.984492556192</ele>
        <time>2025-11-12T04:31:13.900000Z</time>
        <extensions>
          <gpxtpx:TrackPointExtension>
            <gpxtpx:hr>111</gpxtpx:hr>
          </gpxtpx:TrackPointExtension>
        </extensions>
      </trkpt>
      <trkpt lat="34.21849739972946" lon="108.83022612624471">
        <ele>403.0371609227732</ele>
        <time>2025-11-12T04:31:14.900000Z</time>
        <extensions>
          <gpxtpx:TrackPointExtension>
            <gpxtpx:hr>111</gpxtpx:hr>
          </gpxtpx:TrackPointExtension>
        </extensions>
      </trkpt>
      <trkpt lat="34.21850379653222" lon="108.83023651588363">
        <ele>403.0841480214149</ele>
        <time>2025-11-12T04:31:15.900000Z</time>
        <extensions>
          <gpxtpx:TrackPointExtension>
            <gpxtpx:hr>111</gpxtpx:hr>
          </gpxtpx:TrackPointExtension>
        </extensions>
      </trkpt>
      <trkpt lat="34.218513491721" lon="108.83024535863551">
        <ele>403.1306082252413</ele>
        <time>2025-11-12T04:31:16.900000Z</time>
        <extensions>
          <gpxtpx:TrackPointExtension>
            <gpxtpx:hr>111</gpxtpx:hr>
          </gpxtpx:TrackPointExtension>
        </extensions>
      </trkpt>
      <trkpt lat="34.21852563482757" lon="108.83025231812479">
        <ele>403.1736314166337</ele>
        <time>2025-11-12T04:31:17.900000Z</time>
        <extensions>
          <gpxtpx:TrackPointExtension>
            <gpxtpx:hr>111</gpxtpx:hr>
          </gpxtpx:TrackPointExtension>
        </extensions>
      </trkpt>
      <trkpt lat="34.2185381439427" lon="108.83025774517596">
        <ele>403.2090572202578</ele>
        <time>2025-11-12T04:31:18.900000Z</time>
        <extensions>
          <gpxtpx:TrackPointExtension>
            <gpxtpx:hr>111</gpxtpx:hr>
          </gpxtpx:TrackPointExtension>
        </extensions>
      </trkpt>
      <trkpt lat="34.21854956775496" lon="108.8302617664374">
        <ele>403.25164471007884</ele>
        <time>2025-11-12T04:31:19.900000Z</time>
        <extensions>
          <gpxtpx:TrackPointExtension>
            <gpxtpx:hr>109</gpxtpx:hr>
          </gpxtpx:TrackPointExtension>
        </extensions>
      </trkpt>
      <trkpt lat="34.21856068547748" lon="108.83026476648027">
        <ele>403.30349926743656</ele>
        <time>2025-11-12T04:31:20.900000Z</time>
        <extensions>
          <gpxtpx:TrackPointExtension>
            <gpxtpx:hr>109</gpxtpx:hr>
          </gpxtpx:TrackPointExtension>
        </extensions>
      </trkpt>
      <trkpt lat="34.21857304670472" lon="108.8302672511874">
        <ele>403.3540764702484</ele>
        <time>2025-11-12T04:31:21.900000Z</time>
        <extensions>
          <gpxtpx:TrackPointExtension>
            <gpxtpx:hr>109</gpxtpx:hr>
          </gpxtpx:TrackPointExtension>
        </extensions>
      </trkpt>
      <trkpt lat="34.21858601873978" lon="108.83026939525195">
        <ele>403.4159519793466</ele>
        <time>2025-11-12T04:31:22.900000Z</time>
        <extensions>
          <gpxtpx:TrackPointExtension>
            <gpxtpx:hr>109</gpxtpx:hr>
          </gpxtpx:TrackPointExtension>
        </extensions>
      </trkpt>
      <trkpt lat="34.21859843406626" lon="108.83027121619902">
        <ele>403.4925306737423</ele>
        <time>2025-11-12T04:31:23.900000Z</time>
        <extensions>
          <gpxtpx:TrackPointExtension>
            <gpxtpx:hr>109</gpxtpx:hr>
          </gpxtpx:TrackPointExtension>
        </extensions>
      </trkpt>
      <trkpt lat="34.21861023532706" lon="108.8302724473572">
        <ele>403.5571589721367</ele>
        <time>2025-11-12T04:31:24.900000Z</time>
        <extensions>
          <gpxtpx:TrackPointExtension>
            <gpxtpx:hr>109</gpxtpx:hr>
          </gpxtpx:TrackPointExtension>
        </extensions>
      </trkpt>
      <trkpt lat="34.218621954165435" lon="108.83027300532149">
        <ele>403.6522273151204</ele>
        <time>2025-11-12T04:31:25.900000Z</time>
        <extensions>
          <gpxtpx:TrackPointExtension>
            <gpxtpx:hr>109</gpxtpx:hr>
          </gpxtpx:TrackPointExtension>
        </extensions>
      </trkpt>
      <trkpt lat="34.21863388339864" lon="108.83027270238635">
        <ele>403.758054128848</ele>
        <time>2025-11-12T04:31:26.900000Z</time>
        <extensions>
          <gpxtpx:TrackPointExtension>
            <gpxtpx:hr>115</gpxtpx:hr>
          </gpxtpx:TrackPointExtension>
        </extensions>
      </trkpt>
      <trkpt lat="34.21864586067714" lon="108.83027165338918">
        <ele>403.881751854904</ele>
        <time>2025-11-12T04:31:27.900000Z</time>
        <extensions>
          <gpxtpx:TrackPointExtension>
            <gpxtpx:hr>115</gpxtpx:hr>
          </gpxtpx:TrackPointExtension>
        </extensions>
      </trkpt>
      <trkpt lat="34.2186580942987" lon="108.83027078218089">
        <ele>404.0264081293717</ele>
        <time>2025-11-12T04:31:28.900000Z</time>
        <extensions>
          <gpxtpx:TrackPointExtension>
            <gpxtpx:hr>115</gpxtpx:hr>
          </gpxtpx:TrackPointExtension>
        </extensions>
      </trkpt>
      <trkpt lat="34.218671076614584" lon="108.83027064758043">
        <ele>404.1544133350253</ele>
        <time>2025-11-12T04:31:29.900000Z</time>
        <extensions>
          <gpxtpx:TrackPointExtension>
            <gpxtpx:hr>114</gpxtpx:hr>
          </gpxtpx:TrackPointExtension>
        </extensions>
      </trkpt>
      <trkpt lat="34.218684158333836" lon="108.83027145092461">
        <ele>404.2827969491482</ele>
        <time>2025-11-12T04:31:30.900000Z</time>
        <extensions>
          <gpxtpx:TrackPointExtension>
            <gpxtpx:hr>114</gpxtpx:hr>
          </gpxtpx:TrackPointExtension>
        </extensions>
      </trkpt>
      <trkpt lat="34.218696773249924" lon="108.83027334398389">
        <ele>404.4193763816729</ele>
        <time>2025-11-12T04:31:31.900000Z</time>
        <extensions>
          <gpxtpx:TrackPointExtension>
            <gpxtpx:hr>114</gpxtpx:hr>
          </gpxtpx:TrackPointExtension>
        </extensions>
      </trkpt>
      <trkpt lat="34.218709076719456" lon="108.8302760782087">
        <ele>404.5625896900892</ele>
        <time>2025-11-12T04:31:32.900000Z</time>
        <extensions>
          <gpxtpx:TrackPointExtension>
            <gpxtpx:hr>114</gpxtpx:hr>
          </gpxtpx:TrackPointExtension>
        </extensions>
      </trkpt>
      <trkpt lat="34.21872087585155" lon="108.83027966098896">
        <ele>404.6985968295485</ele>
        <time>2025-11-12T04:31:33.900000Z</time>
        <extensions>
          <gpxtpx:TrackPointExtension>
            <gpxtpx:hr>112</gpxtpx:hr>
          </gpxtpx:TrackPointExtension>
        </extensions>
      </trkpt>
      <trkpt lat="34.21873224653313" lon="108.83028419852639">
        <ele>404.8480789475143</ele>
        <time>2025-11-12T04:31:34.900000Z</time>
        <extensions>
          <gpxtpx:TrackPointExtension>
            <gpxtpx:hr>112</gpxtpx:hr>
          </gpxtpx:TrackPointExtension>
        </extensions>
      </trkpt>
      <trkpt lat="34.21874370985356" lon="108.83028960125145">
        <ele>404.99412176478654</ele>
        <time>2025-11-12T04:31:35.900000Z</time>
        <extensions>
          <gpxtpx:TrackPointExtension>
            <gpxtpx:hr>112</gpxtpx:hr>
          </gpxtpx:TrackPointExtension>
        </extensions>
      </trkpt>
      <trkpt lat="34.21875541411245" lon="108.83029557467499">
        <ele>405.1292508505285</ele>
        <time>2025-11-12T04:31:36.900000Z</time>
        <extensions>
          <gpxtpx:TrackPointExtension>
            <gpxtpx:hr>112</gpxtpx:hr>
          </gpxtpx:TrackPointExtension>
        </extensions>
      </trkpt>
      <trkpt lat="34.2187670028629" lon="108.83030168083208">
        <ele>405.26288001053035</ele>
        <time>2025-11-12T04:31:37.900000Z</time>
        <extensions>
          <gpxtpx:TrackPointExtension>
            <gpxtpx:hr>112</gpxtpx:hr>
          </gpxtpx:TrackPointExtension>
        </extensions>
      </trkpt>
      <trkpt lat="34.2187785037916" lon="108.83030785000688">
        <ele>405.3851935863495</ele>
        <time>2025-11-12T04:31:38.900000Z</time>
        <extensions>
          <gpxtpx:TrackPointExtension>
            <gpxtpx:hr>112</gpxtpx:hr>
          </gpxtpx:TrackPointExtension>
        </extensions>
      </trkpt>
      <trkpt lat="34.21879005855658" lon="108.83031402846954">
        <ele>405.49493831861764</ele>
        <time>2025-11-12T04:31:39.900000Z</time>
        <extensions>
          <gpxtpx:TrackPointExtension>
            <gpxtpx:hr>112</gpxtpx:hr>
          </gpxtpx:TrackPointExtension>
        </extensions>
      </trkpt>
      <trkpt lat="34.21880126931688" lon="108.8303199964762">
        <ele>405.591062117368</ele>
        <time>2025-11-12T04:31:40.900000Z</time>
        <extensions>
          <gpxtpx:TrackPointExtension>
            <gpxtpx:hr>109</gpxtpx:hr>
          </gpxtpx:TrackPointExtension>
        </extensions>
      </trkpt>
      <trkpt lat="34.21881265693716" lon="108.8303257556188">
        <ele>405.6681911200285</ele>
        <time>2025-11-12T04:31:41.900000Z</time>
        <extensions>
          <gpxtpx:TrackPointExtension>
            <gpxtpx:hr>109</gpxtpx:hr>
          </gpxtpx:TrackPointExtension>
        </extensions>
      </trkpt>
      <trkpt lat="34.21882458393045" lon="108.8303309593966">
        <ele>405.7319776080549</ele>
        <time>2025-11-12T04:31:42.900000Z</time>
        <extensions>
          <gpxtpx:TrackPointExtension>
            <gpxtpx:hr>109</gpxtpx:hr>
          </gpxtpx:TrackPointExtension>
        </extensions>
      </trkpt>
      <trkpt lat="34.21883667298311" lon="108.83033515345285">
        <ele>405.78134326729923</ele>
        <time>2025-11-12T04:31:43.900000Z</time>
        <extensions>
          <gpxtpx:TrackPointExtension>
            <gpxtpx:hr>109</gpxtpx:hr>
          </gpxtpx:TrackPointExtension>
        </extensions>
      </trkpt>
      <trkpt lat="34.218848557177985" lon="108.83033785116234">
        <ele>405.81646777596325</ele>
        <time>2025-11-12T04:31:44.900000Z</time>
        <extensions>
          <gpxtpx:TrackPointExtension>
            <gpxtpx:hr>109</gpxtpx:hr>
          </gpxtpx:TrackPointExtension>
        </extensions>
      </trkpt>
      <trkpt lat="34.21885896830286" lon="108.83033824712265">
        <ele>405.8386564254761</ele>
        <time>2025-11-12T04:31:45.900000Z</time>
        <extensions>
          <gpxtpx:TrackPointExtension>
            <gpxtpx:hr>109</gpxtpx:hr>
          </gpxtpx:TrackPointExtension>
        </extensions>
      </trkpt>
      <trkpt lat="34.21886725561995" lon="108.83033617509669">
        <ele>405.85399949457496</ele>
        <time>2025-11-12T04:31:46.900000Z</time>
        <extensions>
          <gpxtpx:TrackPointExtension>
            <gpxtpx:hr>109</gpxtpx:hr>
          </gpxtpx:TrackPointExtension>
        </extensions>
      </trkpt>
      <trkpt lat="34.21887331556524" lon="108.83033233789992">
        <ele>405.855412052013</ele>
        <time>2025-11-12T04:31:47.900000Z</time>
        <extensions>
          <gpxtpx:TrackPointExtension>
            <gpxtpx:hr>109</gpxtpx:hr>
          </gpxtpx:TrackPointExtension>
        </extensions>
      </trkpt>
      <trkpt lat="34.21887669932765" lon="108.83032791629614">
        <ele>405.8469679504633</ele>
        <time>2025-11-12T04:31:48.900000Z</time>
        <extensions>
          <gpxtpx:TrackPointExtension>
            <gpxtpx:hr>109</gpxtpx:hr>
          </gpxtpx:TrackPointExtension>
        </extensions>
      </trkpt>
      <trkpt lat="34.21887671579864" lon="108.83032507359924">
        <ele>405.8255273643881</ele>
        <time>2025-11-12T04:31:49.900000Z</time>
        <extensions>
          <gpxtpx:TrackPointExtension>
            <gpxtpx:hr>108</gpxtpx:hr>
          </gpxtpx:TrackPointExtension>
        </extensions>
      </trkpt>
      <trkpt lat="34.21887354753687" lon="108.83032425486549">
        <ele>405.79208399169147</ele>
        <time>2025-11-12T04:31:50.900000Z</time>
        <extensions>
          <gpxtpx:TrackPointExtension>
            <gpxtpx:hr>108</gpxtpx:hr>
          </gpxtpx:TrackPointExtension>
        </extensions>
      </trkpt>
      <trkpt lat="34.21886818557855" lon="108.83032400216429">
        <ele>405.7512818546966</ele>
        <time>2025-11-12T04:31:51.900000Z</time>
        <extensions>
          <gpxtpx:TrackPointExtension>
            <gpxtpx:hr>108</gpxtpx:hr>
          </gpxtpx:TrackPointExtension>
        </extensions>
      </trkpt>
      <trkpt lat="34.21886137699536" lon="108.83032324401016">
        <ele>405.705631993711</ele>
        <time>2025-11-12T04:31:52.900000Z</time>
        <extensions>
          <gpxtpx:TrackPointExtension>
            <gpxtpx:hr>108</gpxtpx:hr>
          </gpxtpx:TrackPointExtension>
        </extensions>
      </trkpt>
      <trkpt lat="34.218853010236714" lon="108.83032050095623">
        <ele>405.6602379763499</ele>
        <time>2025-11-12T04:31:53.900000Z</time>
        <extensions>
          <gpxtpx:TrackPointExtension>
            <gpxtpx:hr>108</gpxtpx:hr>
          </gpxtpx:TrackPointExtension>
        </extensions>
      </trkpt>
      <trkpt lat="34.21884355226432" lon="108.83031557716845">
        <ele>405.61469757929444</ele>
        <time>2025-11-12T04:31:54.900000Z</time>
        <extensions>
          <gpxtpx:TrackPointExtension>
            <gpxtpx:hr>108</gpxtpx:hr>
          </gpxtpx:TrackPointExtension>
        </extensions>
      </trkpt>
      <trkpt lat="34.218832183192234" lon="108.83031012525814">
        <ele>405.5642674090341</ele>
        <time>2025-11-12T04:31:55.900000Z</time>
        <extensions>
          <gpxtpx:TrackPointExtension>
            <gpxtpx:hr>108</gpxtpx:hr>
          </gpxtpx:TrackPointExtension>
        </extensions>
      </trkpt>
      <trkpt lat="34.218821883355126" lon="108.83030332704072">
        <ele>405.5207027113065</ele>
        <time>2025-11-12T04:31:56.900000Z</time>
        <extensions>
          <gpxtpx:TrackPointExtension>
            <gpxtpx:hr>110</gpxtpx:hr>
          </gpxtpx:TrackPointExtension>
        </extensions>
      </trkpt>
      <trkpt lat="34.218813518430665" lon="108.83029857271121">
        <ele>405.4684882052243</ele>
        <time>2025-11-12T04:31:57.900000Z</time>
        <extensions>
          <gpxtpx:TrackPointExtension>
            <gpxtpx:hr>110</gpxtpx:hr>
          </gpxtpx:TrackPointExtension>
        </extensions>
      </trkpt>
      <trkpt lat="34.21880667040375" lon="108.83030041771764">
        <ele>405.42763098701835</ele>
        <time>2025-11-12T04:31:58.900000Z</time>
        <extensions>
          <gpxtpx:TrackPointExtension>
            <gpxtpx:hr>110</gpxtpx:hr>
          </gpxtpx:TrackPointExtension>
        </extensions>
      </trkpt>
      <trkpt lat="34.218799569630484" lon="108.83031054305742">
        <ele>405.3867228664458</ele>
        <time>2025-11-12T04:31:59.900000Z</time>
        <extensions>
          <gpxtpx:TrackPointExtension>
            <gpxtpx:hr>111</gpxtpx:hr>
          </gpxtpx:TrackPointExtension>
        </extensions>
      </trkpt>
      <trkpt lat="34.2187912867547" lon="108.83032514367068">
        <ele>405.3543069465086</ele>
        <time>2025-11-12T04:32:00.900000Z</time>
        <extensions>
          <gpxtpx:TrackPointExtension>
            <gpxtpx:hr>111</gpxtpx:hr>
          </gpxtpx:TrackPointExtension>
        </extensions>
      </trkpt>
      <trkpt lat="34.21877862874998" lon="108.83034652271456">
        <ele>405.3304962757975</ele>
        <time>2025-11-12T04:32:01.900000Z</time>
        <extensions>
          <gpxtpx:TrackPointExtension>
            <gpxtpx:hr>111</gpxtpx:hr>
          </gpxtpx:TrackPointExtension>
        </extensions>
      </trkpt>
      <trkpt lat="34.218760279683906" lon="108.83037671559748">
        <ele>405.3156479950994</ele>
        <time>2025-11-12T04:32:02.900000Z</time>
        <extensions>
          <gpxtpx:TrackPointExtension>
            <gpxtpx:hr>111</gpxtpx:hr>
          </gpxtpx:TrackPointExtension>
        </extensions>
      </trkpt>
      <trkpt lat="34.21873690043251" lon="108.83041444234526">
        <ele>405.30522388778627</ele>
        <time>2025-11-12T04:32:03.900000Z</time>
        <extensions>
          <gpxtpx:TrackPointExtension>
            <gpxtpx:hr>111</gpxtpx:hr>
          </gpxtpx:TrackPointExtension>
        </extensions>
      </trkpt>
      <trkpt lat="34.21871026420872" lon="108.83045826371902">
        <ele>405.30090397410095</ele>
        <time>2025-11-12T04:32:04.900000Z</time>
        <extensions>
          <gpxtpx:TrackPointExtension>
            <gpxtpx:hr>112</gpxtpx:hr>
          </gpxtpx:TrackPointExtension>
        </extensions>
      </trkpt>
      <trkpt lat="34.21868148666111" lon="108.83051061847786">
        <ele>405.30277383793145</ele>
        <time>2025-11-12T04:32:05.900000Z</time>
        <extensions>
          <gpxtpx:TrackPointExtension>
            <gpxtpx:hr>112</gpxtpx:hr>
          </gpxtpx:TrackPointExtension>
        </extensions>
      </trkpt>
      <trkpt lat="34.21865341775695" lon="108.83056811561787">
        <ele>405.31569992005825</ele>
        <time>2025-11-12T04:32:06.900000Z</time>
        <extensions>
          <gpxtpx:TrackPointExtension>
            <gpxtpx:hr>112</gpxtpx:hr>
          </gpxtpx:TrackPointExtension>
        </extensions>
      </trkpt>
      <trkpt lat="34.218630570319085" lon="108.830619412734">
        <ele>405.3391050538048</ele>
        <time>2025-11-12T04:32:07.900000Z</time>
        <extensions>
          <gpxtpx:TrackPointExtension>
            <gpxtpx:hr>112</gpxtpx:hr>
          </gpxtpx:TrackPointExtension>
        </extensions>
      </trkpt>
      <trkpt lat="34.21861368009425" lon="108.83066092893766">
        <ele>405.3720959890634</ele>
        <time>2025-11-12T04:32:08.900000Z</time>
        <extensions>
          <gpxtpx:TrackPointExtension>
            <gpxtpx:hr>112</gpxtpx:hr>
          </gpxtpx:TrackPointExtension>
        </extensions>
      </trkpt>
      <trkpt lat="34.21860589604982" lon="108.83068865775796">
        <ele>405.4143136749044</ele>
        <time>2025-11-12T04:32:09.900000Z</time>
        <extensions>
          <gpxtpx:TrackPointExtension>
            <gpxtpx:hr>112</gpxtpx:hr>
          </gpxtpx:TrackPointExtension>
        </extensions>
      </trkpt>
      <trkpt lat="34.21860712770722" lon="108.83070580815809">
        <ele>405.46136899665</ele>
        <time>2025-11-12T04:32:10.900000Z</time>
        <extensions>
          <gpxtpx:TrackPointExtension>
            <gpxtpx:hr>112</gpxtpx:hr>
          </gpxtpx:TrackPointExtension>
        </extensions>
      </trkpt>
      <trkpt lat="34.218615105330294" lon="108.83072059536455">
        <ele>405.51330040954053</ele>
        <time>2025-11-12T04:32:11.900000Z</time>
        <extensions>
          <gpxtpx:TrackPointExtension>
            <gpxtpx:hr>113</gpxtpx:hr>
          </gpxtpx:TrackPointExtension>
        </extensions>
      </trkpt>
      <trkpt lat="34.21862664972694" lon="108.83073144978813">
        <ele>405.5710528343916</ele>
        <time>2025-11-12T04:32:12.900000Z</time>
        <extensions>
          <gpxtpx:TrackPointExtension>
            <gpxtpx:hr>113</gpxtpx:hr>
          </gpxtpx:TrackPointExtension>
        </extensions>
      </trkpt>
      <trkpt lat="34.21864050612934" lon="108.83073534700829">
        <ele>405.6292413203046</ele>
        <time>2025-11-12T04:32:13.900000Z</time>
        <extensions>
          <gpxtpx:TrackPointExtension>
            <gpxtpx:hr>113</gpxtpx:hr>
          </gpxtpx:TrackPointExtension>
        </extensions>
      </trkpt>
      <trkpt lat="34.21865592307586" lon="108.83073165573788">
        <ele>405.6873848224059</ele>
        <time>2025-11-12T04:32:14.900000Z</time>
        <extensions>
          <gpxtpx:TrackPointExtension>
            <gpxtpx:hr>113</gpxtpx:hr>
          </gpxtpx:TrackPointExtension>
        </extensions>
      </trkpt>
      <trkpt lat="34.21867470129301" lon="108.8307228541856">
        <ele>405.74561987351626</ele>
        <time>2025-11-12T04:32:15.900000Z</time>
        <extensions>
          <gpxtpx:TrackPointExtension>
            <gpxtpx:hr>113</gpxtpx:hr>
          </gpxtpx:TrackPointExtension>
        </extensions>
      </trkpt>
      <trkpt lat="34.21869784426998" lon="108.83071262458031">
        <ele>405.8101837094873</ele>
        <time>2025-11-12T04:32:16.900000Z</time>
        <extensions>
          <gpxtpx:TrackPointExtension>
            <gpxtpx:hr>113</gpxtpx:hr>
          </gpxtpx:TrackPointExtension>
        </extensions>
      </trkpt>
      <trkpt lat="34.218724281792184" lon="108.8307040191471">
        <ele>405.87608223222196</ele>
        <time>2025-11-12T04:32:17.900000Z</time>
        <extensions>
          <gpxtpx:TrackPointExtension>
            <gpxtpx:hr>113</gpxtpx:hr>
          </gpxtpx:TrackPointExtension>
        </extensions>
      </trkpt>
      <trkpt lat="34.21875303855369" lon="108.8306974387155">
        <ele>405.9421437289566</ele>
        <time>2025-11-12T04:32:18.900000Z</time>
        <extensions>
          <gpxtpx:TrackPointExtension>
            <gpxtpx:hr>113</gpxtpx:hr>
          </gpxtpx:TrackPointExtension>
        </extensions>
      </trkpt>
      <trkpt lat="34.21877961453262" lon="108.83069145507064">
        <ele>406.00059188436717</ele>
        <time>2025-11-12T04:32:19.900000Z</time>
        <extensions>
          <gpxtpx:TrackPointExtension>
            <gpxtpx:hr>113</gpxtpx:hr>
          </gpxtpx:TrackPointExtension>
        </extensions>
      </trkpt>
      <trkpt lat="34.21880316601474" lon="108.83068532619656">
        <ele>406.053694691509</ele>
        <time>2025-11-12T04:32:20.900000Z</time>
        <extensions>
          <gpxtpx:TrackPointExtension>
            <gpxtpx:hr>113</gpxtpx:hr>
          </gpxtpx:TrackPointExtension>
        </extensions>
      </trkpt>
      <trkpt lat="34.21882479628553" lon="108.83067902018293">
        <ele>406.1026576468721</ele>
        <time>2025-11-12T04:32:21.900000Z</time>
        <extensions>
          <gpxtpx:TrackPointExtension>
            <gpxtpx:hr>113</gpxtpx:hr>
          </gpxtpx:TrackPointExtension>
        </extensions>
      </trkpt>
      <trkpt lat="34.21884179066436" lon="108.83067333022896">
        <ele>406.16055007930845</ele>
        <time>2025-11-12T04:32:22.900000Z</time>
        <extensions>
          <gpxtpx:TrackPointExtension>
            <gpxtpx:hr>113</gpxtpx:hr>
          </gpxtpx:TrackPointExtension>
        </extensions>
      </trkpt>
      <trkpt lat="34.218852033321376" lon="108.83066927426793">
        <ele>406.2041325708851</ele>
        <time>2025-11-12T04:32:23.900000Z</time>
        <extensions>
          <gpxtpx:TrackPointExtension>
            <gpxtpx:hr>112</gpxtpx:hr>
          </gpxtpx:TrackPointExtension>
        </extensions>
      </trkpt>
      <trkpt lat="34.2188601704865" lon="108.830665989187">
        <ele>406.2382901730016</ele>
        <time>2025-11-12T04:32:24.900000Z</time>
        <extensions>
          <gpxtpx:TrackPointExtension>
            <gpxtpx:hr>112</gpxtpx:hr>
          </gpxtpx:TrackPointExtension>
        </extensions>
      </trkpt>
      <trkpt lat="34.218871619182906" lon="108.83066258596763">
        <ele>406.2670798115432</ele>
        <time>2025-11-12T04:32:25.900000Z</time>
        <extensions>
          <gpxtpx:TrackPointExtension>
            <gpxtpx:hr>112</gpxtpx:hr>
          </gpxtpx:TrackPointExtension>
        </extensions>
      </trkpt>
      <trkpt lat="34.21888582709465" lon="108.83066093731416">
        <ele>406.2938521457836</ele>
        <time>2025-11-12T04:32:26.900000Z</time>
        <extensions>
          <gpxtpx:TrackPointExtension>
            <gpxtpx:hr>112</gpxtpx:hr>
          </gpxtpx:TrackPointExtension>
        </extensions>
      </trkpt>
      <trkpt lat="34.21890039066886" lon="108.83066343965119">
        <ele>406.3259779084474</ele>
        <time>2025-11-12T04:32:27.900000Z</time>
        <extensions>
          <gpxtpx:TrackPointExtension>
            <gpxtpx:hr>112</gpxtpx:hr>
          </gpxtpx:TrackPointExtension>
        </extensions>
      </trkpt>
      <trkpt lat="34.21891262826145" lon="108.8306684854944">
        <ele>406.3543001553044</ele>
        <time>2025-11-12T04:32:28.900000Z</time>
        <extensions>
          <gpxtpx:TrackPointExtension>
            <gpxtpx:hr>110</gpxtpx:hr>
          </gpxtpx:TrackPointExtension>
        </extensions>
      </trkpt>
      <trkpt lat="34.21892113973964" lon="108.83067347417226">
        <ele>406.3764680707827</ele>
        <time>2025-11-12T04:32:29.900000Z</time>
        <extensions>
          <gpxtpx:TrackPointExtension>
            <gpxtpx:hr>110</gpxtpx:hr>
          </gpxtpx:TrackPointExtension>
        </extensions>
      </trkpt>
      <trkpt lat="34.21892588580622" lon="108.83067683729989">
        <ele>406.39387753326446</ele>
        <time>2025-11-12T04:32:30.900000Z</time>
        <extensions>
          <gpxtpx:TrackPointExtension>
            <gpxtpx:hr>110</gpxtpx:hr>
          </gpxtpx:TrackPointExtension>
        </extensions>
      </trkpt>
      <trkpt lat="34.21892866642959" lon="108.83067952607189">
        <ele>406.4047392522916</ele>
        <time>2025-11-12T04:32:31.900000Z</time>
        <extensions>
          <gpxtpx:TrackPointExtension>
            <gpxtpx:hr>110</gpxtpx:hr>
          </gpxtpx:TrackPointExtension>
        </extensions>
      </trkpt>
      <trkpt lat="34.218930709584185" lon="108.8306809588813">
        <ele>406.4017073325813</ele>
        <time>2025-11-12T04:32:32.900000Z</time>
        <extensions>
          <gpxtpx:TrackPointExtension>
            <gpxtpx:hr>110</gpxtpx:hr>
          </gpxtpx:TrackPointExtension>
        </extensions>
      </trkpt>
      <trkpt lat="34.21893308345618" lon="108.83067996765443">
        <ele>406.3811855809763</ele>
        <time>2025-11-12T04:32:33.900000Z</time>
        <extensions>
          <gpxtpx:TrackPointExtension>
            <gpxtpx:hr>109</gpxtpx:hr>
          </gpxtpx:TrackPointExtension>
        </extensions>
      </trkpt>
      <trkpt lat="34.21893484786912" lon="108.83067786748983">
        <ele>406.35028246138245</ele>
        <time>2025-11-12T04:32:34.900000Z</time>
        <extensions>
          <gpxtpx:TrackPointExtension>
            <gpxtpx:hr>109</gpxtpx:hr>
          </gpxtpx:TrackPointExtension>
        </extensions>
      </trkpt>
      <trkpt lat="34.21893657428007" lon="108.83067573528737">
        <ele>406.31635048799217</ele>
        <time>2025-11-12T04:32:35.900000Z</time>
        <extensions>
          <gpxtpx:TrackPointExtension>
            <gpxtpx:hr>109</gpxtpx:hr>
          </gpxtpx:TrackPointExtension>
        </extensions>
      </trkpt>
      <trkpt lat="34.218940161255105" lon="108.83067579378044">
        <ele>406.2800249904394</ele>
        <time>2025-11-12T04:32:36.900000Z</time>
        <extensions>
          <gpxtpx:TrackPointExtension>
            <gpxtpx:hr>109</gpxtpx:hr>
          </gpxtpx:TrackPointExtension>
        </extensions>
      </trkpt>
      <trkpt lat="34.2189463986667" lon="108.8306789148368">
        <ele>406.2343008136377</ele>
        <time>2025-11-12T04:32:37.900000Z</time>
        <extensions>
          <gpxtpx:TrackPointExtension>
            <gpxtpx:hr>109</gpxtpx:hr>
          </gpxtpx:TrackPointExtension>
        </extensions>
      </trkpt>
      <trkpt lat="34.2189547467802" lon="108.83068401670077">
        <ele>406.1830091737211</ele>
        <time>2025-11-12T04:32:38.900000Z</time>
        <extensions>
          <gpxtpx:TrackPointExtension>
            <gpxtpx:hr>109</gpxtpx:hr>
          </gpxtpx:TrackPointExtension>
        </extensions>
      </trkpt>
      <trkpt lat="34.21896439279529" lon="108.83069058779255">
        <ele>406.1259197164327</ele>
        <time>2025-11-12T04:32:39.900000Z</time>
        <extensions>
          <gpxtpx:TrackPointExtension>
            <gpxtpx:hr>113</gpxtpx:hr>
          </gpxtpx:TrackPointExtension>
        </extensions>
      </trkpt>
      <trkpt lat="34.218974923771576" lon="108.830700377473">
        <ele>406.06438878457993</ele>
        <time>2025-11-12T04:32:40.900000Z</time>
        <extensions>
          <gpxtpx:TrackPointExtension>
            <gpxtpx:hr>113</gpxtpx:hr>
          </gpxtpx:TrackPointExtension>
        </extensions>
      </trkpt>
      <trkpt lat="34.218985395845" lon="108.8307127915223">
        <ele>405.99846080411226</ele>
        <time>2025-11-12T04:32:41.900000Z</time>
        <extensions>
          <gpxtpx:TrackPointExtension>
            <gpxtpx:hr>113</gpxtpx:hr>
          </gpxtpx:TrackPointExtension>
        </extensions>
      </trkpt>
      <trkpt lat="34.218994790019444" lon="108.83072526952745">
        <ele>405.9352264488116</ele>
        <time>2025-11-12T04:32:42.900000Z</time>
        <extensions>
          <gpxtpx:TrackPointExtension>
            <gpxtpx:hr>113</gpxtpx:hr>
          </gpxtpx:TrackPointExtension>
        </extensions>
      </trkpt>
      <trkpt lat="34.21900298235228" lon="108.83073737094453">
        <ele>405.8778233034536</ele>
        <time>2025-11-12T04:32:43.900000Z</time>
        <extensions>
          <gpxtpx:TrackPointExtension>
            <gpxtpx:hr>113</gpxtpx:hr>
          </gpxtpx:TrackPointExtension>
        </extensions>
      </trkpt>
      <trkpt lat="34.21901023104191" lon="108.83074875359779">
        <ele>405.81673867441714</ele>
        <time>2025-11-12T04:32:44.900000Z</time>
        <extensions>
          <gpxtpx:TrackPointExtension>
            <gpxtpx:hr>113</gpxtpx:hr>
          </gpxtpx:TrackPointExtension>
        </extensions>
      </trkpt>
      <trkpt lat="34.21901653573772" lon="108.83075920699055">
        <ele>405.760591192171</ele>
        <time>2025-11-12T04:32:45.900000Z</time>
        <extensions>
          <gpxtpx:TrackPointExtension>
            <gpxtpx:hr>113</gpxtpx:hr>
          </gpxtpx:TrackPointExtension>
        </extensions>
      </trkpt>
      <trkpt lat="34.21902234905802" lon="108.83076908927067">
        <ele>405.7165632750839</ele>
        <time>2025-11-12T04:32:46.900000Z</time>
        <extensions>
          <gpxtpx:TrackPointExtension>
            <gpxtpx:hr>113</gpxtpx:hr>
          </gpxtpx:TrackPointExtension>
        </extensions>
      </trkpt>
      <trkpt lat="34.21902761575917" lon="108.83077830753493">
        <ele>405.6791995316744</ele>
        <time>2025-11-12T04:32:47.900000Z</time>
        <extensions>
          <gpxtpx:TrackPointExtension>
            <gpxtpx:hr>113</gpxtpx:hr>
          </gpxtpx:TrackPointExtension>
        </extensions>
      </trkpt>
      <trkpt lat="34.21903196053122" lon="108.83078584402789">
        <ele>405.6426944648847</ele>
        <time>2025-11-12T04:32:48.900000Z</time>
        <extensions>
          <gpxtpx:TrackPointExtension>
            <gpxtpx:hr>113</gpxtpx:hr>
          </gpxtpx:TrackPointExtension>
        </extensions>
      </trkpt>
      <trkpt lat="34.219035552256905" lon="108.83079203860626">
        <ele>405.6109697520733</ele>
        <time>2025-11-12T04:32:49.900000Z</time>
        <extensions>
          <gpxtpx:TrackPointExtension>
            <gpxtpx:hr>110</gpxtpx:hr>
          </gpxtpx:TrackPointExtension>
        </extensions>
      </trkpt>
      <trkpt lat="34.219038402945756" lon="108.8307967575781">
        <ele>405.58428988046944</ele>
        <time>2025-11-12T04:32:50.900000Z</time>
        <extensions>
          <gpxtpx:TrackPointExtension>
            <gpxtpx:hr>110</gpxtpx:hr>
          </gpxtpx:TrackPointExtension>
        </extensions>
      </trkpt>
      <trkpt lat="34.21904059328866" lon="108.83080004906942">
        <ele>405.56176969222724</ele>
        <time>2025-11-12T04:32:51.900000Z</time>
        <extensions>
          <gpxtpx:TrackPointExtension>
            <gpxtpx:hr>110</gpxtpx:hr>
          </gpxtpx:TrackPointExtension>
        </extensions>
      </trkpt>
      <trkpt lat="34.21904223315406" lon="108.83080133276435">
        <ele>405.53966468852013</ele>
        <time>2025-11-12T04:32:52.900000Z</time>
        <extensions>
          <gpxtpx:TrackPointExtension>
            <gpxtpx:hr>110</gpxtpx:hr>
          </gpxtpx:TrackPointExtension>
        </extensions>
      </trkpt>
      <trkpt lat="34.21904386817711" lon="108.83080356289986">
        <ele>405.520414349623</ele>
        <time>2025-11-12T04:32:53.900000Z</time>
        <extensions>
          <gpxtpx:TrackPointExtension>
            <gpxtpx:hr>110</gpxtpx:hr>
          </gpxtpx:TrackPointExtension>
        </extensions>
      </trkpt>
      <trkpt lat="34.21904571096565" lon="108.83080616795733">
        <ele>405.5016526756808</ele>
        <time>2025-11-12T04:32:54.900000Z</time>
        <extensions>
          <gpxtpx:TrackPointExtension>
            <gpxtpx:hr>110</gpxtpx:hr>
          </gpxtpx:TrackPointExtension>
        </extensions>
      </trkpt>
      <trkpt lat="34.21904784660571" lon="108.83080958524769">
        <ele>405.48275131732225</ele>
        <time>2025-11-12T04:32:55.900000Z</time>
        <extensions>
          <gpxtpx:TrackPointExtension>
            <gpxtpx:hr>110</gpxtpx:hr>
          </gpxtpx:TrackPointExtension>
        </extensions>
      </trkpt>
      <trkpt lat="34.21905038136032" lon="108.8308143238405">
        <ele>405.46378929074854</ele>
        <time>2025-11-12T04:32:56.900000Z</time>
        <extensions>
          <gpxtpx:TrackPointExtension>
            <gpxtpx:hr>110</gpxtpx:hr>
          </gpxtpx:TrackPointExtension>
        </extensions>
      </trkpt>
      <trkpt lat="34.219053442830855" lon="108.83082092174513">
        <ele>405.4450314482674</ele>
        <time>2025-11-12T04:32:57.900000Z</time>
        <extensions>
          <gpxtpx:TrackPointExtension>
            <gpxtpx:hr>110</gpxtpx:hr>
          </gpxtpx:TrackPointExtension>
        </extensions>
      </trkpt>
      <trkpt lat="34.2190570857938" lon="108.83082960095246">
        <ele>405.424750556238</ele>
        <time>2025-11-12T04:32:58.900000Z</time>
        <extensions>
          <gpxtpx:TrackPointExtension>
            <gpxtpx:hr>110</gpxtpx:hr>
          </gpxtpx:TrackPointExtension>
        </extensions>
      </trkpt>
      <trkpt lat="34.219061476053064" lon="108.8308402838771">
        <ele>405.4035137174651</ele>
        <time>2025-11-12T04:32:59.900000Z</time>
        <extensions>
          <gpxtpx:TrackPointExtension>
            <gpxtpx:hr>110</gpxtpx:hr>
          </gpxtpx:TrackPointExtension>
        </extensions>
      </trkpt>
      <trkpt lat="34.21906635428172" lon="108.83085351983691">
        <ele>405.37924704886973</ele>
        <time>2025-11-12T04:33:00.900000Z</time>
        <extensions>
          <gpxtpx:TrackPointExtension>
            <gpxtpx:hr>110</gpxtpx:hr>
          </gpxtpx:TrackPointExtension>
        </extensions>
      </trkpt>
      <trkpt lat="34.21907096230864" lon="108.83086696001827">
        <ele>405.35677321255207</ele>
        <time>2025-11-12T04:33:01.900000Z</time>
        <extensions>
          <gpxtpx:TrackPointExtension>
            <gpxtpx:hr>111</gpxtpx:hr>
          </gpxtpx:TrackPointExtension>
        </extensions>
      </trkpt>
      <trkpt lat="34.21907902569072" lon="108.83093046796897">
        <ele>405.1655695438385</ele>
        <time>2025-11-12T04:33:11.900000Z</time>
        <extensions>
          <gpxtpx:TrackPointExtension>
            <gpxtpx:hr>111</gpxtpx:hr>
          </gpxtpx:TrackPointExtension>
        </extensions>
      </trkpt>
      <trkpt lat="34.219031633363706" lon="108.83086950898031">
        <ele>405.15538114402443</ele>
        <time>2025-11-12T04:33:15.900000Z</time>
        <extensions>
          <gpxtpx:TrackPointExtension>
            <gpxtpx:hr>110</gpxtpx:hr>
          </gpxtpx:TrackPointExtension>
        </extensions>
      </trkpt>
      <trkpt lat="34.21901449503111" lon="108.83084408046791">
        <ele>405.1665682820603</ele>
        <time>2025-11-12T04:33:16.900000Z</time>
        <extensions>
          <gpxtpx:TrackPointExtension>
            <gpxtpx:hr>110</gpxtpx:hr>
          </gpxtpx:TrackPointExtension>
        </extensions>
      </trkpt>
      <trkpt lat="34.21900360755407" lon="108.83082939929389">
        <ele>405.1796060902998</ele>
        <time>2025-11-12T04:33:17.900000Z</time>
        <extensions>
          <gpxtpx:TrackPointExtension>
            <gpxtpx:hr>110</gpxtpx:hr>
          </gpxtpx:TrackPointExtension>
        </extensions>
      </trkpt>
      <trkpt lat="34.2189951980226" lon="108.83081873893246">
        <ele>405.1922575691715</ele>
        <time>2025-11-12T04:33:18.900000Z</time>
        <extensions>
          <gpxtpx:TrackPointExtension>
            <gpxtpx:hr>110</gpxtpx:hr>
          </gpxtpx:TrackPointExtension>
        </extensions>
      </trkpt>
      <trkpt lat="34.218988534957454" lon="108.83081086525712">
        <ele>405.20605643093586</ele>
        <time>2025-11-12T04:33:19.900000Z</time>
        <extensions>
          <gpxtpx:TrackPointExtension>
            <gpxtpx:hr>111</gpxtpx:hr>
          </gpxtpx:TrackPointExtension>
        </extensions>
      </trkpt>
      <trkpt lat="34.21898370088833" lon="108.83080557380495">
        <ele>405.220485557802</ele>
        <time>2025-11-12T04:33:20.900000Z</time>
        <extensions>
          <gpxtpx:TrackPointExtension>
            <gpxtpx:hr>111</gpxtpx:hr>
          </gpxtpx:TrackPointExtension>
        </extensions>
      </trkpt>
      <trkpt lat="34.21897988754626" lon="108.83080165040252">
        <ele>405.23511611577123</ele>
        <time>2025-11-12T04:33:21.900000Z</time>
        <extensions>
          <gpxtpx:TrackPointExtension>
            <gpxtpx:hr>111</gpxtpx:hr>
          </gpxtpx:TrackPointExtension>
        </extensions>
      </trkpt>
      <trkpt lat="34.21897548008294" lon="108.83079747657244">
        <ele>405.24966704752296</ele>
        <time>2025-11-12T04:33:22.900000Z</time>
        <extensions>
          <gpxtpx:TrackPointExtension>
            <gpxtpx:hr>111</gpxtpx:hr>
          </gpxtpx:TrackPointExtension>
        </extensions>
      </trkpt>
      <trkpt lat="34.21896969316762" lon="108.83079243810317">
        <ele>405.26397544611245</ele>
        <time>2025-11-12T04:33:23.900000Z</time>
        <extensions>
          <gpxtpx:TrackPointExtension>
            <gpxtpx:hr>111</gpxtpx:hr>
          </gpxtpx:TrackPointExtension>
        </extensions>
      </trkpt>
      <trkpt lat="34.218962995378085" lon="108.83078746510182">
        <ele>405.27799464948475</ele>
        <time>2025-11-12T04:33:24.900000Z</time>
        <extensions>
          <gpxtpx:TrackPointExtension>
            <gpxtpx:hr>110</gpxtpx:hr>
          </gpxtpx:TrackPointExtension>
        </extensions>
      </trkpt>
      <trkpt lat="34.21895637368651" lon="108.83078451735825">
        <ele>405.29174473136663</ele>
        <time>2025-11-12T04:33:25.900000Z</time>
        <extensions>
          <gpxtpx:TrackPointExtension>
            <gpxtpx:hr>110</gpxtpx:hr>
          </gpxtpx:TrackPointExtension>
        </extensions>
      </trkpt>
      <trkpt lat="34.21895035658146" lon="108.83078317166749">
        <ele>405.30527800973505</ele>
        <time>2025-11-12T04:33:26.900000Z</time>
        <extensions>
          <gpxtpx:TrackPointExtension>
            <gpxtpx:hr>110</gpxtpx:hr>
          </gpxtpx:TrackPointExtension>
        </extensions>
      </trkpt>
      <trkpt lat="34.21894471097175" lon="108.83078154000381">
        <ele>405.31867181509733</ele>
        <time>2025-11-12T04:33:27.900000Z</time>
        <extensions>
          <gpxtpx:TrackPointExtension>
            <gpxtpx:hr>110</gpxtpx:hr>
          </gpxtpx:TrackPointExtension>
        </extensions>
      </trkpt>
    </trkseg>
  </trk>
</gpx>