<?xml version="1.0" encoding="UTF-8"?>
<gpx xmlns="http://www.topografix.com/GPX/1/1" xmlns:gpxtpx="http://www.garmin.com/xmlschemas/TrackPointExtension/v1" xmlns:xsi="http://www.w3.org/2001/XMLSchema-instance" xsi:schemaLocation="http://www.topografix.com/GPX/1/1 http://www.topografix.com/GPX/1/1/gpx.xsd" version="1.1" creator="gpx.py -- https://github.com/tkrajina/gpxpy">
  <trk>
    <name>gpx from keep</name>
    <type>Walk</type>
    <trkseg>
      <trkpt lat="34.21727123169755" lon="108.8323247395368">
        <ele>405.45841078367084</ele>
        <time>2025-11-17T04:22:47Z</time>
        <extensions>
          <gpxtpx:TrackPointExtension>
            <gpxtpx:hr>121</gpxtpx:hr>
          </gpxtpx:TrackPointExtension>
        </extensions>
      </trkpt>
      <trkpt lat="34.21727302576615" lon="108.83232603969796">
        <ele>405.44016789179295</ele>
        <time>2025-11-17T04:22:48Z</time>
        <extensions>
          <gpxtpx:TrackPointExtension>
            <gpxtpx:hr>121</gpxtpx:hr>
          </gpxtpx:TrackPointExtension>
        </extensions>
      </trkpt>
      <trkpt lat="34.217276591065804" lon="108.83232737213014">
        <ele>405.43731232732534</ele>
        <time>2025-11-17T04:22:49Z</time>
        <extensions>
          <gpxtpx:TrackPointExtension>
            <gpxtpx:hr>121</gpxtpx:hr>
          </gpxtpx:TrackPointExtension>
        </extensions>
      </trkpt>
      <trkpt lat="34.21727398751914" lon="108.83232953520745">
        <ele>405.4425826156512</ele>
        <time>2025-11-17T04:22:49.900000Z</time>
        <extensions>
          <gpxtpx:TrackPointExtension>
            <gpxtpx:hr>121</gpxtpx:hr>
          </gpxtpx:TrackPointExtension>
        </extensions>
      </trkpt>
      <trkpt lat="34.21726498689421" lon="108.83233270996305">
        <ele>405.44942464027554</ele>
        <time>2025-11-17T04:22:50.900000Z</time>
        <extensions>
          <gpxtpx:TrackPointExtension>
            <gpxtpx:hr>121</gpxtpx:hr>
          </gpxtpx:TrackPointExtension>
        </extensions>
      </trkpt>
      <trkpt lat="34.21725499907729" lon="108.83233630313848">
        <ele>405.45778824575245</ele>
        <time>2025-11-17T04:22:51.900000Z</time>
        <extensions>
          <gpxtpx:TrackPointExtension>
            <gpxtpx:hr>121</gpxtpx:hr>
          </gpxtpx:TrackPointExtension>
        </extensions>
      </trkpt>
      <trkpt lat="34.21724414116061" lon="108.83233962218333">
        <ele>405.4677353017032</ele>
        <time>2025-11-17T04:22:52.900000Z</time>
        <extensions>
          <gpxtpx:TrackPointExtension>
            <gpxtpx:hr>121</gpxtpx:hr>
          </gpxtpx:TrackPointExtension>
        </extensions>
      </trkpt>
      <trkpt lat="34.21723229542114" lon="108.83234208888324">
        <ele>405.48014549631625</ele>
        <time>2025-11-17T04:22:53.900000Z</time>
        <extensions>
          <gpxtpx:TrackPointExtension>
            <gpxtpx:hr>121</gpxtpx:hr>
          </gpxtpx:TrackPointExtension>
        </extensions>
      </trkpt>
      <trkpt lat="34.217220353492756" lon="108.83234399078597">
        <ele>405.49607605393976</ele>
        <time>2025-11-17T04:22:54.900000Z</time>
        <extensions>
          <gpxtpx:TrackPointExtension>
            <gpxtpx:hr>121</gpxtpx:hr>
          </gpxtpx:TrackPointExtension>
        </extensions>
      </trkpt>
      <trkpt lat="34.217208337954816" lon="108.83234577436353">
        <ele>405.50698735006154</ele>
        <time>2025-11-17T04:22:55.900000Z</time>
        <extensions>
          <gpxtpx:TrackPointExtension>
            <gpxtpx:hr>121</gpxtpx:hr>
          </gpxtpx:TrackPointExtension>
        </extensions>
      </trkpt>
      <trkpt lat="34.21719622246743" lon="108.83234907405942">
        <ele>405.52395345270634</ele>
        <time>2025-11-17T04:22:56.900000Z</time>
        <extensions>
          <gpxtpx:TrackPointExtension>
            <gpxtpx:hr>121</gpxtpx:hr>
          </gpxtpx:TrackPointExtension>
        </extensions>
      </trkpt>
      <trkpt lat="34.217183371594984" lon="108.83235394194442">
        <ele>405.54052391368896</ele>
        <time>2025-11-17T04:22:57.900000Z</time>
        <extensions>
          <gpxtpx:TrackPointExtension>
            <gpxtpx:hr>121</gpxtpx:hr>
          </gpxtpx:TrackPointExtension>
        </extensions>
      </trkpt>
      <trkpt lat="34.21716959524609" lon="108.83235933454506">
        <ele>405.5564418863505</ele>
        <time>2025-11-17T04:22:58.900000Z</time>
        <extensions>
          <gpxtpx:TrackPointExtension>
            <gpxtpx:hr>121</gpxtpx:hr>
          </gpxtpx:TrackPointExtension>
        </extensions>
      </trkpt>
      <trkpt lat="34.217155844475556" lon="108.83236522848959">
        <ele>405.57184788398445</ele>
        <time>2025-11-17T04:22:59.900000Z</time>
        <extensions>
          <gpxtpx:TrackPointExtension>
            <gpxtpx:hr>121</gpxtpx:hr>
          </gpxtpx:TrackPointExtension>
        </extensions>
      </trkpt>
      <trkpt lat="34.21714280083034" lon="108.83237136663398">
        <ele>405.56407691165805</ele>
        <time>2025-11-17T04:23:00.900000Z</time>
        <extensions>
          <gpxtpx:TrackPointExtension>
            <gpxtpx:hr>121</gpxtpx:hr>
          </gpxtpx:TrackPointExtension>
        </extensions>
      </trkpt>
      <trkpt lat="34.21712983927203" lon="108.83237766651395">
        <ele>405.55144290067255</ele>
        <time>2025-11-17T04:23:01.900000Z</time>
        <extensions>
          <gpxtpx:TrackPointExtension>
            <gpxtpx:hr>121</gpxtpx:hr>
          </gpxtpx:TrackPointExtension>
        </extensions>
      </trkpt>
      <trkpt lat="34.21711736534056" lon="108.83238442799042">
        <ele>405.5383838452399</ele>
        <time>2025-11-17T04:23:02.900000Z</time>
        <extensions>
          <gpxtpx:TrackPointExtension>
            <gpxtpx:hr>120</gpxtpx:hr>
          </gpxtpx:TrackPointExtension>
        </extensions>
      </trkpt>
      <trkpt lat="34.217105050214236" lon="108.83238989186185">
        <ele>405.51945089921355</ele>
        <time>2025-11-17T04:23:03.900000Z</time>
        <extensions>
          <gpxtpx:TrackPointExtension>
            <gpxtpx:hr>120</gpxtpx:hr>
          </gpxtpx:TrackPointExtension>
        </extensions>
      </trkpt>
      <trkpt lat="34.21709285927186" lon="108.832392846881">
        <ele>405.4901663521305</ele>
        <time>2025-11-17T04:23:04.900000Z</time>
        <extensions>
          <gpxtpx:TrackPointExtension>
            <gpxtpx:hr>120</gpxtpx:hr>
          </gpxtpx:TrackPointExtension>
        </extensions>
      </trkpt>
      <trkpt lat="34.217080701259974" lon="108.83239451429286">
        <ele>405.4498177971691</ele>
        <time>2025-11-17T04:23:05.900000Z</time>
        <extensions>
          <gpxtpx:TrackPointExtension>
            <gpxtpx:hr>120</gpxtpx:hr>
          </gpxtpx:TrackPointExtension>
        </extensions>
      </trkpt>
      <trkpt lat="34.21706872932159" lon="108.83239680615551">
        <ele>405.4009576588869</ele>
        <time>2025-11-17T04:23:06.900000Z</time>
        <extensions>
          <gpxtpx:TrackPointExtension>
            <gpxtpx:hr>120</gpxtpx:hr>
          </gpxtpx:TrackPointExtension>
        </extensions>
      </trkpt>
      <trkpt lat="34.21705638307483" lon="108.83240086692956">
        <ele>405.3450339268893</ele>
        <time>2025-11-17T04:23:07.900000Z</time>
        <extensions>
          <gpxtpx:TrackPointExtension>
            <gpxtpx:hr>120</gpxtpx:hr>
          </gpxtpx:TrackPointExtension>
        </extensions>
      </trkpt>
      <trkpt lat="34.217043495200464" lon="108.83240534661641">
        <ele>405.2895586108789</ele>
        <time>2025-11-17T04:23:08.900000Z</time>
        <extensions>
          <gpxtpx:TrackPointExtension>
            <gpxtpx:hr>120</gpxtpx:hr>
          </gpxtpx:TrackPointExtension>
        </extensions>
      </trkpt>
      <trkpt lat="34.217030740316304" lon="108.83240956920132">
        <ele>405.2325576534495</ele>
        <time>2025-11-17T04:23:09.900000Z</time>
        <extensions>
          <gpxtpx:TrackPointExtension>
            <gpxtpx:hr>119</gpxtpx:hr>
          </gpxtpx:TrackPointExtension>
        </extensions>
      </trkpt>
      <trkpt lat="34.217019136044655" lon="108.83241170391261">
        <ele>405.1767723513767</ele>
        <time>2025-11-17T04:23:10.900000Z</time>
        <extensions>
          <gpxtpx:TrackPointExtension>
            <gpxtpx:hr>119</gpxtpx:hr>
          </gpxtpx:TrackPointExtension>
        </extensions>
      </trkpt>
      <trkpt lat="34.21700901337672" lon="108.83241066740932">
        <ele>405.1113406866789</ele>
        <time>2025-11-17T04:23:11.900000Z</time>
        <extensions>
          <gpxtpx:TrackPointExtension>
            <gpxtpx:hr>119</gpxtpx:hr>
          </gpxtpx:TrackPointExtension>
        </extensions>
      </trkpt>
      <trkpt lat="34.21699991237814" lon="108.83240804003346">
        <ele>405.02878687065095</ele>
        <time>2025-11-17T04:23:12.900000Z</time>
        <extensions>
          <gpxtpx:TrackPointExtension>
            <gpxtpx:hr>119</gpxtpx:hr>
          </gpxtpx:TrackPointExtension>
        </extensions>
      </trkpt>
      <trkpt lat="34.2169916764526" lon="108.83240514916044">
        <ele>404.94236907269806</ele>
        <time>2025-11-17T04:23:13.900000Z</time>
        <extensions>
          <gpxtpx:TrackPointExtension>
            <gpxtpx:hr>119</gpxtpx:hr>
          </gpxtpx:TrackPointExtension>
        </extensions>
      </trkpt>
      <trkpt lat="34.216983687879925" lon="108.83240301084143">
        <ele>404.8395401565358</ele>
        <time>2025-11-17T04:23:14.900000Z</time>
        <extensions>
          <gpxtpx:TrackPointExtension>
            <gpxtpx:hr>117</gpxtpx:hr>
          </gpxtpx:TrackPointExtension>
        </extensions>
      </trkpt>
      <trkpt lat="34.21697575191537" lon="108.83240225173967">
        <ele>404.72995414491743</ele>
        <time>2025-11-17T04:23:15.900000Z</time>
        <extensions>
          <gpxtpx:TrackPointExtension>
            <gpxtpx:hr>117</gpxtpx:hr>
          </gpxtpx:TrackPointExtension>
        </extensions>
      </trkpt>
      <trkpt lat="34.21696761929073" lon="108.83240228908129">
        <ele>404.64381633140147</ele>
        <time>2025-11-17T04:23:16.900000Z</time>
        <extensions>
          <gpxtpx:TrackPointExtension>
            <gpxtpx:hr>117</gpxtpx:hr>
          </gpxtpx:TrackPointExtension>
        </extensions>
      </trkpt>
      <trkpt lat="34.216958743790464" lon="108.83240241038999">
        <ele>404.566929041408</ele>
        <time>2025-11-17T04:23:17.900000Z</time>
        <extensions>
          <gpxtpx:TrackPointExtension>
            <gpxtpx:hr>117</gpxtpx:hr>
          </gpxtpx:TrackPointExtension>
        </extensions>
      </trkpt>
      <trkpt lat="34.216949379199924" lon="108.83240253488724">
        <ele>404.48485102970153</ele>
        <time>2025-11-17T04:23:18.900000Z</time>
        <extensions>
          <gpxtpx:TrackPointExtension>
            <gpxtpx:hr>115</gpxtpx:hr>
          </gpxtpx:TrackPointExtension>
        </extensions>
      </trkpt>
      <trkpt lat="34.21693962057509" lon="108.83240271645998">
        <ele>404.40490859840065</ele>
        <time>2025-11-17T04:23:19.900000Z</time>
        <extensions>
          <gpxtpx:TrackPointExtension>
            <gpxtpx:hr>115</gpxtpx:hr>
          </gpxtpx:TrackPointExtension>
        </extensions>
      </trkpt>
      <trkpt lat="34.21692929730728" lon="108.83240299419005">
        <ele>404.34819686599076</ele>
        <time>2025-11-17T04:23:20.900000Z</time>
        <extensions>
          <gpxtpx:TrackPointExtension>
            <gpxtpx:hr>115</gpxtpx:hr>
          </gpxtpx:TrackPointExtension>
        </extensions>
      </trkpt>
      <trkpt lat="34.21691857917088" lon="108.83240331868447">
        <ele>404.2867582635954</ele>
        <time>2025-11-17T04:23:21.900000Z</time>
        <extensions>
          <gpxtpx:TrackPointExtension>
            <gpxtpx:hr>115</gpxtpx:hr>
          </gpxtpx:TrackPointExtension>
        </extensions>
      </trkpt>
      <trkpt lat="34.216907673948725" lon="108.83240387773347">
        <ele>404.2397366631776</ele>
        <time>2025-11-17T04:23:22.900000Z</time>
        <extensions>
          <gpxtpx:TrackPointExtension>
            <gpxtpx:hr>114</gpxtpx:hr>
          </gpxtpx:TrackPointExtension>
        </extensions>
      </trkpt>
      <trkpt lat="34.2168962435725" lon="108.83240471886116">
        <ele>404.16550546325743</ele>
        <time>2025-11-17T04:23:23.900000Z</time>
        <extensions>
          <gpxtpx:TrackPointExtension>
            <gpxtpx:hr>114</gpxtpx:hr>
          </gpxtpx:TrackPointExtension>
        </extensions>
      </trkpt>
      <trkpt lat="34.21688415641984" lon="108.83240574049289">
        <ele>404.09158803801984</ele>
        <time>2025-11-17T04:23:24.900000Z</time>
        <extensions>
          <gpxtpx:TrackPointExtension>
            <gpxtpx:hr>114</gpxtpx:hr>
          </gpxtpx:TrackPointExtension>
        </extensions>
      </trkpt>
      <trkpt lat="34.216872482001484" lon="108.83240727077765">
        <ele>404.01899246126413</ele>
        <time>2025-11-17T04:23:25.900000Z</time>
        <extensions>
          <gpxtpx:TrackPointExtension>
            <gpxtpx:hr>114</gpxtpx:hr>
          </gpxtpx:TrackPointExtension>
        </extensions>
      </trkpt>
      <trkpt lat="34.21686184610841" lon="108.83240939957943">
        <ele>403.9639221690595</ele>
        <time>2025-11-17T04:23:26.900000Z</time>
        <extensions>
          <gpxtpx:TrackPointExtension>
            <gpxtpx:hr>114</gpxtpx:hr>
          </gpxtpx:TrackPointExtension>
        </extensions>
      </trkpt>
      <trkpt lat="34.21685138024205" lon="108.83241193100376">
        <ele>403.89913757517934</ele>
        <time>2025-11-17T04:23:27.900000Z</time>
        <extensions>
          <gpxtpx:TrackPointExtension>
            <gpxtpx:hr>114</gpxtpx:hr>
          </gpxtpx:TrackPointExtension>
        </extensions>
      </trkpt>
      <trkpt lat="34.216840500700314" lon="108.83241475527973">
        <ele>403.8468775926158</ele>
        <time>2025-11-17T04:23:28.900000Z</time>
        <extensions>
          <gpxtpx:TrackPointExtension>
            <gpxtpx:hr>114</gpxtpx:hr>
          </gpxtpx:TrackPointExtension>
        </extensions>
      </trkpt>
      <trkpt lat="34.21682945603262" lon="108.83241783160311">
        <ele>403.8012128826231</ele>
        <time>2025-11-17T04:23:29.900000Z</time>
        <extensions>
          <gpxtpx:TrackPointExtension>
            <gpxtpx:hr>114</gpxtpx:hr>
          </gpxtpx:TrackPointExtension>
        </extensions>
      </trkpt>
      <trkpt lat="34.216818334667146" lon="108.83242096187018">
        <ele>403.77155961934477</ele>
        <time>2025-11-17T04:23:30.900000Z</time>
        <extensions>
          <gpxtpx:TrackPointExtension>
            <gpxtpx:hr>114</gpxtpx:hr>
          </gpxtpx:TrackPointExtension>
        </extensions>
      </trkpt>
      <trkpt lat="34.21680695900853" lon="108.83242394524524">
        <ele>403.7889436651021</ele>
        <time>2025-11-17T04:23:31.900000Z</time>
        <extensions>
          <gpxtpx:TrackPointExtension>
            <gpxtpx:hr>114</gpxtpx:hr>
          </gpxtpx:TrackPointExtension>
        </extensions>
      </trkpt>
      <trkpt lat="34.216795324869864" lon="108.83242697623714">
        <ele>403.8253789478913</ele>
        <time>2025-11-17T04:23:32.900000Z</time>
        <extensions>
          <gpxtpx:TrackPointExtension>
            <gpxtpx:hr>114</gpxtpx:hr>
          </gpxtpx:TrackPointExtension>
        </extensions>
      </trkpt>
      <trkpt lat="34.216783869327166" lon="108.83243033424365">
        <ele>403.88592760730535</ele>
        <time>2025-11-17T04:23:33.900000Z</time>
      </trkpt>
      <trkpt lat="34.216772450521866" lon="108.83243428380526">
        <ele>403.92857171129435</ele>
        <time>2025-11-17T04:23:34.900000Z</time>
      </trkpt>
      <trkpt lat="34.21676073159677" lon="108.83243909601379">
        <ele>403.9622998069972</ele>
        <time>2025-11-17T04:23:35.900000Z</time>
      </trkpt>
      <trkpt lat="34.21674880935688" lon="108.83244485507498">
        <ele>403.9925148645416</ele>
        <time>2025-11-17T04:23:36.900000Z</time>
      </trkpt>
      <trkpt lat="34.21673686326849" lon="108.83245143024199">
        <ele>404.045168585144</ele>
        <time>2025-11-17T04:23:37.900000Z</time>
      </trkpt>
      <trkpt lat="34.21672500170884" lon="108.83245841616585">
        <ele>404.1096292408183</ele>
        <time>2025-11-17T04:23:38.900000Z</time>
      </trkpt>
      <trkpt lat="34.2167132276845" lon="108.83246582768389">
        <ele>404.1738812699914</ele>
        <time>2025-11-17T04:23:39.900000Z</time>
      </trkpt>
      <trkpt lat="34.216701646887884" lon="108.83247397646366">
        <ele>404.24633456300944</ele>
        <time>2025-11-17T04:23:40.900000Z</time>
      </trkpt>
      <trkpt lat="34.21669060802756" lon="108.83248314225659">
        <ele>404.31630587298423</ele>
        <time>2025-11-17T04:23:41.900000Z</time>
      </trkpt>
      <trkpt lat="34.216680346821306" lon="108.83249364529394">
        <ele>404.37817246839404</ele>
        <time>2025-11-17T04:23:42.900000Z</time>
      </trkpt>
      <trkpt lat="34.21667069981205" lon="108.83250651116408">
        <ele>404.4522423343733</ele>
        <time>2025-11-17T04:23:43.900000Z</time>
      </trkpt>
      <trkpt lat="34.21666214113178" lon="108.83252146015109">
        <ele>404.5350237004459</ele>
        <time>2025-11-17T04:23:44.900000Z</time>
      </trkpt>
      <trkpt lat="34.21665441019716" lon="108.83253613556948">
        <ele>404.5951563892886</ele>
        <time>2025-11-17T04:23:45.900000Z</time>
      </trkpt>
      <trkpt lat="34.2166456813712" lon="108.8325488582049">
        <ele>404.6381488973275</ele>
        <time>2025-11-17T04:23:46.900000Z</time>
      </trkpt>
      <trkpt lat="34.216635453665525" lon="108.8325598504014">
        <ele>404.6637783199549</ele>
        <time>2025-11-17T04:23:47.900000Z</time>
      </trkpt>
      <trkpt lat="34.216623995348236" lon="108.83256971135415">
        <ele>404.6760101765394</ele>
        <time>2025-11-17T04:23:48.900000Z</time>
      </trkpt>
      <trkpt lat="34.216611724752646" lon="108.83257811610062">
        <ele>404.6853768341243</ele>
        <time>2025-11-17T04:23:49.900000Z</time>
      </trkpt>
      <trkpt lat="34.216599435175205" lon="108.83258525911295">
        <ele>404.6850957563147</ele>
        <time>2025-11-17T04:23:50.900000Z</time>
      </trkpt>
      <trkpt lat="34.216587609916076" lon="108.8325922056907">
        <ele>404.6779139870778</ele>
        <time>2025-11-17T04:23:51.900000Z</time>
      </trkpt>
      <trkpt lat="34.216576118670034" lon="108.83259909804772">
        <ele>404.6750209312886</ele>
        <time>2025-11-17T04:23:52.900000Z</time>
      </trkpt>
      <trkpt lat="34.21656460284039" lon="108.83260594368859">
        <ele>404.6512562343851</ele>
        <time>2025-11-17T04:23:53.900000Z</time>
      </trkpt>
      <trkpt lat="34.21655340308957" lon="108.83261259696346">
        <ele>404.61910606361926</ele>
        <time>2025-11-17T04:23:54.900000Z</time>
      </trkpt>
      <trkpt lat="34.21654206888015" lon="108.83261955573164">
        <ele>404.59836113173515</ele>
        <time>2025-11-17T04:23:55.900000Z</time>
      </trkpt>
      <trkpt lat="34.21653017189531" lon="108.83262705019308">
        <ele>404.5861376076937</ele>
        <time>2025-11-17T04:23:56.900000Z</time>
      </trkpt>
      <trkpt lat="34.21651800164673" lon="108.83263449285089">
        <ele>404.5715902382508</ele>
        <time>2025-11-17T04:23:57.900000Z</time>
      </trkpt>
      <trkpt lat="34.216505688679376" lon="108.83264163789141">
        <ele>404.5500201852992</ele>
        <time>2025-11-17T04:23:58.900000Z</time>
      </trkpt>
      <trkpt lat="34.21649353406319" lon="108.83264808404662">
        <ele>404.53488527424634</ele>
        <time>2025-11-17T04:23:59.900000Z</time>
      </trkpt>
      <trkpt lat="34.21648085977455" lon="108.83265395253635">
        <ele>404.5337683064863</ele>
        <time>2025-11-17T04:24:00.900000Z</time>
      </trkpt>
      <trkpt lat="34.2164672667147" lon="108.83265947911553">
        <ele>404.54895624890924</ele>
        <time>2025-11-17T04:24:01.900000Z</time>
      </trkpt>
      <trkpt lat="34.216453478577115" lon="108.83266440042901">
        <ele>404.56785399559885</ele>
        <time>2025-11-17T04:24:02.900000Z</time>
      </trkpt>
      <trkpt lat="34.21643977174488" lon="108.83266878876478">
        <ele>404.58958752360195</ele>
        <time>2025-11-17T04:24:03.900000Z</time>
      </trkpt>
      <trkpt lat="34.21642628403863" lon="108.83267254113937">
        <ele>404.6087682014331</ele>
        <time>2025-11-17T04:24:04.900000Z</time>
      </trkpt>
      <trkpt lat="34.21641289957677" lon="108.83267567604075">
        <ele>404.638305564411</ele>
        <time>2025-11-17T04:24:05.900000Z</time>
      </trkpt>
      <trkpt lat="34.2163995651472" lon="108.83267884253365">
        <ele>404.6922286832705</ele>
        <time>2025-11-17T04:24:06.900000Z</time>
      </trkpt>
      <trkpt lat="34.21638613702884" lon="108.83268216206388">
        <ele>404.77574408613145</ele>
        <time>2025-11-17T04:24:07.900000Z</time>
      </trkpt>
      <trkpt lat="34.216372713467536" lon="108.8326854073028">
        <ele>404.86253586318344</ele>
        <time>2025-11-17T04:24:08.900000Z</time>
      </trkpt>
      <trkpt lat="34.21635934347885" lon="108.83268816631218">
        <ele>404.93930706661195</ele>
        <time>2025-11-17T04:24:09.900000Z</time>
      </trkpt>
      <trkpt lat="34.21634609728106" lon="108.8326902331914">
        <ele>404.9892328158021</ele>
        <time>2025-11-17T04:24:10.900000Z</time>
      </trkpt>
      <trkpt lat="34.21633280471236" lon="108.83269183785451">
        <ele>405.0488108014688</ele>
        <time>2025-11-17T04:24:11.900000Z</time>
      </trkpt>
      <trkpt lat="34.2163194150525" lon="108.83269279143674">
        <ele>405.11292472295463</ele>
        <time>2025-11-17T04:24:12.900000Z</time>
      </trkpt>
      <trkpt lat="34.216306304060005" lon="108.83269300139733">
        <ele>405.19674994051456</ele>
        <time>2025-11-17T04:24:13.900000Z</time>
      </trkpt>
      <trkpt lat="34.21629391481783" lon="108.83269263683322">
        <ele>405.29288541805</ele>
        <time>2025-11-17T04:24:14.900000Z</time>
      </trkpt>
      <trkpt lat="34.2162827007161" lon="108.83269152019808">
        <ele>405.3882528701797</ele>
        <time>2025-11-17T04:24:15.900000Z</time>
      </trkpt>
      <trkpt lat="34.21627269329339" lon="108.8326896453474">
        <ele>405.47736119572073</ele>
        <time>2025-11-17T04:24:16.900000Z</time>
      </trkpt>
      <trkpt lat="34.21626324824007" lon="108.83268721425664">
        <ele>405.54900314472616</ele>
        <time>2025-11-17T04:24:17.900000Z</time>
      </trkpt>
      <trkpt lat="34.21625368007475" lon="108.83268470074398">
        <ele>405.61023442354053</ele>
        <time>2025-11-17T04:24:18.900000Z</time>
      </trkpt>
      <trkpt lat="34.216243398633296" lon="108.83268260075921">
        <ele>405.6548237744719</ele>
        <time>2025-11-17T04:24:19.900000Z</time>
      </trkpt>
      <trkpt lat="34.21623215737208" lon="108.83268124570095">
        <ele>405.6909656925127</ele>
        <time>2025-11-17T04:24:20.900000Z</time>
      </trkpt>
      <trkpt lat="34.21622056952143" lon="108.83268056105761">
        <ele>405.721568220295</ele>
        <time>2025-11-17T04:24:21.900000Z</time>
      </trkpt>
      <trkpt lat="34.21620943169744" lon="108.832680059361">
        <ele>405.7423196947202</ele>
        <time>2025-11-17T04:24:22.900000Z</time>
      </trkpt>
      <trkpt lat="34.216198850195795" lon="108.83267940217118">
        <ele>405.7530090576038</ele>
        <time>2025-11-17T04:24:23.900000Z</time>
      </trkpt>
      <trkpt lat="34.21618839369473" lon="108.83267843840385">
        <ele>405.7682132590562</ele>
        <time>2025-11-17T04:24:24.900000Z</time>
      </trkpt>
      <trkpt lat="34.21617797165666" lon="108.83267739683197">
        <ele>405.78711467795074</ele>
        <time>2025-11-17T04:24:25.900000Z</time>
      </trkpt>
      <trkpt lat="34.21616785773708" lon="108.832676101588">
        <ele>405.8119240719825</ele>
        <time>2025-11-17T04:24:26.900000Z</time>
      </trkpt>
      <trkpt lat="34.21615746261734" lon="108.83267412521148">
        <ele>405.8280719546601</ele>
        <time>2025-11-17T04:24:27.900000Z</time>
      </trkpt>
      <trkpt lat="34.21614642884771" lon="108.83267207599029">
        <ele>405.8396896785125</ele>
        <time>2025-11-17T04:24:28.900000Z</time>
      </trkpt>
      <trkpt lat="34.216135002720904" lon="108.83267080702221">
        <ele>405.85679328162223</ele>
        <time>2025-11-17T04:24:29.900000Z</time>
      </trkpt>
      <trkpt lat="34.216123282495076" lon="108.832670232588">
        <ele>405.8935575308278</ele>
        <time>2025-11-17T04:24:30.900000Z</time>
      </trkpt>
      <trkpt lat="34.21611104901419" lon="108.83267002467474">
        <ele>405.9194948868826</ele>
        <time>2025-11-17T04:24:31.900000Z</time>
      </trkpt>
      <trkpt lat="34.21609827712779" lon="108.83267008391749">
        <ele>405.9409303609282</ele>
        <time>2025-11-17T04:24:32.900000Z</time>
      </trkpt>
      <trkpt lat="34.21608546791573" lon="108.8326700515851">
        <ele>405.9795417720452</ele>
        <time>2025-11-17T04:24:33.900000Z</time>
      </trkpt>
      <trkpt lat="34.21607283310428" lon="108.83266964740467">
        <ele>406.0192238083109</ele>
        <time>2025-11-17T04:24:34.900000Z</time>
      </trkpt>
      <trkpt lat="34.216060329461726" lon="108.83266915688358">
        <ele>406.0542774088681</ele>
        <time>2025-11-17T04:24:35.900000Z</time>
      </trkpt>
      <trkpt lat="34.216048029260804" lon="108.83266893053748">
        <ele>406.0795984119177</ele>
        <time>2025-11-17T04:24:36.900000Z</time>
      </trkpt>
      <trkpt lat="34.21603592885134" lon="108.83266882595136">
        <ele>406.1041076146066</ele>
        <time>2025-11-17T04:24:37.900000Z</time>
      </trkpt>
      <trkpt lat="34.21602357947598" lon="108.83266855134552">
        <ele>406.1261920388788</ele>
        <time>2025-11-17T04:24:38.900000Z</time>
      </trkpt>
      <trkpt lat="34.2160105593115" lon="108.83266797251525">
        <ele>406.15111511945724</ele>
        <time>2025-11-17T04:24:39.900000Z</time>
      </trkpt>
      <trkpt lat="34.21599727371357" lon="108.83266698618169">
        <ele>406.1546950507909</ele>
        <time>2025-11-17T04:24:40.900000Z</time>
      </trkpt>
      <trkpt lat="34.21598401129218" lon="108.8326658264324">
        <ele>406.1714261583984</ele>
        <time>2025-11-17T04:24:41.900000Z</time>
        <extensions>
          <gpxtpx:TrackPointExtension>
            <gpxtpx:hr>113</gpxtpx:hr>
          </gpxtpx:TrackPointExtension>
        </extensions>
      </trkpt>
      <trkpt lat="34.21597074655865" lon="108.83266462815462">
        <ele>406.1904017534107</ele>
        <time>2025-11-17T04:24:42.900000Z</time>
        <extensions>
          <gpxtpx:TrackPointExtension>
            <gpxtpx:hr>113</gpxtpx:hr>
          </gpxtpx:TrackPointExtension>
        </extensions>
      </trkpt>
      <trkpt lat="34.21595789663077" lon="108.83266352558265">
        <ele>406.21358184237033</ele>
        <time>2025-11-17T04:24:43.900000Z</time>
        <extensions>
          <gpxtpx:TrackPointExtension>
            <gpxtpx:hr>113</gpxtpx:hr>
          </gpxtpx:TrackPointExtension>
        </extensions>
      </trkpt>
      <trkpt lat="34.2159449699976" lon="108.83266256596302">
        <ele>406.23084600362927</ele>
        <time>2025-11-17T04:24:44.900000Z</time>
        <extensions>
          <gpxtpx:TrackPointExtension>
            <gpxtpx:hr>113</gpxtpx:hr>
          </gpxtpx:TrackPointExtension>
        </extensions>
      </trkpt>
      <trkpt lat="34.21593089015235" lon="108.83266154638605">
        <ele>406.2415467463434</ele>
        <time>2025-11-17T04:24:45.900000Z</time>
        <extensions>
          <gpxtpx:TrackPointExtension>
            <gpxtpx:hr>113</gpxtpx:hr>
          </gpxtpx:TrackPointExtension>
        </extensions>
      </trkpt>
      <trkpt lat="34.21591630154501" lon="108.83266034599673">
        <ele>406.2319334866479</ele>
        <time>2025-11-17T04:24:46.900000Z</time>
        <extensions>
          <gpxtpx:TrackPointExtension>
            <gpxtpx:hr>113</gpxtpx:hr>
          </gpxtpx:TrackPointExtension>
        </extensions>
      </trkpt>
      <trkpt lat="34.21590175258691" lon="108.83265902630149">
        <ele>406.2250261036679</ele>
        <time>2025-11-17T04:24:47.900000Z</time>
        <extensions>
          <gpxtpx:TrackPointExtension>
            <gpxtpx:hr>113</gpxtpx:hr>
          </gpxtpx:TrackPointExtension>
        </extensions>
      </trkpt>
      <trkpt lat="34.21588681142153" lon="108.83265803625045">
        <ele>406.21182954404503</ele>
        <time>2025-11-17T04:24:48.900000Z</time>
        <extensions>
          <gpxtpx:TrackPointExtension>
            <gpxtpx:hr>113</gpxtpx:hr>
          </gpxtpx:TrackPointExtension>
        </extensions>
      </trkpt>
      <trkpt lat="34.21587134149523" lon="108.8326577537869">
        <ele>406.1936662243679</ele>
        <time>2025-11-17T04:24:50Z</time>
        <extensions>
          <gpxtpx:TrackPointExtension>
            <gpxtpx:hr>113</gpxtpx:hr>
          </gpxtpx:TrackPointExtension>
        </extensions>
      </trkpt>
      <trkpt lat="34.21585599703691" lon="108.83265814557961">
        <ele>406.16206381097436</ele>
        <time>2025-11-17T04:24:51Z</time>
        <extensions>
          <gpxtpx:TrackPointExtension>
            <gpxtpx:hr>113</gpxtpx:hr>
          </gpxtpx:TrackPointExtension>
        </extensions>
      </trkpt>
      <trkpt lat="34.21584115948335" lon="108.83265841676229">
        <ele>406.1209598602727</ele>
        <time>2025-11-17T04:24:52Z</time>
        <extensions>
          <gpxtpx:TrackPointExtension>
            <gpxtpx:hr>113</gpxtpx:hr>
          </gpxtpx:TrackPointExtension>
        </extensions>
      </trkpt>
      <trkpt lat="34.215826661480875" lon="108.832657593082">
        <ele>406.0897072618827</ele>
        <time>2025-11-17T04:24:53Z</time>
        <extensions>
          <gpxtpx:TrackPointExtension>
            <gpxtpx:hr>113</gpxtpx:hr>
          </gpxtpx:TrackPointExtension>
        </extensions>
      </trkpt>
      <trkpt lat="34.21581237425821" lon="108.8326559798459">
        <ele>406.0457352939993</ele>
        <time>2025-11-17T04:24:54Z</time>
        <extensions>
          <gpxtpx:TrackPointExtension>
            <gpxtpx:hr>113</gpxtpx:hr>
          </gpxtpx:TrackPointExtension>
        </extensions>
      </trkpt>
      <trkpt lat="34.215798259647066" lon="108.83265438391894">
        <ele>406.0079497145489</ele>
        <time>2025-11-17T04:24:55Z</time>
        <extensions>
          <gpxtpx:TrackPointExtension>
            <gpxtpx:hr>108</gpxtpx:hr>
          </gpxtpx:TrackPointExtension>
        </extensions>
      </trkpt>
      <trkpt lat="34.21578438802886" lon="108.8326530094253">
        <ele>405.96166883036494</ele>
        <time>2025-11-17T04:24:56Z</time>
        <extensions>
          <gpxtpx:TrackPointExtension>
            <gpxtpx:hr>108</gpxtpx:hr>
          </gpxtpx:TrackPointExtension>
        </extensions>
      </trkpt>
      <trkpt lat="34.215770949144215" lon="108.83265148146685">
        <ele>405.90237380191684</ele>
        <time>2025-11-17T04:24:57Z</time>
        <extensions>
          <gpxtpx:TrackPointExtension>
            <gpxtpx:hr>108</gpxtpx:hr>
          </gpxtpx:TrackPointExtension>
        </extensions>
      </trkpt>
      <trkpt lat="34.21575812288938" lon="108.8326487842562">
        <ele>405.84029992762953</ele>
        <time>2025-11-17T04:24:58Z</time>
        <extensions>
          <gpxtpx:TrackPointExtension>
            <gpxtpx:hr>108</gpxtpx:hr>
          </gpxtpx:TrackPointExtension>
        </extensions>
      </trkpt>
      <trkpt lat="34.21574634272298" lon="108.83264502164194">
        <ele>405.7872090386227</ele>
        <time>2025-11-17T04:24:59Z</time>
        <extensions>
          <gpxtpx:TrackPointExtension>
            <gpxtpx:hr>108</gpxtpx:hr>
          </gpxtpx:TrackPointExtension>
        </extensions>
      </trkpt>
      <trkpt lat="34.215735468325384" lon="108.83264097002558">
        <ele>405.7286811824888</ele>
        <time>2025-11-17T04:25:00Z</time>
        <extensions>
          <gpxtpx:TrackPointExtension>
            <gpxtpx:hr>106</gpxtpx:hr>
          </gpxtpx:TrackPointExtension>
        </extensions>
      </trkpt>
      <trkpt lat="34.21572464691627" lon="108.83263669362252">
        <ele>405.65242389123887</ele>
        <time>2025-11-17T04:25:01Z</time>
        <extensions>
          <gpxtpx:TrackPointExtension>
            <gpxtpx:hr>106</gpxtpx:hr>
          </gpxtpx:TrackPointExtension>
        </extensions>
      </trkpt>
      <trkpt lat="34.21571350578213" lon="108.83263236721727">
        <ele>405.5748593956232</ele>
        <time>2025-11-17T04:25:02Z</time>
        <extensions>
          <gpxtpx:TrackPointExtension>
            <gpxtpx:hr>106</gpxtpx:hr>
          </gpxtpx:TrackPointExtension>
        </extensions>
      </trkpt>
      <trkpt lat="34.21570210256429" lon="108.83262808918556">
        <ele>405.480802340433</ele>
        <time>2025-11-17T04:25:03Z</time>
        <extensions>
          <gpxtpx:TrackPointExtension>
            <gpxtpx:hr>106</gpxtpx:hr>
          </gpxtpx:TrackPointExtension>
        </extensions>
      </trkpt>
      <trkpt lat="34.21569037288615" lon="108.83262402671896">
        <ele>405.3861254695803</ele>
        <time>2025-11-17T04:25:04Z</time>
        <extensions>
          <gpxtpx:TrackPointExtension>
            <gpxtpx:hr>106</gpxtpx:hr>
          </gpxtpx:TrackPointExtension>
        </extensions>
      </trkpt>
      <trkpt lat="34.21567824337419" lon="108.83262014617715">
        <ele>405.30051000602543</ele>
        <time>2025-11-17T04:25:04.900000Z</time>
        <extensions>
          <gpxtpx:TrackPointExtension>
            <gpxtpx:hr>106</gpxtpx:hr>
          </gpxtpx:TrackPointExtension>
        </extensions>
      </trkpt>
      <trkpt lat="34.215665887534385" lon="108.83261628799221">
        <ele>405.21879380289465</ele>
        <time>2025-11-17T04:25:05.900000Z</time>
        <extensions>
          <gpxtpx:TrackPointExtension>
            <gpxtpx:hr>106</gpxtpx:hr>
          </gpxtpx:TrackPointExtension>
        </extensions>
      </trkpt>
      <trkpt lat="34.21565350793026" lon="108.83261238230364">
        <ele>405.12569537200034</ele>
        <time>2025-11-17T04:25:06.900000Z</time>
        <extensions>
          <gpxtpx:TrackPointExtension>
            <gpxtpx:hr>106</gpxtpx:hr>
          </gpxtpx:TrackPointExtension>
        </extensions>
      </trkpt>
      <trkpt lat="34.21564160710124" lon="108.83260863319134">
        <ele>405.02671587094665</ele>
        <time>2025-11-17T04:25:07.900000Z</time>
        <extensions>
          <gpxtpx:TrackPointExtension>
            <gpxtpx:hr>106</gpxtpx:hr>
          </gpxtpx:TrackPointExtension>
        </extensions>
      </trkpt>
      <trkpt lat="34.215630411415404" lon="108.83260508072797">
        <ele>404.92736968025565</ele>
        <time>2025-11-17T04:25:08.900000Z</time>
        <extensions>
          <gpxtpx:TrackPointExtension>
            <gpxtpx:hr>106</gpxtpx:hr>
          </gpxtpx:TrackPointExtension>
        </extensions>
      </trkpt>
      <trkpt lat="34.21561915374245" lon="108.83260122780148">
        <ele>404.8294213330373</ele>
        <time>2025-11-17T04:25:09.900000Z</time>
        <extensions>
          <gpxtpx:TrackPointExtension>
            <gpxtpx:hr>106</gpxtpx:hr>
          </gpxtpx:TrackPointExtension>
        </extensions>
      </trkpt>
      <trkpt lat="34.21560737005367" lon="108.83259703850986">
        <ele>404.72957637440413</ele>
        <time>2025-11-17T04:25:10.900000Z</time>
        <extensions>
          <gpxtpx:TrackPointExtension>
            <gpxtpx:hr>106</gpxtpx:hr>
          </gpxtpx:TrackPointExtension>
        </extensions>
      </trkpt>
      <trkpt lat="34.21559514632764" lon="108.83259283805793">
        <ele>404.61955281626433</ele>
        <time>2025-11-17T04:25:11.900000Z</time>
        <extensions>
          <gpxtpx:TrackPointExtension>
            <gpxtpx:hr>106</gpxtpx:hr>
          </gpxtpx:TrackPointExtension>
        </extensions>
      </trkpt>
      <trkpt lat="34.21558239798775" lon="108.8325887560792">
        <ele>404.50970097165555</ele>
        <time>2025-11-17T04:25:12.900000Z</time>
        <extensions>
          <gpxtpx:TrackPointExtension>
            <gpxtpx:hr>106</gpxtpx:hr>
          </gpxtpx:TrackPointExtension>
        </extensions>
      </trkpt>
      <trkpt lat="34.215569138689" lon="108.83258519629698">
        <ele>404.4019004581496</ele>
        <time>2025-11-17T04:25:13.900000Z</time>
        <extensions>
          <gpxtpx:TrackPointExtension>
            <gpxtpx:hr>106</gpxtpx:hr>
          </gpxtpx:TrackPointExtension>
        </extensions>
      </trkpt>
      <trkpt lat="34.215555459933775" lon="108.83258269489517">
        <ele>404.30003597959876</ele>
        <time>2025-11-17T04:25:14.900000Z</time>
        <extensions>
          <gpxtpx:TrackPointExtension>
            <gpxtpx:hr>106</gpxtpx:hr>
          </gpxtpx:TrackPointExtension>
        </extensions>
      </trkpt>
      <trkpt lat="34.21554134185906" lon="108.83258079201853">
        <ele>404.2153872270137</ele>
        <time>2025-11-17T04:25:15.900000Z</time>
        <extensions>
          <gpxtpx:TrackPointExtension>
            <gpxtpx:hr>105</gpxtpx:hr>
          </gpxtpx:TrackPointExtension>
        </extensions>
      </trkpt>
      <trkpt lat="34.215527113266155" lon="108.83257863706834">
        <ele>404.1319083496928</ele>
        <time>2025-11-17T04:25:16.900000Z</time>
        <extensions>
          <gpxtpx:TrackPointExtension>
            <gpxtpx:hr>105</gpxtpx:hr>
          </gpxtpx:TrackPointExtension>
        </extensions>
      </trkpt>
      <trkpt lat="34.21551409542054" lon="108.83257585101467">
        <ele>404.060668756254</ele>
        <time>2025-11-17T04:25:17.900000Z</time>
        <extensions>
          <gpxtpx:TrackPointExtension>
            <gpxtpx:hr>105</gpxtpx:hr>
          </gpxtpx:TrackPointExtension>
        </extensions>
      </trkpt>
      <trkpt lat="34.21550156461577" lon="108.83257213982152">
        <ele>404.00926439929754</ele>
        <time>2025-11-17T04:25:18.900000Z</time>
        <extensions>
          <gpxtpx:TrackPointExtension>
            <gpxtpx:hr>105</gpxtpx:hr>
          </gpxtpx:TrackPointExtension>
        </extensions>
      </trkpt>
      <trkpt lat="34.21548810074941" lon="108.83256750322724">
        <ele>403.9610574664548</ele>
        <time>2025-11-17T04:25:19.900000Z</time>
        <extensions>
          <gpxtpx:TrackPointExtension>
            <gpxtpx:hr>105</gpxtpx:hr>
          </gpxtpx:TrackPointExtension>
        </extensions>
      </trkpt>
      <trkpt lat="34.215474669844625" lon="108.83256213414637">
        <ele>403.9155013123527</ele>
        <time>2025-11-17T04:25:20.900000Z</time>
        <extensions>
          <gpxtpx:TrackPointExtension>
            <gpxtpx:hr>105</gpxtpx:hr>
          </gpxtpx:TrackPointExtension>
        </extensions>
      </trkpt>
      <trkpt lat="34.215462042211165" lon="108.83255662221593">
        <ele>403.8724720813334</ele>
        <time>2025-11-17T04:25:21.900000Z</time>
        <extensions>
          <gpxtpx:TrackPointExtension>
            <gpxtpx:hr>105</gpxtpx:hr>
          </gpxtpx:TrackPointExtension>
        </extensions>
      </trkpt>
      <trkpt lat="34.21545000945888" lon="108.83255071541123">
        <ele>403.82793547958136</ele>
        <time>2025-11-17T04:25:22.900000Z</time>
        <extensions>
          <gpxtpx:TrackPointExtension>
            <gpxtpx:hr>105</gpxtpx:hr>
          </gpxtpx:TrackPointExtension>
        </extensions>
      </trkpt>
      <trkpt lat="34.215438274432934" lon="108.8325441004191">
        <ele>403.8035999983549</ele>
        <time>2025-11-17T04:25:23.900000Z</time>
        <extensions>
          <gpxtpx:TrackPointExtension>
            <gpxtpx:hr>105</gpxtpx:hr>
          </gpxtpx:TrackPointExtension>
        </extensions>
      </trkpt>
      <trkpt lat="34.21542671614672" lon="108.83253781431483">
        <ele>403.7905674763024</ele>
        <time>2025-11-17T04:25:24.900000Z</time>
        <extensions>
          <gpxtpx:TrackPointExtension>
            <gpxtpx:hr>105</gpxtpx:hr>
          </gpxtpx:TrackPointExtension>
        </extensions>
      </trkpt>
      <trkpt lat="34.21541565106272" lon="108.83253246589129">
        <ele>403.77968560531735</ele>
        <time>2025-11-17T04:25:25.900000Z</time>
        <extensions>
          <gpxtpx:TrackPointExtension>
            <gpxtpx:hr>105</gpxtpx:hr>
          </gpxtpx:TrackPointExtension>
        </extensions>
      </trkpt>
      <trkpt lat="34.215405614624444" lon="108.83252806541866">
        <ele>403.74130784813315</ele>
        <time>2025-11-17T04:25:26.900000Z</time>
        <extensions>
          <gpxtpx:TrackPointExtension>
            <gpxtpx:hr>105</gpxtpx:hr>
          </gpxtpx:TrackPointExtension>
        </extensions>
      </trkpt>
      <trkpt lat="34.215396827123826" lon="108.83252474825099">
        <ele>403.68718743976206</ele>
        <time>2025-11-17T04:25:27.900000Z</time>
        <extensions>
          <gpxtpx:TrackPointExtension>
            <gpxtpx:hr>102</gpxtpx:hr>
          </gpxtpx:TrackPointExtension>
        </extensions>
      </trkpt>
      <trkpt lat="34.215388106984314" lon="108.8325220697747">
        <ele>403.64252200257033</ele>
        <time>2025-11-17T04:25:28.900000Z</time>
        <extensions>
          <gpxtpx:TrackPointExtension>
            <gpxtpx:hr>102</gpxtpx:hr>
          </gpxtpx:TrackPointExtension>
        </extensions>
      </trkpt>
      <trkpt lat="34.21537819506822" lon="108.832519341567">
        <ele>403.6063350616023</ele>
        <time>2025-11-17T04:25:29.900000Z</time>
        <extensions>
          <gpxtpx:TrackPointExtension>
            <gpxtpx:hr>102</gpxtpx:hr>
          </gpxtpx:TrackPointExtension>
        </extensions>
      </trkpt>
      <trkpt lat="34.21536731294233" lon="108.83251643510891">
        <ele>403.575552707538</ele>
        <time>2025-11-17T04:25:30.900000Z</time>
        <extensions>
          <gpxtpx:TrackPointExtension>
            <gpxtpx:hr>102</gpxtpx:hr>
          </gpxtpx:TrackPointExtension>
        </extensions>
      </trkpt>
      <trkpt lat="34.21535599454192" lon="108.83251360096673">
        <ele>403.546978184022</ele>
        <time>2025-11-17T04:25:31.900000Z</time>
        <extensions>
          <gpxtpx:TrackPointExtension>
            <gpxtpx:hr>102</gpxtpx:hr>
          </gpxtpx:TrackPointExtension>
        </extensions>
      </trkpt>
      <trkpt lat="34.21534433156389" lon="108.83251124376069">
        <ele>403.5199198545888</ele>
        <time>2025-11-17T04:25:32.900000Z</time>
        <extensions>
          <gpxtpx:TrackPointExtension>
            <gpxtpx:hr>102</gpxtpx:hr>
          </gpxtpx:TrackPointExtension>
        </extensions>
      </trkpt>
      <trkpt lat="34.21533251447519" lon="108.83250964020641">
        <ele>403.4881271868944</ele>
        <time>2025-11-17T04:25:33.900000Z</time>
        <extensions>
          <gpxtpx:TrackPointExtension>
            <gpxtpx:hr>102</gpxtpx:hr>
          </gpxtpx:TrackPointExtension>
        </extensions>
      </trkpt>
      <trkpt lat="34.21532019660156" lon="108.83250860543292">
        <ele>403.4577099774033</ele>
        <time>2025-11-17T04:25:34.900000Z</time>
        <extensions>
          <gpxtpx:TrackPointExtension>
            <gpxtpx:hr>101</gpxtpx:hr>
          </gpxtpx:TrackPointExtension>
        </extensions>
      </trkpt>
      <trkpt lat="34.215307009862045" lon="108.83250756179126">
        <ele>403.41769927181304</ele>
        <time>2025-11-17T04:25:35.900000Z</time>
        <extensions>
          <gpxtpx:TrackPointExtension>
            <gpxtpx:hr>101</gpxtpx:hr>
          </gpxtpx:TrackPointExtension>
        </extensions>
      </trkpt>
      <trkpt lat="34.21529309081555" lon="108.83250614582806">
        <ele>403.3773462790996</ele>
        <time>2025-11-17T04:25:36.900000Z</time>
        <extensions>
          <gpxtpx:TrackPointExtension>
            <gpxtpx:hr>101</gpxtpx:hr>
          </gpxtpx:TrackPointExtension>
        </extensions>
      </trkpt>
      <trkpt lat="34.215278319277154" lon="108.83250439652252">
        <ele>403.3426231024787</ele>
        <time>2025-11-17T04:25:37.900000Z</time>
        <extensions>
          <gpxtpx:TrackPointExtension>
            <gpxtpx:hr>101</gpxtpx:hr>
          </gpxtpx:TrackPointExtension>
        </extensions>
      </trkpt>
      <trkpt lat="34.21526304845166" lon="108.8325024423977">
        <ele>403.2980494694784</ele>
        <time>2025-11-17T04:25:38.900000Z</time>
        <extensions>
          <gpxtpx:TrackPointExtension>
            <gpxtpx:hr>102</gpxtpx:hr>
          </gpxtpx:TrackPointExtension>
        </extensions>
      </trkpt>
      <trkpt lat="34.215247903018366" lon="108.83250048487687">
        <ele>403.23411910329014</ele>
        <time>2025-11-17T04:25:39.900000Z</time>
        <extensions>
          <gpxtpx:TrackPointExtension>
            <gpxtpx:hr>102</gpxtpx:hr>
          </gpxtpx:TrackPointExtension>
        </extensions>
      </trkpt>
      <trkpt lat="34.21523340078437" lon="108.83249885199548">
        <ele>403.1685156421736</ele>
        <time>2025-11-17T04:25:40.900000Z</time>
        <extensions>
          <gpxtpx:TrackPointExtension>
            <gpxtpx:hr>102</gpxtpx:hr>
          </gpxtpx:TrackPointExtension>
        </extensions>
      </trkpt>
      <trkpt lat="34.215219766676114" lon="108.8324975707342">
        <ele>403.1046255454421</ele>
        <time>2025-11-17T04:25:41.900000Z</time>
        <extensions>
          <gpxtpx:TrackPointExtension>
            <gpxtpx:hr>103</gpxtpx:hr>
          </gpxtpx:TrackPointExtension>
        </extensions>
      </trkpt>
      <trkpt lat="34.21520658577599" lon="108.8324965254736">
        <ele>403.03226055484265</ele>
        <time>2025-11-17T04:25:42.900000Z</time>
        <extensions>
          <gpxtpx:TrackPointExtension>
            <gpxtpx:hr>103</gpxtpx:hr>
          </gpxtpx:TrackPointExtension>
        </extensions>
      </trkpt>
      <trkpt lat="34.21519356891042" lon="108.83249570194542">
        <ele>402.9663873715326</ele>
        <time>2025-11-17T04:25:43.900000Z</time>
        <extensions>
          <gpxtpx:TrackPointExtension>
            <gpxtpx:hr>103</gpxtpx:hr>
          </gpxtpx:TrackPointExtension>
        </extensions>
      </trkpt>
      <trkpt lat="34.215180844384946" lon="108.83249501770955">
        <ele>402.89575167931616</ele>
        <time>2025-11-17T04:25:44.900000Z</time>
        <extensions>
          <gpxtpx:TrackPointExtension>
            <gpxtpx:hr>103</gpxtpx:hr>
          </gpxtpx:TrackPointExtension>
        </extensions>
      </trkpt>
      <trkpt lat="34.215168149685994" lon="108.83249428790491">
        <ele>402.82286770641804</ele>
        <time>2025-11-17T04:25:45.900000Z</time>
        <extensions>
          <gpxtpx:TrackPointExtension>
            <gpxtpx:hr>103</gpxtpx:hr>
          </gpxtpx:TrackPointExtension>
        </extensions>
      </trkpt>
      <trkpt lat="34.21515513067431" lon="108.83249311371763">
        <ele>402.7653780784458</ele>
        <time>2025-11-17T04:25:46.900000Z</time>
        <extensions>
          <gpxtpx:TrackPointExtension>
            <gpxtpx:hr>103</gpxtpx:hr>
          </gpxtpx:TrackPointExtension>
        </extensions>
      </trkpt>
      <trkpt lat="34.21514196408233" lon="108.83249100727481">
        <ele>402.7140612276271</ele>
        <time>2025-11-17T04:25:47.900000Z</time>
        <extensions>
          <gpxtpx:TrackPointExtension>
            <gpxtpx:hr>103</gpxtpx:hr>
          </gpxtpx:TrackPointExtension>
        </extensions>
      </trkpt>
      <trkpt lat="34.21512890029826" lon="108.8324876215879">
        <ele>402.69242692831904</ele>
        <time>2025-11-17T04:25:48.900000Z</time>
        <extensions>
          <gpxtpx:TrackPointExtension>
            <gpxtpx:hr>103</gpxtpx:hr>
          </gpxtpx:TrackPointExtension>
        </extensions>
      </trkpt>
      <trkpt lat="34.21511596815786" lon="108.83248309013253">
        <ele>402.68318054731935</ele>
        <time>2025-11-17T04:25:49.900000Z</time>
        <extensions>
          <gpxtpx:TrackPointExtension>
            <gpxtpx:hr>103</gpxtpx:hr>
          </gpxtpx:TrackPointExtension>
        </extensions>
      </trkpt>
      <trkpt lat="34.215103222257206" lon="108.83247824130584">
        <ele>402.69639832526445</ele>
        <time>2025-11-17T04:25:50.900000Z</time>
        <extensions>
          <gpxtpx:TrackPointExtension>
            <gpxtpx:hr>103</gpxtpx:hr>
          </gpxtpx:TrackPointExtension>
        </extensions>
      </trkpt>
      <trkpt lat="34.215090432815295" lon="108.83247376232313">
        <ele>402.72953845653683</ele>
        <time>2025-11-17T04:25:51.900000Z</time>
        <extensions>
          <gpxtpx:TrackPointExtension>
            <gpxtpx:hr>103</gpxtpx:hr>
          </gpxtpx:TrackPointExtension>
        </extensions>
      </trkpt>
      <trkpt lat="34.21507735872515" lon="108.83246976662421">
        <ele>402.7956640822813</ele>
        <time>2025-11-17T04:25:52.900000Z</time>
        <extensions>
          <gpxtpx:TrackPointExtension>
            <gpxtpx:hr>103</gpxtpx:hr>
          </gpxtpx:TrackPointExtension>
        </extensions>
      </trkpt>
      <trkpt lat="34.215064011037526" lon="108.83246640224733">
        <ele>402.90016428008676</ele>
        <time>2025-11-17T04:25:53.900000Z</time>
        <extensions>
          <gpxtpx:TrackPointExtension>
            <gpxtpx:hr>103</gpxtpx:hr>
          </gpxtpx:TrackPointExtension>
        </extensions>
      </trkpt>
      <trkpt lat="34.2150506300626" lon="108.83246373777078">
        <ele>403.0098053775728</ele>
        <time>2025-11-17T04:25:54.900000Z</time>
        <extensions>
          <gpxtpx:TrackPointExtension>
            <gpxtpx:hr>103</gpxtpx:hr>
          </gpxtpx:TrackPointExtension>
        </extensions>
      </trkpt>
      <trkpt lat="34.21503738250644" lon="108.83246155850199">
        <ele>403.12202912103385</ele>
        <time>2025-11-17T04:25:55.900000Z</time>
        <extensions>
          <gpxtpx:TrackPointExtension>
            <gpxtpx:hr>103</gpxtpx:hr>
          </gpxtpx:TrackPointExtension>
        </extensions>
      </trkpt>
      <trkpt lat="34.21502427133304" lon="108.83245941282303">
        <ele>403.25691972952336</ele>
        <time>2025-11-17T04:25:56.900000Z</time>
        <extensions>
          <gpxtpx:TrackPointExtension>
            <gpxtpx:hr>103</gpxtpx:hr>
          </gpxtpx:TrackPointExtension>
        </extensions>
      </trkpt>
      <trkpt lat="34.215010993736456" lon="108.83245700471585">
        <ele>403.41865509189665</ele>
        <time>2025-11-17T04:25:57.900000Z</time>
        <extensions>
          <gpxtpx:TrackPointExtension>
            <gpxtpx:hr>103</gpxtpx:hr>
          </gpxtpx:TrackPointExtension>
        </extensions>
      </trkpt>
      <trkpt lat="34.21499723632012" lon="108.8324546405001">
        <ele>403.59130125306547</ele>
        <time>2025-11-17T04:25:58.900000Z</time>
        <extensions>
          <gpxtpx:TrackPointExtension>
            <gpxtpx:hr>103</gpxtpx:hr>
          </gpxtpx:TrackPointExtension>
        </extensions>
      </trkpt>
      <trkpt lat="34.214983278649385" lon="108.83245221774308">
        <ele>403.7661724369973</ele>
        <time>2025-11-17T04:25:59.900000Z</time>
        <extensions>
          <gpxtpx:TrackPointExtension>
            <gpxtpx:hr>103</gpxtpx:hr>
          </gpxtpx:TrackPointExtension>
        </extensions>
      </trkpt>
      <trkpt lat="34.214969486739044" lon="108.8324492697359">
        <ele>403.9324382506311</ele>
        <time>2025-11-17T04:26:00.900000Z</time>
        <extensions>
          <gpxtpx:TrackPointExtension>
            <gpxtpx:hr>103</gpxtpx:hr>
          </gpxtpx:TrackPointExtension>
        </extensions>
      </trkpt>
      <trkpt lat="34.214955955724456" lon="108.83244584543596">
        <ele>404.089214281179</ele>
        <time>2025-11-17T04:26:01.900000Z</time>
        <extensions>
          <gpxtpx:TrackPointExtension>
            <gpxtpx:hr>103</gpxtpx:hr>
          </gpxtpx:TrackPointExtension>
        </extensions>
      </trkpt>
      <trkpt lat="34.21494270113242" lon="108.83244198131754">
        <ele>404.2214462598786</ele>
        <time>2025-11-17T04:26:02.900000Z</time>
        <extensions>
          <gpxtpx:TrackPointExtension>
            <gpxtpx:hr>103</gpxtpx:hr>
          </gpxtpx:TrackPointExtension>
        </extensions>
      </trkpt>
      <trkpt lat="34.21492957328091" lon="108.83243735504885">
        <ele>404.3470737254247</ele>
        <time>2025-11-17T04:26:03.900000Z</time>
        <extensions>
          <gpxtpx:TrackPointExtension>
            <gpxtpx:hr>103</gpxtpx:hr>
          </gpxtpx:TrackPointExtension>
        </extensions>
      </trkpt>
      <trkpt lat="34.21491657721395" lon="108.83243193507539">
        <ele>404.46419674064964</ele>
        <time>2025-11-17T04:26:04.900000Z</time>
        <extensions>
          <gpxtpx:TrackPointExtension>
            <gpxtpx:hr>103</gpxtpx:hr>
          </gpxtpx:TrackPointExtension>
        </extensions>
      </trkpt>
      <trkpt lat="34.21490335932561" lon="108.83242613690491">
        <ele>404.57072769477963</ele>
        <time>2025-11-17T04:26:05.900000Z</time>
        <extensions>
          <gpxtpx:TrackPointExtension>
            <gpxtpx:hr>103</gpxtpx:hr>
          </gpxtpx:TrackPointExtension>
        </extensions>
      </trkpt>
      <trkpt lat="34.21488990932809" lon="108.83242064155374">
        <ele>404.66385997645557</ele>
        <time>2025-11-17T04:26:06.900000Z</time>
        <extensions>
          <gpxtpx:TrackPointExtension>
            <gpxtpx:hr>103</gpxtpx:hr>
          </gpxtpx:TrackPointExtension>
        </extensions>
      </trkpt>
      <trkpt lat="34.21487683643228" lon="108.83241602261049">
        <ele>404.7478655707091</ele>
        <time>2025-11-17T04:26:07.900000Z</time>
        <extensions>
          <gpxtpx:TrackPointExtension>
            <gpxtpx:hr>100</gpxtpx:hr>
          </gpxtpx:TrackPointExtension>
        </extensions>
      </trkpt>
      <trkpt lat="34.214864357104936" lon="108.83241243693016">
        <ele>404.8095256257802</ele>
        <time>2025-11-17T04:26:08.900000Z</time>
        <extensions>
          <gpxtpx:TrackPointExtension>
            <gpxtpx:hr>100</gpxtpx:hr>
          </gpxtpx:TrackPointExtension>
        </extensions>
      </trkpt>
      <trkpt lat="34.21485245904871" lon="108.83240916478283">
        <ele>404.86265211272985</ele>
        <time>2025-11-17T04:26:09.900000Z</time>
        <extensions>
          <gpxtpx:TrackPointExtension>
            <gpxtpx:hr>100</gpxtpx:hr>
          </gpxtpx:TrackPointExtension>
        </extensions>
      </trkpt>
      <trkpt lat="34.21484067236415" lon="108.83240508881154">
        <ele>404.9026562832296</ele>
        <time>2025-11-17T04:26:10.900000Z</time>
        <extensions>
          <gpxtpx:TrackPointExtension>
            <gpxtpx:hr>100</gpxtpx:hr>
          </gpxtpx:TrackPointExtension>
        </extensions>
      </trkpt>
      <trkpt lat="34.21482861784841" lon="108.83239999451116">
        <ele>404.92625118698925</ele>
        <time>2025-11-17T04:26:11.900000Z</time>
        <extensions>
          <gpxtpx:TrackPointExtension>
            <gpxtpx:hr>100</gpxtpx:hr>
          </gpxtpx:TrackPointExtension>
        </extensions>
      </trkpt>
      <trkpt lat="34.214816522550315" lon="108.83239457672215">
        <ele>404.9381276667118</ele>
        <time>2025-11-17T04:26:12.900000Z</time>
        <extensions>
          <gpxtpx:TrackPointExtension>
            <gpxtpx:hr>100</gpxtpx:hr>
          </gpxtpx:TrackPointExtension>
        </extensions>
      </trkpt>
      <trkpt lat="34.21480455989105" lon="108.83238947389079">
        <ele>404.9561637053266</ele>
        <time>2025-11-17T04:26:13.900000Z</time>
        <extensions>
          <gpxtpx:TrackPointExtension>
            <gpxtpx:hr>102</gpxtpx:hr>
          </gpxtpx:TrackPointExtension>
        </extensions>
      </trkpt>
      <trkpt lat="34.21479235621321" lon="108.83238473257481">
        <ele>404.9728411305696</ele>
        <time>2025-11-17T04:26:14.900000Z</time>
        <extensions>
          <gpxtpx:TrackPointExtension>
            <gpxtpx:hr>102</gpxtpx:hr>
          </gpxtpx:TrackPointExtension>
        </extensions>
      </trkpt>
      <trkpt lat="34.21477963301016" lon="108.83238016460838">
        <ele>404.9766453895718</ele>
        <time>2025-11-17T04:26:15.900000Z</time>
        <extensions>
          <gpxtpx:TrackPointExtension>
            <gpxtpx:hr>102</gpxtpx:hr>
          </gpxtpx:TrackPointExtension>
        </extensions>
      </trkpt>
      <trkpt lat="34.21476659291114" lon="108.83237577708908">
        <ele>404.9787982702255</ele>
        <time>2025-11-17T04:26:16.900000Z</time>
        <extensions>
          <gpxtpx:TrackPointExtension>
            <gpxtpx:hr>102</gpxtpx:hr>
          </gpxtpx:TrackPointExtension>
        </extensions>
      </trkpt>
      <trkpt lat="34.214753236616964" lon="108.83237156156724">
        <ele>404.9762956695631</ele>
        <time>2025-11-17T04:26:17.900000Z</time>
        <extensions>
          <gpxtpx:TrackPointExtension>
            <gpxtpx:hr>102</gpxtpx:hr>
          </gpxtpx:TrackPointExtension>
        </extensions>
      </trkpt>
      <trkpt lat="34.21473956450696" lon="108.83236710438953">
        <ele>404.98969324398786</ele>
        <time>2025-11-17T04:26:18.900000Z</time>
        <extensions>
          <gpxtpx:TrackPointExtension>
            <gpxtpx:hr>102</gpxtpx:hr>
          </gpxtpx:TrackPointExtension>
        </extensions>
      </trkpt>
      <trkpt lat="34.21472569496419" lon="108.83236249424785">
        <ele>405.0004849731922</ele>
        <time>2025-11-17T04:26:19.900000Z</time>
        <extensions>
          <gpxtpx:TrackPointExtension>
            <gpxtpx:hr>102</gpxtpx:hr>
          </gpxtpx:TrackPointExtension>
        </extensions>
      </trkpt>
      <trkpt lat="34.21471176837951" lon="108.83235834385526">
        <ele>405.0047175846994</ele>
        <time>2025-11-17T04:26:20.900000Z</time>
        <extensions>
          <gpxtpx:TrackPointExtension>
            <gpxtpx:hr>104</gpxtpx:hr>
          </gpxtpx:TrackPointExtension>
        </extensions>
      </trkpt>
      <trkpt lat="34.21469792575316" lon="108.83235449565346">
        <ele>404.9916445193812</ele>
        <time>2025-11-17T04:26:21.900000Z</time>
        <extensions>
          <gpxtpx:TrackPointExtension>
            <gpxtpx:hr>104</gpxtpx:hr>
          </gpxtpx:TrackPointExtension>
        </extensions>
      </trkpt>
      <trkpt lat="34.214684252338635" lon="108.8323506511624">
        <ele>404.9661763338372</ele>
        <time>2025-11-17T04:26:22.900000Z</time>
        <extensions>
          <gpxtpx:TrackPointExtension>
            <gpxtpx:hr>104</gpxtpx:hr>
          </gpxtpx:TrackPointExtension>
        </extensions>
      </trkpt>
      <trkpt lat="34.21467092856847" lon="108.83234718864043">
        <ele>404.9367704447359</ele>
        <time>2025-11-17T04:26:23.900000Z</time>
        <extensions>
          <gpxtpx:TrackPointExtension>
            <gpxtpx:hr>104</gpxtpx:hr>
          </gpxtpx:TrackPointExtension>
        </extensions>
      </trkpt>
      <trkpt lat="34.21465779237429" lon="108.8323442635412">
        <ele>404.9020111868158</ele>
        <time>2025-11-17T04:26:24.900000Z</time>
        <extensions>
          <gpxtpx:TrackPointExtension>
            <gpxtpx:hr>104</gpxtpx:hr>
          </gpxtpx:TrackPointExtension>
        </extensions>
      </trkpt>
      <trkpt lat="34.2146444798273" lon="108.83234188915938">
        <ele>404.8762656887993</ele>
        <time>2025-11-17T04:26:25.900000Z</time>
        <extensions>
          <gpxtpx:TrackPointExtension>
            <gpxtpx:hr>104</gpxtpx:hr>
          </gpxtpx:TrackPointExtension>
        </extensions>
      </trkpt>
      <trkpt lat="34.21463118147958" lon="108.83234007157117">
        <ele>404.85775811970234</ele>
        <time>2025-11-17T04:26:26.900000Z</time>
        <extensions>
          <gpxtpx:TrackPointExtension>
            <gpxtpx:hr>106</gpxtpx:hr>
          </gpxtpx:TrackPointExtension>
        </extensions>
      </trkpt>
      <trkpt lat="34.21461807538029" lon="108.83233835416542">
        <ele>404.83978287503123</ele>
        <time>2025-11-17T04:26:27.900000Z</time>
        <extensions>
          <gpxtpx:TrackPointExtension>
            <gpxtpx:hr>106</gpxtpx:hr>
          </gpxtpx:TrackPointExtension>
        </extensions>
      </trkpt>
      <trkpt lat="34.21460497629128" lon="108.83233617741136">
        <ele>404.81945015862584</ele>
        <time>2025-11-17T04:26:28.900000Z</time>
        <extensions>
          <gpxtpx:TrackPointExtension>
            <gpxtpx:hr>106</gpxtpx:hr>
          </gpxtpx:TrackPointExtension>
        </extensions>
      </trkpt>
      <trkpt lat="34.214591684611214" lon="108.83233306574097">
        <ele>404.80479605216533</ele>
        <time>2025-11-17T04:26:29.900000Z</time>
        <extensions>
          <gpxtpx:TrackPointExtension>
            <gpxtpx:hr>106</gpxtpx:hr>
          </gpxtpx:TrackPointExtension>
        </extensions>
      </trkpt>
      <trkpt lat="34.214578221142155" lon="108.83232889399807">
        <ele>404.7799923522398</ele>
        <time>2025-11-17T04:26:30.900000Z</time>
        <extensions>
          <gpxtpx:TrackPointExtension>
            <gpxtpx:hr>106</gpxtpx:hr>
          </gpxtpx:TrackPointExtension>
        </extensions>
      </trkpt>
      <trkpt lat="34.21456543923799" lon="108.83232426476556">
        <ele>404.767501084134</ele>
        <time>2025-11-17T04:26:31.900000Z</time>
        <extensions>
          <gpxtpx:TrackPointExtension>
            <gpxtpx:hr>104</gpxtpx:hr>
          </gpxtpx:TrackPointExtension>
        </extensions>
      </trkpt>
      <trkpt lat="34.21455302040353" lon="108.83231933949867">
        <ele>404.7523583192378</ele>
        <time>2025-11-17T04:26:32.900000Z</time>
        <extensions>
          <gpxtpx:TrackPointExtension>
            <gpxtpx:hr>104</gpxtpx:hr>
          </gpxtpx:TrackPointExtension>
        </extensions>
      </trkpt>
      <trkpt lat="34.21454046663648" lon="108.83231452537046">
        <ele>404.74617934785783</ele>
        <time>2025-11-17T04:26:33.900000Z</time>
        <extensions>
          <gpxtpx:TrackPointExtension>
            <gpxtpx:hr>104</gpxtpx:hr>
          </gpxtpx:TrackPointExtension>
        </extensions>
      </trkpt>
      <trkpt lat="34.21452835457875" lon="108.83231060207403">
        <ele>404.740969453007</ele>
        <time>2025-11-17T04:26:34.900000Z</time>
        <extensions>
          <gpxtpx:TrackPointExtension>
            <gpxtpx:hr>104</gpxtpx:hr>
          </gpxtpx:TrackPointExtension>
        </extensions>
      </trkpt>
      <trkpt lat="34.21451674537916" lon="108.83230737264034">
        <ele>404.719454722479</ele>
        <time>2025-11-17T04:26:35.900000Z</time>
        <extensions>
          <gpxtpx:TrackPointExtension>
            <gpxtpx:hr>104</gpxtpx:hr>
          </gpxtpx:TrackPointExtension>
        </extensions>
      </trkpt>
      <trkpt lat="34.214505322883944" lon="108.83230435823708">
        <ele>404.6994028808549</ele>
        <time>2025-11-17T04:26:36.900000Z</time>
        <extensions>
          <gpxtpx:TrackPointExtension>
            <gpxtpx:hr>104</gpxtpx:hr>
          </gpxtpx:TrackPointExtension>
        </extensions>
      </trkpt>
      <trkpt lat="34.214493528496256" lon="108.83230120200453">
        <ele>404.6737625254318</ele>
        <time>2025-11-17T04:26:37.900000Z</time>
        <extensions>
          <gpxtpx:TrackPointExtension>
            <gpxtpx:hr>106</gpxtpx:hr>
          </gpxtpx:TrackPointExtension>
        </extensions>
      </trkpt>
      <trkpt lat="34.214481539130915" lon="108.8322978660578">
        <ele>404.64264484960586</ele>
        <time>2025-11-17T04:26:38.900000Z</time>
        <extensions>
          <gpxtpx:TrackPointExtension>
            <gpxtpx:hr>106</gpxtpx:hr>
          </gpxtpx:TrackPointExtension>
        </extensions>
      </trkpt>
      <trkpt lat="34.214470518227145" lon="108.83229448022091">
        <ele>404.6045097839087</ele>
        <time>2025-11-17T04:26:39.900000Z</time>
        <extensions>
          <gpxtpx:TrackPointExtension>
            <gpxtpx:hr>106</gpxtpx:hr>
          </gpxtpx:TrackPointExtension>
        </extensions>
      </trkpt>
      <trkpt lat="34.21446048253993" lon="108.8322905348071">
        <ele>404.5577311934903</ele>
        <time>2025-11-17T04:26:40.900000Z</time>
        <extensions>
          <gpxtpx:TrackPointExtension>
            <gpxtpx:hr>106</gpxtpx:hr>
          </gpxtpx:TrackPointExtension>
        </extensions>
      </trkpt>
      <trkpt lat="34.21445038796728" lon="108.83228574255577">
        <ele>404.52218363434076</ele>
        <time>2025-11-17T04:26:41.900000Z</time>
        <extensions>
          <gpxtpx:TrackPointExtension>
            <gpxtpx:hr>106</gpxtpx:hr>
          </gpxtpx:TrackPointExtension>
        </extensions>
      </trkpt>
      <trkpt lat="34.21443998529848" lon="108.83228070098309">
        <ele>404.4817803967744</ele>
        <time>2025-11-17T04:26:42.900000Z</time>
        <extensions>
          <gpxtpx:TrackPointExtension>
            <gpxtpx:hr>106</gpxtpx:hr>
          </gpxtpx:TrackPointExtension>
        </extensions>
      </trkpt>
      <trkpt lat="34.21442984238558" lon="108.83227604494564">
        <ele>404.4270489104092</ele>
        <time>2025-11-17T04:26:43.900000Z</time>
        <extensions>
          <gpxtpx:TrackPointExtension>
            <gpxtpx:hr>105</gpxtpx:hr>
          </gpxtpx:TrackPointExtension>
        </extensions>
      </trkpt>
      <trkpt lat="34.21441982991296" lon="108.83227153717782">
        <ele>404.3673543157056</ele>
        <time>2025-11-17T04:26:44.900000Z</time>
        <extensions>
          <gpxtpx:TrackPointExtension>
            <gpxtpx:hr>105</gpxtpx:hr>
          </gpxtpx:TrackPointExtension>
        </extensions>
      </trkpt>
      <trkpt lat="34.214409155939904" lon="108.83226614643091">
        <ele>404.2960751410574</ele>
        <time>2025-11-17T04:26:45.900000Z</time>
        <extensions>
          <gpxtpx:TrackPointExtension>
            <gpxtpx:hr>105</gpxtpx:hr>
          </gpxtpx:TrackPointExtension>
        </extensions>
      </trkpt>
      <trkpt lat="34.214397796323155" lon="108.83225946536244">
        <ele>404.23347775358707</ele>
        <time>2025-11-17T04:26:46.900000Z</time>
        <extensions>
          <gpxtpx:TrackPointExtension>
            <gpxtpx:hr>105</gpxtpx:hr>
          </gpxtpx:TrackPointExtension>
        </extensions>
      </trkpt>
      <trkpt lat="34.21438635314731" lon="108.83225177043957">
        <ele>404.15626807138324</ele>
        <time>2025-11-17T04:26:47.900000Z</time>
        <extensions>
          <gpxtpx:TrackPointExtension>
            <gpxtpx:hr>105</gpxtpx:hr>
          </gpxtpx:TrackPointExtension>
        </extensions>
      </trkpt>
      <trkpt lat="34.214374986022634" lon="108.8322434485333">
        <ele>404.07378696091473</ele>
        <time>2025-11-17T04:26:48.900000Z</time>
        <extensions>
          <gpxtpx:TrackPointExtension>
            <gpxtpx:hr>105</gpxtpx:hr>
          </gpxtpx:TrackPointExtension>
        </extensions>
      </trkpt>
      <trkpt lat="34.21436325504199" lon="108.83223503784835">
        <ele>404.00209190975875</ele>
        <time>2025-11-17T04:26:49.900000Z</time>
        <extensions>
          <gpxtpx:TrackPointExtension>
            <gpxtpx:hr>105</gpxtpx:hr>
          </gpxtpx:TrackPointExtension>
        </extensions>
      </trkpt>
      <trkpt lat="34.21435091989364" lon="108.83222733239809">
        <ele>403.9492559824139</ele>
        <time>2025-11-17T04:26:50.900000Z</time>
        <extensions>
          <gpxtpx:TrackPointExtension>
            <gpxtpx:hr>105</gpxtpx:hr>
          </gpxtpx:TrackPointExtension>
        </extensions>
      </trkpt>
      <trkpt lat="34.21433793301468" lon="108.83222085941077">
        <ele>403.89742957334965</ele>
        <time>2025-11-17T04:26:51.900000Z</time>
        <extensions>
          <gpxtpx:TrackPointExtension>
            <gpxtpx:hr>105</gpxtpx:hr>
          </gpxtpx:TrackPointExtension>
        </extensions>
      </trkpt>
      <trkpt lat="34.214324264966784" lon="108.83221539153833">
        <ele>403.83883268386126</ele>
        <time>2025-11-17T04:26:52.900000Z</time>
        <extensions>
          <gpxtpx:TrackPointExtension>
            <gpxtpx:hr>105</gpxtpx:hr>
          </gpxtpx:TrackPointExtension>
        </extensions>
      </trkpt>
      <trkpt lat="34.214309941807976" lon="108.83221015983366">
        <ele>403.78924523387104</ele>
        <time>2025-11-17T04:26:53.900000Z</time>
        <extensions>
          <gpxtpx:TrackPointExtension>
            <gpxtpx:hr>105</gpxtpx:hr>
          </gpxtpx:TrackPointExtension>
        </extensions>
      </trkpt>
      <trkpt lat="34.21429528241658" lon="108.83220501698682">
        <ele>403.7427272684872</ele>
        <time>2025-11-17T04:26:54.900000Z</time>
        <extensions>
          <gpxtpx:TrackPointExtension>
            <gpxtpx:hr>106</gpxtpx:hr>
          </gpxtpx:TrackPointExtension>
        </extensions>
      </trkpt>
      <trkpt lat="34.21428102334148" lon="108.83220034070212">
        <ele>403.70320076402277</ele>
        <time>2025-11-17T04:26:56Z</time>
        <extensions>
          <gpxtpx:TrackPointExtension>
            <gpxtpx:hr>106</gpxtpx:hr>
          </gpxtpx:TrackPointExtension>
        </extensions>
      </trkpt>
      <trkpt lat="34.21426796302412" lon="108.8321960894547">
        <ele>403.6812145970762</ele>
        <time>2025-11-17T04:26:57Z</time>
        <extensions>
          <gpxtpx:TrackPointExtension>
            <gpxtpx:hr>106</gpxtpx:hr>
          </gpxtpx:TrackPointExtension>
        </extensions>
      </trkpt>
      <trkpt lat="34.21425561460074" lon="108.83219179776187">
        <ele>403.6806815331802</ele>
        <time>2025-11-17T04:26:57.900000Z</time>
        <extensions>
          <gpxtpx:TrackPointExtension>
            <gpxtpx:hr>106</gpxtpx:hr>
          </gpxtpx:TrackPointExtension>
        </extensions>
      </trkpt>
      <trkpt lat="34.21424282115546" lon="108.8321870503479">
        <ele>403.71584667265415</ele>
        <time>2025-11-17T04:26:59Z</time>
        <extensions>
          <gpxtpx:TrackPointExtension>
            <gpxtpx:hr>106</gpxtpx:hr>
          </gpxtpx:TrackPointExtension>
        </extensions>
      </trkpt>
      <trkpt lat="34.21422932848049" lon="108.83218187164132">
        <ele>403.77835064474493</ele>
        <time>2025-11-17T04:27:00Z</time>
        <extensions>
          <gpxtpx:TrackPointExtension>
            <gpxtpx:hr>106</gpxtpx:hr>
          </gpxtpx:TrackPointExtension>
        </extensions>
      </trkpt>
      <trkpt lat="34.21421609206919" lon="108.83217664768426">
        <ele>403.8721507806331</ele>
        <time>2025-11-17T04:27:00.900000Z</time>
        <extensions>
          <gpxtpx:TrackPointExtension>
            <gpxtpx:hr>106</gpxtpx:hr>
          </gpxtpx:TrackPointExtension>
        </extensions>
      </trkpt>
      <trkpt lat="34.2142034527087" lon="108.83217130544388">
        <ele>403.9834552258253</ele>
        <time>2025-11-17T04:27:01.900000Z</time>
        <extensions>
          <gpxtpx:TrackPointExtension>
            <gpxtpx:hr>97</gpxtpx:hr>
          </gpxtpx:TrackPointExtension>
        </extensions>
      </trkpt>
      <trkpt lat="34.21419114501361" lon="108.83216588484974">
        <ele>404.1098149800673</ele>
        <time>2025-11-17T04:27:02.900000Z</time>
        <extensions>
          <gpxtpx:TrackPointExtension>
            <gpxtpx:hr>97</gpxtpx:hr>
          </gpxtpx:TrackPointExtension>
        </extensions>
      </trkpt>
      <trkpt lat="34.21417912135936" lon="108.83216061170678">
        <ele>404.2614134820178</ele>
        <time>2025-11-17T04:27:03.900000Z</time>
        <extensions>
          <gpxtpx:TrackPointExtension>
            <gpxtpx:hr>97</gpxtpx:hr>
          </gpxtpx:TrackPointExtension>
        </extensions>
      </trkpt>
      <trkpt lat="34.214167108951585" lon="108.83215547912201">
        <ele>404.42208637390286</ele>
        <time>2025-11-17T04:27:04.900000Z</time>
        <extensions>
          <gpxtpx:TrackPointExtension>
            <gpxtpx:hr>97</gpxtpx:hr>
          </gpxtpx:TrackPointExtension>
        </extensions>
      </trkpt>
      <trkpt lat="34.214154926654075" lon="108.83215057465087">
        <ele>404.5963210137561</ele>
        <time>2025-11-17T04:27:05.900000Z</time>
        <extensions>
          <gpxtpx:TrackPointExtension>
            <gpxtpx:hr>102</gpxtpx:hr>
          </gpxtpx:TrackPointExtension>
        </extensions>
      </trkpt>
      <trkpt lat="34.214142599301915" lon="108.8321460624721">
        <ele>404.79340316634625</ele>
        <time>2025-11-17T04:27:06.900000Z</time>
        <extensions>
          <gpxtpx:TrackPointExtension>
            <gpxtpx:hr>102</gpxtpx:hr>
          </gpxtpx:TrackPointExtension>
        </extensions>
      </trkpt>
      <trkpt lat="34.214130441202656" lon="108.83214225742846">
        <ele>404.9986707502976</ele>
        <time>2025-11-17T04:27:07.900000Z</time>
        <extensions>
          <gpxtpx:TrackPointExtension>
            <gpxtpx:hr>102</gpxtpx:hr>
          </gpxtpx:TrackPointExtension>
        </extensions>
      </trkpt>
      <trkpt lat="34.21411851992402" lon="108.83213902443813">
        <ele>405.2329474017024</ele>
        <time>2025-11-17T04:27:08.900000Z</time>
        <extensions>
          <gpxtpx:TrackPointExtension>
            <gpxtpx:hr>102</gpxtpx:hr>
          </gpxtpx:TrackPointExtension>
        </extensions>
      </trkpt>
      <trkpt lat="34.214106497513" lon="108.83213594962794">
        <ele>405.4928549705073</ele>
        <time>2025-11-17T04:27:09.900000Z</time>
        <extensions>
          <gpxtpx:TrackPointExtension>
            <gpxtpx:hr>102</gpxtpx:hr>
          </gpxtpx:TrackPointExtension>
        </extensions>
      </trkpt>
      <trkpt lat="34.214094470126945" lon="108.83213296732504">
        <ele>405.7606233097613</ele>
        <time>2025-11-17T04:27:10.900000Z</time>
        <extensions>
          <gpxtpx:TrackPointExtension>
            <gpxtpx:hr>102</gpxtpx:hr>
          </gpxtpx:TrackPointExtension>
        </extensions>
      </trkpt>
      <trkpt lat="34.214082440262196" lon="108.83213043533367">
        <ele>406.0423462111503</ele>
        <time>2025-11-17T04:27:11.900000Z</time>
        <extensions>
          <gpxtpx:TrackPointExtension>
            <gpxtpx:hr>102</gpxtpx:hr>
          </gpxtpx:TrackPointExtension>
        </extensions>
      </trkpt>
      <trkpt lat="34.21407048097855" lon="108.83212857976375">
        <ele>406.32037130557</ele>
        <time>2025-11-17T04:27:12.900000Z</time>
        <extensions>
          <gpxtpx:TrackPointExtension>
            <gpxtpx:hr>100</gpxtpx:hr>
          </gpxtpx:TrackPointExtension>
        </extensions>
      </trkpt>
      <trkpt lat="34.21405898790002" lon="108.83212698709869">
        <ele>406.60144843440503</ele>
        <time>2025-11-17T04:27:13.900000Z</time>
        <extensions>
          <gpxtpx:TrackPointExtension>
            <gpxtpx:hr>100</gpxtpx:hr>
          </gpxtpx:TrackPointExtension>
        </extensions>
      </trkpt>
      <trkpt lat="34.214047743943965" lon="108.83212507175763">
        <ele>406.8821116350591</ele>
        <time>2025-11-17T04:27:14.900000Z</time>
        <extensions>
          <gpxtpx:TrackPointExtension>
            <gpxtpx:hr>100</gpxtpx:hr>
          </gpxtpx:TrackPointExtension>
        </extensions>
      </trkpt>
      <trkpt lat="34.21403641245473" lon="108.83212266396463">
        <ele>407.16073364391923</ele>
        <time>2025-11-17T04:27:15.900000Z</time>
        <extensions>
          <gpxtpx:TrackPointExtension>
            <gpxtpx:hr>100</gpxtpx:hr>
          </gpxtpx:TrackPointExtension>
        </extensions>
      </trkpt>
      <trkpt lat="34.214025079211574" lon="108.8321199561707">
        <ele>407.43241400271654</ele>
        <time>2025-11-17T04:27:16.900000Z</time>
        <extensions>
          <gpxtpx:TrackPointExtension>
            <gpxtpx:hr>100</gpxtpx:hr>
          </gpxtpx:TrackPointExtension>
        </extensions>
      </trkpt>
      <trkpt lat="34.21401373939749" lon="108.83211714178125">
        <ele>407.69248066749424</ele>
        <time>2025-11-17T04:27:17.900000Z</time>
        <extensions>
          <gpxtpx:TrackPointExtension>
            <gpxtpx:hr>100</gpxtpx:hr>
          </gpxtpx:TrackPointExtension>
        </extensions>
      </trkpt>
      <trkpt lat="34.2140020661783" lon="108.8321143460668">
        <ele>407.93767647631466</ele>
        <time>2025-11-17T04:27:18.900000Z</time>
        <extensions>
          <gpxtpx:TrackPointExtension>
            <gpxtpx:hr>107</gpxtpx:hr>
          </gpxtpx:TrackPointExtension>
        </extensions>
      </trkpt>
      <trkpt lat="34.213990232287806" lon="108.83211191133887">
        <ele>408.1665781689808</ele>
        <time>2025-11-17T04:27:19.900000Z</time>
        <extensions>
          <gpxtpx:TrackPointExtension>
            <gpxtpx:hr>107</gpxtpx:hr>
          </gpxtpx:TrackPointExtension>
        </extensions>
      </trkpt>
      <trkpt lat="34.213978698123704" lon="108.83211011074052">
        <ele>408.3923775656149</ele>
        <time>2025-11-17T04:27:20.900000Z</time>
        <extensions>
          <gpxtpx:TrackPointExtension>
            <gpxtpx:hr>107</gpxtpx:hr>
          </gpxtpx:TrackPointExtension>
        </extensions>
      </trkpt>
      <trkpt lat="34.21396727730552" lon="108.83210849812416">
        <ele>408.5959755051881</ele>
        <time>2025-11-17T04:27:21.900000Z</time>
        <extensions>
          <gpxtpx:TrackPointExtension>
            <gpxtpx:hr>104</gpxtpx:hr>
          </gpxtpx:TrackPointExtension>
        </extensions>
      </trkpt>
      <trkpt lat="34.213955770353785" lon="108.83210652975251">
        <ele>408.78866571187973</ele>
        <time>2025-11-17T04:27:22.900000Z</time>
        <extensions>
          <gpxtpx:TrackPointExtension>
            <gpxtpx:hr>104</gpxtpx:hr>
          </gpxtpx:TrackPointExtension>
        </extensions>
      </trkpt>
      <trkpt lat="34.21394433114213" lon="108.8321044784945">
        <ele>408.97694699745625</ele>
        <time>2025-11-17T04:27:23.900000Z</time>
        <extensions>
          <gpxtpx:TrackPointExtension>
            <gpxtpx:hr>104</gpxtpx:hr>
          </gpxtpx:TrackPointExtension>
        </extensions>
      </trkpt>
      <trkpt lat="34.21393301828483" lon="108.83210223648042">
        <ele>409.151145927608</ele>
        <time>2025-11-17T04:27:24.900000Z</time>
        <extensions>
          <gpxtpx:TrackPointExtension>
            <gpxtpx:hr>104</gpxtpx:hr>
          </gpxtpx:TrackPointExtension>
        </extensions>
      </trkpt>
      <trkpt lat="34.21392162532764" lon="108.83209958996883">
        <ele>409.2806429862976</ele>
        <time>2025-11-17T04:27:25.900000Z</time>
        <extensions>
          <gpxtpx:TrackPointExtension>
            <gpxtpx:hr>104</gpxtpx:hr>
          </gpxtpx:TrackPointExtension>
        </extensions>
      </trkpt>
      <trkpt lat="34.213910059357865" lon="108.83209676017533">
        <ele>409.3862627353519</ele>
        <time>2025-11-17T04:27:26.900000Z</time>
        <extensions>
          <gpxtpx:TrackPointExtension>
            <gpxtpx:hr>104</gpxtpx:hr>
          </gpxtpx:TrackPointExtension>
        </extensions>
      </trkpt>
      <trkpt lat="34.21389862056005" lon="108.83209388323388">
        <ele>409.47194743156433</ele>
        <time>2025-11-17T04:27:27.900000Z</time>
        <extensions>
          <gpxtpx:TrackPointExtension>
            <gpxtpx:hr>104</gpxtpx:hr>
          </gpxtpx:TrackPointExtension>
        </extensions>
      </trkpt>
      <trkpt lat="34.2138875561297" lon="108.83209111807992">
        <ele>409.5311614321545</ele>
        <time>2025-11-17T04:27:28.900000Z</time>
        <extensions>
          <gpxtpx:TrackPointExtension>
            <gpxtpx:hr>104</gpxtpx:hr>
          </gpxtpx:TrackPointExtension>
        </extensions>
      </trkpt>
      <trkpt lat="34.21387662256068" lon="108.83208861096693">
        <ele>409.5623421408236</ele>
        <time>2025-11-17T04:27:29.900000Z</time>
        <extensions>
          <gpxtpx:TrackPointExtension>
            <gpxtpx:hr>104</gpxtpx:hr>
          </gpxtpx:TrackPointExtension>
        </extensions>
      </trkpt>
      <trkpt lat="34.21386559762191" lon="108.83208661524705">
        <ele>409.58580949436873</ele>
        <time>2025-11-17T04:27:30.900000Z</time>
        <extensions>
          <gpxtpx:TrackPointExtension>
            <gpxtpx:hr>104</gpxtpx:hr>
          </gpxtpx:TrackPointExtension>
        </extensions>
      </trkpt>
      <trkpt lat="34.213855014797076" lon="108.83208512701452">
        <ele>409.59066740237176</ele>
        <time>2025-11-17T04:27:31.900000Z</time>
        <extensions>
          <gpxtpx:TrackPointExtension>
            <gpxtpx:hr>104</gpxtpx:hr>
          </gpxtpx:TrackPointExtension>
        </extensions>
      </trkpt>
      <trkpt lat="34.21384485058388" lon="108.83208430826166">
        <ele>409.59179723542184</ele>
        <time>2025-11-17T04:27:32.900000Z</time>
        <extensions>
          <gpxtpx:TrackPointExtension>
            <gpxtpx:hr>113</gpxtpx:hr>
          </gpxtpx:TrackPointExtension>
        </extensions>
      </trkpt>
      <trkpt lat="34.21383470879903" lon="108.83208470423094">
        <ele>409.5761130498722</ele>
        <time>2025-11-17T04:27:33.900000Z</time>
        <extensions>
          <gpxtpx:TrackPointExtension>
            <gpxtpx:hr>113</gpxtpx:hr>
          </gpxtpx:TrackPointExtension>
        </extensions>
      </trkpt>
      <trkpt lat="34.21382532168715" lon="108.83208685550404">
        <ele>409.54305737651885</ele>
        <time>2025-11-17T04:27:34.900000Z</time>
        <extensions>
          <gpxtpx:TrackPointExtension>
            <gpxtpx:hr>113</gpxtpx:hr>
          </gpxtpx:TrackPointExtension>
        </extensions>
      </trkpt>
      <trkpt lat="34.2138173447025" lon="108.83209156016255">
        <ele>409.49032646697015</ele>
        <time>2025-11-17T04:27:35.900000Z</time>
        <extensions>
          <gpxtpx:TrackPointExtension>
            <gpxtpx:hr>113</gpxtpx:hr>
          </gpxtpx:TrackPointExtension>
        </extensions>
      </trkpt>
      <trkpt lat="34.21381079120688" lon="108.83209950053892">
        <ele>409.441084895283</ele>
        <time>2025-11-17T04:27:36.900000Z</time>
        <extensions>
          <gpxtpx:TrackPointExtension>
            <gpxtpx:hr>113</gpxtpx:hr>
          </gpxtpx:TrackPointExtension>
        </extensions>
      </trkpt>
      <trkpt lat="34.21380508056487" lon="108.8321107341718">
        <ele>409.3855225602165</ele>
        <time>2025-11-17T04:27:37.900000Z</time>
        <extensions>
          <gpxtpx:TrackPointExtension>
            <gpxtpx:hr>113</gpxtpx:hr>
          </gpxtpx:TrackPointExtension>
        </extensions>
      </trkpt>
      <trkpt lat="34.213799672780674" lon="108.8321245681251">
        <ele>409.3292354848236</ele>
        <time>2025-11-17T04:27:38.900000Z</time>
        <extensions>
          <gpxtpx:TrackPointExtension>
            <gpxtpx:hr>113</gpxtpx:hr>
          </gpxtpx:TrackPointExtension>
        </extensions>
      </trkpt>
      <trkpt lat="34.21379481656847" lon="108.83213996644893">
        <ele>409.27177894767374</ele>
        <time>2025-11-17T04:27:39.900000Z</time>
        <extensions>
          <gpxtpx:TrackPointExtension>
            <gpxtpx:hr>113</gpxtpx:hr>
          </gpxtpx:TrackPointExtension>
        </extensions>
      </trkpt>
      <trkpt lat="34.21379072266243" lon="108.83215622996117">
        <ele>409.21684194076806</ele>
        <time>2025-11-17T04:27:40.900000Z</time>
        <extensions>
          <gpxtpx:TrackPointExtension>
            <gpxtpx:hr>113</gpxtpx:hr>
          </gpxtpx:TrackPointExtension>
        </extensions>
      </trkpt>
      <trkpt lat="34.213787323156716" lon="108.83217261057345">
        <ele>409.1675974139944</ele>
        <time>2025-11-17T04:27:41.900000Z</time>
        <extensions>
          <gpxtpx:TrackPointExtension>
            <gpxtpx:hr>113</gpxtpx:hr>
          </gpxtpx:TrackPointExtension>
        </extensions>
      </trkpt>
      <trkpt lat="34.213784184589784" lon="108.83218840528015">
        <ele>409.1225625798106</ele>
        <time>2025-11-17T04:27:42.900000Z</time>
        <extensions>
          <gpxtpx:TrackPointExtension>
            <gpxtpx:hr>111</gpxtpx:hr>
          </gpxtpx:TrackPointExtension>
        </extensions>
      </trkpt>
      <trkpt lat="34.21378089738247" lon="108.83220259536799">
        <ele>409.07722712215036</ele>
        <time>2025-11-17T04:27:43.900000Z</time>
        <extensions>
          <gpxtpx:TrackPointExtension>
            <gpxtpx:hr>111</gpxtpx:hr>
          </gpxtpx:TrackPointExtension>
        </extensions>
      </trkpt>
      <trkpt lat="34.21377729972752" lon="108.83221596341889">
        <ele>409.03600682038814</ele>
        <time>2025-11-17T04:27:44.900000Z</time>
        <extensions>
          <gpxtpx:TrackPointExtension>
            <gpxtpx:hr>111</gpxtpx:hr>
          </gpxtpx:TrackPointExtension>
        </extensions>
      </trkpt>
      <trkpt lat="34.21377336426071" lon="108.83223046596493">
        <ele>409.0050454335287</ele>
        <time>2025-11-17T04:27:45.900000Z</time>
        <extensions>
          <gpxtpx:TrackPointExtension>
            <gpxtpx:hr>111</gpxtpx:hr>
          </gpxtpx:TrackPointExtension>
        </extensions>
      </trkpt>
      <trkpt lat="34.21376930099207" lon="108.83224598888035">
        <ele>408.9804234486073</ele>
        <time>2025-11-17T04:27:46.900000Z</time>
        <extensions>
          <gpxtpx:TrackPointExtension>
            <gpxtpx:hr>111</gpxtpx:hr>
          </gpxtpx:TrackPointExtension>
        </extensions>
      </trkpt>
      <trkpt lat="34.21376532213205" lon="108.83226098159196">
        <ele>408.9626488899812</ele>
        <time>2025-11-17T04:27:47.900000Z</time>
        <extensions>
          <gpxtpx:TrackPointExtension>
            <gpxtpx:hr>111</gpxtpx:hr>
          </gpxtpx:TrackPointExtension>
        </extensions>
      </trkpt>
      <trkpt lat="34.2137612929677" lon="108.83227569366004">
        <ele>408.94577634334564</ele>
        <time>2025-11-17T04:27:48.900000Z</time>
        <extensions>
          <gpxtpx:TrackPointExtension>
            <gpxtpx:hr>111</gpxtpx:hr>
          </gpxtpx:TrackPointExtension>
        </extensions>
      </trkpt>
      <trkpt lat="34.2137574048788" lon="108.8322899220252">
        <ele>408.93057946581393</ele>
        <time>2025-11-17T04:27:49.900000Z</time>
        <extensions>
          <gpxtpx:TrackPointExtension>
            <gpxtpx:hr>111</gpxtpx:hr>
          </gpxtpx:TrackPointExtension>
        </extensions>
      </trkpt>
      <trkpt lat="34.213753732300674" lon="108.83230381770798">
        <ele>408.92201490700245</ele>
        <time>2025-11-17T04:27:50.900000Z</time>
        <extensions>
          <gpxtpx:TrackPointExtension>
            <gpxtpx:hr>111</gpxtpx:hr>
          </gpxtpx:TrackPointExtension>
        </extensions>
      </trkpt>
      <trkpt lat="34.2137500104124" lon="108.83231759805604">
        <ele>408.9204084761441</ele>
        <time>2025-11-17T04:27:51.900000Z</time>
        <extensions>
          <gpxtpx:TrackPointExtension>
            <gpxtpx:hr>111</gpxtpx:hr>
          </gpxtpx:TrackPointExtension>
        </extensions>
      </trkpt>
      <trkpt lat="34.21374599642575" lon="108.8323312231258">
        <ele>408.92034182325006</ele>
        <time>2025-11-17T04:27:52.900000Z</time>
        <extensions>
          <gpxtpx:TrackPointExtension>
            <gpxtpx:hr>115</gpxtpx:hr>
          </gpxtpx:TrackPointExtension>
        </extensions>
      </trkpt>
      <trkpt lat="34.21374183760697" lon="108.8323456868867">
        <ele>408.917930746451</ele>
        <time>2025-11-17T04:27:53.900000Z</time>
        <extensions>
          <gpxtpx:TrackPointExtension>
            <gpxtpx:hr>115</gpxtpx:hr>
          </gpxtpx:TrackPointExtension>
        </extensions>
      </trkpt>
      <trkpt lat="34.213738043019795" lon="108.83236058876888">
        <ele>408.91821920499206</ele>
        <time>2025-11-17T04:27:54.900000Z</time>
        <extensions>
          <gpxtpx:TrackPointExtension>
            <gpxtpx:hr>115</gpxtpx:hr>
          </gpxtpx:TrackPointExtension>
        </extensions>
      </trkpt>
      <trkpt lat="34.213734607933844" lon="108.83237460085029">
        <ele>408.91403957176954</ele>
        <time>2025-11-17T04:27:55.900000Z</time>
        <extensions>
          <gpxtpx:TrackPointExtension>
            <gpxtpx:hr>115</gpxtpx:hr>
          </gpxtpx:TrackPointExtension>
        </extensions>
      </trkpt>
      <trkpt lat="34.21373098132757" lon="108.83238854232602">
        <ele>408.90553058777004</ele>
        <time>2025-11-17T04:27:56.900000Z</time>
        <extensions>
          <gpxtpx:TrackPointExtension>
            <gpxtpx:hr>115</gpxtpx:hr>
          </gpxtpx:TrackPointExtension>
        </extensions>
      </trkpt>
      <trkpt lat="34.213726846376524" lon="108.83240388476631">
        <ele>408.9036318939179</ele>
        <time>2025-11-17T04:27:57.900000Z</time>
        <extensions>
          <gpxtpx:TrackPointExtension>
            <gpxtpx:hr>115</gpxtpx:hr>
          </gpxtpx:TrackPointExtension>
        </extensions>
      </trkpt>
      <trkpt lat="34.21372279553651" lon="108.83241897001888">
        <ele>408.9030239265412</ele>
        <time>2025-11-17T04:27:58.900000Z</time>
        <extensions>
          <gpxtpx:TrackPointExtension>
            <gpxtpx:hr>115</gpxtpx:hr>
          </gpxtpx:TrackPointExtension>
        </extensions>
      </trkpt>
      <trkpt lat="34.213718773847035" lon="108.83243435339651">
        <ele>408.8938039448112</ele>
        <time>2025-11-17T04:27:59.900000Z</time>
        <extensions>
          <gpxtpx:TrackPointExtension>
            <gpxtpx:hr>115</gpxtpx:hr>
          </gpxtpx:TrackPointExtension>
        </extensions>
      </trkpt>
      <trkpt lat="34.21371450383969" lon="108.83245100649981">
        <ele>408.8820512033999</ele>
        <time>2025-11-17T04:28:00.900000Z</time>
        <extensions>
          <gpxtpx:TrackPointExtension>
            <gpxtpx:hr>115</gpxtpx:hr>
          </gpxtpx:TrackPointExtension>
        </extensions>
      </trkpt>
      <trkpt lat="34.213710625269215" lon="108.83246698576762">
        <ele>408.86899674125016</ele>
        <time>2025-11-17T04:28:01.900000Z</time>
        <extensions>
          <gpxtpx:TrackPointExtension>
            <gpxtpx:hr>115</gpxtpx:hr>
          </gpxtpx:TrackPointExtension>
        </extensions>
      </trkpt>
      <trkpt lat="34.2137073427961" lon="108.83248174479905">
        <ele>408.85351527202874</ele>
        <time>2025-11-17T04:28:02.900000Z</time>
        <extensions>
          <gpxtpx:TrackPointExtension>
            <gpxtpx:hr>117</gpxtpx:hr>
          </gpxtpx:TrackPointExtension>
        </extensions>
      </trkpt>
      <trkpt lat="34.21370393861117" lon="108.8324966524068">
        <ele>408.83645282220095</ele>
        <time>2025-11-17T04:28:03.900000Z</time>
        <extensions>
          <gpxtpx:TrackPointExtension>
            <gpxtpx:hr>117</gpxtpx:hr>
          </gpxtpx:TrackPointExtension>
        </extensions>
      </trkpt>
      <trkpt lat="34.213699878586326" lon="108.83251229516598">
        <ele>408.81895067635924</ele>
        <time>2025-11-17T04:28:04.900000Z</time>
        <extensions>
          <gpxtpx:TrackPointExtension>
            <gpxtpx:hr>117</gpxtpx:hr>
          </gpxtpx:TrackPointExtension>
        </extensions>
      </trkpt>
      <trkpt lat="34.21369557498356" lon="108.83252738942566">
        <ele>408.7986723119393</ele>
        <time>2025-11-17T04:28:05.900000Z</time>
        <extensions>
          <gpxtpx:TrackPointExtension>
            <gpxtpx:hr>117</gpxtpx:hr>
          </gpxtpx:TrackPointExtension>
        </extensions>
      </trkpt>
      <trkpt lat="34.21369110438769" lon="108.8325423550218">
        <ele>408.78413494769484</ele>
        <time>2025-11-17T04:28:06.900000Z</time>
        <extensions>
          <gpxtpx:TrackPointExtension>
            <gpxtpx:hr>117</gpxtpx:hr>
          </gpxtpx:TrackPointExtension>
        </extensions>
      </trkpt>
      <trkpt lat="34.21368658127477" lon="108.83255709484364">
        <ele>408.77085182256997</ele>
        <time>2025-11-17T04:28:07.900000Z</time>
        <extensions>
          <gpxtpx:TrackPointExtension>
            <gpxtpx:hr>117</gpxtpx:hr>
          </gpxtpx:TrackPointExtension>
        </extensions>
      </trkpt>
      <trkpt lat="34.21368158581154" lon="108.83257107612678">
        <ele>408.7636626297608</ele>
        <time>2025-11-17T04:28:08.900000Z</time>
        <extensions>
          <gpxtpx:TrackPointExtension>
            <gpxtpx:hr>117</gpxtpx:hr>
          </gpxtpx:TrackPointExtension>
        </extensions>
      </trkpt>
      <trkpt lat="34.21367556183532" lon="108.83258394500972">
        <ele>408.7521820208058</ele>
        <time>2025-11-17T04:28:09.900000Z</time>
        <extensions>
          <gpxtpx:TrackPointExtension>
            <gpxtpx:hr>117</gpxtpx:hr>
          </gpxtpx:TrackPointExtension>
        </extensions>
      </trkpt>
      <trkpt lat="34.21366830825844" lon="108.83259581587052">
        <ele>408.7397983111441</ele>
        <time>2025-11-17T04:28:10.900000Z</time>
        <extensions>
          <gpxtpx:TrackPointExtension>
            <gpxtpx:hr>109</gpxtpx:hr>
          </gpxtpx:TrackPointExtension>
        </extensions>
      </trkpt>
      <trkpt lat="34.2136598109148" lon="108.83260802627784">
        <ele>408.7364641223103</ele>
        <time>2025-11-17T04:28:11.900000Z</time>
        <extensions>
          <gpxtpx:TrackPointExtension>
            <gpxtpx:hr>109</gpxtpx:hr>
          </gpxtpx:TrackPointExtension>
        </extensions>
      </trkpt>
      <trkpt lat="34.21365120845679" lon="108.83261972704742">
        <ele>408.7333959713578</ele>
        <time>2025-11-17T04:28:12.900000Z</time>
        <extensions>
          <gpxtpx:TrackPointExtension>
            <gpxtpx:hr>109</gpxtpx:hr>
          </gpxtpx:TrackPointExtension>
        </extensions>
      </trkpt>
      <trkpt lat="34.21364237823775" lon="108.8326308940947">
        <ele>408.7276759762317</ele>
        <time>2025-11-17T04:28:13.900000Z</time>
        <extensions>
          <gpxtpx:TrackPointExtension>
            <gpxtpx:hr>109</gpxtpx:hr>
          </gpxtpx:TrackPointExtension>
        </extensions>
      </trkpt>
      <trkpt lat="34.213632797020004" lon="108.83264113230464">
        <ele>408.71637485641986</ele>
        <time>2025-11-17T04:28:14.900000Z</time>
        <extensions>
          <gpxtpx:TrackPointExtension>
            <gpxtpx:hr>109</gpxtpx:hr>
          </gpxtpx:TrackPointExtension>
        </extensions>
      </trkpt>
      <trkpt lat="34.2136221735245" lon="108.83265043940192">
        <ele>408.70912922360003</ele>
        <time>2025-11-17T04:28:15.900000Z</time>
        <extensions>
          <gpxtpx:TrackPointExtension>
            <gpxtpx:hr>109</gpxtpx:hr>
          </gpxtpx:TrackPointExtension>
        </extensions>
      </trkpt>
      <trkpt lat="34.213610423807474" lon="108.83265943507146">
        <ele>408.6951746791601</ele>
        <time>2025-11-17T04:28:16.900000Z</time>
        <extensions>
          <gpxtpx:TrackPointExtension>
            <gpxtpx:hr>109</gpxtpx:hr>
          </gpxtpx:TrackPointExtension>
        </extensions>
      </trkpt>
      <trkpt lat="34.213598775050315" lon="108.8326673857743">
        <ele>408.6901711765677</ele>
        <time>2025-11-17T04:28:17.900000Z</time>
        <extensions>
          <gpxtpx:TrackPointExtension>
            <gpxtpx:hr>109</gpxtpx:hr>
          </gpxtpx:TrackPointExtension>
        </extensions>
      </trkpt>
      <trkpt lat="34.21358790811032" lon="108.83267387712928">
        <ele>408.6840159157291</ele>
        <time>2025-11-17T04:28:18.900000Z</time>
        <extensions>
          <gpxtpx:TrackPointExtension>
            <gpxtpx:hr>109</gpxtpx:hr>
          </gpxtpx:TrackPointExtension>
        </extensions>
      </trkpt>
      <trkpt lat="34.21357675278353" lon="108.83267955109137">
        <ele>408.6831041080877</ele>
        <time>2025-11-17T04:28:19.900000Z</time>
        <extensions>
          <gpxtpx:TrackPointExtension>
            <gpxtpx:hr>109</gpxtpx:hr>
          </gpxtpx:TrackPointExtension>
        </extensions>
      </trkpt>
      <trkpt lat="34.21356440679805" lon="108.83268529416405">
        <ele>408.69254061672837</ele>
        <time>2025-11-17T04:28:20.900000Z</time>
        <extensions>
          <gpxtpx:TrackPointExtension>
            <gpxtpx:hr>109</gpxtpx:hr>
          </gpxtpx:TrackPointExtension>
        </extensions>
      </trkpt>
      <trkpt lat="34.21355179082279" lon="108.83269090793709">
        <ele>408.7047305740416</ele>
        <time>2025-11-17T04:28:21.900000Z</time>
        <extensions>
          <gpxtpx:TrackPointExtension>
            <gpxtpx:hr>109</gpxtpx:hr>
          </gpxtpx:TrackPointExtension>
        </extensions>
      </trkpt>
      <trkpt lat="34.21353899669432" lon="108.83269571343027">
        <ele>408.71977829374373</ele>
        <time>2025-11-17T04:28:22.900000Z</time>
        <extensions>
          <gpxtpx:TrackPointExtension>
            <gpxtpx:hr>109</gpxtpx:hr>
          </gpxtpx:TrackPointExtension>
        </extensions>
      </trkpt>
      <trkpt lat="34.21352625686221" lon="108.83269943682818">
        <ele>408.73917989898473</ele>
        <time>2025-11-17T04:28:23.900000Z</time>
        <extensions>
          <gpxtpx:TrackPointExtension>
            <gpxtpx:hr>109</gpxtpx:hr>
          </gpxtpx:TrackPointExtension>
        </extensions>
      </trkpt>
      <trkpt lat="34.213513176805556" lon="108.83270221853857">
        <ele>408.7606397494674</ele>
        <time>2025-11-17T04:28:24.900000Z</time>
        <extensions>
          <gpxtpx:TrackPointExtension>
            <gpxtpx:hr>109</gpxtpx:hr>
          </gpxtpx:TrackPointExtension>
        </extensions>
      </trkpt>
      <trkpt lat="34.213499858111014" lon="108.83270426676621">
        <ele>408.78737673629075</ele>
        <time>2025-11-17T04:28:25.900000Z</time>
        <extensions>
          <gpxtpx:TrackPointExtension>
            <gpxtpx:hr>109</gpxtpx:hr>
          </gpxtpx:TrackPointExtension>
        </extensions>
      </trkpt>
      <trkpt lat="34.21348673132591" lon="108.83270562153362">
        <ele>408.8148525124416</ele>
        <time>2025-11-17T04:28:26.900000Z</time>
        <extensions>
          <gpxtpx:TrackPointExtension>
            <gpxtpx:hr>109</gpxtpx:hr>
          </gpxtpx:TrackPointExtension>
        </extensions>
      </trkpt>
      <trkpt lat="34.21347404699246" lon="108.83270641793526">
        <ele>408.84686638135463</ele>
        <time>2025-11-17T04:28:27.900000Z</time>
      </trkpt>
      <trkpt lat="34.21346176264171" lon="108.83270704968801">
        <ele>408.8758646165952</ele>
        <time>2025-11-17T04:28:28.900000Z</time>
      </trkpt>
      <trkpt lat="34.21344862918935" lon="108.83270785571288">
        <ele>408.91116112843156</ele>
        <time>2025-11-17T04:28:29.900000Z</time>
      </trkpt>
      <trkpt lat="34.21343454822314" lon="108.83270900024293">
        <ele>408.9480967205018</ele>
        <time>2025-11-17T04:28:30.900000Z</time>
      </trkpt>
      <trkpt lat="34.21342096884486" lon="108.83271061134322">
        <ele>408.9826626293361</ele>
        <time>2025-11-17T04:28:31.900000Z</time>
      </trkpt>
      <trkpt lat="34.21340761077181" lon="108.8327126331421">
        <ele>409.0098558710888</ele>
        <time>2025-11-17T04:28:32.900000Z</time>
      </trkpt>
      <trkpt lat="34.21339438257227" lon="108.83271466243791">
        <ele>409.03546102624387</ele>
        <time>2025-11-17T04:28:33.900000Z</time>
      </trkpt>
      <trkpt lat="34.21338115397047" lon="108.83271648396676">
        <ele>409.0614325599745</ele>
        <time>2025-11-17T04:28:34.900000Z</time>
      </trkpt>
      <trkpt lat="34.21336779807462" lon="108.8327179917352">
        <ele>409.08980675879866</ele>
        <time>2025-11-17T04:28:35.900000Z</time>
      </trkpt>
      <trkpt lat="34.2133544206924" lon="108.8327191699941">
        <ele>409.1150595359504</ele>
        <time>2025-11-17T04:28:36.900000Z</time>
      </trkpt>
      <trkpt lat="34.213341030861216" lon="108.83272017629348">
        <ele>409.13634449709207</ele>
        <time>2025-11-17T04:28:37.900000Z</time>
      </trkpt>
      <trkpt lat="34.21332762470567" lon="108.83272112066504">
        <ele>409.15874703228474</ele>
        <time>2025-11-17T04:28:38.900000Z</time>
      </trkpt>
      <trkpt lat="34.21331422158608" lon="108.83272209793908">
        <ele>409.18009585980326</ele>
        <time>2025-11-17T04:28:39.900000Z</time>
      </trkpt>
      <trkpt lat="34.21330150461202" lon="108.83272338907918">
        <ele>409.19767895620316</ele>
        <time>2025-11-17T04:28:40.900000Z</time>
      </trkpt>
      <trkpt lat="34.213288502777395" lon="108.83272518648926">
        <ele>409.21283447369933</ele>
        <time>2025-11-17T04:28:41.900000Z</time>
      </trkpt>
      <trkpt lat="34.213275505144125" lon="108.83272704514185">
        <ele>409.22412872780114</ele>
        <time>2025-11-17T04:28:42.900000Z</time>
        <extensions>
          <gpxtpx:TrackPointExtension>
            <gpxtpx:hr>104</gpxtpx:hr>
          </gpxtpx:TrackPointExtension>
        </extensions>
      </trkpt>
      <trkpt lat="34.2132632703544" lon="108.83272862991059">
        <ele>409.2435325514525</ele>
        <time>2025-11-17T04:28:43.900000Z</time>
        <extensions>
          <gpxtpx:TrackPointExtension>
            <gpxtpx:hr>104</gpxtpx:hr>
          </gpxtpx:TrackPointExtension>
        </extensions>
      </trkpt>
      <trkpt lat="34.213251143545236" lon="108.83273013087987">
        <ele>409.26153690740466</ele>
        <time>2025-11-17T04:28:44.900000Z</time>
        <extensions>
          <gpxtpx:TrackPointExtension>
            <gpxtpx:hr>104</gpxtpx:hr>
          </gpxtpx:TrackPointExtension>
        </extensions>
      </trkpt>
      <trkpt lat="34.21323863523114" lon="108.83273188326437">
        <ele>409.2791758151725</ele>
        <time>2025-11-17T04:28:45.900000Z</time>
        <extensions>
          <gpxtpx:TrackPointExtension>
            <gpxtpx:hr>104</gpxtpx:hr>
          </gpxtpx:TrackPointExtension>
        </extensions>
      </trkpt>
      <trkpt lat="34.213225929278146" lon="108.83273407259443">
        <ele>409.29988946113735</ele>
        <time>2025-11-17T04:28:46.900000Z</time>
        <extensions>
          <gpxtpx:TrackPointExtension>
            <gpxtpx:hr>104</gpxtpx:hr>
          </gpxtpx:TrackPointExtension>
        </extensions>
      </trkpt>
      <trkpt lat="34.213213098623946" lon="108.83273655830733">
        <ele>409.31810422521085</ele>
        <time>2025-11-17T04:28:47.900000Z</time>
        <extensions>
          <gpxtpx:TrackPointExtension>
            <gpxtpx:hr>104</gpxtpx:hr>
          </gpxtpx:TrackPointExtension>
        </extensions>
      </trkpt>
      <trkpt lat="34.21320017848962" lon="108.83273862651593">
        <ele>409.3385416083038</ele>
        <time>2025-11-17T04:28:48.900000Z</time>
        <extensions>
          <gpxtpx:TrackPointExtension>
            <gpxtpx:hr>104</gpxtpx:hr>
          </gpxtpx:TrackPointExtension>
        </extensions>
      </trkpt>
      <trkpt lat="34.21318653674378" lon="108.83274029502557">
        <ele>409.351382448338</ele>
        <time>2025-11-17T04:28:49.900000Z</time>
        <extensions>
          <gpxtpx:TrackPointExtension>
            <gpxtpx:hr>104</gpxtpx:hr>
          </gpxtpx:TrackPointExtension>
        </extensions>
      </trkpt>
      <trkpt lat="34.21317319090983" lon="108.83274194513992">
        <ele>409.37148030661047</ele>
        <time>2025-11-17T04:28:50.900000Z</time>
        <extensions>
          <gpxtpx:TrackPointExtension>
            <gpxtpx:hr>104</gpxtpx:hr>
          </gpxtpx:TrackPointExtension>
        </extensions>
      </trkpt>
      <trkpt lat="34.21316090290096" lon="108.83274342905388">
        <ele>409.3924941364676</ele>
        <time>2025-11-17T04:28:51.900000Z</time>
        <extensions>
          <gpxtpx:TrackPointExtension>
            <gpxtpx:hr>104</gpxtpx:hr>
          </gpxtpx:TrackPointExtension>
        </extensions>
      </trkpt>
      <trkpt lat="34.21314858014854" lon="108.83274454408665">
        <ele>409.4139619199559</ele>
        <time>2025-11-17T04:28:52.900000Z</time>
        <extensions>
          <gpxtpx:TrackPointExtension>
            <gpxtpx:hr>104</gpxtpx:hr>
          </gpxtpx:TrackPointExtension>
        </extensions>
      </trkpt>
      <trkpt lat="34.213136260623" lon="108.83274526298929">
        <ele>409.4321474991739</ele>
        <time>2025-11-17T04:28:53.900000Z</time>
        <extensions>
          <gpxtpx:TrackPointExtension>
            <gpxtpx:hr>104</gpxtpx:hr>
          </gpxtpx:TrackPointExtension>
        </extensions>
      </trkpt>
      <trkpt lat="34.21312355477452" lon="108.83274572550103">
        <ele>409.4474903130904</ele>
        <time>2025-11-17T04:28:54.900000Z</time>
        <extensions>
          <gpxtpx:TrackPointExtension>
            <gpxtpx:hr>106</gpxtpx:hr>
          </gpxtpx:TrackPointExtension>
        </extensions>
      </trkpt>
      <trkpt lat="34.21310975064173" lon="108.83274604595023">
        <ele>409.45881695114076</ele>
        <time>2025-11-17T04:28:55.900000Z</time>
        <extensions>
          <gpxtpx:TrackPointExtension>
            <gpxtpx:hr>106</gpxtpx:hr>
          </gpxtpx:TrackPointExtension>
        </extensions>
      </trkpt>
      <trkpt lat="34.21309651193771" lon="108.83274611516543">
        <ele>409.468597500585</ele>
        <time>2025-11-17T04:28:56.900000Z</time>
        <extensions>
          <gpxtpx:TrackPointExtension>
            <gpxtpx:hr>106</gpxtpx:hr>
          </gpxtpx:TrackPointExtension>
        </extensions>
      </trkpt>
      <trkpt lat="34.213083599786714" lon="108.83274618785137">
        <ele>409.47353218961507</ele>
        <time>2025-11-17T04:28:57.900000Z</time>
        <extensions>
          <gpxtpx:TrackPointExtension>
            <gpxtpx:hr>106</gpxtpx:hr>
          </gpxtpx:TrackPointExtension>
        </extensions>
      </trkpt>
      <trkpt lat="34.2130706619812" lon="108.83274682623947">
        <ele>409.46265772823244</ele>
        <time>2025-11-17T04:28:58.900000Z</time>
        <extensions>
          <gpxtpx:TrackPointExtension>
            <gpxtpx:hr>106</gpxtpx:hr>
          </gpxtpx:TrackPointExtension>
        </extensions>
      </trkpt>
      <trkpt lat="34.21305779602213" lon="108.83274800573912">
        <ele>409.4340168880299</ele>
        <time>2025-11-17T04:28:59.900000Z</time>
        <extensions>
          <gpxtpx:TrackPointExtension>
            <gpxtpx:hr>105</gpxtpx:hr>
          </gpxtpx:TrackPointExtension>
        </extensions>
      </trkpt>
      <trkpt lat="34.21304533487144" lon="108.83274927959201">
        <ele>409.38989292271435</ele>
        <time>2025-11-17T04:29:00.900000Z</time>
        <extensions>
          <gpxtpx:TrackPointExtension>
            <gpxtpx:hr>105</gpxtpx:hr>
          </gpxtpx:TrackPointExtension>
        </extensions>
      </trkpt>
      <trkpt lat="34.21303324578567" lon="108.83275023035857">
        <ele>409.32173808757216</ele>
        <time>2025-11-17T04:29:01.900000Z</time>
        <extensions>
          <gpxtpx:TrackPointExtension>
            <gpxtpx:hr>105</gpxtpx:hr>
          </gpxtpx:TrackPointExtension>
        </extensions>
      </trkpt>
      <trkpt lat="34.21302054145279" lon="108.83275122768819">
        <ele>409.2209132714197</ele>
        <time>2025-11-17T04:29:02.900000Z</time>
        <extensions>
          <gpxtpx:TrackPointExtension>
            <gpxtpx:hr>105</gpxtpx:hr>
          </gpxtpx:TrackPointExtension>
        </extensions>
      </trkpt>
      <trkpt lat="34.21300848771097" lon="108.83275320209752">
        <ele>409.09613590687513</ele>
        <time>2025-11-17T04:29:03.900000Z</time>
        <extensions>
          <gpxtpx:TrackPointExtension>
            <gpxtpx:hr>105</gpxtpx:hr>
          </gpxtpx:TrackPointExtension>
        </extensions>
      </trkpt>
      <trkpt lat="34.212997892474654" lon="108.83275713546503">
        <ele>408.95145498402417</ele>
        <time>2025-11-17T04:29:04.900000Z</time>
        <extensions>
          <gpxtpx:TrackPointExtension>
            <gpxtpx:hr>106</gpxtpx:hr>
          </gpxtpx:TrackPointExtension>
        </extensions>
      </trkpt>
      <trkpt lat="34.21298945432981" lon="108.83276317061008">
        <ele>408.79561167676</ele>
        <time>2025-11-17T04:29:05.900000Z</time>
        <extensions>
          <gpxtpx:TrackPointExtension>
            <gpxtpx:hr>106</gpxtpx:hr>
          </gpxtpx:TrackPointExtension>
        </extensions>
      </trkpt>
      <trkpt lat="34.212983961179006" lon="108.83277046250393">
        <ele>408.6266378061846</ele>
        <time>2025-11-17T04:29:06.900000Z</time>
        <extensions>
          <gpxtpx:TrackPointExtension>
            <gpxtpx:hr>106</gpxtpx:hr>
          </gpxtpx:TrackPointExtension>
        </extensions>
      </trkpt>
      <trkpt lat="34.21298145842381" lon="108.83277844579008">
        <ele>408.42976768221706</ele>
        <time>2025-11-17T04:29:07.900000Z</time>
        <extensions>
          <gpxtpx:TrackPointExtension>
            <gpxtpx:hr>105</gpxtpx:hr>
          </gpxtpx:TrackPointExtension>
        </extensions>
      </trkpt>
      <trkpt lat="34.21298152827042" lon="108.83278706822666">
        <ele>408.22067129798234</ele>
        <time>2025-11-17T04:29:08.900000Z</time>
        <extensions>
          <gpxtpx:TrackPointExtension>
            <gpxtpx:hr>105</gpxtpx:hr>
          </gpxtpx:TrackPointExtension>
        </extensions>
      </trkpt>
      <trkpt lat="34.21298283645326" lon="108.8327967725835">
        <ele>408.00281982682645</ele>
        <time>2025-11-17T04:29:09.900000Z</time>
        <extensions>
          <gpxtpx:TrackPointExtension>
            <gpxtpx:hr>105</gpxtpx:hr>
          </gpxtpx:TrackPointExtension>
        </extensions>
      </trkpt>
      <trkpt lat="34.21298412861865" lon="108.83280729766113">
        <ele>407.7784172464162</ele>
        <time>2025-11-17T04:29:10.900000Z</time>
        <extensions>
          <gpxtpx:TrackPointExtension>
            <gpxtpx:hr>105</gpxtpx:hr>
          </gpxtpx:TrackPointExtension>
        </extensions>
      </trkpt>
      <trkpt lat="34.21298475777528" lon="108.83281741830864">
        <ele>407.54911891929805</ele>
        <time>2025-11-17T04:29:11.900000Z</time>
        <extensions>
          <gpxtpx:TrackPointExtension>
            <gpxtpx:hr>105</gpxtpx:hr>
          </gpxtpx:TrackPointExtension>
        </extensions>
      </trkpt>
      <trkpt lat="34.212984637038794" lon="108.83282735492615">
        <ele>407.316328657791</ele>
        <time>2025-11-17T04:29:12.900000Z</time>
        <extensions>
          <gpxtpx:TrackPointExtension>
            <gpxtpx:hr>105</gpxtpx:hr>
          </gpxtpx:TrackPointExtension>
        </extensions>
      </trkpt>
      <trkpt lat="34.21298425982271" lon="108.83283834320338">
        <ele>407.0960181178525</ele>
        <time>2025-11-17T04:29:13.900000Z</time>
        <extensions>
          <gpxtpx:TrackPointExtension>
            <gpxtpx:hr>105</gpxtpx:hr>
          </gpxtpx:TrackPointExtension>
        </extensions>
      </trkpt>
      <trkpt lat="34.2129840540652" lon="108.83285065847188">
        <ele>406.8896970450878</ele>
        <time>2025-11-17T04:29:14.900000Z</time>
        <extensions>
          <gpxtpx:TrackPointExtension>
            <gpxtpx:hr>105</gpxtpx:hr>
          </gpxtpx:TrackPointExtension>
        </extensions>
      </trkpt>
      <trkpt lat="34.21298418708696" lon="108.83286356627399">
        <ele>406.67697788309306</ele>
        <time>2025-11-17T04:29:15.900000Z</time>
        <extensions>
          <gpxtpx:TrackPointExtension>
            <gpxtpx:hr>104</gpxtpx:hr>
          </gpxtpx:TrackPointExtension>
        </extensions>
      </trkpt>
      <trkpt lat="34.21298467245869" lon="108.83287566925735">
        <ele>406.4679674329236</ele>
        <time>2025-11-17T04:29:16.900000Z</time>
        <extensions>
          <gpxtpx:TrackPointExtension>
            <gpxtpx:hr>104</gpxtpx:hr>
          </gpxtpx:TrackPointExtension>
        </extensions>
      </trkpt>
      <trkpt lat="34.21298524922801" lon="108.83288690616831">
        <ele>406.27591871563345</ele>
        <time>2025-11-17T04:29:17.900000Z</time>
        <extensions>
          <gpxtpx:TrackPointExtension>
            <gpxtpx:hr>104</gpxtpx:hr>
          </gpxtpx:TrackPointExtension>
        </extensions>
      </trkpt>
      <trkpt lat="34.21298581415155" lon="108.83289875006236">
        <ele>406.09930006973445</ele>
        <time>2025-11-17T04:29:18.900000Z</time>
        <extensions>
          <gpxtpx:TrackPointExtension>
            <gpxtpx:hr>104</gpxtpx:hr>
          </gpxtpx:TrackPointExtension>
        </extensions>
      </trkpt>
      <trkpt lat="34.21298652968029" lon="108.83291154714314">
        <ele>405.9292423631996</ele>
        <time>2025-11-17T04:29:19.900000Z</time>
        <extensions>
          <gpxtpx:TrackPointExtension>
            <gpxtpx:hr>104</gpxtpx:hr>
          </gpxtpx:TrackPointExtension>
        </extensions>
      </trkpt>
      <trkpt lat="34.21298725144009" lon="108.83292437556884">
        <ele>405.77367249689996</ele>
        <time>2025-11-17T04:29:20.900000Z</time>
        <extensions>
          <gpxtpx:TrackPointExtension>
            <gpxtpx:hr>105</gpxtpx:hr>
          </gpxtpx:TrackPointExtension>
        </extensions>
      </trkpt>
      <trkpt lat="34.21298776859392" lon="108.8329363827462">
        <ele>405.6300482330844</ele>
        <time>2025-11-17T04:29:21.900000Z</time>
        <extensions>
          <gpxtpx:TrackPointExtension>
            <gpxtpx:hr>105</gpxtpx:hr>
          </gpxtpx:TrackPointExtension>
        </extensions>
      </trkpt>
      <trkpt lat="34.21298798308774" lon="108.83294696225929">
        <ele>405.49706417508423</ele>
        <time>2025-11-17T04:29:22.900000Z</time>
        <extensions>
          <gpxtpx:TrackPointExtension>
            <gpxtpx:hr>105</gpxtpx:hr>
          </gpxtpx:TrackPointExtension>
        </extensions>
      </trkpt>
      <trkpt lat="34.21298781279981" lon="108.83295662434973">
        <ele>405.3537317048758</ele>
        <time>2025-11-17T04:29:23.900000Z</time>
        <extensions>
          <gpxtpx:TrackPointExtension>
            <gpxtpx:hr>105</gpxtpx:hr>
          </gpxtpx:TrackPointExtension>
        </extensions>
      </trkpt>
      <trkpt lat="34.21298744713366" lon="108.83296700748234">
        <ele>405.21298420708627</ele>
        <time>2025-11-17T04:29:24.900000Z</time>
        <extensions>
          <gpxtpx:TrackPointExtension>
            <gpxtpx:hr>105</gpxtpx:hr>
          </gpxtpx:TrackPointExtension>
        </extensions>
      </trkpt>
      <trkpt lat="34.21298736080582" lon="108.83297875737064">
        <ele>405.1073253210634</ele>
        <time>2025-11-17T04:29:25.900000Z</time>
        <extensions>
          <gpxtpx:TrackPointExtension>
            <gpxtpx:hr>100</gpxtpx:hr>
          </gpxtpx:TrackPointExtension>
        </extensions>
      </trkpt>
      <trkpt lat="34.212987843165976" lon="108.83299126432927">
        <ele>405.00636267196387</ele>
        <time>2025-11-17T04:29:26.900000Z</time>
        <extensions>
          <gpxtpx:TrackPointExtension>
            <gpxtpx:hr>100</gpxtpx:hr>
          </gpxtpx:TrackPointExtension>
        </extensions>
      </trkpt>
      <trkpt lat="34.212988698646676" lon="108.83300428676202">
        <ele>404.9052747776732</ele>
        <time>2025-11-17T04:29:27.900000Z</time>
        <extensions>
          <gpxtpx:TrackPointExtension>
            <gpxtpx:hr>100</gpxtpx:hr>
          </gpxtpx:TrackPointExtension>
        </extensions>
      </trkpt>
      <trkpt lat="34.21298953681011" lon="108.83301729782605">
        <ele>404.83411367982626</ele>
        <time>2025-11-17T04:29:28.900000Z</time>
        <extensions>
          <gpxtpx:TrackPointExtension>
            <gpxtpx:hr>100</gpxtpx:hr>
          </gpxtpx:TrackPointExtension>
        </extensions>
      </trkpt>
      <trkpt lat="34.212989952996246" lon="108.83302945517073">
        <ele>404.7795963427052</ele>
        <time>2025-11-17T04:29:29.900000Z</time>
        <extensions>
          <gpxtpx:TrackPointExtension>
            <gpxtpx:hr>100</gpxtpx:hr>
          </gpxtpx:TrackPointExtension>
        </extensions>
      </trkpt>
      <trkpt lat="34.212989827122094" lon="108.83304128334127">
        <ele>404.7389390608296</ele>
        <time>2025-11-17T04:29:30.900000Z</time>
        <extensions>
          <gpxtpx:TrackPointExtension>
            <gpxtpx:hr>100</gpxtpx:hr>
          </gpxtpx:TrackPointExtension>
        </extensions>
      </trkpt>
      <trkpt lat="34.21298928900559" lon="108.83305355921433">
        <ele>404.68740671500564</ele>
        <time>2025-11-17T04:29:31.900000Z</time>
        <extensions>
          <gpxtpx:TrackPointExtension>
            <gpxtpx:hr>100</gpxtpx:hr>
          </gpxtpx:TrackPointExtension>
        </extensions>
      </trkpt>
      <trkpt lat="34.21298859602491" lon="108.83306617016748">
        <ele>404.65279788151383</ele>
        <time>2025-11-17T04:29:32.900000Z</time>
        <extensions>
          <gpxtpx:TrackPointExtension>
            <gpxtpx:hr>100</gpxtpx:hr>
          </gpxtpx:TrackPointExtension>
        </extensions>
      </trkpt>
      <trkpt lat="34.2129879816957" lon="108.83307841698092">
        <ele>404.6293768296018</ele>
        <time>2025-11-17T04:29:33.900000Z</time>
        <extensions>
          <gpxtpx:TrackPointExtension>
            <gpxtpx:hr>100</gpxtpx:hr>
          </gpxtpx:TrackPointExtension>
        </extensions>
      </trkpt>
      <trkpt lat="34.212987483451194" lon="108.83308948008388">
        <ele>404.61081850063056</ele>
        <time>2025-11-17T04:29:34.900000Z</time>
        <extensions>
          <gpxtpx:TrackPointExtension>
            <gpxtpx:hr>100</gpxtpx:hr>
          </gpxtpx:TrackPointExtension>
        </extensions>
      </trkpt>
      <trkpt lat="34.212986935850175" lon="108.83309835061914">
        <ele>404.60875076893717</ele>
        <time>2025-11-17T04:29:35.900000Z</time>
        <extensions>
          <gpxtpx:TrackPointExtension>
            <gpxtpx:hr>100</gpxtpx:hr>
          </gpxtpx:TrackPointExtension>
        </extensions>
      </trkpt>
      <trkpt lat="34.21298519305224" lon="108.83310503838958">
        <ele>404.6114431535825</ele>
        <time>2025-11-17T04:29:36.900000Z</time>
        <extensions>
          <gpxtpx:TrackPointExtension>
            <gpxtpx:hr>99</gpxtpx:hr>
          </gpxtpx:TrackPointExtension>
        </extensions>
      </trkpt>
      <trkpt lat="34.21298103383853" lon="108.83311044832199">
        <ele>404.6171972639859</ele>
        <time>2025-11-17T04:29:37.900000Z</time>
        <extensions>
          <gpxtpx:TrackPointExtension>
            <gpxtpx:hr>99</gpxtpx:hr>
          </gpxtpx:TrackPointExtension>
        </extensions>
      </trkpt>
      <trkpt lat="34.21297471856468" lon="108.83311491634039">
        <ele>404.6261560386047</ele>
        <time>2025-11-17T04:29:38.900000Z</time>
        <extensions>
          <gpxtpx:TrackPointExtension>
            <gpxtpx:hr>99</gpxtpx:hr>
          </gpxtpx:TrackPointExtension>
        </extensions>
      </trkpt>
      <trkpt lat="34.21296698613078" lon="108.83311879846978">
        <ele>404.61465691775084</ele>
        <time>2025-11-17T04:29:39.900000Z</time>
        <extensions>
          <gpxtpx:TrackPointExtension>
            <gpxtpx:hr>99</gpxtpx:hr>
          </gpxtpx:TrackPointExtension>
        </extensions>
      </trkpt>
      <trkpt lat="34.212958626973574" lon="108.83312237840993">
        <ele>404.59806046262383</ele>
        <time>2025-11-17T04:29:40.900000Z</time>
        <extensions>
          <gpxtpx:TrackPointExtension>
            <gpxtpx:hr>99</gpxtpx:hr>
          </gpxtpx:TrackPointExtension>
        </extensions>
      </trkpt>
      <trkpt lat="34.21295045330976" lon="108.83312611621722">
        <ele>404.58024491369724</ele>
        <time>2025-11-17T04:29:41.900000Z</time>
        <extensions>
          <gpxtpx:TrackPointExtension>
            <gpxtpx:hr>99</gpxtpx:hr>
          </gpxtpx:TrackPointExtension>
        </extensions>
      </trkpt>
      <trkpt lat="34.212943097936126" lon="108.83313135005977">
        <ele>404.55862737074494</ele>
        <time>2025-11-17T04:29:42.900000Z</time>
        <extensions>
          <gpxtpx:TrackPointExtension>
            <gpxtpx:hr>100</gpxtpx:hr>
          </gpxtpx:TrackPointExtension>
        </extensions>
      </trkpt>
      <trkpt lat="34.2129366071006" lon="108.83313925971224">
        <ele>404.5291978782043</ele>
        <time>2025-11-17T04:29:43.900000Z</time>
        <extensions>
          <gpxtpx:TrackPointExtension>
            <gpxtpx:hr>100</gpxtpx:hr>
          </gpxtpx:TrackPointExtension>
        </extensions>
      </trkpt>
      <trkpt lat="34.212930609054986" lon="108.83314962389758">
        <ele>404.49632418807596</ele>
        <time>2025-11-17T04:29:44.900000Z</time>
        <extensions>
          <gpxtpx:TrackPointExtension>
            <gpxtpx:hr>100</gpxtpx:hr>
          </gpxtpx:TrackPointExtension>
        </extensions>
      </trkpt>
      <trkpt lat="34.21292507109038" lon="108.83316163403981">
        <ele>404.48615274298936</ele>
        <time>2025-11-17T04:29:45.900000Z</time>
        <extensions>
          <gpxtpx:TrackPointExtension>
            <gpxtpx:hr>100</gpxtpx:hr>
          </gpxtpx:TrackPointExtension>
        </extensions>
      </trkpt>
      <trkpt lat="34.2129201204032" lon="108.8331747928358">
        <ele>404.4716855660081</ele>
        <time>2025-11-17T04:29:46.900000Z</time>
        <extensions>
          <gpxtpx:TrackPointExtension>
            <gpxtpx:hr>100</gpxtpx:hr>
          </gpxtpx:TrackPointExtension>
        </extensions>
      </trkpt>
      <trkpt lat="34.21291592851222" lon="108.83318830157883">
        <ele>404.46272988058627</ele>
        <time>2025-11-17T04:29:47.900000Z</time>
        <extensions>
          <gpxtpx:TrackPointExtension>
            <gpxtpx:hr>100</gpxtpx:hr>
          </gpxtpx:TrackPointExtension>
        </extensions>
      </trkpt>
      <trkpt lat="34.21291247335868" lon="108.83320152987011">
        <ele>404.4583196248859</ele>
        <time>2025-11-17T04:29:48.900000Z</time>
        <extensions>
          <gpxtpx:TrackPointExtension>
            <gpxtpx:hr>100</gpxtpx:hr>
          </gpxtpx:TrackPointExtension>
        </extensions>
      </trkpt>
      <trkpt lat="34.21290943931116" lon="108.83321430748255">
        <ele>404.46271320898086</ele>
        <time>2025-11-17T04:29:49.900000Z</time>
        <extensions>
          <gpxtpx:TrackPointExtension>
            <gpxtpx:hr>100</gpxtpx:hr>
          </gpxtpx:TrackPointExtension>
        </extensions>
      </trkpt>
      <trkpt lat="34.21290610847392" lon="108.83322620931116">
        <ele>404.4857761571184</ele>
        <time>2025-11-17T04:29:50.900000Z</time>
        <extensions>
          <gpxtpx:TrackPointExtension>
            <gpxtpx:hr>100</gpxtpx:hr>
          </gpxtpx:TrackPointExtension>
        </extensions>
      </trkpt>
      <trkpt lat="34.21290200569506" lon="108.83323643364665">
        <ele>404.5187003640458</ele>
        <time>2025-11-17T04:29:51.900000Z</time>
        <extensions>
          <gpxtpx:TrackPointExtension>
            <gpxtpx:hr>100</gpxtpx:hr>
          </gpxtpx:TrackPointExtension>
        </extensions>
      </trkpt>
      <trkpt lat="34.21289701128733" lon="108.83324461130506">
        <ele>404.5701971100643</ele>
        <time>2025-11-17T04:29:52.900000Z</time>
        <extensions>
          <gpxtpx:TrackPointExtension>
            <gpxtpx:hr>100</gpxtpx:hr>
          </gpxtpx:TrackPointExtension>
        </extensions>
      </trkpt>
      <trkpt lat="34.21289109165708" lon="108.83325095207205">
        <ele>404.6171676237136</ele>
        <time>2025-11-17T04:29:53.900000Z</time>
        <extensions>
          <gpxtpx:TrackPointExtension>
            <gpxtpx:hr>105</gpxtpx:hr>
          </gpxtpx:TrackPointExtension>
        </extensions>
      </trkpt>
      <trkpt lat="34.21288476051737" lon="108.83325506252146">
        <ele>404.6903593670577</ele>
        <time>2025-11-17T04:29:54.900000Z</time>
        <extensions>
          <gpxtpx:TrackPointExtension>
            <gpxtpx:hr>105</gpxtpx:hr>
          </gpxtpx:TrackPointExtension>
        </extensions>
      </trkpt>
      <trkpt lat="34.21287855589808" lon="108.83325650152915">
        <ele>404.77382573485374</ele>
        <time>2025-11-17T04:29:55.900000Z</time>
        <extensions>
          <gpxtpx:TrackPointExtension>
            <gpxtpx:hr>105</gpxtpx:hr>
          </gpxtpx:TrackPointExtension>
        </extensions>
      </trkpt>
      <trkpt lat="34.212872697052546" lon="108.83325615558834">
        <ele>404.86360879894346</ele>
        <time>2025-11-17T04:29:56.900000Z</time>
        <extensions>
          <gpxtpx:TrackPointExtension>
            <gpxtpx:hr>105</gpxtpx:hr>
          </gpxtpx:TrackPointExtension>
        </extensions>
      </trkpt>
      <trkpt lat="34.21286742927325" lon="108.83325602818374">
        <ele>404.9346919450909</ele>
        <time>2025-11-17T04:29:57.900000Z</time>
        <extensions>
          <gpxtpx:TrackPointExtension>
            <gpxtpx:hr>105</gpxtpx:hr>
          </gpxtpx:TrackPointExtension>
        </extensions>
      </trkpt>
      <trkpt lat="34.21286226452991" lon="108.83325702185036">
        <ele>405.01199699006975</ele>
        <time>2025-11-17T04:29:58.900000Z</time>
        <extensions>
          <gpxtpx:TrackPointExtension>
            <gpxtpx:hr>106</gpxtpx:hr>
          </gpxtpx:TrackPointExtension>
        </extensions>
      </trkpt>
      <trkpt lat="34.21285637475531" lon="108.83325895116197">
        <ele>405.09198389574885</ele>
        <time>2025-11-17T04:29:59.900000Z</time>
        <extensions>
          <gpxtpx:TrackPointExtension>
            <gpxtpx:hr>106</gpxtpx:hr>
          </gpxtpx:TrackPointExtension>
        </extensions>
      </trkpt>
      <trkpt lat="34.212849151987704" lon="108.83326150767654">
        <ele>405.1736430749297</ele>
        <time>2025-11-17T04:30:00.900000Z</time>
        <extensions>
          <gpxtpx:TrackPointExtension>
            <gpxtpx:hr>106</gpxtpx:hr>
          </gpxtpx:TrackPointExtension>
        </extensions>
      </trkpt>
      <trkpt lat="34.21284047255731" lon="108.83326439402869">
        <ele>405.25690598320216</ele>
        <time>2025-11-17T04:30:01.900000Z</time>
        <extensions>
          <gpxtpx:TrackPointExtension>
            <gpxtpx:hr>106</gpxtpx:hr>
          </gpxtpx:TrackPointExtension>
        </extensions>
      </trkpt>
      <trkpt lat="34.21283047075405" lon="108.83326727969249">
        <ele>405.34374485351145</ele>
        <time>2025-11-17T04:30:02.900000Z</time>
        <extensions>
          <gpxtpx:TrackPointExtension>
            <gpxtpx:hr>106</gpxtpx:hr>
          </gpxtpx:TrackPointExtension>
        </extensions>
      </trkpt>
      <trkpt lat="34.21281975161195" lon="108.83326960276034">
        <ele>405.4297928540036</ele>
        <time>2025-11-17T04:30:03.900000Z</time>
        <extensions>
          <gpxtpx:TrackPointExtension>
            <gpxtpx:hr>105</gpxtpx:hr>
          </gpxtpx:TrackPointExtension>
        </extensions>
      </trkpt>
      <trkpt lat="34.21280931280692" lon="108.83327222699734">
        <ele>405.53101434279233</ele>
        <time>2025-11-17T04:30:04.900000Z</time>
        <extensions>
          <gpxtpx:TrackPointExtension>
            <gpxtpx:hr>105</gpxtpx:hr>
          </gpxtpx:TrackPointExtension>
        </extensions>
      </trkpt>
      <trkpt lat="34.21279945869379" lon="108.83327700118889">
        <ele>405.63315948843956</ele>
        <time>2025-11-17T04:30:05.900000Z</time>
        <extensions>
          <gpxtpx:TrackPointExtension>
            <gpxtpx:hr>105</gpxtpx:hr>
          </gpxtpx:TrackPointExtension>
        </extensions>
      </trkpt>
      <trkpt lat="34.21278971344278" lon="108.83328405398089">
        <ele>405.7220451980829</ele>
        <time>2025-11-17T04:30:06.900000Z</time>
        <extensions>
          <gpxtpx:TrackPointExtension>
            <gpxtpx:hr>105</gpxtpx:hr>
          </gpxtpx:TrackPointExtension>
        </extensions>
      </trkpt>
      <trkpt lat="34.21277961198659" lon="108.83329305951679">
        <ele>405.81058617681265</ele>
        <time>2025-11-17T04:30:07.900000Z</time>
        <extensions>
          <gpxtpx:TrackPointExtension>
            <gpxtpx:hr>105</gpxtpx:hr>
          </gpxtpx:TrackPointExtension>
        </extensions>
      </trkpt>
      <trkpt lat="34.212768964768514" lon="108.83330354380485">
        <ele>405.89947248622775</ele>
        <time>2025-11-17T04:30:08.900000Z</time>
        <extensions>
          <gpxtpx:TrackPointExtension>
            <gpxtpx:hr>106</gpxtpx:hr>
          </gpxtpx:TrackPointExtension>
        </extensions>
      </trkpt>
      <trkpt lat="34.21275893654399" lon="108.8333151932054">
        <ele>405.9803341180086</ele>
        <time>2025-11-17T04:30:09.900000Z</time>
        <extensions>
          <gpxtpx:TrackPointExtension>
            <gpxtpx:hr>106</gpxtpx:hr>
          </gpxtpx:TrackPointExtension>
        </extensions>
      </trkpt>
      <trkpt lat="34.212750736192206" lon="108.83332752022619">
        <ele>406.043055373244</ele>
        <time>2025-11-17T04:30:10.900000Z</time>
        <extensions>
          <gpxtpx:TrackPointExtension>
            <gpxtpx:hr>106</gpxtpx:hr>
          </gpxtpx:TrackPointExtension>
        </extensions>
      </trkpt>
      <trkpt lat="34.21274503776275" lon="108.83333940105759">
        <ele>406.0926062911749</ele>
        <time>2025-11-17T04:30:11.900000Z</time>
        <extensions>
          <gpxtpx:TrackPointExtension>
            <gpxtpx:hr>106</gpxtpx:hr>
          </gpxtpx:TrackPointExtension>
        </extensions>
      </trkpt>
      <trkpt lat="34.21274028443978" lon="108.83335162437021">
        <ele>406.1308350544423</ele>
        <time>2025-11-17T04:30:12.900000Z</time>
        <extensions>
          <gpxtpx:TrackPointExtension>
            <gpxtpx:hr>107</gpxtpx:hr>
          </gpxtpx:TrackPointExtension>
        </extensions>
      </trkpt>
      <trkpt lat="34.21273460305255" lon="108.8333663720486">
        <ele>406.1572004640475</ele>
        <time>2025-11-17T04:30:13.900000Z</time>
        <extensions>
          <gpxtpx:TrackPointExtension>
            <gpxtpx:hr>107</gpxtpx:hr>
          </gpxtpx:TrackPointExtension>
        </extensions>
      </trkpt>
      <trkpt lat="34.21272815724243" lon="108.83338288551025">
        <ele>406.1873411554843</ele>
        <time>2025-11-17T04:30:14.900000Z</time>
        <extensions>
          <gpxtpx:TrackPointExtension>
            <gpxtpx:hr>107</gpxtpx:hr>
          </gpxtpx:TrackPointExtension>
        </extensions>
      </trkpt>
      <trkpt lat="34.212721733865294" lon="108.83339954525468">
        <ele>406.1969756819308</ele>
        <time>2025-11-17T04:30:15.900000Z</time>
        <extensions>
          <gpxtpx:TrackPointExtension>
            <gpxtpx:hr>107</gpxtpx:hr>
          </gpxtpx:TrackPointExtension>
        </extensions>
      </trkpt>
      <trkpt lat="34.212716056288045" lon="108.83341580308579">
        <ele>406.19667350221425</ele>
        <time>2025-11-17T04:30:16.900000Z</time>
        <extensions>
          <gpxtpx:TrackPointExtension>
            <gpxtpx:hr>107</gpxtpx:hr>
          </gpxtpx:TrackPointExtension>
        </extensions>
      </trkpt>
      <trkpt lat="34.21271090242263" lon="108.8334314672315">
        <ele>406.19156981259584</ele>
        <time>2025-11-17T04:30:17.900000Z</time>
        <extensions>
          <gpxtpx:TrackPointExtension>
            <gpxtpx:hr>107</gpxtpx:hr>
          </gpxtpx:TrackPointExtension>
        </extensions>
      </trkpt>
      <trkpt lat="34.21270575999815" lon="108.83344632202164">
        <ele>406.1730221202597</ele>
        <time>2025-11-17T04:30:18.900000Z</time>
        <extensions>
          <gpxtpx:TrackPointExtension>
            <gpxtpx:hr>107</gpxtpx:hr>
          </gpxtpx:TrackPointExtension>
        </extensions>
      </trkpt>
      <trkpt lat="34.21270058216996" lon="108.83346041574539">
        <ele>406.15730956941843</ele>
        <time>2025-11-17T04:30:19.900000Z</time>
        <extensions>
          <gpxtpx:TrackPointExtension>
            <gpxtpx:hr>107</gpxtpx:hr>
          </gpxtpx:TrackPointExtension>
        </extensions>
      </trkpt>
      <trkpt lat="34.21269539988134" lon="108.83347379317361">
        <ele>406.14129125047475</ele>
        <time>2025-11-17T04:30:20.900000Z</time>
        <extensions>
          <gpxtpx:TrackPointExtension>
            <gpxtpx:hr>107</gpxtpx:hr>
          </gpxtpx:TrackPointExtension>
        </extensions>
      </trkpt>
      <trkpt lat="34.21268971108695" lon="108.8334858692238">
        <ele>406.1137448120862</ele>
        <time>2025-11-17T04:30:21.900000Z</time>
        <extensions>
          <gpxtpx:TrackPointExtension>
            <gpxtpx:hr>107</gpxtpx:hr>
          </gpxtpx:TrackPointExtension>
        </extensions>
      </trkpt>
      <trkpt lat="34.2126828320249" lon="108.83349683029411">
        <ele>406.0707843499258</ele>
        <time>2025-11-17T04:30:22.900000Z</time>
        <extensions>
          <gpxtpx:TrackPointExtension>
            <gpxtpx:hr>107</gpxtpx:hr>
          </gpxtpx:TrackPointExtension>
        </extensions>
      </trkpt>
      <trkpt lat="34.21267457599566" lon="108.83350673094644">
        <ele>406.01728228945285</ele>
        <time>2025-11-17T04:30:23.900000Z</time>
        <extensions>
          <gpxtpx:TrackPointExtension>
            <gpxtpx:hr>108</gpxtpx:hr>
          </gpxtpx:TrackPointExtension>
        </extensions>
      </trkpt>
      <trkpt lat="34.21266506075105" lon="108.83351541143116">
        <ele>405.9465388087556</ele>
        <time>2025-11-17T04:30:24.900000Z</time>
        <extensions>
          <gpxtpx:TrackPointExtension>
            <gpxtpx:hr>108</gpxtpx:hr>
          </gpxtpx:TrackPointExtension>
        </extensions>
      </trkpt>
      <trkpt lat="34.21265431218099" lon="108.83352268995614">
        <ele>405.853258064948</ele>
        <time>2025-11-17T04:30:25.900000Z</time>
        <extensions>
          <gpxtpx:TrackPointExtension>
            <gpxtpx:hr>108</gpxtpx:hr>
          </gpxtpx:TrackPointExtension>
        </extensions>
      </trkpt>
      <trkpt lat="34.21264270125629" lon="108.83352870649786">
        <ele>405.75220652576536</ele>
        <time>2025-11-17T04:30:26.900000Z</time>
        <extensions>
          <gpxtpx:TrackPointExtension>
            <gpxtpx:hr>108</gpxtpx:hr>
          </gpxtpx:TrackPointExtension>
        </extensions>
      </trkpt>
      <trkpt lat="34.212630738195955" lon="108.83353382265209">
        <ele>405.6482410412282</ele>
        <time>2025-11-17T04:30:27.900000Z</time>
        <extensions>
          <gpxtpx:TrackPointExtension>
            <gpxtpx:hr>108</gpxtpx:hr>
          </gpxtpx:TrackPointExtension>
        </extensions>
      </trkpt>
      <trkpt lat="34.212618838792125" lon="108.83353906662141">
        <ele>405.5405481439084</ele>
        <time>2025-11-17T04:30:28.900000Z</time>
        <extensions>
          <gpxtpx:TrackPointExtension>
            <gpxtpx:hr>108</gpxtpx:hr>
          </gpxtpx:TrackPointExtension>
        </extensions>
      </trkpt>
      <trkpt lat="34.21260771971726" lon="108.83354472727676">
        <ele>405.44399481453</ele>
        <time>2025-11-17T04:30:29.900000Z</time>
        <extensions>
          <gpxtpx:TrackPointExtension>
            <gpxtpx:hr>109</gpxtpx:hr>
          </gpxtpx:TrackPointExtension>
        </extensions>
      </trkpt>
      <trkpt lat="34.21259746647937" lon="108.83355061595701">
        <ele>405.34764796309173</ele>
        <time>2025-11-17T04:30:30.900000Z</time>
        <extensions>
          <gpxtpx:TrackPointExtension>
            <gpxtpx:hr>109</gpxtpx:hr>
          </gpxtpx:TrackPointExtension>
        </extensions>
      </trkpt>
      <trkpt lat="34.21258750576673" lon="108.83355612187576">
        <ele>405.2664256952703</ele>
        <time>2025-11-17T04:30:31.900000Z</time>
        <extensions>
          <gpxtpx:TrackPointExtension>
            <gpxtpx:hr>109</gpxtpx:hr>
          </gpxtpx:TrackPointExtension>
        </extensions>
      </trkpt>
      <trkpt lat="34.21257703485531" lon="108.83356071866824">
        <ele>405.21254756115377</ele>
        <time>2025-11-17T04:30:32.900000Z</time>
        <extensions>
          <gpxtpx:TrackPointExtension>
            <gpxtpx:hr>109</gpxtpx:hr>
          </gpxtpx:TrackPointExtension>
        </extensions>
      </trkpt>
      <trkpt lat="34.212565931685525" lon="108.83356469983818">
        <ele>405.15668069850653</ele>
        <time>2025-11-17T04:30:33.900000Z</time>
        <extensions>
          <gpxtpx:TrackPointExtension>
            <gpxtpx:hr>109</gpxtpx:hr>
          </gpxtpx:TrackPointExtension>
        </extensions>
      </trkpt>
      <trkpt lat="34.212554064575144" lon="108.83356848170148">
        <ele>405.108686150983</ele>
        <time>2025-11-17T04:30:34.900000Z</time>
        <extensions>
          <gpxtpx:TrackPointExtension>
            <gpxtpx:hr>109</gpxtpx:hr>
          </gpxtpx:TrackPointExtension>
        </extensions>
      </trkpt>
      <trkpt lat="34.21254159352622" lon="108.83357210493335">
        <ele>405.0547853996977</ele>
        <time>2025-11-17T04:30:35.900000Z</time>
        <extensions>
          <gpxtpx:TrackPointExtension>
            <gpxtpx:hr>109</gpxtpx:hr>
          </gpxtpx:TrackPointExtension>
        </extensions>
      </trkpt>
      <trkpt lat="34.21252888726078" lon="108.83357572626699">
        <ele>405.0091679180041</ele>
        <time>2025-11-17T04:30:36.900000Z</time>
        <extensions>
          <gpxtpx:TrackPointExtension>
            <gpxtpx:hr>109</gpxtpx:hr>
          </gpxtpx:TrackPointExtension>
        </extensions>
      </trkpt>
      <trkpt lat="34.21251612249816" lon="108.83357953804412">
        <ele>404.9568894142285</ele>
        <time>2025-11-17T04:30:37.900000Z</time>
        <extensions>
          <gpxtpx:TrackPointExtension>
            <gpxtpx:hr>107</gpxtpx:hr>
          </gpxtpx:TrackPointExtension>
        </extensions>
      </trkpt>
      <trkpt lat="34.212503319691635" lon="108.83358368139474">
        <ele>404.8935534702614</ele>
        <time>2025-11-17T04:30:38.900000Z</time>
        <extensions>
          <gpxtpx:TrackPointExtension>
            <gpxtpx:hr>107</gpxtpx:hr>
          </gpxtpx:TrackPointExtension>
        </extensions>
      </trkpt>
      <trkpt lat="34.212490673677266" lon="108.83358797865164">
        <ele>404.8435786738992</ele>
        <time>2025-11-17T04:30:39.900000Z</time>
        <extensions>
          <gpxtpx:TrackPointExtension>
            <gpxtpx:hr>107</gpxtpx:hr>
          </gpxtpx:TrackPointExtension>
        </extensions>
      </trkpt>
      <trkpt lat="34.2124785710549" lon="108.83359243102213">
        <ele>404.7622938407585</ele>
        <time>2025-11-17T04:30:40.900000Z</time>
        <extensions>
          <gpxtpx:TrackPointExtension>
            <gpxtpx:hr>107</gpxtpx:hr>
          </gpxtpx:TrackPointExtension>
        </extensions>
      </trkpt>
      <trkpt lat="34.212467161968014" lon="108.83359731716678">
        <ele>404.68736336380243</ele>
        <time>2025-11-17T04:30:41.900000Z</time>
        <extensions>
          <gpxtpx:TrackPointExtension>
            <gpxtpx:hr>107</gpxtpx:hr>
          </gpxtpx:TrackPointExtension>
        </extensions>
      </trkpt>
      <trkpt lat="34.212456103965" lon="108.833602893937">
        <ele>404.6099700117484</ele>
        <time>2025-11-17T04:30:42.900000Z</time>
        <extensions>
          <gpxtpx:TrackPointExtension>
            <gpxtpx:hr>107</gpxtpx:hr>
          </gpxtpx:TrackPointExtension>
        </extensions>
      </trkpt>
      <trkpt lat="34.21244492809256" lon="108.83360896193167">
        <ele>404.5422435272485</ele>
        <time>2025-11-17T04:30:43.900000Z</time>
        <extensions>
          <gpxtpx:TrackPointExtension>
            <gpxtpx:hr>107</gpxtpx:hr>
          </gpxtpx:TrackPointExtension>
        </extensions>
      </trkpt>
      <trkpt lat="34.212433497418864" lon="108.83361623051849">
        <ele>404.4734784569591</ele>
        <time>2025-11-17T04:30:44.900000Z</time>
        <extensions>
          <gpxtpx:TrackPointExtension>
            <gpxtpx:hr>107</gpxtpx:hr>
          </gpxtpx:TrackPointExtension>
        </extensions>
      </trkpt>
      <trkpt lat="34.21242190894665" lon="108.83362559460687">
        <ele>404.4097895491868</ele>
        <time>2025-11-17T04:30:45.900000Z</time>
        <extensions>
          <gpxtpx:TrackPointExtension>
            <gpxtpx:hr>107</gpxtpx:hr>
          </gpxtpx:TrackPointExtension>
        </extensions>
      </trkpt>
      <trkpt lat="34.21241077316751" lon="108.83363701169496">
        <ele>404.3561508366838</ele>
        <time>2025-11-17T04:30:46.900000Z</time>
        <extensions>
          <gpxtpx:TrackPointExtension>
            <gpxtpx:hr>107</gpxtpx:hr>
          </gpxtpx:TrackPointExtension>
        </extensions>
      </trkpt>
      <trkpt lat="34.21240111711175" lon="108.8336502878841">
        <ele>404.3151951543987</ele>
        <time>2025-11-17T04:30:47.900000Z</time>
        <extensions>
          <gpxtpx:TrackPointExtension>
            <gpxtpx:hr>107</gpxtpx:hr>
          </gpxtpx:TrackPointExtension>
        </extensions>
      </trkpt>
      <trkpt lat="34.212393357530985" lon="108.83366586821278">
        <ele>404.24303139094263</ele>
        <time>2025-11-17T04:30:48.900000Z</time>
        <extensions>
          <gpxtpx:TrackPointExtension>
            <gpxtpx:hr>107</gpxtpx:hr>
          </gpxtpx:TrackPointExtension>
        </extensions>
      </trkpt>
      <trkpt lat="34.2123875786368" lon="108.8336830626723">
        <ele>404.13528273720294</ele>
        <time>2025-11-17T04:30:49.900000Z</time>
        <extensions>
          <gpxtpx:TrackPointExtension>
            <gpxtpx:hr>106</gpxtpx:hr>
          </gpxtpx:TrackPointExtension>
        </extensions>
      </trkpt>
      <trkpt lat="34.212383204384444" lon="108.83370090333749">
        <ele>404.01594566367567</ele>
        <time>2025-11-17T04:30:50.900000Z</time>
        <extensions>
          <gpxtpx:TrackPointExtension>
            <gpxtpx:hr>106</gpxtpx:hr>
          </gpxtpx:TrackPointExtension>
        </extensions>
      </trkpt>
      <trkpt lat="34.212379494319784" lon="108.83371920916774">
        <ele>403.90127276070416</ele>
        <time>2025-11-17T04:30:51.900000Z</time>
        <extensions>
          <gpxtpx:TrackPointExtension>
            <gpxtpx:hr>106</gpxtpx:hr>
          </gpxtpx:TrackPointExtension>
        </extensions>
      </trkpt>
      <trkpt lat="34.212376426113046" lon="108.83373790462333">
        <ele>403.7724451739341</ele>
        <time>2025-11-17T04:30:52.900000Z</time>
        <extensions>
          <gpxtpx:TrackPointExtension>
            <gpxtpx:hr>106</gpxtpx:hr>
          </gpxtpx:TrackPointExtension>
        </extensions>
      </trkpt>
      <trkpt lat="34.21237390145094" lon="108.83375654919281">
        <ele>403.6420986605808</ele>
        <time>2025-11-17T04:30:53.900000Z</time>
        <extensions>
          <gpxtpx:TrackPointExtension>
            <gpxtpx:hr>105</gpxtpx:hr>
          </gpxtpx:TrackPointExtension>
        </extensions>
      </trkpt>
      <trkpt lat="34.212371604145844" lon="108.8337750933172">
        <ele>403.53461177647114</ele>
        <time>2025-11-17T04:30:54.900000Z</time>
        <extensions>
          <gpxtpx:TrackPointExtension>
            <gpxtpx:hr>105</gpxtpx:hr>
          </gpxtpx:TrackPointExtension>
        </extensions>
      </trkpt>
      <trkpt lat="34.21236938665403" lon="108.83379311023779">
        <ele>403.4347250908613</ele>
        <time>2025-11-17T04:30:55.900000Z</time>
        <extensions>
          <gpxtpx:TrackPointExtension>
            <gpxtpx:hr>105</gpxtpx:hr>
          </gpxtpx:TrackPointExtension>
        </extensions>
      </trkpt>
      <trkpt lat="34.21236735217527" lon="108.83380985395618">
        <ele>403.3680425072089</ele>
        <time>2025-11-17T04:30:56.900000Z</time>
        <extensions>
          <gpxtpx:TrackPointExtension>
            <gpxtpx:hr>105</gpxtpx:hr>
          </gpxtpx:TrackPointExtension>
        </extensions>
      </trkpt>
      <trkpt lat="34.21236561371" lon="108.83382592982147">
        <ele>403.326333316043</ele>
        <time>2025-11-17T04:30:57.900000Z</time>
        <extensions>
          <gpxtpx:TrackPointExtension>
            <gpxtpx:hr>106</gpxtpx:hr>
          </gpxtpx:TrackPointExtension>
        </extensions>
      </trkpt>
      <trkpt lat="34.21236413165327" lon="108.83384228311569">
        <ele>403.28956861793995</ele>
        <time>2025-11-17T04:30:58.900000Z</time>
        <extensions>
          <gpxtpx:TrackPointExtension>
            <gpxtpx:hr>106</gpxtpx:hr>
          </gpxtpx:TrackPointExtension>
        </extensions>
      </trkpt>
      <trkpt lat="34.21236294040766" lon="108.8338591657211">
        <ele>403.2594804763794</ele>
        <time>2025-11-17T04:30:59.900000Z</time>
        <extensions>
          <gpxtpx:TrackPointExtension>
            <gpxtpx:hr>106</gpxtpx:hr>
          </gpxtpx:TrackPointExtension>
        </extensions>
      </trkpt>
      <trkpt lat="34.2123619056486" lon="108.83387590694925">
        <ele>403.25123446621</ele>
        <time>2025-11-17T04:31:00.900000Z</time>
        <extensions>
          <gpxtpx:TrackPointExtension>
            <gpxtpx:hr>106</gpxtpx:hr>
          </gpxtpx:TrackPointExtension>
        </extensions>
      </trkpt>
      <trkpt lat="34.21236042267842" lon="108.83389182534626">
        <ele>403.2606060001999</ele>
        <time>2025-11-17T04:31:01.900000Z</time>
        <extensions>
          <gpxtpx:TrackPointExtension>
            <gpxtpx:hr>106</gpxtpx:hr>
          </gpxtpx:TrackPointExtension>
        </extensions>
      </trkpt>
      <trkpt lat="34.21235844032195" lon="108.83390740781937">
        <ele>403.267240120098</ele>
        <time>2025-11-17T04:31:02.900000Z</time>
        <extensions>
          <gpxtpx:TrackPointExtension>
            <gpxtpx:hr>107</gpxtpx:hr>
          </gpxtpx:TrackPointExtension>
        </extensions>
      </trkpt>
      <trkpt lat="34.21235622126877" lon="108.83392301417982">
        <ele>403.2820139564574</ele>
        <time>2025-11-17T04:31:03.900000Z</time>
        <extensions>
          <gpxtpx:TrackPointExtension>
            <gpxtpx:hr>107</gpxtpx:hr>
          </gpxtpx:TrackPointExtension>
        </extensions>
      </trkpt>
      <trkpt lat="34.21235376490234" lon="108.83393864700199">
        <ele>403.2923024650663</ele>
        <time>2025-11-17T04:31:04.900000Z</time>
        <extensions>
          <gpxtpx:TrackPointExtension>
            <gpxtpx:hr>107</gpxtpx:hr>
          </gpxtpx:TrackPointExtension>
        </extensions>
      </trkpt>
      <trkpt lat="34.21235149162182" lon="108.83395425823142">
        <ele>403.3179283021018</ele>
        <time>2025-11-17T04:31:05.900000Z</time>
        <extensions>
          <gpxtpx:TrackPointExtension>
            <gpxtpx:hr>107</gpxtpx:hr>
          </gpxtpx:TrackPointExtension>
        </extensions>
      </trkpt>
      <trkpt lat="34.212349650650964" lon="108.8339699650206">
        <ele>403.35933410935104</ele>
        <time>2025-11-17T04:31:06.900000Z</time>
        <extensions>
          <gpxtpx:TrackPointExtension>
            <gpxtpx:hr>106</gpxtpx:hr>
          </gpxtpx:TrackPointExtension>
        </extensions>
      </trkpt>
      <trkpt lat="34.21234831521854" lon="108.83398583856875">
        <ele>403.4148162677884</ele>
        <time>2025-11-17T04:31:07.900000Z</time>
        <extensions>
          <gpxtpx:TrackPointExtension>
            <gpxtpx:hr>106</gpxtpx:hr>
          </gpxtpx:TrackPointExtension>
        </extensions>
      </trkpt>
      <trkpt lat="34.21234774444062" lon="108.83400206567104">
        <ele>403.4603054737672</ele>
        <time>2025-11-17T04:31:08.900000Z</time>
        <extensions>
          <gpxtpx:TrackPointExtension>
            <gpxtpx:hr>106</gpxtpx:hr>
          </gpxtpx:TrackPointExtension>
        </extensions>
      </trkpt>
      <trkpt lat="34.21234809210791" lon="108.83401857164749">
        <ele>403.5044561903924</ele>
        <time>2025-11-17T04:31:09.900000Z</time>
        <extensions>
          <gpxtpx:TrackPointExtension>
            <gpxtpx:hr>106</gpxtpx:hr>
          </gpxtpx:TrackPointExtension>
        </extensions>
      </trkpt>
      <trkpt lat="34.21234923936503" lon="108.83403526329909">
        <ele>403.5520364847034</ele>
        <time>2025-11-17T04:31:10.900000Z</time>
        <extensions>
          <gpxtpx:TrackPointExtension>
            <gpxtpx:hr>106</gpxtpx:hr>
          </gpxtpx:TrackPointExtension>
        </extensions>
      </trkpt>
      <trkpt lat="34.21235079456477" lon="108.83405215303686">
        <ele>403.59915709123015</ele>
        <time>2025-11-17T04:31:11.900000Z</time>
        <extensions>
          <gpxtpx:TrackPointExtension>
            <gpxtpx:hr>106</gpxtpx:hr>
          </gpxtpx:TrackPointExtension>
        </extensions>
      </trkpt>
      <trkpt lat="34.212352343316624" lon="108.83406944989646">
        <ele>403.63741341233253</ele>
        <time>2025-11-17T04:31:12.900000Z</time>
        <extensions>
          <gpxtpx:TrackPointExtension>
            <gpxtpx:hr>105</gpxtpx:hr>
          </gpxtpx:TrackPointExtension>
        </extensions>
      </trkpt>
      <trkpt lat="34.21235362628519" lon="108.83408700480344">
        <ele>403.6816332861781</ele>
        <time>2025-11-17T04:31:13.900000Z</time>
        <extensions>
          <gpxtpx:TrackPointExtension>
            <gpxtpx:hr>105</gpxtpx:hr>
          </gpxtpx:TrackPointExtension>
        </extensions>
      </trkpt>
      <trkpt lat="34.21235454125552" lon="108.83410433928414">
        <ele>403.7200812138617</ele>
        <time>2025-11-17T04:31:14.900000Z</time>
        <extensions>
          <gpxtpx:TrackPointExtension>
            <gpxtpx:hr>105</gpxtpx:hr>
          </gpxtpx:TrackPointExtension>
        </extensions>
      </trkpt>
      <trkpt lat="34.21235512508731" lon="108.83412107164055">
        <ele>403.7608853299171</ele>
        <time>2025-11-17T04:31:15.900000Z</time>
        <extensions>
          <gpxtpx:TrackPointExtension>
            <gpxtpx:hr>105</gpxtpx:hr>
          </gpxtpx:TrackPointExtension>
        </extensions>
      </trkpt>
      <trkpt lat="34.212355702643045" lon="108.83413690160664">
        <ele>403.80137982126325</ele>
        <time>2025-11-17T04:31:16.900000Z</time>
        <extensions>
          <gpxtpx:TrackPointExtension>
            <gpxtpx:hr>105</gpxtpx:hr>
          </gpxtpx:TrackPointExtension>
        </extensions>
      </trkpt>
      <trkpt lat="34.212356563811845" lon="108.834151965535">
        <ele>403.87971213739365</ele>
        <time>2025-11-17T04:31:17.900000Z</time>
        <extensions>
          <gpxtpx:TrackPointExtension>
            <gpxtpx:hr>105</gpxtpx:hr>
          </gpxtpx:TrackPointExtension>
        </extensions>
      </trkpt>
      <trkpt lat="34.2123574578554" lon="108.8341667724864">
        <ele>403.9780036928132</ele>
        <time>2025-11-17T04:31:18.900000Z</time>
        <extensions>
          <gpxtpx:TrackPointExtension>
            <gpxtpx:hr>107</gpxtpx:hr>
          </gpxtpx:TrackPointExtension>
        </extensions>
      </trkpt>
      <trkpt lat="34.21235781303124" lon="108.83418101236981">
        <ele>404.08655228838325</ele>
        <time>2025-11-17T04:31:19.900000Z</time>
        <extensions>
          <gpxtpx:TrackPointExtension>
            <gpxtpx:hr>107</gpxtpx:hr>
          </gpxtpx:TrackPointExtension>
        </extensions>
      </trkpt>
      <trkpt lat="34.212357291490434" lon="108.83419475655917">
        <ele>404.179903161712</ele>
        <time>2025-11-17T04:31:20.900000Z</time>
        <extensions>
          <gpxtpx:TrackPointExtension>
            <gpxtpx:hr>107</gpxtpx:hr>
          </gpxtpx:TrackPointExtension>
        </extensions>
      </trkpt>
      <trkpt lat="34.21235571481573" lon="108.8342084167784">
        <ele>404.26996340602636</ele>
        <time>2025-11-17T04:31:21.900000Z</time>
        <extensions>
          <gpxtpx:TrackPointExtension>
            <gpxtpx:hr>107</gpxtpx:hr>
          </gpxtpx:TrackPointExtension>
        </extensions>
      </trkpt>
      <trkpt lat="34.21235307345152" lon="108.83422199720546">
        <ele>404.35509620793164</ele>
        <time>2025-11-17T04:31:22.900000Z</time>
        <extensions>
          <gpxtpx:TrackPointExtension>
            <gpxtpx:hr>106</gpxtpx:hr>
          </gpxtpx:TrackPointExtension>
        </extensions>
      </trkpt>
      <trkpt lat="34.21234976992443" lon="108.83423584535456">
        <ele>404.463787865825</ele>
        <time>2025-11-17T04:31:23.900000Z</time>
        <extensions>
          <gpxtpx:TrackPointExtension>
            <gpxtpx:hr>106</gpxtpx:hr>
          </gpxtpx:TrackPointExtension>
        </extensions>
      </trkpt>
      <trkpt lat="34.21234616452104" lon="108.83425087903746">
        <ele>404.56812262535095</ele>
        <time>2025-11-17T04:31:24.900000Z</time>
        <extensions>
          <gpxtpx:TrackPointExtension>
            <gpxtpx:hr>106</gpxtpx:hr>
          </gpxtpx:TrackPointExtension>
        </extensions>
      </trkpt>
      <trkpt lat="34.21234230745212" lon="108.83426708486114">
        <ele>404.67651564255357</ele>
        <time>2025-11-17T04:31:25.900000Z</time>
        <extensions>
          <gpxtpx:TrackPointExtension>
            <gpxtpx:hr>106</gpxtpx:hr>
          </gpxtpx:TrackPointExtension>
        </extensions>
      </trkpt>
      <trkpt lat="34.212338327373025" lon="108.8342837175856">
        <ele>404.7827877290547</ele>
        <time>2025-11-17T04:31:26.900000Z</time>
        <extensions>
          <gpxtpx:TrackPointExtension>
            <gpxtpx:hr>106</gpxtpx:hr>
          </gpxtpx:TrackPointExtension>
        </extensions>
      </trkpt>
      <trkpt lat="34.2123344477274" lon="108.8343003947922">
        <ele>404.89566099178046</ele>
        <time>2025-11-17T04:31:27.900000Z</time>
        <extensions>
          <gpxtpx:TrackPointExtension>
            <gpxtpx:hr>105</gpxtpx:hr>
          </gpxtpx:TrackPointExtension>
        </extensions>
      </trkpt>
      <trkpt lat="34.212330729666846" lon="108.83431754948803">
        <ele>405.0061639500782</ele>
        <time>2025-11-17T04:31:28.900000Z</time>
        <extensions>
          <gpxtpx:TrackPointExtension>
            <gpxtpx:hr>105</gpxtpx:hr>
          </gpxtpx:TrackPointExtension>
        </extensions>
      </trkpt>
      <trkpt lat="34.21232718800634" lon="108.83433554869589">
        <ele>405.11129946261644</ele>
        <time>2025-11-17T04:31:29.900000Z</time>
        <extensions>
          <gpxtpx:TrackPointExtension>
            <gpxtpx:hr>105</gpxtpx:hr>
          </gpxtpx:TrackPointExtension>
        </extensions>
      </trkpt>
      <trkpt lat="34.21232411640821" lon="108.83435378498585">
        <ele>405.216488619335</ele>
        <time>2025-11-17T04:31:30.900000Z</time>
        <extensions>
          <gpxtpx:TrackPointExtension>
            <gpxtpx:hr>105</gpxtpx:hr>
          </gpxtpx:TrackPointExtension>
        </extensions>
      </trkpt>
      <trkpt lat="34.21232126760184" lon="108.83437197115435">
        <ele>405.3252840908244</ele>
        <time>2025-11-17T04:31:31.900000Z</time>
        <extensions>
          <gpxtpx:TrackPointExtension>
            <gpxtpx:hr>105</gpxtpx:hr>
          </gpxtpx:TrackPointExtension>
        </extensions>
      </trkpt>
      <trkpt lat="34.212318486412265" lon="108.83439083353565">
        <ele>405.43663463834673</ele>
        <time>2025-11-17T04:31:32.900000Z</time>
        <extensions>
          <gpxtpx:TrackPointExtension>
            <gpxtpx:hr>106</gpxtpx:hr>
          </gpxtpx:TrackPointExtension>
        </extensions>
      </trkpt>
      <trkpt lat="34.21231592714106" lon="108.83441059108952">
        <ele>405.5442752558738</ele>
        <time>2025-11-17T04:31:33.900000Z</time>
        <extensions>
          <gpxtpx:TrackPointExtension>
            <gpxtpx:hr>106</gpxtpx:hr>
          </gpxtpx:TrackPointExtension>
        </extensions>
      </trkpt>
      <trkpt lat="34.21231354799096" lon="108.83443050087547">
        <ele>405.6424288637936</ele>
        <time>2025-11-17T04:31:34.900000Z</time>
        <extensions>
          <gpxtpx:TrackPointExtension>
            <gpxtpx:hr>106</gpxtpx:hr>
          </gpxtpx:TrackPointExtension>
        </extensions>
      </trkpt>
      <trkpt lat="34.21231092443888" lon="108.83445058333389">
        <ele>405.7411577058956</ele>
        <time>2025-11-17T04:31:35.900000Z</time>
        <extensions>
          <gpxtpx:TrackPointExtension>
            <gpxtpx:hr>106</gpxtpx:hr>
          </gpxtpx:TrackPointExtension>
        </extensions>
      </trkpt>
      <trkpt lat="34.21230796280757" lon="108.83447130849076">
        <ele>405.8603272456676</ele>
        <time>2025-11-17T04:31:36.900000Z</time>
        <extensions>
          <gpxtpx:TrackPointExtension>
            <gpxtpx:hr>106</gpxtpx:hr>
          </gpxtpx:TrackPointExtension>
        </extensions>
      </trkpt>
      <trkpt lat="34.21230534552871" lon="108.8344912118652">
        <ele>405.9716079495847</ele>
        <time>2025-11-17T04:31:37.900000Z</time>
        <extensions>
          <gpxtpx:TrackPointExtension>
            <gpxtpx:hr>106</gpxtpx:hr>
          </gpxtpx:TrackPointExtension>
        </extensions>
      </trkpt>
      <trkpt lat="34.212302960272595" lon="108.83450961772745">
        <ele>406.06125933583826</ele>
        <time>2025-11-17T04:31:38.900000Z</time>
        <extensions>
          <gpxtpx:TrackPointExtension>
            <gpxtpx:hr>105</gpxtpx:hr>
          </gpxtpx:TrackPointExtension>
        </extensions>
      </trkpt>
      <trkpt lat="34.2123007126774" lon="108.83452743799248">
        <ele>406.1307511664927</ele>
        <time>2025-11-17T04:31:39.900000Z</time>
        <extensions>
          <gpxtpx:TrackPointExtension>
            <gpxtpx:hr>105</gpxtpx:hr>
          </gpxtpx:TrackPointExtension>
        </extensions>
      </trkpt>
      <trkpt lat="34.212298938808104" lon="108.83454484520414">
        <ele>406.1877272417769</ele>
        <time>2025-11-17T04:31:40.900000Z</time>
        <extensions>
          <gpxtpx:TrackPointExtension>
            <gpxtpx:hr>105</gpxtpx:hr>
          </gpxtpx:TrackPointExtension>
        </extensions>
      </trkpt>
      <trkpt lat="34.212297465449204" lon="108.83456195359727">
        <ele>406.26589102856815</ele>
        <time>2025-11-17T04:31:41.900000Z</time>
        <extensions>
          <gpxtpx:TrackPointExtension>
            <gpxtpx:hr>105</gpxtpx:hr>
          </gpxtpx:TrackPointExtension>
        </extensions>
      </trkpt>
      <trkpt lat="34.21229580543473" lon="108.83457876126988">
        <ele>406.33705553784966</ele>
        <time>2025-11-17T04:31:42.900000Z</time>
        <extensions>
          <gpxtpx:TrackPointExtension>
            <gpxtpx:hr>105</gpxtpx:hr>
          </gpxtpx:TrackPointExtension>
        </extensions>
      </trkpt>
      <trkpt lat="34.21229405827001" lon="108.83459527009141">
        <ele>406.39723757561296</ele>
        <time>2025-11-17T04:31:43.900000Z</time>
        <extensions>
          <gpxtpx:TrackPointExtension>
            <gpxtpx:hr>105</gpxtpx:hr>
          </gpxtpx:TrackPointExtension>
        </extensions>
      </trkpt>
      <trkpt lat="34.21229233164066" lon="108.83461132495273">
        <ele>406.4421277521178</ele>
        <time>2025-11-17T04:31:44.900000Z</time>
        <extensions>
          <gpxtpx:TrackPointExtension>
            <gpxtpx:hr>104</gpxtpx:hr>
          </gpxtpx:TrackPointExtension>
        </extensions>
      </trkpt>
      <trkpt lat="34.2122906739114" lon="108.83462715597562">
        <ele>406.4684271328151</ele>
        <time>2025-11-17T04:31:45.900000Z</time>
        <extensions>
          <gpxtpx:TrackPointExtension>
            <gpxtpx:hr>104</gpxtpx:hr>
          </gpxtpx:TrackPointExtension>
        </extensions>
      </trkpt>
      <trkpt lat="34.212289401850114" lon="108.83464288081613">
        <ele>406.4726456068456</ele>
        <time>2025-11-17T04:31:46.900000Z</time>
        <extensions>
          <gpxtpx:TrackPointExtension>
            <gpxtpx:hr>104</gpxtpx:hr>
          </gpxtpx:TrackPointExtension>
        </extensions>
      </trkpt>
      <trkpt lat="34.21228826800733" lon="108.83465833402545">
        <ele>406.45729426294565</ele>
        <time>2025-11-17T04:31:47.900000Z</time>
        <extensions>
          <gpxtpx:TrackPointExtension>
            <gpxtpx:hr>104</gpxtpx:hr>
          </gpxtpx:TrackPointExtension>
        </extensions>
      </trkpt>
      <trkpt lat="34.21228737078822" lon="108.83467325792064">
        <ele>406.4192008273676</ele>
        <time>2025-11-17T04:31:48.900000Z</time>
        <extensions>
          <gpxtpx:TrackPointExtension>
            <gpxtpx:hr>104</gpxtpx:hr>
          </gpxtpx:TrackPointExtension>
        </extensions>
      </trkpt>
      <trkpt lat="34.21228685695219" lon="108.83468704327878">
        <ele>406.3584973961115</ele>
        <time>2025-11-17T04:31:49.900000Z</time>
        <extensions>
          <gpxtpx:TrackPointExtension>
            <gpxtpx:hr>104</gpxtpx:hr>
          </gpxtpx:TrackPointExtension>
        </extensions>
      </trkpt>
      <trkpt lat="34.21228659476659" lon="108.83469881740352">
        <ele>406.29046163428575</ele>
        <time>2025-11-17T04:31:50.900000Z</time>
        <extensions>
          <gpxtpx:TrackPointExtension>
            <gpxtpx:hr>104</gpxtpx:hr>
          </gpxtpx:TrackPointExtension>
        </extensions>
      </trkpt>
      <trkpt lat="34.21228676940308" lon="108.8347085238858">
        <ele>406.188905374147</ele>
        <time>2025-11-17T04:31:51.900000Z</time>
        <extensions>
          <gpxtpx:TrackPointExtension>
            <gpxtpx:hr>104</gpxtpx:hr>
          </gpxtpx:TrackPointExtension>
        </extensions>
      </trkpt>
      <trkpt lat="34.212287416376256" lon="108.8347173524194">
        <ele>406.0696975439787</ele>
        <time>2025-11-17T04:31:52.900000Z</time>
        <extensions>
          <gpxtpx:TrackPointExtension>
            <gpxtpx:hr>104</gpxtpx:hr>
          </gpxtpx:TrackPointExtension>
        </extensions>
      </trkpt>
      <trkpt lat="34.21228847935508" lon="108.83472642649673">
        <ele>405.93440706748515</ele>
        <time>2025-11-17T04:31:53.900000Z</time>
        <extensions>
          <gpxtpx:TrackPointExtension>
            <gpxtpx:hr>104</gpxtpx:hr>
          </gpxtpx:TrackPointExtension>
        </extensions>
      </trkpt>
      <trkpt lat="34.2122898949231" lon="108.83473641219558">
        <ele>405.78309614025056</ele>
        <time>2025-11-17T04:31:54.900000Z</time>
        <extensions>
          <gpxtpx:TrackPointExtension>
            <gpxtpx:hr>104</gpxtpx:hr>
          </gpxtpx:TrackPointExtension>
        </extensions>
      </trkpt>
      <trkpt lat="34.212291356032" lon="108.83474748303584">
        <ele>405.5730176800862</ele>
        <time>2025-11-17T04:31:55.900000Z</time>
        <extensions>
          <gpxtpx:TrackPointExtension>
            <gpxtpx:hr>104</gpxtpx:hr>
          </gpxtpx:TrackPointExtension>
        </extensions>
      </trkpt>
      <trkpt lat="34.21229289133637" lon="108.83475994045706">
        <ele>405.34998355433345</ele>
        <time>2025-11-17T04:31:56.900000Z</time>
        <extensions>
          <gpxtpx:TrackPointExtension>
            <gpxtpx:hr>104</gpxtpx:hr>
          </gpxtpx:TrackPointExtension>
        </extensions>
      </trkpt>
      <trkpt lat="34.21229488074598" lon="108.83477411502754">
        <ele>405.12872824445367</ele>
        <time>2025-11-17T04:31:57.900000Z</time>
        <extensions>
          <gpxtpx:TrackPointExtension>
            <gpxtpx:hr>104</gpxtpx:hr>
          </gpxtpx:TrackPointExtension>
        </extensions>
      </trkpt>
      <trkpt lat="34.212297311070444" lon="108.83478967385842">
        <ele>404.9066513022408</ele>
        <time>2025-11-17T04:31:58.900000Z</time>
        <extensions>
          <gpxtpx:TrackPointExtension>
            <gpxtpx:hr>104</gpxtpx:hr>
          </gpxtpx:TrackPointExtension>
        </extensions>
      </trkpt>
      <trkpt lat="34.21229947982049" lon="108.83480572210253">
        <ele>404.6821369305253</ele>
        <time>2025-11-17T04:31:59.900000Z</time>
        <extensions>
          <gpxtpx:TrackPointExtension>
            <gpxtpx:hr>104</gpxtpx:hr>
          </gpxtpx:TrackPointExtension>
        </extensions>
      </trkpt>
      <trkpt lat="34.21230099505619" lon="108.83482167778644">
        <ele>404.4578813686967</ele>
        <time>2025-11-17T04:32:00.900000Z</time>
        <extensions>
          <gpxtpx:TrackPointExtension>
            <gpxtpx:hr>104</gpxtpx:hr>
          </gpxtpx:TrackPointExtension>
        </extensions>
      </trkpt>
      <trkpt lat="34.21230197508639" lon="108.83483674275094">
        <ele>404.24044326879084</ele>
        <time>2025-11-17T04:32:01.900000Z</time>
        <extensions>
          <gpxtpx:TrackPointExtension>
            <gpxtpx:hr>104</gpxtpx:hr>
          </gpxtpx:TrackPointExtension>
        </extensions>
      </trkpt>
      <trkpt lat="34.21230249458904" lon="108.83485010165107">
        <ele>404.0188375264406</ele>
        <time>2025-11-17T04:32:02.900000Z</time>
        <extensions>
          <gpxtpx:TrackPointExtension>
            <gpxtpx:hr>104</gpxtpx:hr>
          </gpxtpx:TrackPointExtension>
        </extensions>
      </trkpt>
      <trkpt lat="34.21230283097529" lon="108.83486167450447">
        <ele>403.79982421174645</ele>
        <time>2025-11-17T04:32:03.900000Z</time>
        <extensions>
          <gpxtpx:TrackPointExtension>
            <gpxtpx:hr>104</gpxtpx:hr>
          </gpxtpx:TrackPointExtension>
        </extensions>
      </trkpt>
      <trkpt lat="34.21230307663537" lon="108.83487114318761">
        <ele>403.59602125454694</ele>
        <time>2025-11-17T04:32:04.900000Z</time>
        <extensions>
          <gpxtpx:TrackPointExtension>
            <gpxtpx:hr>104</gpxtpx:hr>
          </gpxtpx:TrackPointExtension>
        </extensions>
      </trkpt>
      <trkpt lat="34.21230326756844" lon="108.83487940068805">
        <ele>403.40697096381336</ele>
        <time>2025-11-17T04:32:05.900000Z</time>
        <extensions>
          <gpxtpx:TrackPointExtension>
            <gpxtpx:hr>104</gpxtpx:hr>
          </gpxtpx:TrackPointExtension>
        </extensions>
      </trkpt>
      <trkpt lat="34.212303574320124" lon="108.8348875553027">
        <ele>403.244024139829</ele>
        <time>2025-11-17T04:32:06.900000Z</time>
        <extensions>
          <gpxtpx:TrackPointExtension>
            <gpxtpx:hr>104</gpxtpx:hr>
          </gpxtpx:TrackPointExtension>
        </extensions>
      </trkpt>
      <trkpt lat="34.21230441046503" lon="108.83489754524962">
        <ele>403.12953086942434</ele>
        <time>2025-11-17T04:32:07.900000Z</time>
        <extensions>
          <gpxtpx:TrackPointExtension>
            <gpxtpx:hr>104</gpxtpx:hr>
          </gpxtpx:TrackPointExtension>
        </extensions>
      </trkpt>
      <trkpt lat="34.21230596337934" lon="108.83491058286555">
        <ele>403.06184748280793</ele>
        <time>2025-11-17T04:32:08.900000Z</time>
        <extensions>
          <gpxtpx:TrackPointExtension>
            <gpxtpx:hr>104</gpxtpx:hr>
          </gpxtpx:TrackPointExtension>
        </extensions>
      </trkpt>
      <trkpt lat="34.21230791414673" lon="108.83492543035717">
        <ele>403.05536975804716</ele>
        <time>2025-11-17T04:32:09.900000Z</time>
        <extensions>
          <gpxtpx:TrackPointExtension>
            <gpxtpx:hr>104</gpxtpx:hr>
          </gpxtpx:TrackPointExtension>
        </extensions>
      </trkpt>
      <trkpt lat="34.212309800775145" lon="108.83494087957887">
        <ele>403.0867869099602</ele>
        <time>2025-11-17T04:32:10.900000Z</time>
        <extensions>
          <gpxtpx:TrackPointExtension>
            <gpxtpx:hr>104</gpxtpx:hr>
          </gpxtpx:TrackPointExtension>
        </extensions>
      </trkpt>
      <trkpt lat="34.21231084996444" lon="108.83495618374727">
        <ele>403.18226178828627</ele>
        <time>2025-11-17T04:32:11.900000Z</time>
        <extensions>
          <gpxtpx:TrackPointExtension>
            <gpxtpx:hr>104</gpxtpx:hr>
          </gpxtpx:TrackPointExtension>
        </extensions>
      </trkpt>
      <trkpt lat="34.21231049770603" lon="108.8349717127232">
        <ele>403.3112752251327</ele>
        <time>2025-11-17T04:32:12.900000Z</time>
        <extensions>
          <gpxtpx:TrackPointExtension>
            <gpxtpx:hr>105</gpxtpx:hr>
          </gpxtpx:TrackPointExtension>
        </extensions>
      </trkpt>
      <trkpt lat="34.212308978219504" lon="108.83498767822641">
        <ele>403.4725971883163</ele>
        <time>2025-11-17T04:32:13.900000Z</time>
        <extensions>
          <gpxtpx:TrackPointExtension>
            <gpxtpx:hr>105</gpxtpx:hr>
          </gpxtpx:TrackPointExtension>
        </extensions>
      </trkpt>
      <trkpt lat="34.212307002876315" lon="108.83500371624594">
        <ele>403.66520236618817</ele>
        <time>2025-11-17T04:32:14.900000Z</time>
        <extensions>
          <gpxtpx:TrackPointExtension>
            <gpxtpx:hr>105</gpxtpx:hr>
          </gpxtpx:TrackPointExtension>
        </extensions>
      </trkpt>
      <trkpt lat="34.21230370872287" lon="108.83502078799364">
        <ele>403.90115619264543</ele>
        <time>2025-11-17T04:32:15.900000Z</time>
        <extensions>
          <gpxtpx:TrackPointExtension>
            <gpxtpx:hr>105</gpxtpx:hr>
          </gpxtpx:TrackPointExtension>
        </extensions>
      </trkpt>
      <trkpt lat="34.21229812145447" lon="108.83503949076028">
        <ele>404.17390031553805</ele>
        <time>2025-11-17T04:32:16.900000Z</time>
        <extensions>
          <gpxtpx:TrackPointExtension>
            <gpxtpx:hr>106</gpxtpx:hr>
          </gpxtpx:TrackPointExtension>
        </extensions>
      </trkpt>
      <trkpt lat="34.212291047467616" lon="108.83505842360833">
        <ele>404.4755877191201</ele>
        <time>2025-11-17T04:32:17.900000Z</time>
        <extensions>
          <gpxtpx:TrackPointExtension>
            <gpxtpx:hr>106</gpxtpx:hr>
          </gpxtpx:TrackPointExtension>
        </extensions>
      </trkpt>
      <trkpt lat="34.21228363179958" lon="108.8350749074476">
        <ele>404.7770909592509</ele>
        <time>2025-11-17T04:32:18.900000Z</time>
        <extensions>
          <gpxtpx:TrackPointExtension>
            <gpxtpx:hr>106</gpxtpx:hr>
          </gpxtpx:TrackPointExtension>
        </extensions>
      </trkpt>
      <trkpt lat="34.21227481141362" lon="108.83509028341985">
        <ele>405.094859902747</ele>
        <time>2025-11-17T04:32:19.900000Z</time>
        <extensions>
          <gpxtpx:TrackPointExtension>
            <gpxtpx:hr>106</gpxtpx:hr>
          </gpxtpx:TrackPointExtension>
        </extensions>
      </trkpt>
      <trkpt lat="34.212264617333496" lon="108.83510621231117">
        <ele>405.40631298255175</ele>
        <time>2025-11-17T04:32:20.900000Z</time>
        <extensions>
          <gpxtpx:TrackPointExtension>
            <gpxtpx:hr>106</gpxtpx:hr>
          </gpxtpx:TrackPointExtension>
        </extensions>
      </trkpt>
      <trkpt lat="34.212254088403" lon="108.8351217908703">
        <ele>405.7218248555437</ele>
        <time>2025-11-17T04:32:21.900000Z</time>
        <extensions>
          <gpxtpx:TrackPointExtension>
            <gpxtpx:hr>106</gpxtpx:hr>
          </gpxtpx:TrackPointExtension>
        </extensions>
      </trkpt>
      <trkpt lat="34.212243254017245" lon="108.8351373766062">
        <ele>406.04295746516436</ele>
        <time>2025-11-17T04:32:22.900000Z</time>
        <extensions>
          <gpxtpx:TrackPointExtension>
            <gpxtpx:hr>108</gpxtpx:hr>
          </gpxtpx:TrackPointExtension>
        </extensions>
      </trkpt>
      <trkpt lat="34.21223271363305" lon="108.8351527294097">
        <ele>406.34189604315907</ele>
        <time>2025-11-17T04:32:23.900000Z</time>
        <extensions>
          <gpxtpx:TrackPointExtension>
            <gpxtpx:hr>108</gpxtpx:hr>
          </gpxtpx:TrackPointExtension>
        </extensions>
      </trkpt>
      <trkpt lat="34.212222496368504" lon="108.83516816400345">
        <ele>406.6138762263581</ele>
        <time>2025-11-17T04:32:24.900000Z</time>
        <extensions>
          <gpxtpx:TrackPointExtension>
            <gpxtpx:hr>108</gpxtpx:hr>
          </gpxtpx:TrackPointExtension>
        </extensions>
      </trkpt>
      <trkpt lat="34.212212724667026" lon="108.83518377343712">
        <ele>406.8672977127135</ele>
        <time>2025-11-17T04:32:25.900000Z</time>
        <extensions>
          <gpxtpx:TrackPointExtension>
            <gpxtpx:hr>108</gpxtpx:hr>
          </gpxtpx:TrackPointExtension>
        </extensions>
      </trkpt>
      <trkpt lat="34.21220317318674" lon="108.83519970479384">
        <ele>407.11014169827104</ele>
        <time>2025-11-17T04:32:26.900000Z</time>
        <extensions>
          <gpxtpx:TrackPointExtension>
            <gpxtpx:hr>108</gpxtpx:hr>
          </gpxtpx:TrackPointExtension>
        </extensions>
      </trkpt>
      <trkpt lat="34.212193990119005" lon="108.83521572610911">
        <ele>407.3179345950484</ele>
        <time>2025-11-17T04:32:27.900000Z</time>
        <extensions>
          <gpxtpx:TrackPointExtension>
            <gpxtpx:hr>108</gpxtpx:hr>
          </gpxtpx:TrackPointExtension>
        </extensions>
      </trkpt>
      <trkpt lat="34.21218577344712" lon="108.83523128575655">
        <ele>407.51490744110197</ele>
        <time>2025-11-17T04:32:28.900000Z</time>
        <extensions>
          <gpxtpx:TrackPointExtension>
            <gpxtpx:hr>107</gpxtpx:hr>
          </gpxtpx:TrackPointExtension>
        </extensions>
      </trkpt>
      <trkpt lat="34.21217882004291" lon="108.83524621689727">
        <ele>407.6800758363679</ele>
        <time>2025-11-17T04:32:29.900000Z</time>
        <extensions>
          <gpxtpx:TrackPointExtension>
            <gpxtpx:hr>107</gpxtpx:hr>
          </gpxtpx:TrackPointExtension>
        </extensions>
      </trkpt>
      <trkpt lat="34.21217224254676" lon="108.83526128300387">
        <ele>407.83342793304473</ele>
        <time>2025-11-17T04:32:30.900000Z</time>
        <extensions>
          <gpxtpx:TrackPointExtension>
            <gpxtpx:hr>107</gpxtpx:hr>
          </gpxtpx:TrackPointExtension>
        </extensions>
      </trkpt>
      <trkpt lat="34.21216572412051" lon="108.83527649223568">
        <ele>407.97392829321325</ele>
        <time>2025-11-17T04:32:31.900000Z</time>
        <extensions>
          <gpxtpx:TrackPointExtension>
            <gpxtpx:hr>107</gpxtpx:hr>
          </gpxtpx:TrackPointExtension>
        </extensions>
      </trkpt>
      <trkpt lat="34.212159234050034" lon="108.83529126496381">
        <ele>408.08977952226996</ele>
        <time>2025-11-17T04:32:32.900000Z</time>
        <extensions>
          <gpxtpx:TrackPointExtension>
            <gpxtpx:hr>107</gpxtpx:hr>
          </gpxtpx:TrackPointExtension>
        </extensions>
      </trkpt>
      <trkpt lat="34.2121527108881" lon="108.83530502073982">
        <ele>408.17817719932646</ele>
        <time>2025-11-17T04:32:33.900000Z</time>
        <extensions>
          <gpxtpx:TrackPointExtension>
            <gpxtpx:hr>107</gpxtpx:hr>
          </gpxtpx:TrackPointExtension>
        </extensions>
      </trkpt>
      <trkpt lat="34.21214579575385" lon="108.83531807904241">
        <ele>408.2412619497627</ele>
        <time>2025-11-17T04:32:34.900000Z</time>
        <extensions>
          <gpxtpx:TrackPointExtension>
            <gpxtpx:hr>106</gpxtpx:hr>
          </gpxtpx:TrackPointExtension>
        </extensions>
      </trkpt>
      <trkpt lat="34.212138433358646" lon="108.83533076824409">
        <ele>408.29361801128834</ele>
        <time>2025-11-17T04:32:35.900000Z</time>
        <extensions>
          <gpxtpx:TrackPointExtension>
            <gpxtpx:hr>106</gpxtpx:hr>
          </gpxtpx:TrackPointExtension>
        </extensions>
      </trkpt>
      <trkpt lat="34.2121311483191" lon="108.83534293780382">
        <ele>408.30426062457263</ele>
        <time>2025-11-17T04:32:36.900000Z</time>
        <extensions>
          <gpxtpx:TrackPointExtension>
            <gpxtpx:hr>106</gpxtpx:hr>
          </gpxtpx:TrackPointExtension>
        </extensions>
      </trkpt>
      <trkpt lat="34.2121240115235" lon="108.83535487579684">
        <ele>408.28970569744706</ele>
        <time>2025-11-17T04:32:37.900000Z</time>
        <extensions>
          <gpxtpx:TrackPointExtension>
            <gpxtpx:hr>106</gpxtpx:hr>
          </gpxtpx:TrackPointExtension>
        </extensions>
      </trkpt>
      <trkpt lat="34.2121168879176" lon="108.83536664332466">
        <ele>408.2349961893633</ele>
        <time>2025-11-17T04:32:38.900000Z</time>
        <extensions>
          <gpxtpx:TrackPointExtension>
            <gpxtpx:hr>106</gpxtpx:hr>
          </gpxtpx:TrackPointExtension>
        </extensions>
      </trkpt>
      <trkpt lat="34.2121099060452" lon="108.83537845524374">
        <ele>408.15909114293754</ele>
        <time>2025-11-17T04:32:39.900000Z</time>
        <extensions>
          <gpxtpx:TrackPointExtension>
            <gpxtpx:hr>106</gpxtpx:hr>
          </gpxtpx:TrackPointExtension>
        </extensions>
      </trkpt>
      <trkpt lat="34.21210330553449" lon="108.83539046593528">
        <ele>408.057624835521</ele>
        <time>2025-11-17T04:32:40.900000Z</time>
        <extensions>
          <gpxtpx:TrackPointExtension>
            <gpxtpx:hr>106</gpxtpx:hr>
          </gpxtpx:TrackPointExtension>
        </extensions>
      </trkpt>
      <trkpt lat="34.21209725098428" lon="108.83540237360212">
        <ele>407.9299311740324</ele>
        <time>2025-11-17T04:32:41.900000Z</time>
        <extensions>
          <gpxtpx:TrackPointExtension>
            <gpxtpx:hr>107</gpxtpx:hr>
          </gpxtpx:TrackPointExtension>
        </extensions>
      </trkpt>
      <trkpt lat="34.21209180499418" lon="108.83541337898414">
        <ele>407.78149219136685</ele>
        <time>2025-11-17T04:32:42.900000Z</time>
        <extensions>
          <gpxtpx:TrackPointExtension>
            <gpxtpx:hr>107</gpxtpx:hr>
          </gpxtpx:TrackPointExtension>
        </extensions>
      </trkpt>
      <trkpt lat="34.21208652987509" lon="108.83542348712993">
        <ele>407.6281991712749</ele>
        <time>2025-11-17T04:32:43.900000Z</time>
        <extensions>
          <gpxtpx:TrackPointExtension>
            <gpxtpx:hr>107</gpxtpx:hr>
          </gpxtpx:TrackPointExtension>
        </extensions>
      </trkpt>
      <trkpt lat="34.212081252393816" lon="108.83543343213451">
        <ele>407.4841077718884</ele>
        <time>2025-11-17T04:32:44.900000Z</time>
        <extensions>
          <gpxtpx:TrackPointExtension>
            <gpxtpx:hr>107</gpxtpx:hr>
          </gpxtpx:TrackPointExtension>
        </extensions>
      </trkpt>
      <trkpt lat="34.21207620122729" lon="108.83544309929488">
        <ele>407.3137900978327</ele>
        <time>2025-11-17T04:32:45.900000Z</time>
        <extensions>
          <gpxtpx:TrackPointExtension>
            <gpxtpx:hr>105</gpxtpx:hr>
          </gpxtpx:TrackPointExtension>
        </extensions>
      </trkpt>
      <trkpt lat="34.212070948469034" lon="108.83545277253776">
        <ele>407.1433704541996</ele>
        <time>2025-11-17T04:32:46.900000Z</time>
        <extensions>
          <gpxtpx:TrackPointExtension>
            <gpxtpx:hr>105</gpxtpx:hr>
          </gpxtpx:TrackPointExtension>
        </extensions>
      </trkpt>
      <trkpt lat="34.21206512290266" lon="108.83546300355208">
        <ele>406.96692489646375</ele>
        <time>2025-11-17T04:32:47.900000Z</time>
        <extensions>
          <gpxtpx:TrackPointExtension>
            <gpxtpx:hr>105</gpxtpx:hr>
          </gpxtpx:TrackPointExtension>
        </extensions>
      </trkpt>
      <trkpt lat="34.212058898867966" lon="108.83547370636904">
        <ele>406.7985682114959</ele>
        <time>2025-11-17T04:32:48.900000Z</time>
        <extensions>
          <gpxtpx:TrackPointExtension>
            <gpxtpx:hr>105</gpxtpx:hr>
          </gpxtpx:TrackPointExtension>
        </extensions>
      </trkpt>
      <trkpt lat="34.21205228044351" lon="108.83548498039754">
        <ele>406.6532040918246</ele>
        <time>2025-11-17T04:32:49.900000Z</time>
        <extensions>
          <gpxtpx:TrackPointExtension>
            <gpxtpx:hr>105</gpxtpx:hr>
          </gpxtpx:TrackPointExtension>
        </extensions>
      </trkpt>
      <trkpt lat="34.212045346631896" lon="108.83549712497233">
        <ele>406.4942792300135</ele>
        <time>2025-11-17T04:32:50.900000Z</time>
        <extensions>
          <gpxtpx:TrackPointExtension>
            <gpxtpx:hr>105</gpxtpx:hr>
          </gpxtpx:TrackPointExtension>
        </extensions>
      </trkpt>
      <trkpt lat="34.212037992238315" lon="108.83551054772343">
        <ele>406.3252422846854</ele>
        <time>2025-11-17T04:32:51.900000Z</time>
        <extensions>
          <gpxtpx:TrackPointExtension>
            <gpxtpx:hr>105</gpxtpx:hr>
          </gpxtpx:TrackPointExtension>
        </extensions>
      </trkpt>
      <trkpt lat="34.21203008270713" lon="108.8355252876724">
        <ele>406.17835493106395</ele>
        <time>2025-11-17T04:32:52.900000Z</time>
        <extensions>
          <gpxtpx:TrackPointExtension>
            <gpxtpx:hr>106</gpxtpx:hr>
          </gpxtpx:TrackPointExtension>
        </extensions>
      </trkpt>
      <trkpt lat="34.21202195158053" lon="108.83554100529933">
        <ele>406.0305774845183</ele>
        <time>2025-11-17T04:32:53.900000Z</time>
        <extensions>
          <gpxtpx:TrackPointExtension>
            <gpxtpx:hr>106</gpxtpx:hr>
          </gpxtpx:TrackPointExtension>
        </extensions>
      </trkpt>
      <trkpt lat="34.21201409004079" lon="108.83555669093185">
        <ele>405.8858448676765</ele>
        <time>2025-11-17T04:32:54.900000Z</time>
        <extensions>
          <gpxtpx:TrackPointExtension>
            <gpxtpx:hr>106</gpxtpx:hr>
          </gpxtpx:TrackPointExtension>
        </extensions>
      </trkpt>
      <trkpt lat="34.21200622053523" lon="108.83557187509085">
        <ele>405.74834088329226</ele>
        <time>2025-11-17T04:32:55.900000Z</time>
        <extensions>
          <gpxtpx:TrackPointExtension>
            <gpxtpx:hr>106</gpxtpx:hr>
          </gpxtpx:TrackPointExtension>
        </extensions>
      </trkpt>
      <trkpt lat="34.21199794917171" lon="108.83558668175958">
        <ele>405.62473384384066</ele>
        <time>2025-11-17T04:32:56.900000Z</time>
        <extensions>
          <gpxtpx:TrackPointExtension>
            <gpxtpx:hr>106</gpxtpx:hr>
          </gpxtpx:TrackPointExtension>
        </extensions>
      </trkpt>
      <trkpt lat="34.211989424927204" lon="108.83560123144618">
        <ele>405.50516887940466</ele>
        <time>2025-11-17T04:32:57.900000Z</time>
        <extensions>
          <gpxtpx:TrackPointExtension>
            <gpxtpx:hr>106</gpxtpx:hr>
          </gpxtpx:TrackPointExtension>
        </extensions>
      </trkpt>
      <trkpt lat="34.211980856349825" lon="108.83561573964454">
        <ele>405.3844119152054</ele>
        <time>2025-11-17T04:32:58.900000Z</time>
        <extensions>
          <gpxtpx:TrackPointExtension>
            <gpxtpx:hr>105</gpxtpx:hr>
          </gpxtpx:TrackPointExtension>
        </extensions>
      </trkpt>
      <trkpt lat="34.211972398880235" lon="108.83563009056179">
        <ele>405.27115420717746</ele>
        <time>2025-11-17T04:32:59.900000Z</time>
        <extensions>
          <gpxtpx:TrackPointExtension>
            <gpxtpx:hr>105</gpxtpx:hr>
          </gpxtpx:TrackPointExtension>
        </extensions>
      </trkpt>
      <trkpt lat="34.211964263371925" lon="108.83564468176641">
        <ele>405.1731434073299</ele>
        <time>2025-11-17T04:33:00.900000Z</time>
        <extensions>
          <gpxtpx:TrackPointExtension>
            <gpxtpx:hr>105</gpxtpx:hr>
          </gpxtpx:TrackPointExtension>
        </extensions>
      </trkpt>
      <trkpt lat="34.21195666164361" lon="108.83565989029962">
        <ele>405.08814283274114</ele>
        <time>2025-11-17T04:33:01.900000Z</time>
        <extensions>
          <gpxtpx:TrackPointExtension>
            <gpxtpx:hr>105</gpxtpx:hr>
          </gpxtpx:TrackPointExtension>
        </extensions>
      </trkpt>
      <trkpt lat="34.21194974482903" lon="108.83567512068866">
        <ele>405.01041486114264</ele>
        <time>2025-11-17T04:33:02.900000Z</time>
        <extensions>
          <gpxtpx:TrackPointExtension>
            <gpxtpx:hr>107</gpxtpx:hr>
          </gpxtpx:TrackPointExtension>
        </extensions>
      </trkpt>
      <trkpt lat="34.21194299321492" lon="108.83568990766143">
        <ele>404.94626921601593</ele>
        <time>2025-11-17T04:33:03.900000Z</time>
        <extensions>
          <gpxtpx:TrackPointExtension>
            <gpxtpx:hr>107</gpxtpx:hr>
          </gpxtpx:TrackPointExtension>
        </extensions>
      </trkpt>
      <trkpt lat="34.21193582602713" lon="108.83570406112824">
        <ele>404.88809580914676</ele>
        <time>2025-11-17T04:33:04.900000Z</time>
        <extensions>
          <gpxtpx:TrackPointExtension>
            <gpxtpx:hr>107</gpxtpx:hr>
          </gpxtpx:TrackPointExtension>
        </extensions>
      </trkpt>
      <trkpt lat="34.21192836588338" lon="108.83571778220323">
        <ele>404.85878625512123</ele>
        <time>2025-11-17T04:33:05.900000Z</time>
        <extensions>
          <gpxtpx:TrackPointExtension>
            <gpxtpx:hr>107</gpxtpx:hr>
          </gpxtpx:TrackPointExtension>
        </extensions>
      </trkpt>
      <trkpt lat="34.21192081528549" lon="108.83573156832067">
        <ele>404.8387685250491</ele>
        <time>2025-11-17T04:33:06.900000Z</time>
        <extensions>
          <gpxtpx:TrackPointExtension>
            <gpxtpx:hr>107</gpxtpx:hr>
          </gpxtpx:TrackPointExtension>
        </extensions>
      </trkpt>
      <trkpt lat="34.21191346360336" lon="108.83574549190426">
        <ele>404.82981530670077</ele>
        <time>2025-11-17T04:33:07.900000Z</time>
        <extensions>
          <gpxtpx:TrackPointExtension>
            <gpxtpx:hr>107</gpxtpx:hr>
          </gpxtpx:TrackPointExtension>
        </extensions>
      </trkpt>
      <trkpt lat="34.211906422570024" lon="108.83575929798624">
        <ele>404.84384006168693</ele>
        <time>2025-11-17T04:33:08.900000Z</time>
        <extensions>
          <gpxtpx:TrackPointExtension>
            <gpxtpx:hr>107</gpxtpx:hr>
          </gpxtpx:TrackPointExtension>
        </extensions>
      </trkpt>
      <trkpt lat="34.2118995550041" lon="108.83577290435468">
        <ele>404.8760430663824</ele>
        <time>2025-11-17T04:33:09.900000Z</time>
        <extensions>
          <gpxtpx:TrackPointExtension>
            <gpxtpx:hr>107</gpxtpx:hr>
          </gpxtpx:TrackPointExtension>
        </extensions>
      </trkpt>
      <trkpt lat="34.21189280194436" lon="108.83578672044477">
        <ele>404.91065932344645</ele>
        <time>2025-11-17T04:33:10.900000Z</time>
        <extensions>
          <gpxtpx:TrackPointExtension>
            <gpxtpx:hr>107</gpxtpx:hr>
          </gpxtpx:TrackPointExtension>
        </extensions>
      </trkpt>
      <trkpt lat="34.211886068225134" lon="108.8358005914587">
        <ele>404.9533949447796</ele>
        <time>2025-11-17T04:33:11.900000Z</time>
        <extensions>
          <gpxtpx:TrackPointExtension>
            <gpxtpx:hr>107</gpxtpx:hr>
          </gpxtpx:TrackPointExtension>
        </extensions>
      </trkpt>
      <trkpt lat="34.211878939885786" lon="108.83581405736543">
        <ele>405.00999976694584</ele>
        <time>2025-11-17T04:33:12.900000Z</time>
        <extensions>
          <gpxtpx:TrackPointExtension>
            <gpxtpx:hr>107</gpxtpx:hr>
          </gpxtpx:TrackPointExtension>
        </extensions>
      </trkpt>
      <trkpt lat="34.21187112423134" lon="108.83582647745912">
        <ele>405.07191350962967</ele>
        <time>2025-11-17T04:33:13.900000Z</time>
        <extensions>
          <gpxtpx:TrackPointExtension>
            <gpxtpx:hr>107</gpxtpx:hr>
          </gpxtpx:TrackPointExtension>
        </extensions>
      </trkpt>
      <trkpt lat="34.21186196640559" lon="108.8358371594785">
        <ele>405.1474148593843</ele>
        <time>2025-11-17T04:33:14.900000Z</time>
        <extensions>
          <gpxtpx:TrackPointExtension>
            <gpxtpx:hr>107</gpxtpx:hr>
          </gpxtpx:TrackPointExtension>
        </extensions>
      </trkpt>
      <trkpt lat="34.21185148726231" lon="108.83584631212648">
        <ele>405.2364614950493</ele>
        <time>2025-11-17T04:33:15.900000Z</time>
        <extensions>
          <gpxtpx:TrackPointExtension>
            <gpxtpx:hr>107</gpxtpx:hr>
          </gpxtpx:TrackPointExtension>
        </extensions>
      </trkpt>
      <trkpt lat="34.211840782650924" lon="108.83585438225262">
        <ele>405.33483382035047</ele>
        <time>2025-11-17T04:33:16.900000Z</time>
        <extensions>
          <gpxtpx:TrackPointExtension>
            <gpxtpx:hr>107</gpxtpx:hr>
          </gpxtpx:TrackPointExtension>
        </extensions>
      </trkpt>
      <trkpt lat="34.211830097790724" lon="108.83586187256702">
        <ele>405.4310469478369</ele>
        <time>2025-11-17T04:33:17.900000Z</time>
        <extensions>
          <gpxtpx:TrackPointExtension>
            <gpxtpx:hr>107</gpxtpx:hr>
          </gpxtpx:TrackPointExtension>
        </extensions>
      </trkpt>
      <trkpt lat="34.211819445758536" lon="108.83586922082016">
        <ele>405.53191049955785</ele>
        <time>2025-11-17T04:33:18.900000Z</time>
        <extensions>
          <gpxtpx:TrackPointExtension>
            <gpxtpx:hr>104</gpxtpx:hr>
          </gpxtpx:TrackPointExtension>
        </extensions>
      </trkpt>
      <trkpt lat="34.211808918100225" lon="108.8358765131565">
        <ele>405.66990609653294</ele>
        <time>2025-11-17T04:33:19.900000Z</time>
        <extensions>
          <gpxtpx:TrackPointExtension>
            <gpxtpx:hr>104</gpxtpx:hr>
          </gpxtpx:TrackPointExtension>
        </extensions>
      </trkpt>
      <trkpt lat="34.21179783363559" lon="108.83588416745391">
        <ele>405.79026684351265</ele>
        <time>2025-11-17T04:33:20.900000Z</time>
        <extensions>
          <gpxtpx:TrackPointExtension>
            <gpxtpx:hr>104</gpxtpx:hr>
          </gpxtpx:TrackPointExtension>
        </extensions>
      </trkpt>
      <trkpt lat="34.211785617661675" lon="108.83589292261847">
        <ele>405.9061431828886</ele>
        <time>2025-11-17T04:33:21.900000Z</time>
        <extensions>
          <gpxtpx:TrackPointExtension>
            <gpxtpx:hr>104</gpxtpx:hr>
          </gpxtpx:TrackPointExtension>
        </extensions>
      </trkpt>
      <trkpt lat="34.211772974166564" lon="108.83590285948668">
        <ele>406.0183183159679</ele>
        <time>2025-11-17T04:33:22.900000Z</time>
        <extensions>
          <gpxtpx:TrackPointExtension>
            <gpxtpx:hr>104</gpxtpx:hr>
          </gpxtpx:TrackPointExtension>
        </extensions>
      </trkpt>
      <trkpt lat="34.21176154506342" lon="108.83591271432358">
        <ele>406.1320900032297</ele>
        <time>2025-11-17T04:33:23.900000Z</time>
        <extensions>
          <gpxtpx:TrackPointExtension>
            <gpxtpx:hr>104</gpxtpx:hr>
          </gpxtpx:TrackPointExtension>
        </extensions>
      </trkpt>
      <trkpt lat="34.211751280720016" lon="108.83592222242488">
        <ele>406.2469120165333</ele>
        <time>2025-11-17T04:33:24.900000Z</time>
        <extensions>
          <gpxtpx:TrackPointExtension>
            <gpxtpx:hr>104</gpxtpx:hr>
          </gpxtpx:TrackPointExtension>
        </extensions>
      </trkpt>
      <trkpt lat="34.211740999565514" lon="108.83593176754748">
        <ele>406.3547937357798</ele>
        <time>2025-11-17T04:33:25.900000Z</time>
        <extensions>
          <gpxtpx:TrackPointExtension>
            <gpxtpx:hr>104</gpxtpx:hr>
          </gpxtpx:TrackPointExtension>
        </extensions>
      </trkpt>
      <trkpt lat="34.21173060926847" lon="108.8359410207242">
        <ele>406.4744308302179</ele>
        <time>2025-11-17T04:33:26.900000Z</time>
        <extensions>
          <gpxtpx:TrackPointExtension>
            <gpxtpx:hr>106</gpxtpx:hr>
          </gpxtpx:TrackPointExtension>
        </extensions>
      </trkpt>
      <trkpt lat="34.21172047640232" lon="108.83594977903036">
        <ele>406.5870389044285</ele>
        <time>2025-11-17T04:33:27.900000Z</time>
        <extensions>
          <gpxtpx:TrackPointExtension>
            <gpxtpx:hr>106</gpxtpx:hr>
          </gpxtpx:TrackPointExtension>
        </extensions>
      </trkpt>
      <trkpt lat="34.211710606926765" lon="108.8359578967896">
        <ele>406.71730177477</ele>
        <time>2025-11-17T04:33:28.900000Z</time>
        <extensions>
          <gpxtpx:TrackPointExtension>
            <gpxtpx:hr>106</gpxtpx:hr>
          </gpxtpx:TrackPointExtension>
        </extensions>
      </trkpt>
      <trkpt lat="34.21170089969592" lon="108.83596555949744">
        <ele>406.86283828970045</ele>
        <time>2025-11-17T04:33:29.900000Z</time>
        <extensions>
          <gpxtpx:TrackPointExtension>
            <gpxtpx:hr>106</gpxtpx:hr>
          </gpxtpx:TrackPointExtension>
        </extensions>
      </trkpt>
      <trkpt lat="34.21169131364165" lon="108.83597339207259">
        <ele>406.9878411721438</ele>
        <time>2025-11-17T04:33:30.900000Z</time>
        <extensions>
          <gpxtpx:TrackPointExtension>
            <gpxtpx:hr>106</gpxtpx:hr>
          </gpxtpx:TrackPointExtension>
        </extensions>
      </trkpt>
      <trkpt lat="34.21168143437678" lon="108.83598223429551">
        <ele>407.1103949546814</ele>
        <time>2025-11-17T04:33:31.900000Z</time>
        <extensions>
          <gpxtpx:TrackPointExtension>
            <gpxtpx:hr>106</gpxtpx:hr>
          </gpxtpx:TrackPointExtension>
        </extensions>
      </trkpt>
      <trkpt lat="34.21167122315978" lon="108.83599228715129">
        <ele>407.22459760215133</ele>
        <time>2025-11-17T04:33:32.900000Z</time>
        <extensions>
          <gpxtpx:TrackPointExtension>
            <gpxtpx:hr>106</gpxtpx:hr>
          </gpxtpx:TrackPointExtension>
        </extensions>
      </trkpt>
      <trkpt lat="34.211661432391274" lon="108.83600288857903">
        <ele>407.336587196216</ele>
        <time>2025-11-17T04:33:33.900000Z</time>
        <extensions>
          <gpxtpx:TrackPointExtension>
            <gpxtpx:hr>108</gpxtpx:hr>
          </gpxtpx:TrackPointExtension>
        </extensions>
      </trkpt>
      <trkpt lat="34.21165283135919" lon="108.83601310835843">
        <ele>407.4420883599669</ele>
        <time>2025-11-17T04:33:34.900000Z</time>
        <extensions>
          <gpxtpx:TrackPointExtension>
            <gpxtpx:hr>108</gpxtpx:hr>
          </gpxtpx:TrackPointExtension>
        </extensions>
      </trkpt>
      <trkpt lat="34.211645946147456" lon="108.83602246874443">
        <ele>407.51823199912906</ele>
        <time>2025-11-17T04:33:35.900000Z</time>
        <extensions>
          <gpxtpx:TrackPointExtension>
            <gpxtpx:hr>108</gpxtpx:hr>
          </gpxtpx:TrackPointExtension>
        </extensions>
      </trkpt>
      <trkpt lat="34.21164079033326" lon="108.83603111846324">
        <ele>407.57130515016615</ele>
        <time>2025-11-17T04:33:36.900000Z</time>
        <extensions>
          <gpxtpx:TrackPointExtension>
            <gpxtpx:hr>108</gpxtpx:hr>
          </gpxtpx:TrackPointExtension>
        </extensions>
      </trkpt>
      <trkpt lat="34.21163643167245" lon="108.8360397767884">
        <ele>407.61608291976154</ele>
        <time>2025-11-17T04:33:37.900000Z</time>
        <extensions>
          <gpxtpx:TrackPointExtension>
            <gpxtpx:hr>108</gpxtpx:hr>
          </gpxtpx:TrackPointExtension>
        </extensions>
      </trkpt>
      <trkpt lat="34.21163229309369" lon="108.8360494712944">
        <ele>407.6662662755698</ele>
        <time>2025-11-17T04:33:38.900000Z</time>
        <extensions>
          <gpxtpx:TrackPointExtension>
            <gpxtpx:hr>108</gpxtpx:hr>
          </gpxtpx:TrackPointExtension>
        </extensions>
      </trkpt>
      <trkpt lat="34.211628350291825" lon="108.836060760129">
        <ele>407.70038800593466</ele>
        <time>2025-11-17T04:33:39.900000Z</time>
        <extensions>
          <gpxtpx:TrackPointExtension>
            <gpxtpx:hr>108</gpxtpx:hr>
          </gpxtpx:TrackPointExtension>
        </extensions>
      </trkpt>
      <trkpt lat="34.211624724229715" lon="108.83607253434627">
        <ele>407.72773380670696</ele>
        <time>2025-11-17T04:33:40.900000Z</time>
        <extensions>
          <gpxtpx:TrackPointExtension>
            <gpxtpx:hr>106</gpxtpx:hr>
          </gpxtpx:TrackPointExtension>
        </extensions>
      </trkpt>
      <trkpt lat="34.21162118265321" lon="108.83608404316213">
        <ele>407.74065519776195</ele>
        <time>2025-11-17T04:33:41.900000Z</time>
        <extensions>
          <gpxtpx:TrackPointExtension>
            <gpxtpx:hr>106</gpxtpx:hr>
          </gpxtpx:TrackPointExtension>
        </extensions>
      </trkpt>
      <trkpt lat="34.21161752310951" lon="108.83609545693767">
        <ele>407.71764242555946</ele>
        <time>2025-11-17T04:33:42.900000Z</time>
        <extensions>
          <gpxtpx:TrackPointExtension>
            <gpxtpx:hr>106</gpxtpx:hr>
          </gpxtpx:TrackPointExtension>
        </extensions>
      </trkpt>
      <trkpt lat="34.21161395491383" lon="108.83610680143529">
        <ele>407.66911277733743</ele>
        <time>2025-11-17T04:33:43.900000Z</time>
        <extensions>
          <gpxtpx:TrackPointExtension>
            <gpxtpx:hr>106</gpxtpx:hr>
          </gpxtpx:TrackPointExtension>
        </extensions>
      </trkpt>
      <trkpt lat="34.211610727484924" lon="108.83611844130341">
        <ele>407.60934233199805</ele>
        <time>2025-11-17T04:33:44.900000Z</time>
        <extensions>
          <gpxtpx:TrackPointExtension>
            <gpxtpx:hr>105</gpxtpx:hr>
          </gpxtpx:TrackPointExtension>
        </extensions>
      </trkpt>
      <trkpt lat="34.211608067910994" lon="108.83613042923943">
        <ele>407.5295975860208</ele>
        <time>2025-11-17T04:33:45.900000Z</time>
        <extensions>
          <gpxtpx:TrackPointExtension>
            <gpxtpx:hr>105</gpxtpx:hr>
          </gpxtpx:TrackPointExtension>
        </extensions>
      </trkpt>
      <trkpt lat="34.21160596791211" lon="108.83614241378956">
        <ele>407.45537005458027</ele>
        <time>2025-11-17T04:33:46.900000Z</time>
        <extensions>
          <gpxtpx:TrackPointExtension>
            <gpxtpx:hr>105</gpxtpx:hr>
          </gpxtpx:TrackPointExtension>
        </extensions>
      </trkpt>
      <trkpt lat="34.21160423160238" lon="108.8361544474459">
        <ele>407.359279490076</ele>
        <time>2025-11-17T04:33:47.900000Z</time>
        <extensions>
          <gpxtpx:TrackPointExtension>
            <gpxtpx:hr>105</gpxtpx:hr>
          </gpxtpx:TrackPointExtension>
        </extensions>
      </trkpt>
      <trkpt lat="34.21160265711202" lon="108.83616707169291">
        <ele>407.2747012078762</ele>
        <time>2025-11-17T04:33:48.900000Z</time>
        <extensions>
          <gpxtpx:TrackPointExtension>
            <gpxtpx:hr>105</gpxtpx:hr>
          </gpxtpx:TrackPointExtension>
        </extensions>
      </trkpt>
      <trkpt lat="34.211601218353096" lon="108.83618042480045">
        <ele>407.18447995278984</ele>
        <time>2025-11-17T04:33:49.900000Z</time>
        <extensions>
          <gpxtpx:TrackPointExtension>
            <gpxtpx:hr>104</gpxtpx:hr>
          </gpxtpx:TrackPointExtension>
        </extensions>
      </trkpt>
      <trkpt lat="34.21159997642444" lon="108.83619402222578">
        <ele>407.0719375051558</ele>
        <time>2025-11-17T04:33:50.900000Z</time>
        <extensions>
          <gpxtpx:TrackPointExtension>
            <gpxtpx:hr>104</gpxtpx:hr>
          </gpxtpx:TrackPointExtension>
        </extensions>
      </trkpt>
      <trkpt lat="34.21159903514844" lon="108.83620763389092">
        <ele>406.94424973987043</ele>
        <time>2025-11-17T04:33:51.900000Z</time>
        <extensions>
          <gpxtpx:TrackPointExtension>
            <gpxtpx:hr>104</gpxtpx:hr>
          </gpxtpx:TrackPointExtension>
        </extensions>
      </trkpt>
      <trkpt lat="34.21159857083617" lon="108.8362217101155">
        <ele>406.8143378403038</ele>
        <time>2025-11-17T04:33:52.900000Z</time>
        <extensions>
          <gpxtpx:TrackPointExtension>
            <gpxtpx:hr>104</gpxtpx:hr>
          </gpxtpx:TrackPointExtension>
        </extensions>
      </trkpt>
      <trkpt lat="34.211598532594834" lon="108.83623650700225">
        <ele>406.6862474195659</ele>
        <time>2025-11-17T04:33:53.900000Z</time>
        <extensions>
          <gpxtpx:TrackPointExtension>
            <gpxtpx:hr>104</gpxtpx:hr>
          </gpxtpx:TrackPointExtension>
        </extensions>
      </trkpt>
      <trkpt lat="34.211598869227544" lon="108.83625122651941">
        <ele>406.5703410906717</ele>
        <time>2025-11-17T04:33:54.900000Z</time>
        <extensions>
          <gpxtpx:TrackPointExtension>
            <gpxtpx:hr>105</gpxtpx:hr>
          </gpxtpx:TrackPointExtension>
        </extensions>
      </trkpt>
      <trkpt lat="34.21159925762997" lon="108.83626577969824">
        <ele>406.4610264599323</ele>
        <time>2025-11-17T04:33:55.900000Z</time>
        <extensions>
          <gpxtpx:TrackPointExtension>
            <gpxtpx:hr>105</gpxtpx:hr>
          </gpxtpx:TrackPointExtension>
        </extensions>
      </trkpt>
      <trkpt lat="34.21159932776101" lon="108.83628043194277">
        <ele>406.34767061378807</ele>
        <time>2025-11-17T04:33:56.900000Z</time>
        <extensions>
          <gpxtpx:TrackPointExtension>
            <gpxtpx:hr>105</gpxtpx:hr>
          </gpxtpx:TrackPointExtension>
        </extensions>
      </trkpt>
      <trkpt lat="34.2115988044845" lon="108.83629621185317">
        <ele>406.2453579567373</ele>
        <time>2025-11-17T04:33:57.900000Z</time>
        <extensions>
          <gpxtpx:TrackPointExtension>
            <gpxtpx:hr>105</gpxtpx:hr>
          </gpxtpx:TrackPointExtension>
        </extensions>
      </trkpt>
      <trkpt lat="34.211597932447056" lon="108.83631351848149">
        <ele>406.1654857303947</ele>
        <time>2025-11-17T04:33:58.900000Z</time>
        <extensions>
          <gpxtpx:TrackPointExtension>
            <gpxtpx:hr>107</gpxtpx:hr>
          </gpxtpx:TrackPointExtension>
        </extensions>
      </trkpt>
      <trkpt lat="34.21159713124175" lon="108.83633190111158">
        <ele>406.0912960078567</ele>
        <time>2025-11-17T04:33:59.900000Z</time>
        <extensions>
          <gpxtpx:TrackPointExtension>
            <gpxtpx:hr>107</gpxtpx:hr>
          </gpxtpx:TrackPointExtension>
        </extensions>
      </trkpt>
      <trkpt lat="34.211596619353806" lon="108.8363500422888">
        <ele>406.02052774466574</ele>
        <time>2025-11-17T04:34:00.900000Z</time>
        <extensions>
          <gpxtpx:TrackPointExtension>
            <gpxtpx:hr>107</gpxtpx:hr>
          </gpxtpx:TrackPointExtension>
        </extensions>
      </trkpt>
      <trkpt lat="34.21159659002266" lon="108.83636707993566">
        <ele>405.95289104245603</ele>
        <time>2025-11-17T04:34:01.900000Z</time>
        <extensions>
          <gpxtpx:TrackPointExtension>
            <gpxtpx:hr>107</gpxtpx:hr>
          </gpxtpx:TrackPointExtension>
        </extensions>
      </trkpt>
      <trkpt lat="34.211597073205894" lon="108.83638301493325">
        <ele>405.88659065496176</ele>
        <time>2025-11-17T04:34:02.900000Z</time>
        <extensions>
          <gpxtpx:TrackPointExtension>
            <gpxtpx:hr>107</gpxtpx:hr>
          </gpxtpx:TrackPointExtension>
        </extensions>
      </trkpt>
      <trkpt lat="34.21159814053731" lon="108.83639882741456">
        <ele>405.83096147235483</ele>
        <time>2025-11-17T04:34:03.900000Z</time>
        <extensions>
          <gpxtpx:TrackPointExtension>
            <gpxtpx:hr>107</gpxtpx:hr>
          </gpxtpx:TrackPointExtension>
        </extensions>
      </trkpt>
      <trkpt lat="34.211599412638925" lon="108.83641518859622">
        <ele>405.80558055173606</ele>
        <time>2025-11-17T04:34:04.900000Z</time>
        <extensions>
          <gpxtpx:TrackPointExtension>
            <gpxtpx:hr>107</gpxtpx:hr>
          </gpxtpx:TrackPointExtension>
        </extensions>
      </trkpt>
      <trkpt lat="34.21160032781708" lon="108.8364313701519">
        <ele>405.7701591793448</ele>
        <time>2025-11-17T04:34:05.900000Z</time>
        <extensions>
          <gpxtpx:TrackPointExtension>
            <gpxtpx:hr>107</gpxtpx:hr>
          </gpxtpx:TrackPointExtension>
        </extensions>
      </trkpt>
      <trkpt lat="34.21160074366386" lon="108.83644833508117">
        <ele>405.77838459517807</ele>
        <time>2025-11-17T04:34:06.900000Z</time>
        <extensions>
          <gpxtpx:TrackPointExtension>
            <gpxtpx:hr>107</gpxtpx:hr>
          </gpxtpx:TrackPointExtension>
        </extensions>
      </trkpt>
      <trkpt lat="34.21160065857767" lon="108.83646687169157">
        <ele>405.80250982847065</ele>
        <time>2025-11-17T04:34:07.900000Z</time>
        <extensions>
          <gpxtpx:TrackPointExtension>
            <gpxtpx:hr>106</gpxtpx:hr>
          </gpxtpx:TrackPointExtension>
        </extensions>
      </trkpt>
      <trkpt lat="34.21159989066715" lon="108.83648679841976">
        <ele>405.8485429920256</ele>
        <time>2025-11-17T04:34:08.900000Z</time>
        <extensions>
          <gpxtpx:TrackPointExtension>
            <gpxtpx:hr>106</gpxtpx:hr>
          </gpxtpx:TrackPointExtension>
        </extensions>
      </trkpt>
      <trkpt lat="34.211598676142984" lon="108.83650705467495">
        <ele>405.8934130044654</ele>
        <time>2025-11-17T04:34:09.900000Z</time>
        <extensions>
          <gpxtpx:TrackPointExtension>
            <gpxtpx:hr>106</gpxtpx:hr>
          </gpxtpx:TrackPointExtension>
        </extensions>
      </trkpt>
      <trkpt lat="34.21159730117495" lon="108.83652650061478">
        <ele>405.9607184426859</ele>
        <time>2025-11-17T04:34:10.900000Z</time>
        <extensions>
          <gpxtpx:TrackPointExtension>
            <gpxtpx:hr>106</gpxtpx:hr>
          </gpxtpx:TrackPointExtension>
        </extensions>
      </trkpt>
      <trkpt lat="34.211595920340415" lon="108.83654525828436">
        <ele>406.0174219477922</ele>
        <time>2025-11-17T04:34:11.900000Z</time>
        <extensions>
          <gpxtpx:TrackPointExtension>
            <gpxtpx:hr>106</gpxtpx:hr>
          </gpxtpx:TrackPointExtension>
        </extensions>
      </trkpt>
      <trkpt lat="34.211594253887135" lon="108.8365642142391">
        <ele>406.08739572763443</ele>
        <time>2025-11-17T04:34:12.900000Z</time>
        <extensions>
          <gpxtpx:TrackPointExtension>
            <gpxtpx:hr>106</gpxtpx:hr>
          </gpxtpx:TrackPointExtension>
        </extensions>
      </trkpt>
      <trkpt lat="34.21159248854275" lon="108.83658331065833">
        <ele>406.14119232911617</ele>
        <time>2025-11-17T04:34:13.900000Z</time>
        <extensions>
          <gpxtpx:TrackPointExtension>
            <gpxtpx:hr>106</gpxtpx:hr>
          </gpxtpx:TrackPointExtension>
        </extensions>
      </trkpt>
      <trkpt lat="34.21159118949721" lon="108.8366026025452">
        <ele>406.19911511056125</ele>
        <time>2025-11-17T04:34:14.900000Z</time>
        <extensions>
          <gpxtpx:TrackPointExtension>
            <gpxtpx:hr>106</gpxtpx:hr>
          </gpxtpx:TrackPointExtension>
        </extensions>
      </trkpt>
      <trkpt lat="34.21159036144471" lon="108.83662264925154">
        <ele>406.26673096232116</ele>
        <time>2025-11-17T04:34:15.900000Z</time>
        <extensions>
          <gpxtpx:TrackPointExtension>
            <gpxtpx:hr>106</gpxtpx:hr>
          </gpxtpx:TrackPointExtension>
        </extensions>
      </trkpt>
      <trkpt lat="34.21158973103823" lon="108.83664309292843">
        <ele>406.3517037294805</ele>
        <time>2025-11-17T04:34:16.900000Z</time>
        <extensions>
          <gpxtpx:TrackPointExtension>
            <gpxtpx:hr>106</gpxtpx:hr>
          </gpxtpx:TrackPointExtension>
        </extensions>
      </trkpt>
      <trkpt lat="34.21158935353622" lon="108.83666337067642">
        <ele>406.43542073946446</ele>
        <time>2025-11-17T04:34:17.900000Z</time>
        <extensions>
          <gpxtpx:TrackPointExtension>
            <gpxtpx:hr>106</gpxtpx:hr>
          </gpxtpx:TrackPointExtension>
        </extensions>
      </trkpt>
      <trkpt lat="34.21158910438392" lon="108.83668328337421">
        <ele>406.50969615764916</ele>
        <time>2025-11-17T04:34:18.900000Z</time>
        <extensions>
          <gpxtpx:TrackPointExtension>
            <gpxtpx:hr>106</gpxtpx:hr>
          </gpxtpx:TrackPointExtension>
        </extensions>
      </trkpt>
      <trkpt lat="34.21158886241023" lon="108.83670271574957">
        <ele>406.5787791199982</ele>
        <time>2025-11-17T04:34:19.900000Z</time>
        <extensions>
          <gpxtpx:TrackPointExtension>
            <gpxtpx:hr>106</gpxtpx:hr>
          </gpxtpx:TrackPointExtension>
        </extensions>
      </trkpt>
      <trkpt lat="34.21158866513471" lon="108.83672171695295">
        <ele>406.6326307123527</ele>
        <time>2025-11-17T04:34:20.900000Z</time>
        <extensions>
          <gpxtpx:TrackPointExtension>
            <gpxtpx:hr>105</gpxtpx:hr>
          </gpxtpx:TrackPointExtension>
        </extensions>
      </trkpt>
      <trkpt lat="34.2115889643838" lon="108.83674030504694">
        <ele>406.6907634837553</ele>
        <time>2025-11-17T04:34:21.900000Z</time>
        <extensions>
          <gpxtpx:TrackPointExtension>
            <gpxtpx:hr>105</gpxtpx:hr>
          </gpxtpx:TrackPointExtension>
        </extensions>
      </trkpt>
      <trkpt lat="34.21159017193613" lon="108.8367587684931">
        <ele>406.73952808696777</ele>
        <time>2025-11-17T04:34:22.900000Z</time>
        <extensions>
          <gpxtpx:TrackPointExtension>
            <gpxtpx:hr>105</gpxtpx:hr>
          </gpxtpx:TrackPointExtension>
        </extensions>
      </trkpt>
      <trkpt lat="34.21159185512673" lon="108.83677757466681">
        <ele>406.7773528806865</ele>
        <time>2025-11-17T04:34:23.900000Z</time>
        <extensions>
          <gpxtpx:TrackPointExtension>
            <gpxtpx:hr>105</gpxtpx:hr>
          </gpxtpx:TrackPointExtension>
        </extensions>
      </trkpt>
      <trkpt lat="34.211593394259815" lon="108.83679682875612">
        <ele>406.82466958556324</ele>
        <time>2025-11-17T04:34:24.900000Z</time>
        <extensions>
          <gpxtpx:TrackPointExtension>
            <gpxtpx:hr>107</gpxtpx:hr>
          </gpxtpx:TrackPointExtension>
        </extensions>
      </trkpt>
      <trkpt lat="34.21159433761356" lon="108.83681593516312">
        <ele>406.8709175195545</ele>
        <time>2025-11-17T04:34:25.900000Z</time>
        <extensions>
          <gpxtpx:TrackPointExtension>
            <gpxtpx:hr>107</gpxtpx:hr>
          </gpxtpx:TrackPointExtension>
        </extensions>
      </trkpt>
      <trkpt lat="34.211594813038815" lon="108.83683481237398">
        <ele>406.9218741245568</ele>
        <time>2025-11-17T04:34:26.900000Z</time>
        <extensions>
          <gpxtpx:TrackPointExtension>
            <gpxtpx:hr>107</gpxtpx:hr>
          </gpxtpx:TrackPointExtension>
        </extensions>
      </trkpt>
      <trkpt lat="34.2115950374848" lon="108.83685303778317">
        <ele>406.98726968001574</ele>
        <time>2025-11-17T04:34:27.900000Z</time>
        <extensions>
          <gpxtpx:TrackPointExtension>
            <gpxtpx:hr>102</gpxtpx:hr>
          </gpxtpx:TrackPointExtension>
        </extensions>
      </trkpt>
      <trkpt lat="34.211594990211346" lon="108.83687015856331">
        <ele>407.04535634536296</ele>
        <time>2025-11-17T04:34:28.900000Z</time>
        <extensions>
          <gpxtpx:TrackPointExtension>
            <gpxtpx:hr>102</gpxtpx:hr>
          </gpxtpx:TrackPointExtension>
        </extensions>
      </trkpt>
      <trkpt lat="34.211594909032975" lon="108.83688656948163">
        <ele>407.10077657550573</ele>
        <time>2025-11-17T04:34:29.900000Z</time>
        <extensions>
          <gpxtpx:TrackPointExtension>
            <gpxtpx:hr>102</gpxtpx:hr>
          </gpxtpx:TrackPointExtension>
        </extensions>
      </trkpt>
      <trkpt lat="34.21159496958028" lon="108.83690207455311">
        <ele>407.1714590359479</ele>
        <time>2025-11-17T04:34:30.900000Z</time>
        <extensions>
          <gpxtpx:TrackPointExtension>
            <gpxtpx:hr>102</gpxtpx:hr>
          </gpxtpx:TrackPointExtension>
        </extensions>
      </trkpt>
      <trkpt lat="34.21159452372869" lon="108.83691622589645">
        <ele>407.23413424845785</ele>
        <time>2025-11-17T04:34:31.900000Z</time>
        <extensions>
          <gpxtpx:TrackPointExtension>
            <gpxtpx:hr>102</gpxtpx:hr>
          </gpxtpx:TrackPointExtension>
        </extensions>
      </trkpt>
      <trkpt lat="34.211592306888036" lon="108.83692815967616">
        <ele>407.2907991828397</ele>
        <time>2025-11-17T04:34:32.900000Z</time>
        <extensions>
          <gpxtpx:TrackPointExtension>
            <gpxtpx:hr>100</gpxtpx:hr>
          </gpxtpx:TrackPointExtension>
        </extensions>
      </trkpt>
      <trkpt lat="34.21158711473519" lon="108.83693764975135">
        <ele>407.3549469942227</ele>
        <time>2025-11-17T04:34:33.900000Z</time>
        <extensions>
          <gpxtpx:TrackPointExtension>
            <gpxtpx:hr>100</gpxtpx:hr>
          </gpxtpx:TrackPointExtension>
        </extensions>
      </trkpt>
      <trkpt lat="34.21157907848562" lon="108.83694539375794">
        <ele>407.411161409691</ele>
        <time>2025-11-17T04:34:34.900000Z</time>
        <extensions>
          <gpxtpx:TrackPointExtension>
            <gpxtpx:hr>100</gpxtpx:hr>
          </gpxtpx:TrackPointExtension>
        </extensions>
      </trkpt>
      <trkpt lat="34.21156954571701" lon="108.83695124100264">
        <ele>407.4754913635552</ele>
        <time>2025-11-17T04:34:35.900000Z</time>
        <extensions>
          <gpxtpx:TrackPointExtension>
            <gpxtpx:hr>100</gpxtpx:hr>
          </gpxtpx:TrackPointExtension>
        </extensions>
      </trkpt>
      <trkpt lat="34.21155923404974" lon="108.83695495558344">
        <ele>407.53469324018806</ele>
        <time>2025-11-17T04:34:36.900000Z</time>
        <extensions>
          <gpxtpx:TrackPointExtension>
            <gpxtpx:hr>100</gpxtpx:hr>
          </gpxtpx:TrackPointExtension>
        </extensions>
      </trkpt>
      <trkpt lat="34.211548722186656" lon="108.83695687729255">
        <ele>407.5661261435598</ele>
        <time>2025-11-17T04:34:37.900000Z</time>
        <extensions>
          <gpxtpx:TrackPointExtension>
            <gpxtpx:hr>100</gpxtpx:hr>
          </gpxtpx:TrackPointExtension>
        </extensions>
      </trkpt>
      <trkpt lat="34.21153830648543" lon="108.83695758774269">
        <ele>407.5793948639184</ele>
        <time>2025-11-17T04:34:38.900000Z</time>
        <extensions>
          <gpxtpx:TrackPointExtension>
            <gpxtpx:hr>100</gpxtpx:hr>
          </gpxtpx:TrackPointExtension>
        </extensions>
      </trkpt>
      <trkpt lat="34.21152825950228" lon="108.83695762924825">
        <ele>407.5820527030155</ele>
        <time>2025-11-17T04:34:39.900000Z</time>
        <extensions>
          <gpxtpx:TrackPointExtension>
            <gpxtpx:hr>104</gpxtpx:hr>
          </gpxtpx:TrackPointExtension>
        </extensions>
      </trkpt>
      <trkpt lat="34.21151885483826" lon="108.83695746825096">
        <ele>407.5724721075967</ele>
        <time>2025-11-17T04:34:40.900000Z</time>
        <extensions>
          <gpxtpx:TrackPointExtension>
            <gpxtpx:hr>104</gpxtpx:hr>
          </gpxtpx:TrackPointExtension>
        </extensions>
      </trkpt>
      <trkpt lat="34.21150993485436" lon="108.83695730293387">
        <ele>407.56339932698756</ele>
        <time>2025-11-17T04:34:41.900000Z</time>
        <extensions>
          <gpxtpx:TrackPointExtension>
            <gpxtpx:hr>104</gpxtpx:hr>
          </gpxtpx:TrackPointExtension>
        </extensions>
      </trkpt>
      <trkpt lat="34.21150161287012" lon="108.83695673610428">
        <ele>407.56191746145487</ele>
        <time>2025-11-17T04:34:42.900000Z</time>
        <extensions>
          <gpxtpx:TrackPointExtension>
            <gpxtpx:hr>104</gpxtpx:hr>
          </gpxtpx:TrackPointExtension>
        </extensions>
      </trkpt>
      <trkpt lat="34.21149329675273" lon="108.83695591735923">
        <ele>407.5518196951598</ele>
        <time>2025-11-17T04:34:43.900000Z</time>
        <extensions>
          <gpxtpx:TrackPointExtension>
            <gpxtpx:hr>104</gpxtpx:hr>
          </gpxtpx:TrackPointExtension>
        </extensions>
      </trkpt>
      <trkpt lat="34.2114844449985" lon="108.83695519585099">
        <ele>407.52674275264144</ele>
        <time>2025-11-17T04:34:44.900000Z</time>
        <extensions>
          <gpxtpx:TrackPointExtension>
            <gpxtpx:hr>104</gpxtpx:hr>
          </gpxtpx:TrackPointExtension>
        </extensions>
      </trkpt>
      <trkpt lat="34.21147503139709" lon="108.83695469935807">
        <ele>407.49051334895194</ele>
        <time>2025-11-17T04:34:45.900000Z</time>
        <extensions>
          <gpxtpx:TrackPointExtension>
            <gpxtpx:hr>107</gpxtpx:hr>
          </gpxtpx:TrackPointExtension>
        </extensions>
      </trkpt>
      <trkpt lat="34.21146450606581" lon="108.83695467367511">
        <ele>407.4658058974892</ele>
        <time>2025-11-17T04:34:46.900000Z</time>
        <extensions>
          <gpxtpx:TrackPointExtension>
            <gpxtpx:hr>107</gpxtpx:hr>
          </gpxtpx:TrackPointExtension>
        </extensions>
      </trkpt>
      <trkpt lat="34.211452594983754" lon="108.8369554544884">
        <ele>407.4221178628504</ele>
        <time>2025-11-17T04:34:47.900000Z</time>
        <extensions>
          <gpxtpx:TrackPointExtension>
            <gpxtpx:hr>107</gpxtpx:hr>
          </gpxtpx:TrackPointExtension>
        </extensions>
      </trkpt>
      <trkpt lat="34.211439624920345" lon="108.83695701810827">
        <ele>407.3763101119548</ele>
        <time>2025-11-17T04:34:48.900000Z</time>
        <extensions>
          <gpxtpx:TrackPointExtension>
            <gpxtpx:hr>107</gpxtpx:hr>
          </gpxtpx:TrackPointExtension>
        </extensions>
      </trkpt>
      <trkpt lat="34.21142632806568" lon="108.83695853740741">
        <ele>407.34087830223143</ele>
        <time>2025-11-17T04:34:49.900000Z</time>
        <extensions>
          <gpxtpx:TrackPointExtension>
            <gpxtpx:hr>107</gpxtpx:hr>
          </gpxtpx:TrackPointExtension>
        </extensions>
      </trkpt>
      <trkpt lat="34.21141318095727" lon="108.83695921889816">
        <ele>407.327346989885</ele>
        <time>2025-11-17T04:34:50.900000Z</time>
        <extensions>
          <gpxtpx:TrackPointExtension>
            <gpxtpx:hr>106</gpxtpx:hr>
          </gpxtpx:TrackPointExtension>
        </extensions>
      </trkpt>
      <trkpt lat="34.21140056731989" lon="108.83695921311887">
        <ele>407.3087137369439</ele>
        <time>2025-11-17T04:34:51.900000Z</time>
        <extensions>
          <gpxtpx:TrackPointExtension>
            <gpxtpx:hr>106</gpxtpx:hr>
          </gpxtpx:TrackPointExtension>
        </extensions>
      </trkpt>
      <trkpt lat="34.211389548442746" lon="108.83695876921209">
        <ele>407.30911401845515</ele>
        <time>2025-11-17T04:34:52.900000Z</time>
        <extensions>
          <gpxtpx:TrackPointExtension>
            <gpxtpx:hr>106</gpxtpx:hr>
          </gpxtpx:TrackPointExtension>
        </extensions>
      </trkpt>
      <trkpt lat="34.211379108350386" lon="108.8369583923196">
        <ele>407.30895835068077</ele>
        <time>2025-11-17T04:34:53.900000Z</time>
        <extensions>
          <gpxtpx:TrackPointExtension>
            <gpxtpx:hr>106</gpxtpx:hr>
          </gpxtpx:TrackPointExtension>
        </extensions>
      </trkpt>
      <trkpt lat="34.211366554804094" lon="108.83695851495743">
        <ele>407.3263900959864</ele>
        <time>2025-11-17T04:34:54.900000Z</time>
        <extensions>
          <gpxtpx:TrackPointExtension>
            <gpxtpx:hr>106</gpxtpx:hr>
          </gpxtpx:TrackPointExtension>
        </extensions>
      </trkpt>
      <trkpt lat="34.211352340740284" lon="108.83695904371363">
        <ele>407.3392161447555</ele>
        <time>2025-11-17T04:34:55.900000Z</time>
        <extensions>
          <gpxtpx:TrackPointExtension>
            <gpxtpx:hr>106</gpxtpx:hr>
          </gpxtpx:TrackPointExtension>
        </extensions>
      </trkpt>
      <trkpt lat="34.21133795674444" lon="108.83696006611882">
        <ele>407.3568671150133</ele>
        <time>2025-11-17T04:34:56.900000Z</time>
        <extensions>
          <gpxtpx:TrackPointExtension>
            <gpxtpx:hr>106</gpxtpx:hr>
          </gpxtpx:TrackPointExtension>
        </extensions>
      </trkpt>
      <trkpt lat="34.211323701323266" lon="108.8369621609094">
        <ele>407.3755106655881</ele>
        <time>2025-11-17T04:34:57.900000Z</time>
        <extensions>
          <gpxtpx:TrackPointExtension>
            <gpxtpx:hr>106</gpxtpx:hr>
          </gpxtpx:TrackPointExtension>
        </extensions>
      </trkpt>
      <trkpt lat="34.21130982943252" lon="108.83696500303746">
        <ele>407.4022706169635</ele>
        <time>2025-11-17T04:34:58.900000Z</time>
        <extensions>
          <gpxtpx:TrackPointExtension>
            <gpxtpx:hr>106</gpxtpx:hr>
          </gpxtpx:TrackPointExtension>
        </extensions>
      </trkpt>
      <trkpt lat="34.21129579080567" lon="108.83696770604911">
        <ele>407.44433744065464</ele>
        <time>2025-11-17T04:34:59.900000Z</time>
        <extensions>
          <gpxtpx:TrackPointExtension>
            <gpxtpx:hr>107</gpxtpx:hr>
          </gpxtpx:TrackPointExtension>
        </extensions>
      </trkpt>
      <trkpt lat="34.21128109062282" lon="108.83696997317364">
        <ele>407.47794724907726</ele>
        <time>2025-11-17T04:35:00.900000Z</time>
        <extensions>
          <gpxtpx:TrackPointExtension>
            <gpxtpx:hr>107</gpxtpx:hr>
          </gpxtpx:TrackPointExtension>
        </extensions>
      </trkpt>
      <trkpt lat="34.211266450638895" lon="108.8369714828183">
        <ele>407.51654623728245</ele>
        <time>2025-11-17T04:35:01.900000Z</time>
        <extensions>
          <gpxtpx:TrackPointExtension>
            <gpxtpx:hr>107</gpxtpx:hr>
          </gpxtpx:TrackPointExtension>
        </extensions>
      </trkpt>
      <trkpt lat="34.21125238860068" lon="108.83697262531133">
        <ele>407.55123327858746</ele>
        <time>2025-11-17T04:35:02.900000Z</time>
        <extensions>
          <gpxtpx:TrackPointExtension>
            <gpxtpx:hr>107</gpxtpx:hr>
          </gpxtpx:TrackPointExtension>
        </extensions>
      </trkpt>
      <trkpt lat="34.21123854792785" lon="108.83697415428138">
        <ele>407.59648781456053</ele>
        <time>2025-11-17T04:35:03.900000Z</time>
        <extensions>
          <gpxtpx:TrackPointExtension>
            <gpxtpx:hr>107</gpxtpx:hr>
          </gpxtpx:TrackPointExtension>
        </extensions>
      </trkpt>
      <trkpt lat="34.21122443468409" lon="108.83697592964688">
        <ele>407.6283856043592</ele>
        <time>2025-11-17T04:35:04.900000Z</time>
        <extensions>
          <gpxtpx:TrackPointExtension>
            <gpxtpx:hr>107</gpxtpx:hr>
          </gpxtpx:TrackPointExtension>
        </extensions>
      </trkpt>
      <trkpt lat="34.21121007489108" lon="108.83697744623606">
        <ele>407.66413474455476</ele>
        <time>2025-11-17T04:35:05.900000Z</time>
        <extensions>
          <gpxtpx:TrackPointExtension>
            <gpxtpx:hr>107</gpxtpx:hr>
          </gpxtpx:TrackPointExtension>
        </extensions>
      </trkpt>
      <trkpt lat="34.21119612595469" lon="108.83697855192135">
        <ele>407.71056166570634</ele>
        <time>2025-11-17T04:35:06.900000Z</time>
        <extensions>
          <gpxtpx:TrackPointExtension>
            <gpxtpx:hr>107</gpxtpx:hr>
          </gpxtpx:TrackPointExtension>
        </extensions>
      </trkpt>
      <trkpt lat="34.21118285675858" lon="108.83697940509315">
        <ele>407.7312434585765</ele>
        <time>2025-11-17T04:35:07.900000Z</time>
        <extensions>
          <gpxtpx:TrackPointExtension>
            <gpxtpx:hr>107</gpxtpx:hr>
          </gpxtpx:TrackPointExtension>
        </extensions>
      </trkpt>
      <trkpt lat="34.2111702255792" lon="108.83698054819254">
        <ele>407.76077082008123</ele>
        <time>2025-11-17T04:35:08.900000Z</time>
        <extensions>
          <gpxtpx:TrackPointExtension>
            <gpxtpx:hr>107</gpxtpx:hr>
          </gpxtpx:TrackPointExtension>
        </extensions>
      </trkpt>
      <trkpt lat="34.211158094245825" lon="108.83698177589633">
        <ele>407.78540571872145</ele>
        <time>2025-11-17T04:35:09.900000Z</time>
        <extensions>
          <gpxtpx:TrackPointExtension>
            <gpxtpx:hr>107</gpxtpx:hr>
          </gpxtpx:TrackPointExtension>
        </extensions>
      </trkpt>
      <trkpt lat="34.21114567827155" lon="108.83698265832167">
        <ele>407.80966066755354</ele>
        <time>2025-11-17T04:35:10.900000Z</time>
        <extensions>
          <gpxtpx:TrackPointExtension>
            <gpxtpx:hr>107</gpxtpx:hr>
          </gpxtpx:TrackPointExtension>
        </extensions>
      </trkpt>
      <trkpt lat="34.21113255759325" lon="108.83698312111791">
        <ele>407.8241097405553</ele>
        <time>2025-11-17T04:35:11.900000Z</time>
        <extensions>
          <gpxtpx:TrackPointExtension>
            <gpxtpx:hr>107</gpxtpx:hr>
          </gpxtpx:TrackPointExtension>
        </extensions>
      </trkpt>
      <trkpt lat="34.211118597807605" lon="108.8369832661344">
        <ele>407.82993828412145</ele>
        <time>2025-11-17T04:35:12.900000Z</time>
        <extensions>
          <gpxtpx:TrackPointExtension>
            <gpxtpx:hr>107</gpxtpx:hr>
          </gpxtpx:TrackPointExtension>
        </extensions>
      </trkpt>
      <trkpt lat="34.21110436953544" lon="108.83698362571647">
        <ele>407.8378785196692</ele>
        <time>2025-11-17T04:35:13.900000Z</time>
        <extensions>
          <gpxtpx:TrackPointExtension>
            <gpxtpx:hr>107</gpxtpx:hr>
          </gpxtpx:TrackPointExtension>
        </extensions>
      </trkpt>
      <trkpt lat="34.21109020823008" lon="108.83698461555818">
        <ele>407.8452297234908</ele>
        <time>2025-11-17T04:35:14.900000Z</time>
        <extensions>
          <gpxtpx:TrackPointExtension>
            <gpxtpx:hr>107</gpxtpx:hr>
          </gpxtpx:TrackPointExtension>
        </extensions>
      </trkpt>
      <trkpt lat="34.21107587440007" lon="108.83698629179733">
        <ele>407.8476663287729</ele>
        <time>2025-11-17T04:35:15.900000Z</time>
        <extensions>
          <gpxtpx:TrackPointExtension>
            <gpxtpx:hr>108</gpxtpx:hr>
          </gpxtpx:TrackPointExtension>
        </extensions>
      </trkpt>
      <trkpt lat="34.21106124898476" lon="108.83698833910938">
        <ele>407.8319663833827</ele>
        <time>2025-11-17T04:35:16.900000Z</time>
        <extensions>
          <gpxtpx:TrackPointExtension>
            <gpxtpx:hr>108</gpxtpx:hr>
          </gpxtpx:TrackPointExtension>
        </extensions>
      </trkpt>
      <trkpt lat="34.21104702578721" lon="108.83699005675787">
        <ele>407.82853252999485</ele>
        <time>2025-11-17T04:35:17.900000Z</time>
        <extensions>
          <gpxtpx:TrackPointExtension>
            <gpxtpx:hr>108</gpxtpx:hr>
          </gpxtpx:TrackPointExtension>
        </extensions>
      </trkpt>
      <trkpt lat="34.2110338884871" lon="108.83699127124238">
        <ele>407.81832716148347</ele>
        <time>2025-11-17T04:35:18.900000Z</time>
        <extensions>
          <gpxtpx:TrackPointExtension>
            <gpxtpx:hr>108</gpxtpx:hr>
          </gpxtpx:TrackPointExtension>
        </extensions>
      </trkpt>
      <trkpt lat="34.21102093722171" lon="108.8369920894914">
        <ele>407.8013827120885</ele>
        <time>2025-11-17T04:35:19.900000Z</time>
        <extensions>
          <gpxtpx:TrackPointExtension>
            <gpxtpx:hr>108</gpxtpx:hr>
          </gpxtpx:TrackPointExtension>
        </extensions>
      </trkpt>
      <trkpt lat="34.211007279276366" lon="108.83699252043075">
        <ele>407.77646199055016</ele>
        <time>2025-11-17T04:35:20.900000Z</time>
        <extensions>
          <gpxtpx:TrackPointExtension>
            <gpxtpx:hr>108</gpxtpx:hr>
          </gpxtpx:TrackPointExtension>
        </extensions>
      </trkpt>
      <trkpt lat="34.21099307658602" lon="108.83699305791667">
        <ele>407.7449992792681</ele>
        <time>2025-11-17T04:35:21.900000Z</time>
        <extensions>
          <gpxtpx:TrackPointExtension>
            <gpxtpx:hr>108</gpxtpx:hr>
          </gpxtpx:TrackPointExtension>
        </extensions>
      </trkpt>
      <trkpt lat="34.21097890143095" lon="108.83699380983529">
        <ele>407.71931927651167</ele>
        <time>2025-11-17T04:35:22.900000Z</time>
        <extensions>
          <gpxtpx:TrackPointExtension>
            <gpxtpx:hr>108</gpxtpx:hr>
          </gpxtpx:TrackPointExtension>
        </extensions>
      </trkpt>
      <trkpt lat="34.21096532349274" lon="108.83699484190763">
        <ele>407.69664439186454</ele>
        <time>2025-11-17T04:35:23.900000Z</time>
        <extensions>
          <gpxtpx:TrackPointExtension>
            <gpxtpx:hr>108</gpxtpx:hr>
          </gpxtpx:TrackPointExtension>
        </extensions>
      </trkpt>
      <trkpt lat="34.21095225049649" lon="108.83699617445548">
        <ele>407.6729733236134</ele>
        <time>2025-11-17T04:35:24.900000Z</time>
        <extensions>
          <gpxtpx:TrackPointExtension>
            <gpxtpx:hr>108</gpxtpx:hr>
          </gpxtpx:TrackPointExtension>
        </extensions>
      </trkpt>
      <trkpt lat="34.21093908961" lon="108.83699766219948">
        <ele>407.64843170158565</ele>
        <time>2025-11-17T04:35:25.900000Z</time>
        <extensions>
          <gpxtpx:TrackPointExtension>
            <gpxtpx:hr>108</gpxtpx:hr>
          </gpxtpx:TrackPointExtension>
        </extensions>
      </trkpt>
      <trkpt lat="34.210925839235024" lon="108.83699905601847">
        <ele>407.6355467485264</ele>
        <time>2025-11-17T04:35:26.900000Z</time>
        <extensions>
          <gpxtpx:TrackPointExtension>
            <gpxtpx:hr>108</gpxtpx:hr>
          </gpxtpx:TrackPointExtension>
        </extensions>
      </trkpt>
      <trkpt lat="34.21091268938415" lon="108.8370004346874">
        <ele>407.6161575661972</ele>
        <time>2025-11-17T04:35:27.900000Z</time>
        <extensions>
          <gpxtpx:TrackPointExtension>
            <gpxtpx:hr>108</gpxtpx:hr>
          </gpxtpx:TrackPointExtension>
        </extensions>
      </trkpt>
      <trkpt lat="34.21089931492808" lon="108.83700193789187">
        <ele>407.5962953194976</ele>
        <time>2025-11-17T04:35:28.900000Z</time>
        <extensions>
          <gpxtpx:TrackPointExtension>
            <gpxtpx:hr>108</gpxtpx:hr>
          </gpxtpx:TrackPointExtension>
        </extensions>
      </trkpt>
      <trkpt lat="34.21088602103072" lon="108.83700355399583">
        <ele>407.5791123341769</ele>
        <time>2025-11-17T04:35:29.900000Z</time>
        <extensions>
          <gpxtpx:TrackPointExtension>
            <gpxtpx:hr>108</gpxtpx:hr>
          </gpxtpx:TrackPointExtension>
        </extensions>
      </trkpt>
      <trkpt lat="34.21087362178237" lon="108.83700492498409">
        <ele>407.578169034794</ele>
        <time>2025-11-17T04:35:30.900000Z</time>
        <extensions>
          <gpxtpx:TrackPointExtension>
            <gpxtpx:hr>108</gpxtpx:hr>
          </gpxtpx:TrackPointExtension>
        </extensions>
      </trkpt>
      <trkpt lat="34.210862222070816" lon="108.8370058074172">
        <ele>407.5544962119311</ele>
        <time>2025-11-17T04:35:31.900000Z</time>
        <extensions>
          <gpxtpx:TrackPointExtension>
            <gpxtpx:hr>108</gpxtpx:hr>
          </gpxtpx:TrackPointExtension>
        </extensions>
      </trkpt>
      <trkpt lat="34.210851252080744" lon="108.83700626554356">
        <ele>407.53162377141416</ele>
        <time>2025-11-17T04:35:32.900000Z</time>
        <extensions>
          <gpxtpx:TrackPointExtension>
            <gpxtpx:hr>108</gpxtpx:hr>
          </gpxtpx:TrackPointExtension>
        </extensions>
      </trkpt>
      <trkpt lat="34.21083979447213" lon="108.83700660198888">
        <ele>407.5022650696337</ele>
        <time>2025-11-17T04:35:33.900000Z</time>
        <extensions>
          <gpxtpx:TrackPointExtension>
            <gpxtpx:hr>108</gpxtpx:hr>
          </gpxtpx:TrackPointExtension>
        </extensions>
      </trkpt>
      <trkpt lat="34.210828184403965" lon="108.837007254681">
        <ele>407.48331413045526</ele>
        <time>2025-11-17T04:35:34.900000Z</time>
        <extensions>
          <gpxtpx:TrackPointExtension>
            <gpxtpx:hr>108</gpxtpx:hr>
          </gpxtpx:TrackPointExtension>
        </extensions>
      </trkpt>
      <trkpt lat="34.210816728199134" lon="108.83700860343525">
        <ele>407.45893140137196</ele>
        <time>2025-11-17T04:35:35.900000Z</time>
        <extensions>
          <gpxtpx:TrackPointExtension>
            <gpxtpx:hr>108</gpxtpx:hr>
          </gpxtpx:TrackPointExtension>
        </extensions>
      </trkpt>
      <trkpt lat="34.210804921291334" lon="108.83701083406177">
        <ele>407.4331895839423</ele>
        <time>2025-11-17T04:35:36.900000Z</time>
        <extensions>
          <gpxtpx:TrackPointExtension>
            <gpxtpx:hr>108</gpxtpx:hr>
          </gpxtpx:TrackPointExtension>
        </extensions>
      </trkpt>
      <trkpt lat="34.210792411015454" lon="108.83701431574615">
        <ele>407.41788331605494</ele>
        <time>2025-11-17T04:35:37.900000Z</time>
        <extensions>
          <gpxtpx:TrackPointExtension>
            <gpxtpx:hr>108</gpxtpx:hr>
          </gpxtpx:TrackPointExtension>
        </extensions>
      </trkpt>
      <trkpt lat="34.210779193260855" lon="108.8370189956789">
        <ele>407.4206450730562</ele>
        <time>2025-11-17T04:35:38.900000Z</time>
        <extensions>
          <gpxtpx:TrackPointExtension>
            <gpxtpx:hr>108</gpxtpx:hr>
          </gpxtpx:TrackPointExtension>
        </extensions>
      </trkpt>
      <trkpt lat="34.21076618521029" lon="108.83702404478969">
        <ele>407.41064662020653</ele>
        <time>2025-11-17T04:35:39.900000Z</time>
        <extensions>
          <gpxtpx:TrackPointExtension>
            <gpxtpx:hr>108</gpxtpx:hr>
          </gpxtpx:TrackPointExtension>
        </extensions>
      </trkpt>
      <trkpt lat="34.21075381444721" lon="108.83702966249497">
        <ele>407.39481385424733</ele>
        <time>2025-11-17T04:35:40.900000Z</time>
        <extensions>
          <gpxtpx:TrackPointExtension>
            <gpxtpx:hr>108</gpxtpx:hr>
          </gpxtpx:TrackPointExtension>
        </extensions>
      </trkpt>
      <trkpt lat="34.21074185981541" lon="108.8370359035565">
        <ele>407.3703243918717</ele>
        <time>2025-11-17T04:35:41.900000Z</time>
        <extensions>
          <gpxtpx:TrackPointExtension>
            <gpxtpx:hr>108</gpxtpx:hr>
          </gpxtpx:TrackPointExtension>
        </extensions>
      </trkpt>
      <trkpt lat="34.21073037334721" lon="108.83704185452177">
        <ele>407.35011892486364</ele>
        <time>2025-11-17T04:35:42.900000Z</time>
        <extensions>
          <gpxtpx:TrackPointExtension>
            <gpxtpx:hr>108</gpxtpx:hr>
          </gpxtpx:TrackPointExtension>
        </extensions>
      </trkpt>
      <trkpt lat="34.21071927450635" lon="108.83704756140935">
        <ele>407.32108946796507</ele>
        <time>2025-11-17T04:35:43.900000Z</time>
        <extensions>
          <gpxtpx:TrackPointExtension>
            <gpxtpx:hr>108</gpxtpx:hr>
          </gpxtpx:TrackPointExtension>
        </extensions>
      </trkpt>
      <trkpt lat="34.21070846629423" lon="108.8370533104878">
        <ele>407.28123999293894</ele>
        <time>2025-11-17T04:35:44.900000Z</time>
        <extensions>
          <gpxtpx:TrackPointExtension>
            <gpxtpx:hr>111</gpxtpx:hr>
          </gpxtpx:TrackPointExtension>
        </extensions>
      </trkpt>
      <trkpt lat="34.210697454014806" lon="108.83705932407645">
        <ele>407.2293629879132</ele>
        <time>2025-11-17T04:35:45.900000Z</time>
        <extensions>
          <gpxtpx:TrackPointExtension>
            <gpxtpx:hr>111</gpxtpx:hr>
          </gpxtpx:TrackPointExtension>
        </extensions>
      </trkpt>
      <trkpt lat="34.210686068909304" lon="108.83706568399545">
        <ele>407.16939043067396</ele>
        <time>2025-11-17T04:35:46.900000Z</time>
        <extensions>
          <gpxtpx:TrackPointExtension>
            <gpxtpx:hr>111</gpxtpx:hr>
          </gpxtpx:TrackPointExtension>
        </extensions>
      </trkpt>
      <trkpt lat="34.2106746478152" lon="108.83707198021607">
        <ele>407.1170287951827</ele>
        <time>2025-11-17T04:35:47.900000Z</time>
        <extensions>
          <gpxtpx:TrackPointExtension>
            <gpxtpx:hr>111</gpxtpx:hr>
          </gpxtpx:TrackPointExtension>
        </extensions>
      </trkpt>
      <trkpt lat="34.21066346032834" lon="108.8370776157568">
        <ele>407.06019960995764</ele>
        <time>2025-11-17T04:35:48.900000Z</time>
        <extensions>
          <gpxtpx:TrackPointExtension>
            <gpxtpx:hr>111</gpxtpx:hr>
          </gpxtpx:TrackPointExtension>
        </extensions>
      </trkpt>
      <trkpt lat="34.210652173106034" lon="108.83708209676746">
        <ele>407.00605844147503</ele>
        <time>2025-11-17T04:35:49.900000Z</time>
        <extensions>
          <gpxtpx:TrackPointExtension>
            <gpxtpx:hr>111</gpxtpx:hr>
          </gpxtpx:TrackPointExtension>
        </extensions>
      </trkpt>
      <trkpt lat="34.21064043654285" lon="108.83708513401889">
        <ele>406.9591392837465</ele>
        <time>2025-11-17T04:35:50.900000Z</time>
        <extensions>
          <gpxtpx:TrackPointExtension>
            <gpxtpx:hr>110</gpxtpx:hr>
          </gpxtpx:TrackPointExtension>
        </extensions>
      </trkpt>
      <trkpt lat="34.21062844810637" lon="108.83708691584312">
        <ele>406.92428170051426</ele>
        <time>2025-11-17T04:35:51.900000Z</time>
        <extensions>
          <gpxtpx:TrackPointExtension>
            <gpxtpx:hr>110</gpxtpx:hr>
          </gpxtpx:TrackPointExtension>
        </extensions>
      </trkpt>
      <trkpt lat="34.21061629381787" lon="108.83708811470471">
        <ele>406.8925919914618</ele>
        <time>2025-11-17T04:35:52.900000Z</time>
        <extensions>
          <gpxtpx:TrackPointExtension>
            <gpxtpx:hr>110</gpxtpx:hr>
          </gpxtpx:TrackPointExtension>
        </extensions>
      </trkpt>
      <trkpt lat="34.21060402226947" lon="108.8370891244392">
        <ele>406.8594525968656</ele>
        <time>2025-11-17T04:35:53.900000Z</time>
        <extensions>
          <gpxtpx:TrackPointExtension>
            <gpxtpx:hr>110</gpxtpx:hr>
          </gpxtpx:TrackPointExtension>
        </extensions>
      </trkpt>
      <trkpt lat="34.21059154959084" lon="108.83709008355211">
        <ele>406.83726255968213</ele>
        <time>2025-11-17T04:35:54.900000Z</time>
        <extensions>
          <gpxtpx:TrackPointExtension>
            <gpxtpx:hr>108</gpxtpx:hr>
          </gpxtpx:TrackPointExtension>
        </extensions>
      </trkpt>
      <trkpt lat="34.21057883682714" lon="108.83709079773412">
        <ele>406.80613627750427</ele>
        <time>2025-11-17T04:35:55.900000Z</time>
        <extensions>
          <gpxtpx:TrackPointExtension>
            <gpxtpx:hr>108</gpxtpx:hr>
          </gpxtpx:TrackPointExtension>
        </extensions>
      </trkpt>
      <trkpt lat="34.21056563201028" lon="108.83709127360848">
        <ele>406.78267004620284</ele>
        <time>2025-11-17T04:35:56.900000Z</time>
        <extensions>
          <gpxtpx:TrackPointExtension>
            <gpxtpx:hr>108</gpxtpx:hr>
          </gpxtpx:TrackPointExtension>
        </extensions>
      </trkpt>
      <trkpt lat="34.21055193202439" lon="108.83709192484353">
        <ele>406.76069448981434</ele>
        <time>2025-11-17T04:35:57.900000Z</time>
        <extensions>
          <gpxtpx:TrackPointExtension>
            <gpxtpx:hr>108</gpxtpx:hr>
          </gpxtpx:TrackPointExtension>
        </extensions>
      </trkpt>
      <trkpt lat="34.21053824364725" lon="108.83709339647626">
        <ele>406.7566576860845</ele>
        <time>2025-11-17T04:35:58.900000Z</time>
        <extensions>
          <gpxtpx:TrackPointExtension>
            <gpxtpx:hr>108</gpxtpx:hr>
          </gpxtpx:TrackPointExtension>
        </extensions>
      </trkpt>
      <trkpt lat="34.21052472999344" lon="108.83709596026806">
        <ele>406.75030415691435</ele>
        <time>2025-11-17T04:35:59.900000Z</time>
        <extensions>
          <gpxtpx:TrackPointExtension>
            <gpxtpx:hr>108</gpxtpx:hr>
          </gpxtpx:TrackPointExtension>
        </extensions>
      </trkpt>
      <trkpt lat="34.21051146681894" lon="108.83709916770898">
        <ele>406.7527847616002</ele>
        <time>2025-11-17T04:36:00.900000Z</time>
        <extensions>
          <gpxtpx:TrackPointExtension>
            <gpxtpx:hr>107</gpxtpx:hr>
          </gpxtpx:TrackPointExtension>
        </extensions>
      </trkpt>
      <trkpt lat="34.21049872398459" lon="108.83710257258716">
        <ele>406.7647516904399</ele>
        <time>2025-11-17T04:36:01.900000Z</time>
        <extensions>
          <gpxtpx:TrackPointExtension>
            <gpxtpx:hr>107</gpxtpx:hr>
          </gpxtpx:TrackPointExtension>
        </extensions>
      </trkpt>
      <trkpt lat="34.210486301178086" lon="108.83710585980687">
        <ele>406.778760144487</ele>
        <time>2025-11-17T04:36:02.900000Z</time>
        <extensions>
          <gpxtpx:TrackPointExtension>
            <gpxtpx:hr>107</gpxtpx:hr>
          </gpxtpx:TrackPointExtension>
        </extensions>
      </trkpt>
      <trkpt lat="34.210473927705294" lon="108.83710888585424">
        <ele>406.7923170682043</ele>
        <time>2025-11-17T04:36:03.900000Z</time>
        <extensions>
          <gpxtpx:TrackPointExtension>
            <gpxtpx:hr>107</gpxtpx:hr>
          </gpxtpx:TrackPointExtension>
        </extensions>
      </trkpt>
      <trkpt lat="34.21046117810869" lon="108.83711169301222">
        <ele>406.80620958749205</ele>
        <time>2025-11-17T04:36:04.900000Z</time>
        <extensions>
          <gpxtpx:TrackPointExtension>
            <gpxtpx:hr>107</gpxtpx:hr>
          </gpxtpx:TrackPointExtension>
        </extensions>
      </trkpt>
      <trkpt lat="34.21044799803179" lon="108.83711415584887">
        <ele>406.8144747437909</ele>
        <time>2025-11-17T04:36:05.900000Z</time>
        <extensions>
          <gpxtpx:TrackPointExtension>
            <gpxtpx:hr>107</gpxtpx:hr>
          </gpxtpx:TrackPointExtension>
        </extensions>
      </trkpt>
      <trkpt lat="34.21043469380907" lon="108.8371162077201">
        <ele>406.8161640018225</ele>
        <time>2025-11-17T04:36:06.900000Z</time>
        <extensions>
          <gpxtpx:TrackPointExtension>
            <gpxtpx:hr>107</gpxtpx:hr>
          </gpxtpx:TrackPointExtension>
        </extensions>
      </trkpt>
      <trkpt lat="34.21042123794677" lon="108.83711848033434">
        <ele>406.8123672353104</ele>
        <time>2025-11-17T04:36:07.900000Z</time>
        <extensions>
          <gpxtpx:TrackPointExtension>
            <gpxtpx:hr>107</gpxtpx:hr>
          </gpxtpx:TrackPointExtension>
        </extensions>
      </trkpt>
      <trkpt lat="34.21040782647776" lon="108.83712156038813">
        <ele>406.80889473482966</ele>
        <time>2025-11-17T04:36:08.900000Z</time>
        <extensions>
          <gpxtpx:TrackPointExtension>
            <gpxtpx:hr>107</gpxtpx:hr>
          </gpxtpx:TrackPointExtension>
        </extensions>
      </trkpt>
      <trkpt lat="34.21039413342852" lon="108.83712562118919">
        <ele>406.81504706759006</ele>
        <time>2025-11-17T04:36:09.900000Z</time>
        <extensions>
          <gpxtpx:TrackPointExtension>
            <gpxtpx:hr>108</gpxtpx:hr>
          </gpxtpx:TrackPointExtension>
        </extensions>
      </trkpt>
      <trkpt lat="34.21038120985367" lon="108.8371300907821">
        <ele>406.81583811715245</ele>
        <time>2025-11-17T04:36:10.900000Z</time>
        <extensions>
          <gpxtpx:TrackPointExtension>
            <gpxtpx:hr>108</gpxtpx:hr>
          </gpxtpx:TrackPointExtension>
        </extensions>
      </trkpt>
      <trkpt lat="34.21036897557148" lon="108.83713493186337">
        <ele>406.8140067961067</ele>
        <time>2025-11-17T04:36:11.900000Z</time>
        <extensions>
          <gpxtpx:TrackPointExtension>
            <gpxtpx:hr>108</gpxtpx:hr>
          </gpxtpx:TrackPointExtension>
        </extensions>
      </trkpt>
      <trkpt lat="34.210356056231504" lon="108.83714054115312">
        <ele>406.79711943585426</ele>
        <time>2025-11-17T04:36:12.900000Z</time>
        <extensions>
          <gpxtpx:TrackPointExtension>
            <gpxtpx:hr>108</gpxtpx:hr>
          </gpxtpx:TrackPointExtension>
        </extensions>
      </trkpt>
      <trkpt lat="34.210342998933136" lon="108.83714641446753">
        <ele>406.77024633809924</ele>
        <time>2025-11-17T04:36:13.900000Z</time>
        <extensions>
          <gpxtpx:TrackPointExtension>
            <gpxtpx:hr>108</gpxtpx:hr>
          </gpxtpx:TrackPointExtension>
        </extensions>
      </trkpt>
      <trkpt lat="34.210330207650586" lon="108.8371523965041">
        <ele>406.73726955614984</ele>
        <time>2025-11-17T04:36:14.900000Z</time>
        <extensions>
          <gpxtpx:TrackPointExtension>
            <gpxtpx:hr>108</gpxtpx:hr>
          </gpxtpx:TrackPointExtension>
        </extensions>
      </trkpt>
      <trkpt lat="34.210317861490786" lon="108.83715872105853">
        <ele>406.6882575927302</ele>
        <time>2025-11-17T04:36:15.900000Z</time>
        <extensions>
          <gpxtpx:TrackPointExtension>
            <gpxtpx:hr>108</gpxtpx:hr>
          </gpxtpx:TrackPointExtension>
        </extensions>
      </trkpt>
      <trkpt lat="34.21030623230348" lon="108.8371654989838">
        <ele>406.6358633590862</ele>
        <time>2025-11-17T04:36:16.900000Z</time>
        <extensions>
          <gpxtpx:TrackPointExtension>
            <gpxtpx:hr>106</gpxtpx:hr>
          </gpxtpx:TrackPointExtension>
        </extensions>
      </trkpt>
      <trkpt lat="34.21029591124802" lon="108.8371722240361">
        <ele>406.5695043178275</ele>
        <time>2025-11-17T04:36:17.900000Z</time>
        <extensions>
          <gpxtpx:TrackPointExtension>
            <gpxtpx:hr>106</gpxtpx:hr>
          </gpxtpx:TrackPointExtension>
        </extensions>
      </trkpt>
      <trkpt lat="34.210286702429634" lon="108.83718005297222">
        <ele>406.4953406639397</ele>
        <time>2025-11-17T04:36:18.900000Z</time>
        <extensions>
          <gpxtpx:TrackPointExtension>
            <gpxtpx:hr>106</gpxtpx:hr>
          </gpxtpx:TrackPointExtension>
        </extensions>
      </trkpt>
      <trkpt lat="34.2102784422379" lon="108.8371899680941">
        <ele>406.41849122941494</ele>
        <time>2025-11-17T04:36:19.900000Z</time>
        <extensions>
          <gpxtpx:TrackPointExtension>
            <gpxtpx:hr>106</gpxtpx:hr>
          </gpxtpx:TrackPointExtension>
        </extensions>
      </trkpt>
      <trkpt lat="34.21027200918468" lon="108.83720080939042">
        <ele>406.359862213023</ele>
        <time>2025-11-17T04:36:20.900000Z</time>
        <extensions>
          <gpxtpx:TrackPointExtension>
            <gpxtpx:hr>106</gpxtpx:hr>
          </gpxtpx:TrackPointExtension>
        </extensions>
      </trkpt>
      <trkpt lat="34.21026770246557" lon="108.83721192306801">
        <ele>406.2964918874204</ele>
        <time>2025-11-17T04:36:21.900000Z</time>
        <extensions>
          <gpxtpx:TrackPointExtension>
            <gpxtpx:hr>105</gpxtpx:hr>
          </gpxtpx:TrackPointExtension>
        </extensions>
      </trkpt>
      <trkpt lat="34.210264957136566" lon="108.83722314000295">
        <ele>406.23228697665036</ele>
        <time>2025-11-17T04:36:22.900000Z</time>
        <extensions>
          <gpxtpx:TrackPointExtension>
            <gpxtpx:hr>105</gpxtpx:hr>
          </gpxtpx:TrackPointExtension>
        </extensions>
      </trkpt>
      <trkpt lat="34.21026288815318" lon="108.83723427937895">
        <ele>406.18910674005747</ele>
        <time>2025-11-17T04:36:23.900000Z</time>
        <extensions>
          <gpxtpx:TrackPointExtension>
            <gpxtpx:hr>105</gpxtpx:hr>
          </gpxtpx:TrackPointExtension>
        </extensions>
      </trkpt>
      <trkpt lat="34.210261092812075" lon="108.83724493906159">
        <ele>406.1488806018606</ele>
        <time>2025-11-17T04:36:24.900000Z</time>
        <extensions>
          <gpxtpx:TrackPointExtension>
            <gpxtpx:hr>105</gpxtpx:hr>
          </gpxtpx:TrackPointExtension>
        </extensions>
      </trkpt>
      <trkpt lat="34.21025958156718" lon="108.83725487251904">
        <ele>406.1192914331332</ele>
        <time>2025-11-17T04:36:25.900000Z</time>
        <extensions>
          <gpxtpx:TrackPointExtension>
            <gpxtpx:hr>105</gpxtpx:hr>
          </gpxtpx:TrackPointExtension>
        </extensions>
      </trkpt>
      <trkpt lat="34.21025824702448" lon="108.83726443512262">
        <ele>406.0868462380022</ele>
        <time>2025-11-17T04:36:26.900000Z</time>
        <extensions>
          <gpxtpx:TrackPointExtension>
            <gpxtpx:hr>105</gpxtpx:hr>
          </gpxtpx:TrackPointExtension>
        </extensions>
      </trkpt>
      <trkpt lat="34.210256792311455" lon="108.83727398236367">
        <ele>406.0740643776953</ele>
        <time>2025-11-17T04:36:27.900000Z</time>
        <extensions>
          <gpxtpx:TrackPointExtension>
            <gpxtpx:hr>105</gpxtpx:hr>
          </gpxtpx:TrackPointExtension>
        </extensions>
      </trkpt>
      <trkpt lat="34.21025474126499" lon="108.8372830376157">
        <ele>406.08685533422977</ele>
        <time>2025-11-17T04:36:28.900000Z</time>
        <extensions>
          <gpxtpx:TrackPointExtension>
            <gpxtpx:hr>105</gpxtpx:hr>
          </gpxtpx:TrackPointExtension>
        </extensions>
      </trkpt>
      <trkpt lat="34.21025177945133" lon="108.83729103058711">
        <ele>406.1130642108619</ele>
        <time>2025-11-17T04:36:29.900000Z</time>
        <extensions>
          <gpxtpx:TrackPointExtension>
            <gpxtpx:hr>103</gpxtpx:hr>
          </gpxtpx:TrackPointExtension>
        </extensions>
      </trkpt>
      <trkpt lat="34.21024789406913" lon="108.83729864550834">
        <ele>406.156587687321</ele>
        <time>2025-11-17T04:36:30.900000Z</time>
        <extensions>
          <gpxtpx:TrackPointExtension>
            <gpxtpx:hr>103</gpxtpx:hr>
          </gpxtpx:TrackPointExtension>
        </extensions>
      </trkpt>
      <trkpt lat="34.21024292140822" lon="108.83730799141168">
        <ele>406.2166657233611</ele>
        <time>2025-11-17T04:36:31.900000Z</time>
        <extensions>
          <gpxtpx:TrackPointExtension>
            <gpxtpx:hr>103</gpxtpx:hr>
          </gpxtpx:TrackPointExtension>
        </extensions>
      </trkpt>
      <trkpt lat="34.210237318136464" lon="108.83731885628885">
        <ele>406.2901381663978</ele>
        <time>2025-11-17T04:36:32.900000Z</time>
        <extensions>
          <gpxtpx:TrackPointExtension>
            <gpxtpx:hr>103</gpxtpx:hr>
          </gpxtpx:TrackPointExtension>
        </extensions>
      </trkpt>
      <trkpt lat="34.21023218481959" lon="108.83732877287197">
        <ele>406.36170355882496</ele>
        <time>2025-11-17T04:36:33.900000Z</time>
        <extensions>
          <gpxtpx:TrackPointExtension>
            <gpxtpx:hr>103</gpxtpx:hr>
          </gpxtpx:TrackPointExtension>
        </extensions>
      </trkpt>
      <trkpt lat="34.21022820008735" lon="108.83733671054328">
        <ele>406.4287724690512</ele>
        <time>2025-11-17T04:36:34.900000Z</time>
        <extensions>
          <gpxtpx:TrackPointExtension>
            <gpxtpx:hr>103</gpxtpx:hr>
          </gpxtpx:TrackPointExtension>
        </extensions>
      </trkpt>
      <trkpt lat="34.21022523056983" lon="108.8373439604765">
        <ele>406.48727244045585</ele>
        <time>2025-11-17T04:36:35.900000Z</time>
        <extensions>
          <gpxtpx:TrackPointExtension>
            <gpxtpx:hr>103</gpxtpx:hr>
          </gpxtpx:TrackPointExtension>
        </extensions>
      </trkpt>
      <trkpt lat="34.210222997828595" lon="108.83735254369346">
        <ele>406.5424442496151</ele>
        <time>2025-11-17T04:36:36.900000Z</time>
        <extensions>
          <gpxtpx:TrackPointExtension>
            <gpxtpx:hr>103</gpxtpx:hr>
          </gpxtpx:TrackPointExtension>
        </extensions>
      </trkpt>
      <trkpt lat="34.210220922737456" lon="108.83736293012419">
        <ele>406.5873520746827</ele>
        <time>2025-11-17T04:36:37.900000Z</time>
        <extensions>
          <gpxtpx:TrackPointExtension>
            <gpxtpx:hr>104</gpxtpx:hr>
          </gpxtpx:TrackPointExtension>
        </extensions>
      </trkpt>
      <trkpt lat="34.21021860617873" lon="108.8373744641563">
        <ele>406.6366703938693</ele>
        <time>2025-11-17T04:36:38.900000Z</time>
        <extensions>
          <gpxtpx:TrackPointExtension>
            <gpxtpx:hr>104</gpxtpx:hr>
          </gpxtpx:TrackPointExtension>
        </extensions>
      </trkpt>
      <trkpt lat="34.21021604103599" lon="108.83738732312312">
        <ele>406.65949695929885</ele>
        <time>2025-11-17T04:36:39.900000Z</time>
        <extensions>
          <gpxtpx:TrackPointExtension>
            <gpxtpx:hr>104</gpxtpx:hr>
          </gpxtpx:TrackPointExtension>
        </extensions>
      </trkpt>
      <trkpt lat="34.21021306910778" lon="108.83740156736239">
        <ele>406.66533283982426</ele>
        <time>2025-11-17T04:36:40.900000Z</time>
        <extensions>
          <gpxtpx:TrackPointExtension>
            <gpxtpx:hr>104</gpxtpx:hr>
          </gpxtpx:TrackPointExtension>
        </extensions>
      </trkpt>
      <trkpt lat="34.210210305794504" lon="108.83741595062635">
        <ele>406.64275781903416</ele>
        <time>2025-11-17T04:36:41.900000Z</time>
        <extensions>
          <gpxtpx:TrackPointExtension>
            <gpxtpx:hr>104</gpxtpx:hr>
          </gpxtpx:TrackPointExtension>
        </extensions>
      </trkpt>
      <trkpt lat="34.21020819056676" lon="108.83742939090209">
        <ele>406.6153556089848</ele>
        <time>2025-11-17T04:36:42.900000Z</time>
        <extensions>
          <gpxtpx:TrackPointExtension>
            <gpxtpx:hr>104</gpxtpx:hr>
          </gpxtpx:TrackPointExtension>
        </extensions>
      </trkpt>
      <trkpt lat="34.21020601466923" lon="108.83744244543865">
        <ele>406.5905384942889</ele>
        <time>2025-11-17T04:36:43.900000Z</time>
        <extensions>
          <gpxtpx:TrackPointExtension>
            <gpxtpx:hr>104</gpxtpx:hr>
          </gpxtpx:TrackPointExtension>
        </extensions>
      </trkpt>
      <trkpt lat="34.210202936155994" lon="108.8374562486959">
        <ele>406.55599737446755</ele>
        <time>2025-11-17T04:36:44.900000Z</time>
        <extensions>
          <gpxtpx:TrackPointExtension>
            <gpxtpx:hr>105</gpxtpx:hr>
          </gpxtpx:TrackPointExtension>
        </extensions>
      </trkpt>
      <trkpt lat="34.21019909673134" lon="108.83746978676115">
        <ele>406.51615484338254</ele>
        <time>2025-11-17T04:36:45.900000Z</time>
        <extensions>
          <gpxtpx:TrackPointExtension>
            <gpxtpx:hr>105</gpxtpx:hr>
          </gpxtpx:TrackPointExtension>
        </extensions>
      </trkpt>
      <trkpt lat="34.210194692520744" lon="108.83748427474643">
        <ele>406.4729076353833</ele>
        <time>2025-11-17T04:36:46.900000Z</time>
        <extensions>
          <gpxtpx:TrackPointExtension>
            <gpxtpx:hr>105</gpxtpx:hr>
          </gpxtpx:TrackPointExtension>
        </extensions>
      </trkpt>
      <trkpt lat="34.21019009911705" lon="108.83750129635283">
        <ele>406.4275524262339</ele>
        <time>2025-11-17T04:36:47.900000Z</time>
        <extensions>
          <gpxtpx:TrackPointExtension>
            <gpxtpx:hr>105</gpxtpx:hr>
          </gpxtpx:TrackPointExtension>
        </extensions>
      </trkpt>
      <trkpt lat="34.21018531038338" lon="108.83751951114715">
        <ele>406.3959580855444</ele>
        <time>2025-11-17T04:36:48.900000Z</time>
        <extensions>
          <gpxtpx:TrackPointExtension>
            <gpxtpx:hr>105</gpxtpx:hr>
          </gpxtpx:TrackPointExtension>
        </extensions>
      </trkpt>
      <trkpt lat="34.210180583953026" lon="108.83753755836078">
        <ele>406.35662933439016</ele>
        <time>2025-11-17T04:36:49.900000Z</time>
        <extensions>
          <gpxtpx:TrackPointExtension>
            <gpxtpx:hr>105</gpxtpx:hr>
          </gpxtpx:TrackPointExtension>
        </extensions>
      </trkpt>
      <trkpt lat="34.210175625447626" lon="108.83755504603573">
        <ele>406.3183114910498</ele>
        <time>2025-11-17T04:36:50.900000Z</time>
        <extensions>
          <gpxtpx:TrackPointExtension>
            <gpxtpx:hr>105</gpxtpx:hr>
          </gpxtpx:TrackPointExtension>
        </extensions>
      </trkpt>
      <trkpt lat="34.210169726313794" lon="108.8375728266089">
        <ele>406.2747043920681</ele>
        <time>2025-11-17T04:36:51.900000Z</time>
        <extensions>
          <gpxtpx:TrackPointExtension>
            <gpxtpx:hr>105</gpxtpx:hr>
          </gpxtpx:TrackPointExtension>
        </extensions>
      </trkpt>
      <trkpt lat="34.210163325821945" lon="108.83759038906527">
        <ele>406.2143955081701</ele>
        <time>2025-11-17T04:36:52.900000Z</time>
        <extensions>
          <gpxtpx:TrackPointExtension>
            <gpxtpx:hr>105</gpxtpx:hr>
          </gpxtpx:TrackPointExtension>
        </extensions>
      </trkpt>
      <trkpt lat="34.21015752792248" lon="108.83760744420479">
        <ele>406.1640911605209</ele>
        <time>2025-11-17T04:36:53.900000Z</time>
        <extensions>
          <gpxtpx:TrackPointExtension>
            <gpxtpx:hr>105</gpxtpx:hr>
          </gpxtpx:TrackPointExtension>
        </extensions>
      </trkpt>
      <trkpt lat="34.21015222209933" lon="108.83762469482461">
        <ele>406.1199505869299</ele>
        <time>2025-11-17T04:36:54.900000Z</time>
        <extensions>
          <gpxtpx:TrackPointExtension>
            <gpxtpx:hr>105</gpxtpx:hr>
          </gpxtpx:TrackPointExtension>
        </extensions>
      </trkpt>
      <trkpt lat="34.21014737656487" lon="108.83764173319263">
        <ele>406.1031769728288</ele>
        <time>2025-11-17T04:36:55.900000Z</time>
        <extensions>
          <gpxtpx:TrackPointExtension>
            <gpxtpx:hr>105</gpxtpx:hr>
          </gpxtpx:TrackPointExtension>
        </extensions>
      </trkpt>
      <trkpt lat="34.21014313226713" lon="108.83765796143456">
        <ele>406.083664175123</ele>
        <time>2025-11-17T04:36:56.900000Z</time>
        <extensions>
          <gpxtpx:TrackPointExtension>
            <gpxtpx:hr>105</gpxtpx:hr>
          </gpxtpx:TrackPointExtension>
        </extensions>
      </trkpt>
      <trkpt lat="34.21013848093348" lon="108.83767278497588">
        <ele>406.0692154811695</ele>
        <time>2025-11-17T04:36:57.900000Z</time>
        <extensions>
          <gpxtpx:TrackPointExtension>
            <gpxtpx:hr>105</gpxtpx:hr>
          </gpxtpx:TrackPointExtension>
        </extensions>
      </trkpt>
      <trkpt lat="34.21013270262614" lon="108.83768550578709">
        <ele>406.07273163460195</ele>
        <time>2025-11-17T04:36:58.900000Z</time>
        <extensions>
          <gpxtpx:TrackPointExtension>
            <gpxtpx:hr>105</gpxtpx:hr>
          </gpxtpx:TrackPointExtension>
        </extensions>
      </trkpt>
      <trkpt lat="34.21012632800296" lon="108.83769502640813">
        <ele>406.0799556300044</ele>
        <time>2025-11-17T04:36:59.900000Z</time>
        <extensions>
          <gpxtpx:TrackPointExtension>
            <gpxtpx:hr>103</gpxtpx:hr>
          </gpxtpx:TrackPointExtension>
        </extensions>
      </trkpt>
      <trkpt lat="34.21011941615719" lon="108.83770195410841">
        <ele>406.08770459424704</ele>
        <time>2025-11-17T04:37:00.900000Z</time>
        <extensions>
          <gpxtpx:TrackPointExtension>
            <gpxtpx:hr>103</gpxtpx:hr>
          </gpxtpx:TrackPointExtension>
        </extensions>
      </trkpt>
      <trkpt lat="34.210111879057926" lon="108.8377082041698">
        <ele>406.08875299058855</ele>
        <time>2025-11-17T04:37:01.900000Z</time>
        <extensions>
          <gpxtpx:TrackPointExtension>
            <gpxtpx:hr>103</gpxtpx:hr>
          </gpxtpx:TrackPointExtension>
        </extensions>
      </trkpt>
      <trkpt lat="34.21010406999229" lon="108.83771422100288">
        <ele>406.0821854202077</ele>
        <time>2025-11-17T04:37:02.900000Z</time>
        <extensions>
          <gpxtpx:TrackPointExtension>
            <gpxtpx:hr>103</gpxtpx:hr>
          </gpxtpx:TrackPointExtension>
        </extensions>
      </trkpt>
      <trkpt lat="34.21009650920986" lon="108.83772003562859">
        <ele>406.06298013869673</ele>
        <time>2025-11-17T04:37:03.900000Z</time>
        <extensions>
          <gpxtpx:TrackPointExtension>
            <gpxtpx:hr>103</gpxtpx:hr>
          </gpxtpx:TrackPointExtension>
        </extensions>
      </trkpt>
      <trkpt lat="34.21008939929845" lon="108.83772575190329">
        <ele>406.0472706994042</ele>
        <time>2025-11-17T04:37:04.900000Z</time>
        <extensions>
          <gpxtpx:TrackPointExtension>
            <gpxtpx:hr>103</gpxtpx:hr>
          </gpxtpx:TrackPointExtension>
        </extensions>
      </trkpt>
      <trkpt lat="34.21008264681884" lon="108.83773187284217">
        <ele>406.0360137671232</ele>
        <time>2025-11-17T04:37:05.900000Z</time>
        <extensions>
          <gpxtpx:TrackPointExtension>
            <gpxtpx:hr>102</gpxtpx:hr>
          </gpxtpx:TrackPointExtension>
        </extensions>
      </trkpt>
      <trkpt lat="34.210076549557705" lon="108.83773831854532">
        <ele>406.02554610930383</ele>
        <time>2025-11-17T04:37:06.900000Z</time>
        <extensions>
          <gpxtpx:TrackPointExtension>
            <gpxtpx:hr>102</gpxtpx:hr>
          </gpxtpx:TrackPointExtension>
        </extensions>
      </trkpt>
      <trkpt lat="34.21007166972308" lon="108.83774470294088">
        <ele>406.0360667128116</ele>
        <time>2025-11-17T04:37:07.900000Z</time>
        <extensions>
          <gpxtpx:TrackPointExtension>
            <gpxtpx:hr>102</gpxtpx:hr>
          </gpxtpx:TrackPointExtension>
        </extensions>
      </trkpt>
      <trkpt lat="34.21006814266849" lon="108.83775093410706">
        <ele>406.0266790436581</ele>
        <time>2025-11-17T04:37:08.900000Z</time>
        <extensions>
          <gpxtpx:TrackPointExtension>
            <gpxtpx:hr>102</gpxtpx:hr>
          </gpxtpx:TrackPointExtension>
        </extensions>
      </trkpt>
      <trkpt lat="34.2100660124484" lon="108.83775694793405">
        <ele>406.0269210767001</ele>
        <time>2025-11-17T04:37:09.900000Z</time>
        <extensions>
          <gpxtpx:TrackPointExtension>
            <gpxtpx:hr>102</gpxtpx:hr>
          </gpxtpx:TrackPointExtension>
        </extensions>
      </trkpt>
      <trkpt lat="34.210065178403866" lon="108.83776288459696">
        <ele>406.02491417434067</ele>
        <time>2025-11-17T04:37:10.900000Z</time>
        <extensions>
          <gpxtpx:TrackPointExtension>
            <gpxtpx:hr>103</gpxtpx:hr>
          </gpxtpx:TrackPointExtension>
        </extensions>
      </trkpt>
      <trkpt lat="34.21006537681028" lon="108.83776897719348">
        <ele>406.0292729996145</ele>
        <time>2025-11-17T04:37:11.900000Z</time>
        <extensions>
          <gpxtpx:TrackPointExtension>
            <gpxtpx:hr>103</gpxtpx:hr>
          </gpxtpx:TrackPointExtension>
        </extensions>
      </trkpt>
      <trkpt lat="34.21006602902762" lon="108.83777540308544">
        <ele>406.03350123390555</ele>
        <time>2025-11-17T04:37:12.900000Z</time>
        <extensions>
          <gpxtpx:TrackPointExtension>
            <gpxtpx:hr>103</gpxtpx:hr>
          </gpxtpx:TrackPointExtension>
        </extensions>
      </trkpt>
      <trkpt lat="34.21006674807342" lon="108.83778261128016">
        <ele>406.05272677820176</ele>
        <time>2025-11-17T04:37:13.900000Z</time>
        <extensions>
          <gpxtpx:TrackPointExtension>
            <gpxtpx:hr>103</gpxtpx:hr>
          </gpxtpx:TrackPointExtension>
        </extensions>
      </trkpt>
      <trkpt lat="34.21006748072402" lon="108.83779038673458">
        <ele>406.05628706514835</ele>
        <time>2025-11-17T04:37:14.900000Z</time>
        <extensions>
          <gpxtpx:TrackPointExtension>
            <gpxtpx:hr>103</gpxtpx:hr>
          </gpxtpx:TrackPointExtension>
        </extensions>
      </trkpt>
      <trkpt lat="34.210068501164116" lon="108.8377980235533">
        <ele>406.06492100749165</ele>
        <time>2025-11-17T04:37:15.900000Z</time>
        <extensions>
          <gpxtpx:TrackPointExtension>
            <gpxtpx:hr>103</gpxtpx:hr>
          </gpxtpx:TrackPointExtension>
        </extensions>
      </trkpt>
      <trkpt lat="34.210069954536785" lon="108.83780504463361">
        <ele>406.0689689228311</ele>
        <time>2025-11-17T04:37:16.900000Z</time>
        <extensions>
          <gpxtpx:TrackPointExtension>
            <gpxtpx:hr>103</gpxtpx:hr>
          </gpxtpx:TrackPointExtension>
        </extensions>
      </trkpt>
      <trkpt lat="34.21007222048588" lon="108.83781120806266">
        <ele>406.0933425426483</ele>
        <time>2025-11-17T04:37:17.900000Z</time>
        <extensions>
          <gpxtpx:TrackPointExtension>
            <gpxtpx:hr>105</gpxtpx:hr>
          </gpxtpx:TrackPointExtension>
        </extensions>
      </trkpt>
      <trkpt lat="34.21007542503561" lon="108.83781712119796">
        <ele>406.1163380779326</ele>
        <time>2025-11-17T04:37:18.900000Z</time>
        <extensions>
          <gpxtpx:TrackPointExtension>
            <gpxtpx:hr>105</gpxtpx:hr>
          </gpxtpx:TrackPointExtension>
        </extensions>
      </trkpt>
      <trkpt lat="34.210079559364694" lon="108.83782278202915">
        <ele>406.133183920756</ele>
        <time>2025-11-17T04:37:19.900000Z</time>
        <extensions>
          <gpxtpx:TrackPointExtension>
            <gpxtpx:hr>105</gpxtpx:hr>
          </gpxtpx:TrackPointExtension>
        </extensions>
      </trkpt>
      <trkpt lat="34.21008428221278" lon="108.83782808715121">
        <ele>406.1519223013893</ele>
        <time>2025-11-17T04:37:20.900000Z</time>
        <extensions>
          <gpxtpx:TrackPointExtension>
            <gpxtpx:hr>105</gpxtpx:hr>
          </gpxtpx:TrackPointExtension>
        </extensions>
      </trkpt>
      <trkpt lat="34.21008923676226" lon="108.83783328789511">
        <ele>406.17347271181643</ele>
        <time>2025-11-17T04:37:21.900000Z</time>
        <extensions>
          <gpxtpx:TrackPointExtension>
            <gpxtpx:hr>105</gpxtpx:hr>
          </gpxtpx:TrackPointExtension>
        </extensions>
      </trkpt>
      <trkpt lat="34.210094272469924" lon="108.83783842437202">
        <ele>406.2066094810143</ele>
        <time>2025-11-17T04:37:22.900000Z</time>
        <extensions>
          <gpxtpx:TrackPointExtension>
            <gpxtpx:hr>106</gpxtpx:hr>
          </gpxtpx:TrackPointExtension>
        </extensions>
      </trkpt>
      <trkpt lat="34.21009944995109" lon="108.83784319084204">
        <ele>406.2447633286938</ele>
        <time>2025-11-17T04:37:23.900000Z</time>
        <extensions>
          <gpxtpx:TrackPointExtension>
            <gpxtpx:hr>106</gpxtpx:hr>
          </gpxtpx:TrackPointExtension>
        </extensions>
      </trkpt>
      <trkpt lat="34.21010543542583" lon="108.83784772195516">
        <ele>406.2818347904831</ele>
        <time>2025-11-17T04:37:24.900000Z</time>
        <extensions>
          <gpxtpx:TrackPointExtension>
            <gpxtpx:hr>106</gpxtpx:hr>
          </gpxtpx:TrackPointExtension>
        </extensions>
      </trkpt>
      <trkpt lat="34.21011277893451" lon="108.83785171441777">
        <ele>406.31265737395734</ele>
        <time>2025-11-17T04:37:25.900000Z</time>
        <extensions>
          <gpxtpx:TrackPointExtension>
            <gpxtpx:hr>106</gpxtpx:hr>
          </gpxtpx:TrackPointExtension>
        </extensions>
      </trkpt>
      <trkpt lat="34.21012222052394" lon="108.83785435305231">
        <ele>406.35174544900656</ele>
        <time>2025-11-17T04:37:26.900000Z</time>
        <extensions>
          <gpxtpx:TrackPointExtension>
            <gpxtpx:hr>106</gpxtpx:hr>
          </gpxtpx:TrackPointExtension>
        </extensions>
      </trkpt>
      <trkpt lat="34.21013333140112" lon="108.83785582689804">
        <ele>406.3992876103148</ele>
        <time>2025-11-17T04:37:27.900000Z</time>
        <extensions>
          <gpxtpx:TrackPointExtension>
            <gpxtpx:hr>104</gpxtpx:hr>
          </gpxtpx:TrackPointExtension>
        </extensions>
      </trkpt>
      <trkpt lat="34.210145069903746" lon="108.83785817039866">
        <ele>406.4305969942361</ele>
        <time>2025-11-17T04:37:28.900000Z</time>
        <extensions>
          <gpxtpx:TrackPointExtension>
            <gpxtpx:hr>104</gpxtpx:hr>
          </gpxtpx:TrackPointExtension>
        </extensions>
      </trkpt>
      <trkpt lat="34.21015669911597" lon="108.83786155093885">
        <ele>406.4914121059701</ele>
        <time>2025-11-17T04:37:29.900000Z</time>
        <extensions>
          <gpxtpx:TrackPointExtension>
            <gpxtpx:hr>104</gpxtpx:hr>
          </gpxtpx:TrackPointExtension>
        </extensions>
      </trkpt>
      <trkpt lat="34.21016803139467" lon="108.8378648014131">
        <ele>406.50928813032806</ele>
        <time>2025-11-17T04:37:30.900000Z</time>
        <extensions>
          <gpxtpx:TrackPointExtension>
            <gpxtpx:hr>104</gpxtpx:hr>
          </gpxtpx:TrackPointExtension>
        </extensions>
      </trkpt>
      <trkpt lat="34.21017843906327" lon="108.83786751878857">
        <ele>406.5157050881535</ele>
        <time>2025-11-17T04:37:31.900000Z</time>
        <extensions>
          <gpxtpx:TrackPointExtension>
            <gpxtpx:hr>104</gpxtpx:hr>
          </gpxtpx:TrackPointExtension>
        </extensions>
      </trkpt>
      <trkpt lat="34.210187477576184" lon="108.83787053936682">
        <ele>406.51638267561793</ele>
        <time>2025-11-17T04:37:32.900000Z</time>
        <extensions>
          <gpxtpx:TrackPointExtension>
            <gpxtpx:hr>104</gpxtpx:hr>
          </gpxtpx:TrackPointExtension>
        </extensions>
      </trkpt>
      <trkpt lat="34.210195663283336" lon="108.83787408655529">
        <ele>406.52884252369404</ele>
        <time>2025-11-17T04:37:33.900000Z</time>
        <extensions>
          <gpxtpx:TrackPointExtension>
            <gpxtpx:hr>104</gpxtpx:hr>
          </gpxtpx:TrackPointExtension>
        </extensions>
      </trkpt>
      <trkpt lat="34.21020346963094" lon="108.83787877736752">
        <ele>406.55395794752985</ele>
        <time>2025-11-17T04:37:34.900000Z</time>
        <extensions>
          <gpxtpx:TrackPointExtension>
            <gpxtpx:hr>103</gpxtpx:hr>
          </gpxtpx:TrackPointExtension>
        </extensions>
      </trkpt>
      <trkpt lat="34.21021106604098" lon="108.83788488243266">
        <ele>406.55979072954506</ele>
        <time>2025-11-17T04:37:35.900000Z</time>
        <extensions>
          <gpxtpx:TrackPointExtension>
            <gpxtpx:hr>103</gpxtpx:hr>
          </gpxtpx:TrackPointExtension>
        </extensions>
      </trkpt>
      <trkpt lat="34.21021875050323" lon="108.83789185104025">
        <ele>406.56437665130943</ele>
        <time>2025-11-17T04:37:36.900000Z</time>
        <extensions>
          <gpxtpx:TrackPointExtension>
            <gpxtpx:hr>103</gpxtpx:hr>
          </gpxtpx:TrackPointExtension>
        </extensions>
      </trkpt>
      <trkpt lat="34.21022685049091" lon="108.8378990128064">
        <ele>406.5585636384785</ele>
        <time>2025-11-17T04:37:37.900000Z</time>
        <extensions>
          <gpxtpx:TrackPointExtension>
            <gpxtpx:hr>103</gpxtpx:hr>
          </gpxtpx:TrackPointExtension>
        </extensions>
      </trkpt>
      <trkpt lat="34.21023571998062" lon="108.83790628281879">
        <ele>406.56466956809163</ele>
        <time>2025-11-17T04:37:38.900000Z</time>
        <extensions>
          <gpxtpx:TrackPointExtension>
            <gpxtpx:hr>103</gpxtpx:hr>
          </gpxtpx:TrackPointExtension>
        </extensions>
      </trkpt>
      <trkpt lat="34.210245571496415" lon="108.83791383495287">
        <ele>406.57610363699496</ele>
        <time>2025-11-17T04:37:39.900000Z</time>
        <extensions>
          <gpxtpx:TrackPointExtension>
            <gpxtpx:hr>103</gpxtpx:hr>
          </gpxtpx:TrackPointExtension>
        </extensions>
      </trkpt>
      <trkpt lat="34.21025626043865" lon="108.83792139213823">
        <ele>406.57214048411697</ele>
        <time>2025-11-17T04:37:40.900000Z</time>
        <extensions>
          <gpxtpx:TrackPointExtension>
            <gpxtpx:hr>103</gpxtpx:hr>
          </gpxtpx:TrackPointExtension>
        </extensions>
      </trkpt>
      <trkpt lat="34.210267528241395" lon="108.83792895144788">
        <ele>406.562544089742</ele>
        <time>2025-11-17T04:37:41.900000Z</time>
        <extensions>
          <gpxtpx:TrackPointExtension>
            <gpxtpx:hr>103</gpxtpx:hr>
          </gpxtpx:TrackPointExtension>
        </extensions>
      </trkpt>
      <trkpt lat="34.21027979735957" lon="108.83793744515177">
        <ele>406.5513813002035</ele>
        <time>2025-11-17T04:37:42.900000Z</time>
        <extensions>
          <gpxtpx:TrackPointExtension>
            <gpxtpx:hr>104</gpxtpx:hr>
          </gpxtpx:TrackPointExtension>
        </extensions>
      </trkpt>
      <trkpt lat="34.21029389375112" lon="108.8379472516017">
        <ele>406.54037788230926</ele>
        <time>2025-11-17T04:37:43.900000Z</time>
        <extensions>
          <gpxtpx:TrackPointExtension>
            <gpxtpx:hr>104</gpxtpx:hr>
          </gpxtpx:TrackPointExtension>
        </extensions>
      </trkpt>
      <trkpt lat="34.21030779845685" lon="108.83795493452129">
        <ele>406.5307830562815</ele>
        <time>2025-11-17T04:37:44.900000Z</time>
        <extensions>
          <gpxtpx:TrackPointExtension>
            <gpxtpx:hr>104</gpxtpx:hr>
          </gpxtpx:TrackPointExtension>
        </extensions>
      </trkpt>
      <trkpt lat="34.21031917340883" lon="108.83796726078812">
        <ele>406.50385632831603</ele>
        <time>2025-11-17T04:37:45.900000Z</time>
        <extensions>
          <gpxtpx:TrackPointExtension>
            <gpxtpx:hr>104</gpxtpx:hr>
          </gpxtpx:TrackPointExtension>
        </extensions>
      </trkpt>
      <trkpt lat="34.21032953988261" lon="108.83798549057383">
        <ele>406.47401528339833</ele>
        <time>2025-11-17T04:37:47Z</time>
        <extensions>
          <gpxtpx:TrackPointExtension>
            <gpxtpx:hr>104</gpxtpx:hr>
          </gpxtpx:TrackPointExtension>
        </extensions>
      </trkpt>
      <trkpt lat="34.21033072246052" lon="108.83801914437642">
        <ele>406.4393985280767</ele>
        <time>2025-11-17T04:37:48Z</time>
        <extensions>
          <gpxtpx:TrackPointExtension>
            <gpxtpx:hr>104</gpxtpx:hr>
          </gpxtpx:TrackPointExtension>
        </extensions>
      </trkpt>
      <trkpt lat="34.210328450038716" lon="108.838058789455">
        <ele>406.4181877793744</ele>
        <time>2025-11-17T04:37:49Z</time>
        <extensions>
          <gpxtpx:TrackPointExtension>
            <gpxtpx:hr>104</gpxtpx:hr>
          </gpxtpx:TrackPointExtension>
        </extensions>
      </trkpt>
      <trkpt lat="34.21032705710223" lon="108.83809911704414">
        <ele>406.39726289361715</ele>
        <time>2025-11-17T04:37:50Z</time>
        <extensions>
          <gpxtpx:TrackPointExtension>
            <gpxtpx:hr>103</gpxtpx:hr>
          </gpxtpx:TrackPointExtension>
        </extensions>
      </trkpt>
      <trkpt lat="34.21032617922297" lon="108.83814314728454">
        <ele>406.37269514612854</ele>
        <time>2025-11-17T04:37:51Z</time>
        <extensions>
          <gpxtpx:TrackPointExtension>
            <gpxtpx:hr>103</gpxtpx:hr>
          </gpxtpx:TrackPointExtension>
        </extensions>
      </trkpt>
      <trkpt lat="34.21032524901537" lon="108.83818839482795">
        <ele>406.3563103796914</ele>
        <time>2025-11-17T04:37:52Z</time>
        <extensions>
          <gpxtpx:TrackPointExtension>
            <gpxtpx:hr>103</gpxtpx:hr>
          </gpxtpx:TrackPointExtension>
        </extensions>
      </trkpt>
      <trkpt lat="34.21032522064069" lon="108.83823230471128">
        <ele>406.3360001863912</ele>
        <time>2025-11-17T04:37:53Z</time>
        <extensions>
          <gpxtpx:TrackPointExtension>
            <gpxtpx:hr>103</gpxtpx:hr>
          </gpxtpx:TrackPointExtension>
        </extensions>
      </trkpt>
      <trkpt lat="34.21032510606031" lon="108.83827780473446">
        <ele>406.34108335897326</ele>
        <time>2025-11-17T04:37:54Z</time>
        <extensions>
          <gpxtpx:TrackPointExtension>
            <gpxtpx:hr>103</gpxtpx:hr>
          </gpxtpx:TrackPointExtension>
        </extensions>
      </trkpt>
      <trkpt lat="34.210324123329485" lon="108.83832244990928">
        <ele>406.34671222791076</ele>
        <time>2025-11-17T04:37:55Z</time>
        <extensions>
          <gpxtpx:TrackPointExtension>
            <gpxtpx:hr>103</gpxtpx:hr>
          </gpxtpx:TrackPointExtension>
        </extensions>
      </trkpt>
      <trkpt lat="34.210319162547115" lon="108.83835931673458">
        <ele>406.3550796471536</ele>
        <time>2025-11-17T04:37:55.900000Z</time>
        <extensions>
          <gpxtpx:TrackPointExtension>
            <gpxtpx:hr>103</gpxtpx:hr>
          </gpxtpx:TrackPointExtension>
        </extensions>
      </trkpt>
      <trkpt lat="34.21030874324069" lon="108.83839642733423">
        <ele>406.36839932762086</ele>
        <time>2025-11-17T04:37:56.900000Z</time>
        <extensions>
          <gpxtpx:TrackPointExtension>
            <gpxtpx:hr>103</gpxtpx:hr>
          </gpxtpx:TrackPointExtension>
        </extensions>
      </trkpt>
      <trkpt lat="34.210295699157605" lon="108.83843472494935">
        <ele>406.3867073766887</ele>
        <time>2025-11-17T04:37:57.900000Z</time>
        <extensions>
          <gpxtpx:TrackPointExtension>
            <gpxtpx:hr>103</gpxtpx:hr>
          </gpxtpx:TrackPointExtension>
        </extensions>
      </trkpt>
      <trkpt lat="34.21028070787955" lon="108.83847245420503">
        <ele>406.4135936778039</ele>
        <time>2025-11-17T04:37:58.900000Z</time>
        <extensions>
          <gpxtpx:TrackPointExtension>
            <gpxtpx:hr>103</gpxtpx:hr>
          </gpxtpx:TrackPointExtension>
        </extensions>
      </trkpt>
      <trkpt lat="34.210263141290994" lon="108.83851077369268">
        <ele>406.44642863515764</ele>
        <time>2025-11-17T04:37:59.900000Z</time>
        <extensions>
          <gpxtpx:TrackPointExtension>
            <gpxtpx:hr>103</gpxtpx:hr>
          </gpxtpx:TrackPointExtension>
        </extensions>
      </trkpt>
      <trkpt lat="34.21024431687429" lon="108.83854830965585">
        <ele>406.4795409012586</ele>
        <time>2025-11-17T04:38:00.900000Z</time>
        <extensions>
          <gpxtpx:TrackPointExtension>
            <gpxtpx:hr>103</gpxtpx:hr>
          </gpxtpx:TrackPointExtension>
        </extensions>
      </trkpt>
      <trkpt lat="34.21022590969207" lon="108.83858184385299">
        <ele>406.51364069711417</ele>
        <time>2025-11-17T04:38:01.900000Z</time>
        <extensions>
          <gpxtpx:TrackPointExtension>
            <gpxtpx:hr>102</gpxtpx:hr>
          </gpxtpx:TrackPointExtension>
        </extensions>
      </trkpt>
      <trkpt lat="34.21020853152177" lon="108.83860969410502">
        <ele>406.5483484035358</ele>
        <time>2025-11-17T04:38:02.900000Z</time>
        <extensions>
          <gpxtpx:TrackPointExtension>
            <gpxtpx:hr>102</gpxtpx:hr>
          </gpxtpx:TrackPointExtension>
        </extensions>
      </trkpt>
      <trkpt lat="34.21019225777767" lon="108.83863073738081">
        <ele>406.58045558352023</ele>
        <time>2025-11-17T04:38:03.900000Z</time>
        <extensions>
          <gpxtpx:TrackPointExtension>
            <gpxtpx:hr>102</gpxtpx:hr>
          </gpxtpx:TrackPointExtension>
        </extensions>
      </trkpt>
      <trkpt lat="34.21017740031665" lon="108.83864419203604">
        <ele>406.62193893641233</ele>
        <time>2025-11-17T04:38:04.900000Z</time>
        <extensions>
          <gpxtpx:TrackPointExtension>
            <gpxtpx:hr>102</gpxtpx:hr>
          </gpxtpx:TrackPointExtension>
        </extensions>
      </trkpt>
      <trkpt lat="34.210164318891515" lon="108.83865149954235">
        <ele>406.64614668115973</ele>
        <time>2025-11-17T04:38:05.900000Z</time>
        <extensions>
          <gpxtpx:TrackPointExtension>
            <gpxtpx:hr>102</gpxtpx:hr>
          </gpxtpx:TrackPointExtension>
        </extensions>
      </trkpt>
      <trkpt lat="34.21015367923733" lon="108.83865576317422">
        <ele>406.67394977621734</ele>
        <time>2025-11-17T04:38:06.900000Z</time>
        <extensions>
          <gpxtpx:TrackPointExtension>
            <gpxtpx:hr>103</gpxtpx:hr>
          </gpxtpx:TrackPointExtension>
        </extensions>
      </trkpt>
      <trkpt lat="34.210145784117266" lon="108.83865912592842">
        <ele>406.6954691102728</ele>
        <time>2025-11-17T04:38:07.900000Z</time>
        <extensions>
          <gpxtpx:TrackPointExtension>
            <gpxtpx:hr>103</gpxtpx:hr>
          </gpxtpx:TrackPointExtension>
        </extensions>
      </trkpt>
      <trkpt lat="34.210139597188224" lon="108.83866199157085">
        <ele>406.71392849925905</ele>
        <time>2025-11-17T04:38:08.900000Z</time>
        <extensions>
          <gpxtpx:TrackPointExtension>
            <gpxtpx:hr>103</gpxtpx:hr>
          </gpxtpx:TrackPointExtension>
        </extensions>
      </trkpt>
      <trkpt lat="34.21013401319346" lon="108.83866403432839">
        <ele>406.72742915619165</ele>
        <time>2025-11-17T04:38:09.900000Z</time>
        <extensions>
          <gpxtpx:TrackPointExtension>
            <gpxtpx:hr>103</gpxtpx:hr>
          </gpxtpx:TrackPointExtension>
        </extensions>
      </trkpt>
      <trkpt lat="34.21012878559236" lon="108.83866501976823">
        <ele>406.7302083866671</ele>
        <time>2025-11-17T04:38:10.900000Z</time>
        <extensions>
          <gpxtpx:TrackPointExtension>
            <gpxtpx:hr>103</gpxtpx:hr>
          </gpxtpx:TrackPointExtension>
        </extensions>
      </trkpt>
      <trkpt lat="34.21012437175444" lon="108.83866497224187">
        <ele>406.7313356185332</ele>
        <time>2025-11-17T04:38:11.900000Z</time>
        <extensions>
          <gpxtpx:TrackPointExtension>
            <gpxtpx:hr>103</gpxtpx:hr>
          </gpxtpx:TrackPointExtension>
        </extensions>
      </trkpt>
      <trkpt lat="34.2101214609266" lon="108.83866438730438">
        <ele>406.721795222722</ele>
        <time>2025-11-17T04:38:12.900000Z</time>
        <extensions>
          <gpxtpx:TrackPointExtension>
            <gpxtpx:hr>104</gpxtpx:hr>
          </gpxtpx:TrackPointExtension>
        </extensions>
      </trkpt>
      <trkpt lat="34.2101197310975" lon="108.83866385678745">
        <ele>406.71705767605454</ele>
        <time>2025-11-17T04:38:13.900000Z</time>
        <extensions>
          <gpxtpx:TrackPointExtension>
            <gpxtpx:hr>104</gpxtpx:hr>
          </gpxtpx:TrackPointExtension>
        </extensions>
      </trkpt>
      <trkpt lat="34.21011792357775" lon="108.83866390935178">
        <ele>406.709546783939</ele>
        <time>2025-11-17T04:38:14.900000Z</time>
        <extensions>
          <gpxtpx:TrackPointExtension>
            <gpxtpx:hr>104</gpxtpx:hr>
          </gpxtpx:TrackPointExtension>
        </extensions>
      </trkpt>
      <trkpt lat="34.210115174071575" lon="108.83866497077086">
        <ele>406.7004941413179</ele>
        <time>2025-11-17T04:38:15.900000Z</time>
        <extensions>
          <gpxtpx:TrackPointExtension>
            <gpxtpx:hr>104</gpxtpx:hr>
          </gpxtpx:TrackPointExtension>
        </extensions>
      </trkpt>
      <trkpt lat="34.210111061975915" lon="108.8386674379679">
        <ele>406.6866224994883</ele>
        <time>2025-11-17T04:38:16.900000Z</time>
        <extensions>
          <gpxtpx:TrackPointExtension>
            <gpxtpx:hr>104</gpxtpx:hr>
          </gpxtpx:TrackPointExtension>
        </extensions>
      </trkpt>
      <trkpt lat="34.21010577771356" lon="108.83867126401618">
        <ele>406.6705676019192</ele>
        <time>2025-11-17T04:38:17.900000Z</time>
        <extensions>
          <gpxtpx:TrackPointExtension>
            <gpxtpx:hr>104</gpxtpx:hr>
          </gpxtpx:TrackPointExtension>
        </extensions>
      </trkpt>
      <trkpt lat="34.2100987159073" lon="108.83867670919808">
        <ele>406.65395991131663</ele>
        <time>2025-11-17T04:38:18.900000Z</time>
        <extensions>
          <gpxtpx:TrackPointExtension>
            <gpxtpx:hr>104</gpxtpx:hr>
          </gpxtpx:TrackPointExtension>
        </extensions>
      </trkpt>
      <trkpt lat="34.210089292523676" lon="108.83868404132818">
        <ele>406.63589992839843</ele>
        <time>2025-11-17T04:38:19.900000Z</time>
        <extensions>
          <gpxtpx:TrackPointExtension>
            <gpxtpx:hr>104</gpxtpx:hr>
          </gpxtpx:TrackPointExtension>
        </extensions>
      </trkpt>
      <trkpt lat="34.21007650115595" lon="108.83869299420472">
        <ele>406.6176956985146</ele>
        <time>2025-11-17T04:38:20.900000Z</time>
        <extensions>
          <gpxtpx:TrackPointExtension>
            <gpxtpx:hr>104</gpxtpx:hr>
          </gpxtpx:TrackPointExtension>
        </extensions>
      </trkpt>
      <trkpt lat="34.21006163611097" lon="108.83870305667435">
        <ele>406.59838985837996</ele>
        <time>2025-11-17T04:38:21.900000Z</time>
        <extensions>
          <gpxtpx:TrackPointExtension>
            <gpxtpx:hr>104</gpxtpx:hr>
          </gpxtpx:TrackPointExtension>
        </extensions>
      </trkpt>
      <trkpt lat="34.210045097381176" lon="108.83871329915135">
        <ele>406.58031072467566</ele>
        <time>2025-11-17T04:38:22.900000Z</time>
        <extensions>
          <gpxtpx:TrackPointExtension>
            <gpxtpx:hr>104</gpxtpx:hr>
          </gpxtpx:TrackPointExtension>
        </extensions>
      </trkpt>
      <trkpt lat="34.21002750767845" lon="108.8387224958645">
        <ele>406.56303262803704</ele>
        <time>2025-11-17T04:38:23.900000Z</time>
        <extensions>
          <gpxtpx:TrackPointExtension>
            <gpxtpx:hr>104</gpxtpx:hr>
          </gpxtpx:TrackPointExtension>
        </extensions>
      </trkpt>
      <trkpt lat="34.21000999935014" lon="108.83872972668954">
        <ele>406.5458939783275</ele>
        <time>2025-11-17T04:38:24.900000Z</time>
        <extensions>
          <gpxtpx:TrackPointExtension>
            <gpxtpx:hr>104</gpxtpx:hr>
          </gpxtpx:TrackPointExtension>
        </extensions>
      </trkpt>
      <trkpt lat="34.20999360067427" lon="108.83873479847047">
        <ele>406.5295875845477</ele>
        <time>2025-11-17T04:38:25.900000Z</time>
        <extensions>
          <gpxtpx:TrackPointExtension>
            <gpxtpx:hr>102</gpxtpx:hr>
          </gpxtpx:TrackPointExtension>
        </extensions>
      </trkpt>
      <trkpt lat="34.20998034048664" lon="108.8387370525286">
        <ele>406.517464986071</ele>
        <time>2025-11-17T04:38:26.900000Z</time>
        <extensions>
          <gpxtpx:TrackPointExtension>
            <gpxtpx:hr>102</gpxtpx:hr>
          </gpxtpx:TrackPointExtension>
        </extensions>
      </trkpt>
      <trkpt lat="34.209968658342326" lon="108.83873789431283">
        <ele>406.50486302934587</ele>
        <time>2025-11-17T04:38:27.900000Z</time>
        <extensions>
          <gpxtpx:TrackPointExtension>
            <gpxtpx:hr>102</gpxtpx:hr>
          </gpxtpx:TrackPointExtension>
        </extensions>
      </trkpt>
      <trkpt lat="34.20995755396664" lon="108.83873876512072">
        <ele>406.4933624342084</ele>
        <time>2025-11-17T04:38:28.900000Z</time>
        <extensions>
          <gpxtpx:TrackPointExtension>
            <gpxtpx:hr>102</gpxtpx:hr>
          </gpxtpx:TrackPointExtension>
        </extensions>
      </trkpt>
      <trkpt lat="34.209947509465415" lon="108.83873993363495">
        <ele>406.48346675466746</ele>
        <time>2025-11-17T04:38:29.900000Z</time>
        <extensions>
          <gpxtpx:TrackPointExtension>
            <gpxtpx:hr>102</gpxtpx:hr>
          </gpxtpx:TrackPointExtension>
        </extensions>
      </trkpt>
      <trkpt lat="34.20993972907968" lon="108.83874180973015">
        <ele>406.4730590414256</ele>
        <time>2025-11-17T04:38:30.900000Z</time>
        <extensions>
          <gpxtpx:TrackPointExtension>
            <gpxtpx:hr>102</gpxtpx:hr>
          </gpxtpx:TrackPointExtension>
        </extensions>
      </trkpt>
      <trkpt lat="34.20993434243911" lon="108.83874598656975">
        <ele>406.46663441695273</ele>
        <time>2025-11-17T04:38:31.900000Z</time>
        <extensions>
          <gpxtpx:TrackPointExtension>
            <gpxtpx:hr>99</gpxtpx:hr>
          </gpxtpx:TrackPointExtension>
        </extensions>
      </trkpt>
      <trkpt lat="34.20993034685481" lon="108.83875424990036">
        <ele>406.4634598894045</ele>
        <time>2025-11-17T04:38:32.900000Z</time>
        <extensions>
          <gpxtpx:TrackPointExtension>
            <gpxtpx:hr>99</gpxtpx:hr>
          </gpxtpx:TrackPointExtension>
        </extensions>
      </trkpt>
      <trkpt lat="34.209928259631674" lon="108.83876855579123">
        <ele>406.4625240350142</ele>
        <time>2025-11-17T04:38:33.900000Z</time>
        <extensions>
          <gpxtpx:TrackPointExtension>
            <gpxtpx:hr>99</gpxtpx:hr>
          </gpxtpx:TrackPointExtension>
        </extensions>
      </trkpt>
      <trkpt lat="34.209928240107004" lon="108.83879112398137">
        <ele>406.4626028360799</ele>
        <time>2025-11-17T04:38:34.900000Z</time>
        <extensions>
          <gpxtpx:TrackPointExtension>
            <gpxtpx:hr>99</gpxtpx:hr>
          </gpxtpx:TrackPointExtension>
        </extensions>
      </trkpt>
      <trkpt lat="34.2099312227672" lon="108.83882208402837">
        <ele>406.46438807155937</ele>
        <time>2025-11-17T04:38:35.900000Z</time>
        <extensions>
          <gpxtpx:TrackPointExtension>
            <gpxtpx:hr>99</gpxtpx:hr>
          </gpxtpx:TrackPointExtension>
        </extensions>
      </trkpt>
      <trkpt lat="34.20993476292508" lon="108.83885862451991">
        <ele>406.47098059859127</ele>
        <time>2025-11-17T04:38:36.900000Z</time>
        <extensions>
          <gpxtpx:TrackPointExtension>
            <gpxtpx:hr>99</gpxtpx:hr>
          </gpxtpx:TrackPointExtension>
        </extensions>
      </trkpt>
      <trkpt lat="34.20993962762896" lon="108.83890322680038">
        <ele>406.4805486248806</ele>
        <time>2025-11-17T04:38:37.900000Z</time>
        <extensions>
          <gpxtpx:TrackPointExtension>
            <gpxtpx:hr>99</gpxtpx:hr>
          </gpxtpx:TrackPointExtension>
        </extensions>
      </trkpt>
      <trkpt lat="34.209946733407556" lon="108.83895253036633">
        <ele>406.4950819686055</ele>
        <time>2025-11-17T04:38:38.900000Z</time>
        <extensions>
          <gpxtpx:TrackPointExtension>
            <gpxtpx:hr>99</gpxtpx:hr>
          </gpxtpx:TrackPointExtension>
        </extensions>
      </trkpt>
      <trkpt lat="34.20995636411813" lon="108.83900205101851">
        <ele>406.5132389469072</ele>
        <time>2025-11-17T04:38:39.900000Z</time>
        <extensions>
          <gpxtpx:TrackPointExtension>
            <gpxtpx:hr>99</gpxtpx:hr>
          </gpxtpx:TrackPointExtension>
        </extensions>
      </trkpt>
      <trkpt lat="34.20996867167589" lon="108.83904851716498">
        <ele>406.5334713310003</ele>
        <time>2025-11-17T04:38:40.900000Z</time>
        <extensions>
          <gpxtpx:TrackPointExtension>
            <gpxtpx:hr>99</gpxtpx:hr>
          </gpxtpx:TrackPointExtension>
        </extensions>
      </trkpt>
      <trkpt lat="34.209982563250776" lon="108.83908920670545">
        <ele>406.5588645571843</ele>
        <time>2025-11-17T04:38:41.900000Z</time>
        <extensions>
          <gpxtpx:TrackPointExtension>
            <gpxtpx:hr>99</gpxtpx:hr>
          </gpxtpx:TrackPointExtension>
        </extensions>
      </trkpt>
      <trkpt lat="34.20999631053436" lon="108.83912204910686">
        <ele>406.58670497778803</ele>
        <time>2025-11-17T04:38:42.900000Z</time>
        <extensions>
          <gpxtpx:TrackPointExtension>
            <gpxtpx:hr>99</gpxtpx:hr>
          </gpxtpx:TrackPointExtension>
        </extensions>
      </trkpt>
      <trkpt lat="34.21000947705771" lon="108.83914701913915">
        <ele>406.61879403330386</ele>
        <time>2025-11-17T04:38:44Z</time>
        <extensions>
          <gpxtpx:TrackPointExtension>
            <gpxtpx:hr>99</gpxtpx:hr>
          </gpxtpx:TrackPointExtension>
        </extensions>
      </trkpt>
      <trkpt lat="34.210019143760185" lon="108.8391589609991">
        <ele>406.6510121272877</ele>
        <time>2025-11-17T04:38:45Z</time>
      </trkpt>
      <trkpt lat="34.21002500791962" lon="108.83915987305976">
        <ele>406.6840328639373</ele>
        <time>2025-11-17T04:38:46Z</time>
      </trkpt>
      <trkpt lat="34.21002799983926" lon="108.839157004477">
        <ele>406.7172367135063</ele>
        <time>2025-11-17T04:38:47Z</time>
      </trkpt>
      <trkpt lat="34.21002974532026" lon="108.83915010040442">
        <ele>406.751649601385</ele>
        <time>2025-11-17T04:38:48Z</time>
      </trkpt>
      <trkpt lat="34.21003076525393" lon="108.83914175192125">
        <ele>406.78647494036704</ele>
        <time>2025-11-17T04:38:49Z</time>
      </trkpt>
      <trkpt lat="34.21003137004327" lon="108.83913338128704">
        <ele>406.8214429728687</ele>
        <time>2025-11-17T04:38:50Z</time>
      </trkpt>
      <trkpt lat="34.21003169754916" lon="108.8391261841978">
        <ele>406.85639076679945</ele>
        <time>2025-11-17T04:38:51Z</time>
      </trkpt>
      <trkpt lat="34.210031841632905" lon="108.83912087403957">
        <ele>406.89077222160995</ele>
        <time>2025-11-17T04:38:52Z</time>
      </trkpt>
      <trkpt lat="34.2100318987021" lon="108.83911688275248">
        <ele>406.9246361562982</ele>
        <time>2025-11-17T04:38:53Z</time>
      </trkpt>
      <trkpt lat="34.210031920248944" lon="108.83911357692537">
        <ele>406.9576141415164</ele>
        <time>2025-11-17T04:38:54Z</time>
      </trkpt>
      <trkpt lat="34.21003192789495" lon="108.83911080224664">
        <ele>406.99036135245115</ele>
        <time>2025-11-17T04:38:55Z</time>
      </trkpt>
      <trkpt lat="34.2100319302498" lon="108.83910868055727">
        <ele>407.0226865047589</ele>
        <time>2025-11-17T04:38:56Z</time>
      </trkpt>
      <trkpt lat="34.21005757321658" lon="108.8389749590576">
        <ele>407.1051374608651</ele>
        <time>2025-11-17T04:39:19Z</time>
        <extensions>
          <gpxtpx:TrackPointExtension>
            <gpxtpx:hr>89</gpxtpx:hr>
          </gpxtpx:TrackPointExtension>
        </extensions>
      </trkpt>
      <trkpt lat="34.21005821920964" lon="108.83897424752188">
        <ele>407.1127625629306</ele>
        <time>2025-11-17T04:39:20Z</time>
        <extensions>
          <gpxtpx:TrackPointExtension>
            <gpxtpx:hr>91</gpxtpx:hr>
          </gpxtpx:TrackPointExtension>
        </extensions>
      </trkpt>
      <trkpt lat="34.21005895448287" lon="108.83897341550777">
        <ele>407.120473427698</ele>
        <time>2025-11-17T04:39:21Z</time>
        <extensions>
          <gpxtpx:TrackPointExtension>
            <gpxtpx:hr>91</gpxtpx:hr>
          </gpxtpx:TrackPointExtension>
        </extensions>
      </trkpt>
      <trkpt lat="34.21005982524093" lon="108.83897242008543">
        <ele>407.12826495990157</ele>
        <time>2025-11-17T04:39:22Z</time>
        <extensions>
          <gpxtpx:TrackPointExtension>
            <gpxtpx:hr>91</gpxtpx:hr>
          </gpxtpx:TrackPointExtension>
        </extensions>
      </trkpt>
      <trkpt lat="34.21006084360623" lon="108.8389712570981">
        <ele>407.1361135151237</ele>
        <time>2025-11-17T04:39:23Z</time>
        <extensions>
          <gpxtpx:TrackPointExtension>
            <gpxtpx:hr>91</gpxtpx:hr>
          </gpxtpx:TrackPointExtension>
        </extensions>
      </trkpt>
      <trkpt lat="34.210061940314446" lon="108.8389700060082">
        <ele>407.14388828445226</ele>
        <time>2025-11-17T04:39:24Z</time>
        <extensions>
          <gpxtpx:TrackPointExtension>
            <gpxtpx:hr>91</gpxtpx:hr>
          </gpxtpx:TrackPointExtension>
        </extensions>
      </trkpt>
      <trkpt lat="34.21006302169171" lon="108.83896876763977">
        <ele>407.15168025530875</ele>
        <time>2025-11-17T04:39:25Z</time>
        <extensions>
          <gpxtpx:TrackPointExtension>
            <gpxtpx:hr>91</gpxtpx:hr>
          </gpxtpx:TrackPointExtension>
        </extensions>
      </trkpt>
      <trkpt lat="34.210074732381344" lon="108.83895519244015">
        <ele>407.20608234778047</ele>
        <time>2025-11-17T04:39:35Z</time>
        <extensions>
          <gpxtpx:TrackPointExtension>
            <gpxtpx:hr>85</gpxtpx:hr>
          </gpxtpx:TrackPointExtension>
        </extensions>
      </trkpt>
      <trkpt lat="34.210085395633286" lon="108.83894267442331">
        <ele>407.22534720785916</ele>
        <time>2025-11-17T04:39:46Z</time>
        <extensions>
          <gpxtpx:TrackPointExtension>
            <gpxtpx:hr>87</gpxtpx:hr>
          </gpxtpx:TrackPointExtension>
        </extensions>
      </trkpt>
      <trkpt lat="34.210085948263426" lon="108.83894183554364">
        <ele>407.2256916118786</ele>
        <time>2025-11-17T04:39:47Z</time>
        <extensions>
          <gpxtpx:TrackPointExtension>
            <gpxtpx:hr>85</gpxtpx:hr>
          </gpxtpx:TrackPointExtension>
        </extensions>
      </trkpt>
      <trkpt lat="34.21008652690357" lon="108.83894100061868">
        <ele>407.2230742573738</ele>
        <time>2025-11-17T04:39:49Z</time>
        <extensions>
          <gpxtpx:TrackPointExtension>
            <gpxtpx:hr>85</gpxtpx:hr>
          </gpxtpx:TrackPointExtension>
        </extensions>
      </trkpt>
      <trkpt lat="34.21008673180584" lon="108.83894060236176">
        <ele>407.22073398251086</ele>
        <time>2025-11-17T04:39:50Z</time>
        <extensions>
          <gpxtpx:TrackPointExtension>
            <gpxtpx:hr>85</gpxtpx:hr>
          </gpxtpx:TrackPointExtension>
        </extensions>
      </trkpt>
      <trkpt lat="34.21008691481191" lon="108.83894024190577">
        <ele>407.2179401861504</ele>
        <time>2025-11-17T04:39:51Z</time>
        <extensions>
          <gpxtpx:TrackPointExtension>
            <gpxtpx:hr>85</gpxtpx:hr>
          </gpxtpx:TrackPointExtension>
        </extensions>
      </trkpt>
      <trkpt lat="34.210087079901" lon="108.83893992204256">
        <ele>407.21485258452594</ele>
        <time>2025-11-17T04:39:52Z</time>
        <extensions>
          <gpxtpx:TrackPointExtension>
            <gpxtpx:hr>84</gpxtpx:hr>
          </gpxtpx:TrackPointExtension>
        </extensions>
      </trkpt>
      <trkpt lat="34.21008723318785" lon="108.83893964627659">
        <ele>407.2115608723834</ele>
        <time>2025-11-17T04:39:53Z</time>
        <extensions>
          <gpxtpx:TrackPointExtension>
            <gpxtpx:hr>84</gpxtpx:hr>
          </gpxtpx:TrackPointExtension>
        </extensions>
      </trkpt>
      <trkpt lat="34.21008738174094" lon="108.83893942708619">
        <ele>407.2081166515127</ele>
        <time>2025-11-17T04:39:54Z</time>
        <extensions>
          <gpxtpx:TrackPointExtension>
            <gpxtpx:hr>84</gpxtpx:hr>
          </gpxtpx:TrackPointExtension>
        </extensions>
      </trkpt>
      <trkpt lat="34.21008751604166" lon="108.83893919591202">
        <ele>407.20746727194637</ele>
        <time>2025-11-17T04:39:55Z</time>
        <extensions>
          <gpxtpx:TrackPointExtension>
            <gpxtpx:hr>84</gpxtpx:hr>
          </gpxtpx:TrackPointExtension>
        </extensions>
      </trkpt>
      <trkpt lat="34.210087685910686" lon="108.83893908029225">
        <ele>407.2081136452034</ele>
        <time>2025-11-17T04:39:56Z</time>
        <extensions>
          <gpxtpx:TrackPointExtension>
            <gpxtpx:hr>84</gpxtpx:hr>
          </gpxtpx:TrackPointExtension>
        </extensions>
      </trkpt>
      <trkpt lat="34.21008787167652" lon="108.83893903328146">
        <ele>407.20959203038365</ele>
        <time>2025-11-17T04:39:57Z</time>
        <extensions>
          <gpxtpx:TrackPointExtension>
            <gpxtpx:hr>84</gpxtpx:hr>
          </gpxtpx:TrackPointExtension>
        </extensions>
      </trkpt>
      <trkpt lat="34.21008802627229" lon="108.83893896535818">
        <ele>407.2114482372999</ele>
        <time>2025-11-17T04:39:58Z</time>
        <extensions>
          <gpxtpx:TrackPointExtension>
            <gpxtpx:hr>84</gpxtpx:hr>
          </gpxtpx:TrackPointExtension>
        </extensions>
      </trkpt>
      <trkpt lat="34.21008810871732" lon="108.83893881936217">
        <ele>407.2114724526182</ele>
        <time>2025-11-17T04:39:59Z</time>
        <extensions>
          <gpxtpx:TrackPointExtension>
            <gpxtpx:hr>84</gpxtpx:hr>
          </gpxtpx:TrackPointExtension>
        </extensions>
      </trkpt>
      <trkpt lat="34.21008812309822" lon="108.83893858081788">
        <ele>407.2118857074529</ele>
        <time>2025-11-17T04:40:00Z</time>
        <extensions>
          <gpxtpx:TrackPointExtension>
            <gpxtpx:hr>85</gpxtpx:hr>
          </gpxtpx:TrackPointExtension>
        </extensions>
      </trkpt>
      <trkpt lat="34.21008811746958" lon="108.83893832570901">
        <ele>407.2125870939344</ele>
        <time>2025-11-17T04:40:01Z</time>
        <extensions>
          <gpxtpx:TrackPointExtension>
            <gpxtpx:hr>85</gpxtpx:hr>
          </gpxtpx:TrackPointExtension>
        </extensions>
      </trkpt>
      <trkpt lat="34.210088102661075" lon="108.83893807894013">
        <ele>407.21357732173055</ele>
        <time>2025-11-17T04:40:02Z</time>
        <extensions>
          <gpxtpx:TrackPointExtension>
            <gpxtpx:hr>85</gpxtpx:hr>
          </gpxtpx:TrackPointExtension>
        </extensions>
      </trkpt>
      <trkpt lat="34.21008808600843" lon="108.83893785541602">
        <ele>407.2147944178432</ele>
        <time>2025-11-17T04:40:03Z</time>
        <extensions>
          <gpxtpx:TrackPointExtension>
            <gpxtpx:hr>85</gpxtpx:hr>
          </gpxtpx:TrackPointExtension>
        </extensions>
      </trkpt>
      <trkpt lat="34.2100880755699" lon="108.83893766593583">
        <ele>407.2160962391645</ele>
        <time>2025-11-17T04:40:04Z</time>
        <extensions>
          <gpxtpx:TrackPointExtension>
            <gpxtpx:hr>85</gpxtpx:hr>
          </gpxtpx:TrackPointExtension>
        </extensions>
      </trkpt>
      <trkpt lat="34.210088083854615" lon="108.83893752996198">
        <ele>407.21731083933264</ele>
        <time>2025-11-17T04:40:05Z</time>
        <extensions>
          <gpxtpx:TrackPointExtension>
            <gpxtpx:hr>85</gpxtpx:hr>
          </gpxtpx:TrackPointExtension>
        </extensions>
      </trkpt>
      <trkpt lat="34.210088099432575" lon="108.83893740982661">
        <ele>407.21798775997013</ele>
        <time>2025-11-17T04:40:06Z</time>
        <extensions>
          <gpxtpx:TrackPointExtension>
            <gpxtpx:hr>85</gpxtpx:hr>
          </gpxtpx:TrackPointExtension>
        </extensions>
      </trkpt>
      <trkpt lat="34.210088091155974" lon="108.8389372400513">
        <ele>407.2181147215888</ele>
        <time>2025-11-17T04:40:07Z</time>
        <extensions>
          <gpxtpx:TrackPointExtension>
            <gpxtpx:hr>85</gpxtpx:hr>
          </gpxtpx:TrackPointExtension>
        </extensions>
      </trkpt>
      <trkpt lat="34.21008805308713" lon="108.83893690649086">
        <ele>407.2158338651061</ele>
        <time>2025-11-17T04:40:09Z</time>
        <extensions>
          <gpxtpx:TrackPointExtension>
            <gpxtpx:hr>85</gpxtpx:hr>
          </gpxtpx:TrackPointExtension>
        </extensions>
      </trkpt>
      <trkpt lat="34.21009381609279" lon="108.83892703184283">
        <ele>407.2154746055603</ele>
        <time>2025-11-17T04:40:10Z</time>
        <extensions>
          <gpxtpx:TrackPointExtension>
            <gpxtpx:hr>78</gpxtpx:hr>
          </gpxtpx:TrackPointExtension>
        </extensions>
      </trkpt>
      <trkpt lat="34.2100999473678" lon="108.83891653451482">
        <ele>407.2154577933252</ele>
        <time>2025-11-17T04:40:11Z</time>
        <extensions>
          <gpxtpx:TrackPointExtension>
            <gpxtpx:hr>78</gpxtpx:hr>
          </gpxtpx:TrackPointExtension>
        </extensions>
      </trkpt>
      <trkpt lat="34.21010635727554" lon="108.83890557017534">
        <ele>407.2158322846517</ele>
        <time>2025-11-17T04:40:12Z</time>
        <extensions>
          <gpxtpx:TrackPointExtension>
            <gpxtpx:hr>78</gpxtpx:hr>
          </gpxtpx:TrackPointExtension>
        </extensions>
      </trkpt>
      <trkpt lat="34.21011292268877" lon="108.83889436587693">
        <ele>407.21664190571755</ele>
        <time>2025-11-17T04:40:13Z</time>
        <extensions>
          <gpxtpx:TrackPointExtension>
            <gpxtpx:hr>78</gpxtpx:hr>
          </gpxtpx:TrackPointExtension>
        </extensions>
      </trkpt>
      <trkpt lat="34.210119567980826" lon="108.83888305690759">
        <ele>407.2179377200082</ele>
        <time>2025-11-17T04:40:14Z</time>
        <extensions>
          <gpxtpx:TrackPointExtension>
            <gpxtpx:hr>78</gpxtpx:hr>
          </gpxtpx:TrackPointExtension>
        </extensions>
      </trkpt>
      <trkpt lat="34.21012897433321" lon="108.83886680176595">
        <ele>407.2125867679715</ele>
        <time>2025-11-17T04:40:15Z</time>
        <extensions>
          <gpxtpx:TrackPointExtension>
            <gpxtpx:hr>78</gpxtpx:hr>
          </gpxtpx:TrackPointExtension>
        </extensions>
      </trkpt>
      <trkpt lat="34.21013855422677" lon="108.83885029226691">
        <ele>407.2062043994665</ele>
        <time>2025-11-17T04:40:16Z</time>
        <extensions>
          <gpxtpx:TrackPointExtension>
            <gpxtpx:hr>78</gpxtpx:hr>
          </gpxtpx:TrackPointExtension>
        </extensions>
      </trkpt>
      <trkpt lat="34.210148338866105" lon="108.83883348221842">
        <ele>407.19882520474494</ele>
        <time>2025-11-17T04:40:17Z</time>
        <extensions>
          <gpxtpx:TrackPointExtension>
            <gpxtpx:hr>78</gpxtpx:hr>
          </gpxtpx:TrackPointExtension>
        </extensions>
      </trkpt>
      <trkpt lat="34.21015794614219" lon="108.83881699546666">
        <ele>407.1904500676319</ele>
        <time>2025-11-17T04:40:18Z</time>
        <extensions>
          <gpxtpx:TrackPointExtension>
            <gpxtpx:hr>78</gpxtpx:hr>
          </gpxtpx:TrackPointExtension>
        </extensions>
      </trkpt>
      <trkpt lat="34.21016698495747" lon="108.83880147269028">
        <ele>407.1809746576473</ele>
        <time>2025-11-17T04:40:19Z</time>
        <extensions>
          <gpxtpx:TrackPointExtension>
            <gpxtpx:hr>78</gpxtpx:hr>
          </gpxtpx:TrackPointExtension>
        </extensions>
      </trkpt>
      <trkpt lat="34.21017535031891" lon="108.83878709758098">
        <ele>407.1703985389322</ele>
        <time>2025-11-17T04:40:20Z</time>
        <extensions>
          <gpxtpx:TrackPointExtension>
            <gpxtpx:hr>78</gpxtpx:hr>
          </gpxtpx:TrackPointExtension>
        </extensions>
      </trkpt>
      <trkpt lat="34.21018304274486" lon="108.83877386566355">
        <ele>407.1585793197155</ele>
        <time>2025-11-17T04:40:21Z</time>
        <extensions>
          <gpxtpx:TrackPointExtension>
            <gpxtpx:hr>78</gpxtpx:hr>
          </gpxtpx:TrackPointExtension>
        </extensions>
      </trkpt>
      <trkpt lat="34.21019002942192" lon="108.83876182925938">
        <ele>407.14550097938627</ele>
        <time>2025-11-17T04:40:22Z</time>
        <extensions>
          <gpxtpx:TrackPointExtension>
            <gpxtpx:hr>78</gpxtpx:hr>
          </gpxtpx:TrackPointExtension>
        </extensions>
      </trkpt>
      <trkpt lat="34.21019867021753" lon="108.83874692792023">
        <ele>407.1174889272079</ele>
        <time>2025-11-17T04:40:23Z</time>
        <extensions>
          <gpxtpx:TrackPointExtension>
            <gpxtpx:hr>78</gpxtpx:hr>
          </gpxtpx:TrackPointExtension>
        </extensions>
      </trkpt>
      <trkpt lat="34.21020725726388" lon="108.8387321075294">
        <ele>407.0837551401928</ele>
        <time>2025-11-17T04:40:24Z</time>
        <extensions>
          <gpxtpx:TrackPointExtension>
            <gpxtpx:hr>78</gpxtpx:hr>
          </gpxtpx:TrackPointExtension>
        </extensions>
      </trkpt>
      <trkpt lat="34.21021616754928" lon="108.83871680116553">
        <ele>407.0467054154724</ele>
        <time>2025-11-17T04:40:25Z</time>
        <extensions>
          <gpxtpx:TrackPointExtension>
            <gpxtpx:hr>78</gpxtpx:hr>
          </gpxtpx:TrackPointExtension>
        </extensions>
      </trkpt>
      <trkpt lat="34.21022481171727" lon="108.83870191891691">
        <ele>407.00634031556547</ele>
        <time>2025-11-17T04:40:26Z</time>
        <extensions>
          <gpxtpx:TrackPointExtension>
            <gpxtpx:hr>78</gpxtpx:hr>
          </gpxtpx:TrackPointExtension>
        </extensions>
      </trkpt>
      <trkpt lat="34.21023291468378" lon="108.83868796139025">
        <ele>406.96312848944217</ele>
        <time>2025-11-17T04:40:27Z</time>
        <extensions>
          <gpxtpx:TrackPointExtension>
            <gpxtpx:hr>78</gpxtpx:hr>
          </gpxtpx:TrackPointExtension>
        </extensions>
      </trkpt>
      <trkpt lat="34.21024030083731" lon="108.83867524303938">
        <ele>406.91764637082815</ele>
        <time>2025-11-17T04:40:28Z</time>
        <extensions>
          <gpxtpx:TrackPointExtension>
            <gpxtpx:hr>79</gpxtpx:hr>
          </gpxtpx:TrackPointExtension>
        </extensions>
      </trkpt>
      <trkpt lat="34.21024702470853" lon="108.83866367436993">
        <ele>406.87010773457587</ele>
        <time>2025-11-17T04:40:29Z</time>
        <extensions>
          <gpxtpx:TrackPointExtension>
            <gpxtpx:hr>79</gpxtpx:hr>
          </gpxtpx:TrackPointExtension>
        </extensions>
      </trkpt>
      <trkpt lat="34.21025317494394" lon="108.83865311039311">
        <ele>406.8212309796363</ele>
        <time>2025-11-17T04:40:30Z</time>
        <extensions>
          <gpxtpx:TrackPointExtension>
            <gpxtpx:hr>79</gpxtpx:hr>
          </gpxtpx:TrackPointExtension>
        </extensions>
      </trkpt>
      <trkpt lat="34.21025870653499" lon="108.83864363925585">
        <ele>406.771389098838</ele>
        <time>2025-11-17T04:40:31Z</time>
        <extensions>
          <gpxtpx:TrackPointExtension>
            <gpxtpx:hr>79</gpxtpx:hr>
          </gpxtpx:TrackPointExtension>
        </extensions>
      </trkpt>
      <trkpt lat="34.21026370789592" lon="108.83863513581957">
        <ele>406.72150231152773</ele>
        <time>2025-11-17T04:40:32Z</time>
        <extensions>
          <gpxtpx:TrackPointExtension>
            <gpxtpx:hr>79</gpxtpx:hr>
          </gpxtpx:TrackPointExtension>
        </extensions>
      </trkpt>
      <trkpt lat="34.210269178852" lon="108.83862578842717">
        <ele>406.6720558954403</ele>
        <time>2025-11-17T04:40:33Z</time>
        <extensions>
          <gpxtpx:TrackPointExtension>
            <gpxtpx:hr>79</gpxtpx:hr>
          </gpxtpx:TrackPointExtension>
        </extensions>
      </trkpt>
      <trkpt lat="34.21027499150213" lon="108.83861609938636">
        <ele>406.62566893640906</ele>
        <time>2025-11-17T04:40:34Z</time>
        <extensions>
          <gpxtpx:TrackPointExtension>
            <gpxtpx:hr>81</gpxtpx:hr>
          </gpxtpx:TrackPointExtension>
        </extensions>
      </trkpt>
      <trkpt lat="34.21028026933424" lon="108.8386072966687">
        <ele>406.58124869689345</ele>
        <time>2025-11-17T04:40:35Z</time>
        <extensions>
          <gpxtpx:TrackPointExtension>
            <gpxtpx:hr>81</gpxtpx:hr>
          </gpxtpx:TrackPointExtension>
        </extensions>
      </trkpt>
      <trkpt lat="34.21028459325178" lon="108.83859990032371">
        <ele>406.54174359329045</ele>
        <time>2025-11-17T04:40:36Z</time>
        <extensions>
          <gpxtpx:TrackPointExtension>
            <gpxtpx:hr>81</gpxtpx:hr>
          </gpxtpx:TrackPointExtension>
        </extensions>
      </trkpt>
      <trkpt lat="34.210288295391614" lon="108.83859346757592">
        <ele>406.5064728818834</ele>
        <time>2025-11-17T04:40:37Z</time>
        <extensions>
          <gpxtpx:TrackPointExtension>
            <gpxtpx:hr>81</gpxtpx:hr>
          </gpxtpx:TrackPointExtension>
        </extensions>
      </trkpt>
      <trkpt lat="34.21029162158157" lon="108.83858762917818">
        <ele>406.475448760204</ele>
        <time>2025-11-17T04:40:38Z</time>
        <extensions>
          <gpxtpx:TrackPointExtension>
            <gpxtpx:hr>81</gpxtpx:hr>
          </gpxtpx:TrackPointExtension>
        </extensions>
      </trkpt>
      <trkpt lat="34.2102950284756" lon="108.8385816129651">
        <ele>406.44871443882585</ele>
        <time>2025-11-17T04:40:39Z</time>
        <extensions>
          <gpxtpx:TrackPointExtension>
            <gpxtpx:hr>81</gpxtpx:hr>
          </gpxtpx:TrackPointExtension>
        </extensions>
      </trkpt>
      <trkpt lat="34.210298600343386" lon="108.83857526317153">
        <ele>406.42535169795156</ele>
        <time>2025-11-17T04:40:40Z</time>
        <extensions>
          <gpxtpx:TrackPointExtension>
            <gpxtpx:hr>81</gpxtpx:hr>
          </gpxtpx:TrackPointExtension>
        </extensions>
      </trkpt>
      <trkpt lat="34.2103021457571" lon="108.83856894300428">
        <ele>406.4058049749583</ele>
        <time>2025-11-17T04:40:41Z</time>
        <extensions>
          <gpxtpx:TrackPointExtension>
            <gpxtpx:hr>84</gpxtpx:hr>
          </gpxtpx:TrackPointExtension>
        </extensions>
      </trkpt>
      <trkpt lat="34.21030551350953" lon="108.8385629263935">
        <ele>406.389778168872</ele>
        <time>2025-11-17T04:40:42Z</time>
        <extensions>
          <gpxtpx:TrackPointExtension>
            <gpxtpx:hr>84</gpxtpx:hr>
          </gpxtpx:TrackPointExtension>
        </extensions>
      </trkpt>
      <trkpt lat="34.21030859285847" lon="108.83855743289918">
        <ele>406.3769447328523</ele>
        <time>2025-11-17T04:40:43Z</time>
        <extensions>
          <gpxtpx:TrackPointExtension>
            <gpxtpx:hr>84</gpxtpx:hr>
          </gpxtpx:TrackPointExtension>
        </extensions>
      </trkpt>
      <trkpt lat="34.21031126040027" lon="108.8385526671267">
        <ele>406.3669588221237</ele>
        <time>2025-11-17T04:40:44Z</time>
        <extensions>
          <gpxtpx:TrackPointExtension>
            <gpxtpx:hr>84</gpxtpx:hr>
          </gpxtpx:TrackPointExtension>
        </extensions>
      </trkpt>
      <trkpt lat="34.210313720956144" lon="108.83854824828397">
        <ele>406.35939328186214</ele>
        <time>2025-11-17T04:40:45Z</time>
        <extensions>
          <gpxtpx:TrackPointExtension>
            <gpxtpx:hr>84</gpxtpx:hr>
          </gpxtpx:TrackPointExtension>
        </extensions>
      </trkpt>
      <trkpt lat="34.21031525594174" lon="108.838544012301">
        <ele>406.35085456445813</ele>
        <time>2025-11-17T04:40:46Z</time>
        <extensions>
          <gpxtpx:TrackPointExtension>
            <gpxtpx:hr>84</gpxtpx:hr>
          </gpxtpx:TrackPointExtension>
        </extensions>
      </trkpt>
      <trkpt lat="34.210316155983946" lon="108.83853965403004">
        <ele>406.342975393869</ele>
        <time>2025-11-17T04:40:47Z</time>
        <extensions>
          <gpxtpx:TrackPointExtension>
            <gpxtpx:hr>85</gpxtpx:hr>
          </gpxtpx:TrackPointExtension>
        </extensions>
      </trkpt>
      <trkpt lat="34.21031673709356" lon="108.83853572435085">
        <ele>406.3355752369389</ele>
        <time>2025-11-17T04:40:48Z</time>
        <extensions>
          <gpxtpx:TrackPointExtension>
            <gpxtpx:hr>85</gpxtpx:hr>
          </gpxtpx:TrackPointExtension>
        </extensions>
      </trkpt>
      <trkpt lat="34.21031705542057" lon="108.83853216838129">
        <ele>406.3284325096756</ele>
        <time>2025-11-17T04:40:49Z</time>
        <extensions>
          <gpxtpx:TrackPointExtension>
            <gpxtpx:hr>85</gpxtpx:hr>
          </gpxtpx:TrackPointExtension>
        </extensions>
      </trkpt>
      <trkpt lat="34.210317183212" lon="108.83852882899939">
        <ele>406.3213611179963</ele>
        <time>2025-11-17T04:40:50Z</time>
        <extensions>
          <gpxtpx:TrackPointExtension>
            <gpxtpx:hr>85</gpxtpx:hr>
          </gpxtpx:TrackPointExtension>
        </extensions>
      </trkpt>
      <trkpt lat="34.21031556802245" lon="108.83852293376653">
        <ele>406.3131866874173</ele>
        <time>2025-11-17T04:40:51Z</time>
        <extensions>
          <gpxtpx:TrackPointExtension>
            <gpxtpx:hr>85</gpxtpx:hr>
          </gpxtpx:TrackPointExtension>
        </extensions>
      </trkpt>
      <trkpt lat="34.21031357568083" lon="108.83851699315436">
        <ele>406.3049885490909</ele>
        <time>2025-11-17T04:40:52Z</time>
        <extensions>
          <gpxtpx:TrackPointExtension>
            <gpxtpx:hr>86</gpxtpx:hr>
          </gpxtpx:TrackPointExtension>
        </extensions>
      </trkpt>
      <trkpt lat="34.21031131885721" lon="108.8385112284199">
        <ele>406.29891011305153</ele>
        <time>2025-11-17T04:40:53Z</time>
        <extensions>
          <gpxtpx:TrackPointExtension>
            <gpxtpx:hr>86</gpxtpx:hr>
          </gpxtpx:TrackPointExtension>
        </extensions>
      </trkpt>
      <trkpt lat="34.21030882494381" lon="108.83850560416398">
        <ele>406.2892956258729</ele>
        <time>2025-11-17T04:40:54Z</time>
        <extensions>
          <gpxtpx:TrackPointExtension>
            <gpxtpx:hr>86</gpxtpx:hr>
          </gpxtpx:TrackPointExtension>
        </extensions>
      </trkpt>
      <trkpt lat="34.21030605997166" lon="108.83849997073054">
        <ele>406.27914343681186</ele>
        <time>2025-11-17T04:40:55Z</time>
        <extensions>
          <gpxtpx:TrackPointExtension>
            <gpxtpx:hr>85</gpxtpx:hr>
          </gpxtpx:TrackPointExtension>
        </extensions>
      </trkpt>
      <trkpt lat="34.210302976923124" lon="108.83849414342319">
        <ele>406.26862079370767</ele>
        <time>2025-11-17T04:40:56Z</time>
        <extensions>
          <gpxtpx:TrackPointExtension>
            <gpxtpx:hr>85</gpxtpx:hr>
          </gpxtpx:TrackPointExtension>
        </extensions>
      </trkpt>
      <trkpt lat="34.21029930094626" lon="108.83848748415227">
        <ele>406.25780821964145</ele>
        <time>2025-11-17T04:40:57Z</time>
        <extensions>
          <gpxtpx:TrackPointExtension>
            <gpxtpx:hr>85</gpxtpx:hr>
          </gpxtpx:TrackPointExtension>
        </extensions>
      </trkpt>
      <trkpt lat="34.21029554946864" lon="108.83848079383304">
        <ele>406.24707268737257</ele>
        <time>2025-11-17T04:40:58Z</time>
        <extensions>
          <gpxtpx:TrackPointExtension>
            <gpxtpx:hr>85</gpxtpx:hr>
          </gpxtpx:TrackPointExtension>
        </extensions>
      </trkpt>
      <trkpt lat="34.21029189976103" lon="108.83847432843469">
        <ele>406.23641331028193</ele>
        <time>2025-11-17T04:40:59Z</time>
        <extensions>
          <gpxtpx:TrackPointExtension>
            <gpxtpx:hr>82</gpxtpx:hr>
          </gpxtpx:TrackPointExtension>
        </extensions>
      </trkpt>
      <trkpt lat="34.21028840414843" lon="108.838468166286">
        <ele>406.2260287841782</ele>
        <time>2025-11-17T04:41:00Z</time>
        <extensions>
          <gpxtpx:TrackPointExtension>
            <gpxtpx:hr>82</gpxtpx:hr>
          </gpxtpx:TrackPointExtension>
        </extensions>
      </trkpt>
      <trkpt lat="34.21028531756502" lon="108.83846301804607">
        <ele>406.21736612170935</ele>
        <time>2025-11-17T04:41:01Z</time>
        <extensions>
          <gpxtpx:TrackPointExtension>
            <gpxtpx:hr>82</gpxtpx:hr>
          </gpxtpx:TrackPointExtension>
        </extensions>
      </trkpt>
      <trkpt lat="34.21028243837696" lon="108.83845824915178">
        <ele>406.2094089118764</ele>
        <time>2025-11-17T04:41:02Z</time>
        <extensions>
          <gpxtpx:TrackPointExtension>
            <gpxtpx:hr>82</gpxtpx:hr>
          </gpxtpx:TrackPointExtension>
        </extensions>
      </trkpt>
      <trkpt lat="34.21027965091351" lon="108.83845365914071">
        <ele>406.20216302666813</ele>
        <time>2025-11-17T04:41:03Z</time>
        <extensions>
          <gpxtpx:TrackPointExtension>
            <gpxtpx:hr>82</gpxtpx:hr>
          </gpxtpx:TrackPointExtension>
        </extensions>
      </trkpt>
      <trkpt lat="34.210277028536176" lon="108.83844936341832">
        <ele>406.19574093353003</ele>
        <time>2025-11-17T04:41:04Z</time>
        <extensions>
          <gpxtpx:TrackPointExtension>
            <gpxtpx:hr>82</gpxtpx:hr>
          </gpxtpx:TrackPointExtension>
        </extensions>
      </trkpt>
      <trkpt lat="34.21027468542428" lon="108.83844554896811">
        <ele>406.19022292178124</ele>
        <time>2025-11-17T04:41:05Z</time>
        <extensions>
          <gpxtpx:TrackPointExtension>
            <gpxtpx:hr>82</gpxtpx:hr>
          </gpxtpx:TrackPointExtension>
        </extensions>
      </trkpt>
      <trkpt lat="34.210272816743384" lon="108.8384430855936">
        <ele>406.1850640317425</ele>
        <time>2025-11-17T04:41:06Z</time>
        <extensions>
          <gpxtpx:TrackPointExtension>
            <gpxtpx:hr>83</gpxtpx:hr>
          </gpxtpx:TrackPointExtension>
        </extensions>
      </trkpt>
      <trkpt lat="34.21027101927797" lon="108.83844079319078">
        <ele>406.18066218309104</ele>
        <time>2025-11-17T04:41:07Z</time>
        <extensions>
          <gpxtpx:TrackPointExtension>
            <gpxtpx:hr>83</gpxtpx:hr>
          </gpxtpx:TrackPointExtension>
        </extensions>
      </trkpt>
      <trkpt lat="34.210269349039734" lon="108.83843878480222">
        <ele>406.17711588554084</ele>
        <time>2025-11-17T04:41:08Z</time>
        <extensions>
          <gpxtpx:TrackPointExtension>
            <gpxtpx:hr>83</gpxtpx:hr>
          </gpxtpx:TrackPointExtension>
        </extensions>
      </trkpt>
      <trkpt lat="34.21026789120182" lon="108.8384372047256">
        <ele>406.17434096802026</ele>
        <time>2025-11-17T04:41:09Z</time>
        <extensions>
          <gpxtpx:TrackPointExtension>
            <gpxtpx:hr>83</gpxtpx:hr>
          </gpxtpx:TrackPointExtension>
        </extensions>
      </trkpt>
      <trkpt lat="34.21026666247099" lon="108.83843607083264">
        <ele>406.17225443199277</ele>
        <time>2025-11-17T04:41:10Z</time>
        <extensions>
          <gpxtpx:TrackPointExtension>
            <gpxtpx:hr>83</gpxtpx:hr>
          </gpxtpx:TrackPointExtension>
        </extensions>
      </trkpt>
      <trkpt lat="34.21026564033989" lon="108.83843535456688">
        <ele>406.1707225246355</ele>
        <time>2025-11-17T04:41:11Z</time>
        <extensions>
          <gpxtpx:TrackPointExtension>
            <gpxtpx:hr>85</gpxtpx:hr>
          </gpxtpx:TrackPointExtension>
        </extensions>
      </trkpt>
      <trkpt lat="34.2102648126966" lon="108.83843499773133">
        <ele>406.16960566304624</ele>
        <time>2025-11-17T04:41:12Z</time>
        <extensions>
          <gpxtpx:TrackPointExtension>
            <gpxtpx:hr>85</gpxtpx:hr>
          </gpxtpx:TrackPointExtension>
        </extensions>
      </trkpt>
      <trkpt lat="34.2102641501141" lon="108.83843494015342">
        <ele>406.16876783873886</ele>
        <time>2025-11-17T04:41:13Z</time>
        <extensions>
          <gpxtpx:TrackPointExtension>
            <gpxtpx:hr>85</gpxtpx:hr>
          </gpxtpx:TrackPointExtension>
        </extensions>
      </trkpt>
      <trkpt lat="34.21026363644995" lon="108.83843513239177">
        <ele>406.16811692435294</ele>
        <time>2025-11-17T04:41:14Z</time>
        <extensions>
          <gpxtpx:TrackPointExtension>
            <gpxtpx:hr>86</gpxtpx:hr>
          </gpxtpx:TrackPointExtension>
        </extensions>
      </trkpt>
      <trkpt lat="34.21026325408789" lon="108.83843551957325">
        <ele>406.1675812378526</ele>
        <time>2025-11-17T04:41:15Z</time>
        <extensions>
          <gpxtpx:TrackPointExtension>
            <gpxtpx:hr>86</gpxtpx:hr>
          </gpxtpx:TrackPointExtension>
        </extensions>
      </trkpt>
      <trkpt lat="34.2102629772909" lon="108.838436026477">
        <ele>406.1671239566058</ele>
        <time>2025-11-17T04:41:16Z</time>
        <extensions>
          <gpxtpx:TrackPointExtension>
            <gpxtpx:hr>86</gpxtpx:hr>
          </gpxtpx:TrackPointExtension>
        </extensions>
      </trkpt>
      <trkpt lat="34.21026277284498" lon="108.83843655939094">
        <ele>406.16673138178885</ele>
        <time>2025-11-17T04:41:17Z</time>
        <extensions>
          <gpxtpx:TrackPointExtension>
            <gpxtpx:hr>86</gpxtpx:hr>
          </gpxtpx:TrackPointExtension>
        </extensions>
      </trkpt>
      <trkpt lat="34.210262938901" lon="108.83843768303056">
        <ele>406.1662871139124</ele>
        <time>2025-11-17T04:41:18Z</time>
        <extensions>
          <gpxtpx:TrackPointExtension>
            <gpxtpx:hr>87</gpxtpx:hr>
          </gpxtpx:TrackPointExtension>
        </extensions>
      </trkpt>
      <trkpt lat="34.21026312231311" lon="108.83843875114039">
        <ele>406.1658748742193</ele>
        <time>2025-11-17T04:41:19Z</time>
        <extensions>
          <gpxtpx:TrackPointExtension>
            <gpxtpx:hr>87</gpxtpx:hr>
          </gpxtpx:TrackPointExtension>
        </extensions>
      </trkpt>
      <trkpt lat="34.2102633160371" lon="108.83843977558814">
        <ele>406.16549048386514</ele>
        <time>2025-11-17T04:41:20Z</time>
        <extensions>
          <gpxtpx:TrackPointExtension>
            <gpxtpx:hr>87</gpxtpx:hr>
          </gpxtpx:TrackPointExtension>
        </extensions>
      </trkpt>
      <trkpt lat="34.210263516171125" lon="108.83844071020513">
        <ele>406.16512638516724</ele>
        <time>2025-11-17T04:41:21Z</time>
        <extensions>
          <gpxtpx:TrackPointExtension>
            <gpxtpx:hr>87</gpxtpx:hr>
          </gpxtpx:TrackPointExtension>
        </extensions>
      </trkpt>
      <trkpt lat="34.21026371962473" lon="108.83844153254606">
        <ele>406.1647784290835</ele>
        <time>2025-11-17T04:41:22Z</time>
        <extensions>
          <gpxtpx:TrackPointExtension>
            <gpxtpx:hr>87</gpxtpx:hr>
          </gpxtpx:TrackPointExtension>
        </extensions>
      </trkpt>
      <trkpt lat="34.21026393625318" lon="108.83844233148777">
        <ele>406.16444232314825</ele>
        <time>2025-11-17T04:41:23Z</time>
        <extensions>
          <gpxtpx:TrackPointExtension>
            <gpxtpx:hr>87</gpxtpx:hr>
          </gpxtpx:TrackPointExtension>
        </extensions>
      </trkpt>
      <trkpt lat="34.21026419735819" lon="108.83844323570999">
        <ele>406.16411437280476</ele>
        <time>2025-11-17T04:41:24Z</time>
        <extensions>
          <gpxtpx:TrackPointExtension>
            <gpxtpx:hr>87</gpxtpx:hr>
          </gpxtpx:TrackPointExtension>
        </extensions>
      </trkpt>
      <trkpt lat="34.21026452152116" lon="108.83844429751954">
        <ele>406.1637922907248</ele>
        <time>2025-11-17T04:41:25Z</time>
        <extensions>
          <gpxtpx:TrackPointExtension>
            <gpxtpx:hr>89</gpxtpx:hr>
          </gpxtpx:TrackPointExtension>
        </extensions>
      </trkpt>
      <trkpt lat="34.21026459671322" lon="108.83844409171232">
        <ele>406.16447888687253</ele>
        <time>2025-11-17T04:41:26Z</time>
        <extensions>
          <gpxtpx:TrackPointExtension>
            <gpxtpx:hr>89</gpxtpx:hr>
          </gpxtpx:TrackPointExtension>
        </extensions>
      </trkpt>
      <trkpt lat="34.210264690738235" lon="108.83844384285278">
        <ele>406.16542999632657</ele>
        <time>2025-11-17T04:41:27Z</time>
        <extensions>
          <gpxtpx:TrackPointExtension>
            <gpxtpx:hr>89</gpxtpx:hr>
          </gpxtpx:TrackPointExtension>
        </extensions>
      </trkpt>
      <trkpt lat="34.210264831993086" lon="108.83844359861405">
        <ele>406.1684761196375</ele>
        <time>2025-11-17T04:41:28Z</time>
        <extensions>
          <gpxtpx:TrackPointExtension>
            <gpxtpx:hr>89</gpxtpx:hr>
          </gpxtpx:TrackPointExtension>
        </extensions>
      </trkpt>
      <trkpt lat="34.21026495271144" lon="108.83844320221071">
        <ele>406.172372139059</ele>
        <time>2025-11-17T04:41:29Z</time>
        <extensions>
          <gpxtpx:TrackPointExtension>
            <gpxtpx:hr>89</gpxtpx:hr>
          </gpxtpx:TrackPointExtension>
        </extensions>
      </trkpt>
      <trkpt lat="34.21026502568975" lon="108.83844262300117">
        <ele>406.1769382879138</ele>
        <time>2025-11-17T04:41:30Z</time>
        <extensions>
          <gpxtpx:TrackPointExtension>
            <gpxtpx:hr>89</gpxtpx:hr>
          </gpxtpx:TrackPointExtension>
        </extensions>
      </trkpt>
      <trkpt lat="34.210265179674785" lon="108.83844270431925">
        <ele>406.1791961500421</ele>
        <time>2025-11-17T04:41:31Z</time>
        <extensions>
          <gpxtpx:TrackPointExtension>
            <gpxtpx:hr>89</gpxtpx:hr>
          </gpxtpx:TrackPointExtension>
        </extensions>
      </trkpt>
      <trkpt lat="34.21026533051317" lon="108.83844276505732">
        <ele>406.18252722825855</ele>
        <time>2025-11-17T04:41:32Z</time>
        <extensions>
          <gpxtpx:TrackPointExtension>
            <gpxtpx:hr>89</gpxtpx:hr>
          </gpxtpx:TrackPointExtension>
        </extensions>
      </trkpt>
      <trkpt lat="34.21026543453809" lon="108.83844267879435">
        <ele>406.1862334366888</ele>
        <time>2025-11-17T04:41:33Z</time>
        <extensions>
          <gpxtpx:TrackPointExtension>
            <gpxtpx:hr>89</gpxtpx:hr>
          </gpxtpx:TrackPointExtension>
        </extensions>
      </trkpt>
      <trkpt lat="34.21026547174695" lon="108.83844248496668">
        <ele>406.18882626574486</ele>
        <time>2025-11-17T04:41:34Z</time>
        <extensions>
          <gpxtpx:TrackPointExtension>
            <gpxtpx:hr>89</gpxtpx:hr>
          </gpxtpx:TrackPointExtension>
        </extensions>
      </trkpt>
      <trkpt lat="34.21026561075486" lon="108.8384428204125">
        <ele>406.19266292918473</ele>
        <time>2025-11-17T04:41:35Z</time>
        <extensions>
          <gpxtpx:TrackPointExtension>
            <gpxtpx:hr>89</gpxtpx:hr>
          </gpxtpx:TrackPointExtension>
        </extensions>
      </trkpt>
      <trkpt lat="34.21026576188526" lon="108.83844318388269">
        <ele>406.19667800795287</ele>
        <time>2025-11-17T04:41:36Z</time>
        <extensions>
          <gpxtpx:TrackPointExtension>
            <gpxtpx:hr>89</gpxtpx:hr>
          </gpxtpx:TrackPointExtension>
        </extensions>
      </trkpt>
      <trkpt lat="34.21026596624218" lon="108.83844396675298">
        <ele>406.20135983545333</ele>
        <time>2025-11-17T04:41:37Z</time>
        <extensions>
          <gpxtpx:TrackPointExtension>
            <gpxtpx:hr>89</gpxtpx:hr>
          </gpxtpx:TrackPointExtension>
        </extensions>
      </trkpt>
      <trkpt lat="34.21026621478963" lon="108.83844497621209">
        <ele>406.20579696353525</ele>
        <time>2025-11-17T04:41:38Z</time>
        <extensions>
          <gpxtpx:TrackPointExtension>
            <gpxtpx:hr>89</gpxtpx:hr>
          </gpxtpx:TrackPointExtension>
        </extensions>
      </trkpt>
      <trkpt lat="34.2102664965864" lon="108.83844621383588">
        <ele>406.2100311871618</ele>
        <time>2025-11-17T04:41:39Z</time>
        <extensions>
          <gpxtpx:TrackPointExtension>
            <gpxtpx:hr>89</gpxtpx:hr>
          </gpxtpx:TrackPointExtension>
        </extensions>
      </trkpt>
      <trkpt lat="34.21026679530277" lon="108.83844764333449">
        <ele>406.2140076998621</ele>
        <time>2025-11-17T04:41:40Z</time>
        <extensions>
          <gpxtpx:TrackPointExtension>
            <gpxtpx:hr>89</gpxtpx:hr>
          </gpxtpx:TrackPointExtension>
        </extensions>
      </trkpt>
      <trkpt lat="34.21026713358341" lon="108.83844933933621">
        <ele>406.21775144152343</ele>
        <time>2025-11-17T04:41:41Z</time>
        <extensions>
          <gpxtpx:TrackPointExtension>
            <gpxtpx:hr>89</gpxtpx:hr>
          </gpxtpx:TrackPointExtension>
        </extensions>
      </trkpt>
      <trkpt lat="34.21026751493537" lon="108.83845130279566">
        <ele>406.22135546803474</ele>
        <time>2025-11-17T04:41:42Z</time>
        <extensions>
          <gpxtpx:TrackPointExtension>
            <gpxtpx:hr>88</gpxtpx:hr>
          </gpxtpx:TrackPointExtension>
        </extensions>
      </trkpt>
      <trkpt lat="34.21026791092045" lon="108.8384533886301">
        <ele>406.22488737106323</ele>
        <time>2025-11-17T04:41:43Z</time>
        <extensions>
          <gpxtpx:TrackPointExtension>
            <gpxtpx:hr>88</gpxtpx:hr>
          </gpxtpx:TrackPointExtension>
        </extensions>
      </trkpt>
      <trkpt lat="34.21026830804833" lon="108.8384555159578">
        <ele>406.2283850554377</ele>
        <time>2025-11-17T04:41:44Z</time>
        <extensions>
          <gpxtpx:TrackPointExtension>
            <gpxtpx:hr>88</gpxtpx:hr>
          </gpxtpx:TrackPointExtension>
        </extensions>
      </trkpt>
      <trkpt lat="34.21026870409607" lon="108.83845764623497">
        <ele>406.23188521526754</ele>
        <time>2025-11-17T04:41:45Z</time>
        <extensions>
          <gpxtpx:TrackPointExtension>
            <gpxtpx:hr>88</gpxtpx:hr>
          </gpxtpx:TrackPointExtension>
        </extensions>
      </trkpt>
      <trkpt lat="34.21026906980606" lon="108.83845963874425">
        <ele>406.2353812996298</ele>
        <time>2025-11-17T04:41:46Z</time>
        <extensions>
          <gpxtpx:TrackPointExtension>
            <gpxtpx:hr>86</gpxtpx:hr>
          </gpxtpx:TrackPointExtension>
        </extensions>
      </trkpt>
      <trkpt lat="34.21026941948457" lon="108.83846159149101">
        <ele>406.23880401533097</ele>
        <time>2025-11-17T04:41:47Z</time>
        <extensions>
          <gpxtpx:TrackPointExtension>
            <gpxtpx:hr>86</gpxtpx:hr>
          </gpxtpx:TrackPointExtension>
        </extensions>
      </trkpt>
      <trkpt lat="34.21027003582774" lon="108.83846509336595">
        <ele>406.2449971921742</ele>
        <time>2025-11-17T04:41:49Z</time>
        <extensions>
          <gpxtpx:TrackPointExtension>
            <gpxtpx:hr>86</gpxtpx:hr>
          </gpxtpx:TrackPointExtension>
        </extensions>
      </trkpt>
      <trkpt lat="34.210270318795345" lon="108.8384667259513">
        <ele>406.2476539844647</ele>
        <time>2025-11-17T04:41:50Z</time>
        <extensions>
          <gpxtpx:TrackPointExtension>
            <gpxtpx:hr>86</gpxtpx:hr>
          </gpxtpx:TrackPointExtension>
        </extensions>
      </trkpt>
      <trkpt lat="34.21027056291404" lon="108.8384681382171">
        <ele>406.25004523061216</ele>
        <time>2025-11-17T04:41:51Z</time>
        <extensions>
          <gpxtpx:TrackPointExtension>
            <gpxtpx:hr>86</gpxtpx:hr>
          </gpxtpx:TrackPointExtension>
        </extensions>
      </trkpt>
      <trkpt lat="34.2102707747268" lon="108.83846936578514">
        <ele>406.2521701557562</ele>
        <time>2025-11-17T04:41:52Z</time>
        <extensions>
          <gpxtpx:TrackPointExtension>
            <gpxtpx:hr>94</gpxtpx:hr>
          </gpxtpx:TrackPointExtension>
        </extensions>
      </trkpt>
      <trkpt lat="34.210270956701734" lon="108.83847042165841">
        <ele>406.2540310835466</ele>
        <time>2025-11-17T04:41:53Z</time>
        <extensions>
          <gpxtpx:TrackPointExtension>
            <gpxtpx:hr>94</gpxtpx:hr>
          </gpxtpx:TrackPointExtension>
        </extensions>
      </trkpt>
      <trkpt lat="34.21027111203867" lon="108.83847132366829">
        <ele>406.25564039405435</ele>
        <time>2025-11-17T04:41:54Z</time>
        <extensions>
          <gpxtpx:TrackPointExtension>
            <gpxtpx:hr>94</gpxtpx:hr>
          </gpxtpx:TrackPointExtension>
        </extensions>
      </trkpt>
      <trkpt lat="34.21027124179937" lon="108.83847207753911">
        <ele>406.2570064775646</ele>
        <time>2025-11-17T04:41:55Z</time>
        <extensions>
          <gpxtpx:TrackPointExtension>
            <gpxtpx:hr>93</gpxtpx:hr>
          </gpxtpx:TrackPointExtension>
        </extensions>
      </trkpt>
      <trkpt lat="34.21027134958852" lon="108.838472703962">
        <ele>406.2581537142396</ele>
        <time>2025-11-17T04:41:56Z</time>
        <extensions>
          <gpxtpx:TrackPointExtension>
            <gpxtpx:hr>93</gpxtpx:hr>
          </gpxtpx:TrackPointExtension>
        </extensions>
      </trkpt>
      <trkpt lat="34.21027143888162" lon="108.83847322299692">
        <ele>406.2591020129621</ele>
        <time>2025-11-17T04:41:57Z</time>
        <extensions>
          <gpxtpx:TrackPointExtension>
            <gpxtpx:hr>93</gpxtpx:hr>
          </gpxtpx:TrackPointExtension>
        </extensions>
      </trkpt>
      <trkpt lat="34.210271513209165" lon="108.83847365509398">
        <ele>406.259868578054</ele>
        <time>2025-11-17T04:41:58Z</time>
        <extensions>
          <gpxtpx:TrackPointExtension>
            <gpxtpx:hr>93</gpxtpx:hr>
          </gpxtpx:TrackPointExtension>
        </extensions>
      </trkpt>
      <trkpt lat="34.21027157854157" lon="108.838474034924">
        <ele>406.2604768900201</ele>
        <time>2025-11-17T04:41:59Z</time>
        <extensions>
          <gpxtpx:TrackPointExtension>
            <gpxtpx:hr>93</gpxtpx:hr>
          </gpxtpx:TrackPointExtension>
        </extensions>
      </trkpt>
      <trkpt lat="34.21027163573873" lon="108.83847436746825">
        <ele>406.26094532758</ele>
        <time>2025-11-17T04:42:00Z</time>
        <extensions>
          <gpxtpx:TrackPointExtension>
            <gpxtpx:hr>86</gpxtpx:hr>
          </gpxtpx:TrackPointExtension>
        </extensions>
      </trkpt>
      <trkpt lat="34.21027168430304" lon="108.8384746498262">
        <ele>406.26129437983036</ele>
        <time>2025-11-17T04:42:01Z</time>
        <extensions>
          <gpxtpx:TrackPointExtension>
            <gpxtpx:hr>86</gpxtpx:hr>
          </gpxtpx:TrackPointExtension>
        </extensions>
      </trkpt>
      <trkpt lat="34.21027172685295" lon="108.83847489721802">
        <ele>406.2615427793935</ele>
        <time>2025-11-17T04:42:02Z</time>
        <extensions>
          <gpxtpx:TrackPointExtension>
            <gpxtpx:hr>86</gpxtpx:hr>
          </gpxtpx:TrackPointExtension>
        </extensions>
      </trkpt>
      <trkpt lat="34.21027176844535" lon="108.83847513904388">
        <ele>406.2617071950808</ele>
        <time>2025-11-17T04:42:03Z</time>
        <extensions>
          <gpxtpx:TrackPointExtension>
            <gpxtpx:hr>86</gpxtpx:hr>
          </gpxtpx:TrackPointExtension>
        </extensions>
      </trkpt>
      <trkpt lat="34.21027180697164" lon="108.83847536304322">
        <ele>406.2618025653064</ele>
        <time>2025-11-17T04:42:04Z</time>
        <extensions>
          <gpxtpx:TrackPointExtension>
            <gpxtpx:hr>86</gpxtpx:hr>
          </gpxtpx:TrackPointExtension>
        </extensions>
      </trkpt>
      <trkpt lat="34.210271840644516" lon="108.838475558824">
        <ele>406.26184301264584</ele>
        <time>2025-11-17T04:42:05Z</time>
        <extensions>
          <gpxtpx:TrackPointExtension>
            <gpxtpx:hr>86</gpxtpx:hr>
          </gpxtpx:TrackPointExtension>
        </extensions>
      </trkpt>
      <trkpt lat="34.21027187577664" lon="108.83847576308924">
        <ele>406.2618404077366</ele>
        <time>2025-11-17T04:42:06Z</time>
        <extensions>
          <gpxtpx:TrackPointExtension>
            <gpxtpx:hr>86</gpxtpx:hr>
          </gpxtpx:TrackPointExtension>
        </extensions>
      </trkpt>
      <trkpt lat="34.210271913653436" lon="108.83847598331263">
        <ele>406.26180517394096</ele>
        <time>2025-11-17T04:42:07Z</time>
        <extensions>
          <gpxtpx:TrackPointExtension>
            <gpxtpx:hr>86</gpxtpx:hr>
          </gpxtpx:TrackPointExtension>
        </extensions>
      </trkpt>
      <trkpt lat="34.210271950911675" lon="108.83847619993958">
        <ele>406.26174618210644</ele>
        <time>2025-11-17T04:42:08Z</time>
        <extensions>
          <gpxtpx:TrackPointExtension>
            <gpxtpx:hr>86</gpxtpx:hr>
          </gpxtpx:TrackPointExtension>
        </extensions>
      </trkpt>
      <trkpt lat="34.21027198565654" lon="108.83847640195333">
        <ele>406.26167067792267</ele>
        <time>2025-11-17T04:42:09Z</time>
        <extensions>
          <gpxtpx:TrackPointExtension>
            <gpxtpx:hr>86</gpxtpx:hr>
          </gpxtpx:TrackPointExtension>
        </extensions>
      </trkpt>
      <trkpt lat="34.21027201723623" lon="108.83847658556417">
        <ele>406.26158483698964</ele>
        <time>2025-11-17T04:42:10Z</time>
        <extensions>
          <gpxtpx:TrackPointExtension>
            <gpxtpx:hr>86</gpxtpx:hr>
          </gpxtpx:TrackPointExtension>
        </extensions>
      </trkpt>
      <trkpt lat="34.210272045819835" lon="108.83847675175504">
        <ele>406.26149348635226</ele>
        <time>2025-11-17T04:42:11Z</time>
        <extensions>
          <gpxtpx:TrackPointExtension>
            <gpxtpx:hr>81</gpxtpx:hr>
          </gpxtpx:TrackPointExtension>
        </extensions>
      </trkpt>
      <trkpt lat="34.21027207127091" lon="108.83847689973283">
        <ele>406.26140098646283</ele>
        <time>2025-11-17T04:42:12Z</time>
        <extensions>
          <gpxtpx:TrackPointExtension>
            <gpxtpx:hr>81</gpxtpx:hr>
          </gpxtpx:TrackPointExtension>
        </extensions>
      </trkpt>
      <trkpt lat="34.210272093683855" lon="108.83847703004629">
        <ele>406.2613099310547</ele>
        <time>2025-11-17T04:42:13Z</time>
        <extensions>
          <gpxtpx:TrackPointExtension>
            <gpxtpx:hr>81</gpxtpx:hr>
          </gpxtpx:TrackPointExtension>
        </extensions>
      </trkpt>
      <trkpt lat="34.21027211346755" lon="108.83847714507274">
        <ele>406.2612227695063</ele>
        <time>2025-11-17T04:42:14Z</time>
        <extensions>
          <gpxtpx:TrackPointExtension>
            <gpxtpx:hr>81</gpxtpx:hr>
          </gpxtpx:TrackPointExtension>
        </extensions>
      </trkpt>
      <trkpt lat="34.210272131074014" lon="108.83847724744028">
        <ele>406.2611410403624</ele>
        <time>2025-11-17T04:42:15Z</time>
        <extensions>
          <gpxtpx:TrackPointExtension>
            <gpxtpx:hr>81</gpxtpx:hr>
          </gpxtpx:TrackPointExtension>
        </extensions>
      </trkpt>
      <trkpt lat="34.21027214627727" lon="108.83847733583517">
        <ele>406.2610659021884</ele>
        <time>2025-11-17T04:42:16Z</time>
        <extensions>
          <gpxtpx:TrackPointExtension>
            <gpxtpx:hr>81</gpxtpx:hr>
          </gpxtpx:TrackPointExtension>
        </extensions>
      </trkpt>
      <trkpt lat="34.21027215917108" lon="108.83847741080255">
        <ele>406.2609978839755</ele>
        <time>2025-11-17T04:42:17Z</time>
        <extensions>
          <gpxtpx:TrackPointExtension>
            <gpxtpx:hr>81</gpxtpx:hr>
          </gpxtpx:TrackPointExtension>
        </extensions>
      </trkpt>
      <trkpt lat="34.21027217003873" lon="108.83847747398919">
        <ele>406.2609372911975</ele>
        <time>2025-11-17T04:42:18Z</time>
        <extensions>
          <gpxtpx:TrackPointExtension>
            <gpxtpx:hr>81</gpxtpx:hr>
          </gpxtpx:TrackPointExtension>
        </extensions>
      </trkpt>
      <trkpt lat="34.210272179086175" lon="108.83847752659292">
        <ele>406.2608841378242</ele>
        <time>2025-11-17T04:42:19Z</time>
        <extensions>
          <gpxtpx:TrackPointExtension>
            <gpxtpx:hr>81</gpxtpx:hr>
          </gpxtpx:TrackPointExtension>
        </extensions>
      </trkpt>
      <trkpt lat="34.210272187056255" lon="108.83847757293263">
        <ele>406.26083819009364</ele>
        <time>2025-11-17T04:42:20Z</time>
        <extensions>
          <gpxtpx:TrackPointExtension>
            <gpxtpx:hr>81</gpxtpx:hr>
          </gpxtpx:TrackPointExtension>
        </extensions>
      </trkpt>
      <trkpt lat="34.210272194256014" lon="108.83847761479349">
        <ele>406.2607990540564</ele>
        <time>2025-11-17T04:42:21Z</time>
        <extensions>
          <gpxtpx:TrackPointExtension>
            <gpxtpx:hr>81</gpxtpx:hr>
          </gpxtpx:TrackPointExtension>
        </extensions>
      </trkpt>
      <trkpt lat="34.21027220081314" lon="108.838477652918">
        <ele>406.2607662510127</ele>
        <time>2025-11-17T04:42:22Z</time>
        <extensions>
          <gpxtpx:TrackPointExtension>
            <gpxtpx:hr>81</gpxtpx:hr>
          </gpxtpx:TrackPointExtension>
        </extensions>
      </trkpt>
      <trkpt lat="34.21027220779788" lon="108.83847769352867">
        <ele>406.26073916908354</ele>
        <time>2025-11-17T04:42:23Z</time>
        <extensions>
          <gpxtpx:TrackPointExtension>
            <gpxtpx:hr>81</gpxtpx:hr>
          </gpxtpx:TrackPointExtension>
        </extensions>
      </trkpt>
      <trkpt lat="34.21027221539228" lon="108.83847773768403">
        <ele>406.2607173398137</ele>
        <time>2025-11-17T04:42:24Z</time>
        <extensions>
          <gpxtpx:TrackPointExtension>
            <gpxtpx:hr>81</gpxtpx:hr>
          </gpxtpx:TrackPointExtension>
        </extensions>
      </trkpt>
      <trkpt lat="34.21027222290152" lon="108.83847778134437">
        <ele>406.26070002187043</ele>
        <time>2025-11-17T04:42:25Z</time>
        <extensions>
          <gpxtpx:TrackPointExtension>
            <gpxtpx:hr>81</gpxtpx:hr>
          </gpxtpx:TrackPointExtension>
        </extensions>
      </trkpt>
      <trkpt lat="34.21027222991172" lon="108.8384778221031">
        <ele>406.2606867002323</ele>
        <time>2025-11-17T04:42:26Z</time>
        <extensions>
          <gpxtpx:TrackPointExtension>
            <gpxtpx:hr>82</gpxtpx:hr>
          </gpxtpx:TrackPointExtension>
        </extensions>
      </trkpt>
      <trkpt lat="34.21027223626419" lon="108.83847785903764">
        <ele>406.26067679934204</ele>
        <time>2025-11-17T04:42:27Z</time>
        <extensions>
          <gpxtpx:TrackPointExtension>
            <gpxtpx:hr>82</gpxtpx:hr>
          </gpxtpx:TrackPointExtension>
        </extensions>
      </trkpt>
      <trkpt lat="34.21027224194782" lon="108.83847789208333">
        <ele>406.26066978182644</ele>
        <time>2025-11-17T04:42:28Z</time>
        <extensions>
          <gpxtpx:TrackPointExtension>
            <gpxtpx:hr>82</gpxtpx:hr>
          </gpxtpx:TrackPointExtension>
        </extensions>
      </trkpt>
      <trkpt lat="34.210272247033735" lon="108.83847792165402">
        <ele>406.2606651792303</ele>
        <time>2025-11-17T04:42:29Z</time>
        <extensions>
          <gpxtpx:TrackPointExtension>
            <gpxtpx:hr>82</gpxtpx:hr>
          </gpxtpx:TrackPointExtension>
        </extensions>
      </trkpt>
      <trkpt lat="34.210272251576114" lon="108.83847794806431">
        <ele>406.2606625398621</ele>
        <time>2025-11-17T04:42:30Z</time>
        <extensions>
          <gpxtpx:TrackPointExtension>
            <gpxtpx:hr>82</gpxtpx:hr>
          </gpxtpx:TrackPointExtension>
        </extensions>
      </trkpt>
      <trkpt lat="34.21027225549065" lon="108.83847797082427">
        <ele>406.2606614790857</ele>
        <time>2025-11-17T04:42:31Z</time>
        <extensions>
          <gpxtpx:TrackPointExtension>
            <gpxtpx:hr>81</gpxtpx:hr>
          </gpxtpx:TrackPointExtension>
        </extensions>
      </trkpt>
      <trkpt lat="34.210272258865174" lon="108.8384779904444">
        <ele>406.2606616374105</ele>
        <time>2025-11-17T04:42:32Z</time>
        <extensions>
          <gpxtpx:TrackPointExtension>
            <gpxtpx:hr>81</gpxtpx:hr>
          </gpxtpx:TrackPointExtension>
        </extensions>
      </trkpt>
      <trkpt lat="34.21027226184842" lon="108.83847800778966">
        <ele>406.2606627251953</ele>
        <time>2025-11-17T04:42:33Z</time>
        <extensions>
          <gpxtpx:TrackPointExtension>
            <gpxtpx:hr>81</gpxtpx:hr>
          </gpxtpx:TrackPointExtension>
        </extensions>
      </trkpt>
      <trkpt lat="34.21027226437133" lon="108.83847802245842">
        <ele>406.26066449005157</ele>
        <time>2025-11-17T04:42:34Z</time>
        <extensions>
          <gpxtpx:TrackPointExtension>
            <gpxtpx:hr>81</gpxtpx:hr>
          </gpxtpx:TrackPointExtension>
        </extensions>
      </trkpt>
      <trkpt lat="34.21027226644334" lon="108.83847803450539">
        <ele>406.26066671311855</ele>
        <time>2025-11-17T04:42:35Z</time>
        <extensions>
          <gpxtpx:TrackPointExtension>
            <gpxtpx:hr>81</gpxtpx:hr>
          </gpxtpx:TrackPointExtension>
        </extensions>
      </trkpt>
      <trkpt lat="34.21027226833704" lon="108.83847804551576">
        <ele>406.2606692276895</ele>
        <time>2025-11-17T04:42:36Z</time>
        <extensions>
          <gpxtpx:TrackPointExtension>
            <gpxtpx:hr>82</gpxtpx:hr>
          </gpxtpx:TrackPointExtension>
        </extensions>
      </trkpt>
      <trkpt lat="34.210272270336496" lon="108.83847805714103">
        <ele>406.2606718884781</ele>
        <time>2025-11-17T04:42:37Z</time>
        <extensions>
          <gpxtpx:TrackPointExtension>
            <gpxtpx:hr>82</gpxtpx:hr>
          </gpxtpx:TrackPointExtension>
        </extensions>
      </trkpt>
      <trkpt lat="34.210272272452684" lon="108.83847806944505">
        <ele>406.2606745827943</ele>
        <time>2025-11-17T04:42:38Z</time>
        <extensions>
          <gpxtpx:TrackPointExtension>
            <gpxtpx:hr>82</gpxtpx:hr>
          </gpxtpx:TrackPointExtension>
        </extensions>
      </trkpt>
      <trkpt lat="34.2102722745315" lon="108.83847808153169">
        <ele>406.2606772230938</ele>
        <time>2025-11-17T04:42:39Z</time>
        <extensions>
          <gpxtpx:TrackPointExtension>
            <gpxtpx:hr>82</gpxtpx:hr>
          </gpxtpx:TrackPointExtension>
        </extensions>
      </trkpt>
      <trkpt lat="34.21027227649614" lon="108.83847809295443">
        <ele>406.26067974884063</ele>
        <time>2025-11-17T04:42:40Z</time>
        <extensions>
          <gpxtpx:TrackPointExtension>
            <gpxtpx:hr>82</gpxtpx:hr>
          </gpxtpx:TrackPointExtension>
        </extensions>
      </trkpt>
      <trkpt lat="34.210272278296266" lon="108.83847810342083">
        <ele>406.26068211346865</ele>
        <time>2025-11-17T04:42:41Z</time>
        <extensions>
          <gpxtpx:TrackPointExtension>
            <gpxtpx:hr>81</gpxtpx:hr>
          </gpxtpx:TrackPointExtension>
        </extensions>
      </trkpt>
      <trkpt lat="34.2102722799075" lon="108.8384781127889">
        <ele>406.2606842815876</ele>
        <time>2025-11-17T04:42:42Z</time>
        <extensions>
          <gpxtpx:TrackPointExtension>
            <gpxtpx:hr>81</gpxtpx:hr>
          </gpxtpx:TrackPointExtension>
        </extensions>
      </trkpt>
      <trkpt lat="34.21027228133808" lon="108.8384781211066">
        <ele>406.2606862420216</ele>
        <time>2025-11-17T04:42:43Z</time>
        <extensions>
          <gpxtpx:TrackPointExtension>
            <gpxtpx:hr>81</gpxtpx:hr>
          </gpxtpx:TrackPointExtension>
        </extensions>
      </trkpt>
      <trkpt lat="34.21027228259009" lon="108.83847812838589">
        <ele>406.2606879780069</ele>
        <time>2025-11-17T04:42:44Z</time>
        <extensions>
          <gpxtpx:TrackPointExtension>
            <gpxtpx:hr>81</gpxtpx:hr>
          </gpxtpx:TrackPointExtension>
        </extensions>
      </trkpt>
      <trkpt lat="34.21027228368559" lon="108.83847813475542">
        <ele>406.2606895081699</ele>
        <time>2025-11-17T04:42:45Z</time>
        <extensions>
          <gpxtpx:TrackPointExtension>
            <gpxtpx:hr>81</gpxtpx:hr>
          </gpxtpx:TrackPointExtension>
        </extensions>
      </trkpt>
      <trkpt lat="34.21027041272131" lon="108.83847935447054">
        <ele>406.25799244455993</ele>
        <time>2025-11-17T04:43:08Z</time>
        <extensions>
          <gpxtpx:TrackPointExtension>
            <gpxtpx:hr>80</gpxtpx:hr>
          </gpxtpx:TrackPointExtension>
        </extensions>
      </trkpt>
      <trkpt lat="34.21026861066297" lon="108.83848048086271">
        <ele>406.25472249649465</ele>
        <time>2025-11-17T04:43:09Z</time>
        <extensions>
          <gpxtpx:TrackPointExtension>
            <gpxtpx:hr>80</gpxtpx:hr>
          </gpxtpx:TrackPointExtension>
        </extensions>
      </trkpt>
      <trkpt lat="34.210266915540245" lon="108.83848152558971">
        <ele>406.251219060272</ele>
        <time>2025-11-17T04:43:10Z</time>
        <extensions>
          <gpxtpx:TrackPointExtension>
            <gpxtpx:hr>80</gpxtpx:hr>
          </gpxtpx:TrackPointExtension>
        </extensions>
      </trkpt>
      <trkpt lat="34.210265282409075" lon="108.83848253175603">
        <ele>406.2472121976316</ele>
        <time>2025-11-17T04:43:11Z</time>
        <extensions>
          <gpxtpx:TrackPointExtension>
            <gpxtpx:hr>80</gpxtpx:hr>
          </gpxtpx:TrackPointExtension>
        </extensions>
      </trkpt>
      <trkpt lat="34.210263637920846" lon="108.83848354532701">
        <ele>406.24271325580776</ele>
        <time>2025-11-17T04:43:12Z</time>
        <extensions>
          <gpxtpx:TrackPointExtension>
            <gpxtpx:hr>80</gpxtpx:hr>
          </gpxtpx:TrackPointExtension>
        </extensions>
      </trkpt>
      <trkpt lat="34.21026178035017" lon="108.83848469164191">
        <ele>406.23774693440646</ele>
        <time>2025-11-17T04:43:13Z</time>
        <extensions>
          <gpxtpx:TrackPointExtension>
            <gpxtpx:hr>80</gpxtpx:hr>
          </gpxtpx:TrackPointExtension>
        </extensions>
      </trkpt>
      <trkpt lat="34.21025958455214" lon="108.83848604858257">
        <ele>406.232331905514</ele>
        <time>2025-11-17T04:43:14Z</time>
        <extensions>
          <gpxtpx:TrackPointExtension>
            <gpxtpx:hr>80</gpxtpx:hr>
          </gpxtpx:TrackPointExtension>
        </extensions>
      </trkpt>
      <trkpt lat="34.21025711525592" lon="108.83848757688203">
        <ele>406.22652071062475</ele>
        <time>2025-11-17T04:43:15Z</time>
        <extensions>
          <gpxtpx:TrackPointExtension>
            <gpxtpx:hr>80</gpxtpx:hr>
          </gpxtpx:TrackPointExtension>
        </extensions>
      </trkpt>
      <trkpt lat="34.21025443018844" lon="108.83848924255314">
        <ele>406.22042016964406</ele>
        <time>2025-11-17T04:43:16Z</time>
        <extensions>
          <gpxtpx:TrackPointExtension>
            <gpxtpx:hr>80</gpxtpx:hr>
          </gpxtpx:TrackPointExtension>
        </extensions>
      </trkpt>
      <trkpt lat="34.210251594880155" lon="108.83849100832215">
        <ele>406.2141315629706</ele>
        <time>2025-11-17T04:43:17Z</time>
        <extensions>
          <gpxtpx:TrackPointExtension>
            <gpxtpx:hr>80</gpxtpx:hr>
          </gpxtpx:TrackPointExtension>
        </extensions>
      </trkpt>
      <trkpt lat="34.21024874082318" lon="108.83849279873094">
        <ele>406.2078147334978</ele>
        <time>2025-11-17T04:43:18Z</time>
        <extensions>
          <gpxtpx:TrackPointExtension>
            <gpxtpx:hr>80</gpxtpx:hr>
          </gpxtpx:TrackPointExtension>
        </extensions>
      </trkpt>
      <trkpt lat="34.21024602134561" lon="108.8384945040081">
        <ele>406.20168312639</ele>
        <time>2025-11-17T04:43:19Z</time>
        <extensions>
          <gpxtpx:TrackPointExtension>
            <gpxtpx:hr>80</gpxtpx:hr>
          </gpxtpx:TrackPointExtension>
        </extensions>
      </trkpt>
      <trkpt lat="34.21024349254512" lon="108.83849607567969">
        <ele>406.1958500901237</ele>
        <time>2025-11-17T04:43:20Z</time>
        <extensions>
          <gpxtpx:TrackPointExtension>
            <gpxtpx:hr>80</gpxtpx:hr>
          </gpxtpx:TrackPointExtension>
        </extensions>
      </trkpt>
      <trkpt lat="34.21024119969143" lon="108.83849749319012">
        <ele>406.19044503849</ele>
        <time>2025-11-17T04:43:21Z</time>
        <extensions>
          <gpxtpx:TrackPointExtension>
            <gpxtpx:hr>80</gpxtpx:hr>
          </gpxtpx:TrackPointExtension>
        </extensions>
      </trkpt>
      <trkpt lat="34.21023917213641" lon="108.83849874279196">
        <ele>406.18550459016114</ele>
        <time>2025-11-17T04:43:22Z</time>
        <extensions>
          <gpxtpx:TrackPointExtension>
            <gpxtpx:hr>80</gpxtpx:hr>
          </gpxtpx:TrackPointExtension>
        </extensions>
      </trkpt>
      <trkpt lat="34.21023742242898" lon="108.83849981910436">
        <ele>406.1810633521527</ele>
        <time>2025-11-17T04:43:23Z</time>
        <extensions>
          <gpxtpx:TrackPointExtension>
            <gpxtpx:hr>83</gpxtpx:hr>
          </gpxtpx:TrackPointExtension>
        </extensions>
      </trkpt>
      <trkpt lat="34.21023592007516" lon="108.83850074219554">
        <ele>406.17713075876236</ele>
        <time>2025-11-17T04:43:24Z</time>
        <extensions>
          <gpxtpx:TrackPointExtension>
            <gpxtpx:hr>83</gpxtpx:hr>
          </gpxtpx:TrackPointExtension>
        </extensions>
      </trkpt>
      <trkpt lat="34.210234603720544" lon="108.83850155045656">
        <ele>406.1737098386511</ele>
        <time>2025-11-17T04:43:25Z</time>
        <extensions>
          <gpxtpx:TrackPointExtension>
            <gpxtpx:hr>83</gpxtpx:hr>
          </gpxtpx:TrackPointExtension>
        </extensions>
      </trkpt>
      <trkpt lat="34.2102334548534" lon="108.83850225561832">
        <ele>406.1707671806216</ele>
        <time>2025-11-17T04:43:26Z</time>
        <extensions>
          <gpxtpx:TrackPointExtension>
            <gpxtpx:hr>83</gpxtpx:hr>
          </gpxtpx:TrackPointExtension>
        </extensions>
      </trkpt>
      <trkpt lat="34.21023249397214" lon="108.8385028452681">
        <ele>406.1682776948437</ele>
        <time>2025-11-17T04:43:27Z</time>
        <extensions>
          <gpxtpx:TrackPointExtension>
            <gpxtpx:hr>83</gpxtpx:hr>
          </gpxtpx:TrackPointExtension>
        </extensions>
      </trkpt>
      <trkpt lat="34.21023163046858" lon="108.83850337509375">
        <ele>406.16620438173413</ele>
        <time>2025-11-17T04:43:28Z</time>
        <extensions>
          <gpxtpx:TrackPointExtension>
            <gpxtpx:hr>83</gpxtpx:hr>
          </gpxtpx:TrackPointExtension>
        </extensions>
      </trkpt>
      <trkpt lat="34.21023072822891" lon="108.83850392865405">
        <ele>406.16451018862426</ele>
        <time>2025-11-17T04:43:29Z</time>
        <extensions>
          <gpxtpx:TrackPointExtension>
            <gpxtpx:hr>83</gpxtpx:hr>
          </gpxtpx:TrackPointExtension>
        </extensions>
      </trkpt>
      <trkpt lat="34.21022977874891" lon="108.8385045111836">
        <ele>406.16315381694585</ele>
        <time>2025-11-17T04:43:30Z</time>
        <extensions>
          <gpxtpx:TrackPointExtension>
            <gpxtpx:hr>84</gpxtpx:hr>
          </gpxtpx:TrackPointExtension>
        </extensions>
      </trkpt>
      <trkpt lat="34.21022884867053" lon="108.8385050818026">
        <ele>406.16209183074534</ele>
        <time>2025-11-17T04:43:31Z</time>
        <extensions>
          <gpxtpx:TrackPointExtension>
            <gpxtpx:hr>84</gpxtpx:hr>
          </gpxtpx:TrackPointExtension>
        </extensions>
      </trkpt>
      <trkpt lat="34.21022797420455" lon="108.83850561829858">
        <ele>406.1612869882956</ele>
        <time>2025-11-17T04:43:32Z</time>
        <extensions>
          <gpxtpx:TrackPointExtension>
            <gpxtpx:hr>84</gpxtpx:hr>
          </gpxtpx:TrackPointExtension>
        </extensions>
      </trkpt>
      <trkpt lat="34.21022717464914" lon="108.83850610883397">
        <ele>406.1606994746253</ele>
        <time>2025-11-17T04:43:33Z</time>
        <extensions>
          <gpxtpx:TrackPointExtension>
            <gpxtpx:hr>84</gpxtpx:hr>
          </gpxtpx:TrackPointExtension>
        </extensions>
      </trkpt>
      <trkpt lat="34.21022645389883" lon="108.8385065510205">
        <ele>406.16029632184654</ele>
        <time>2025-11-17T04:43:34Z</time>
        <extensions>
          <gpxtpx:TrackPointExtension>
            <gpxtpx:hr>84</gpxtpx:hr>
          </gpxtpx:TrackPointExtension>
        </extensions>
      </trkpt>
      <trkpt lat="34.21022580614798" lon="108.83850694842062">
        <ele>406.16004339046776</ele>
        <time>2025-11-17T04:43:35Z</time>
        <extensions>
          <gpxtpx:TrackPointExtension>
            <gpxtpx:hr>85</gpxtpx:hr>
          </gpxtpx:TrackPointExtension>
        </extensions>
      </trkpt>
      <trkpt lat="34.21022522887805" lon="108.83850730257981">
        <ele>406.1599130034447</ele>
        <time>2025-11-17T04:43:36Z</time>
        <extensions>
          <gpxtpx:TrackPointExtension>
            <gpxtpx:hr>85</gpxtpx:hr>
          </gpxtpx:TrackPointExtension>
        </extensions>
      </trkpt>
      <trkpt lat="34.210224713124674" lon="108.83850761899798">
        <ele>406.15987953264266</ele>
        <time>2025-11-17T04:43:37Z</time>
        <extensions>
          <gpxtpx:TrackPointExtension>
            <gpxtpx:hr>85</gpxtpx:hr>
          </gpxtpx:TrackPointExtension>
        </extensions>
      </trkpt>
      <trkpt lat="34.210224250639065" lon="108.83850790273593">
        <ele>406.15992073342204</ele>
        <time>2025-11-17T04:43:38Z</time>
        <extensions>
          <gpxtpx:TrackPointExtension>
            <gpxtpx:hr>84</gpxtpx:hr>
          </gpxtpx:TrackPointExtension>
        </extensions>
      </trkpt>
      <trkpt lat="34.21022383817127" lon="108.83850815578754">
        <ele>406.1600179867819</ele>
        <time>2025-11-17T04:43:39Z</time>
        <extensions>
          <gpxtpx:TrackPointExtension>
            <gpxtpx:hr>84</gpxtpx:hr>
          </gpxtpx:TrackPointExtension>
        </extensions>
      </trkpt>
      <trkpt lat="34.210223470858566" lon="108.8385083811362">
        <ele>406.16015464719385</ele>
        <time>2025-11-17T04:43:40Z</time>
        <extensions>
          <gpxtpx:TrackPointExtension>
            <gpxtpx:hr>84</gpxtpx:hr>
          </gpxtpx:TrackPointExtension>
        </extensions>
      </trkpt>
      <trkpt lat="34.21022314729263" lon="108.83850857964593">
        <ele>406.16031739115715</ele>
        <time>2025-11-17T04:43:41Z</time>
        <extensions>
          <gpxtpx:TrackPointExtension>
            <gpxtpx:hr>84</gpxtpx:hr>
          </gpxtpx:TrackPointExtension>
        </extensions>
      </trkpt>
      <trkpt lat="34.2102228736784" lon="108.83850874750995">
        <ele>406.16049512755126</ele>
        <time>2025-11-17T04:43:42Z</time>
        <extensions>
          <gpxtpx:TrackPointExtension>
            <gpxtpx:hr>84</gpxtpx:hr>
          </gpxtpx:TrackPointExtension>
        </extensions>
      </trkpt>
      <trkpt lat="34.21022264416322" lon="108.83850888831894">
        <ele>406.1606796681881</ele>
        <time>2025-11-17T04:43:43Z</time>
        <extensions>
          <gpxtpx:TrackPointExtension>
            <gpxtpx:hr>84</gpxtpx:hr>
          </gpxtpx:TrackPointExtension>
        </extensions>
      </trkpt>
      <trkpt lat="34.21022244292389" lon="108.83850901178052">
        <ele>406.16086351219565</ele>
        <time>2025-11-17T04:43:44Z</time>
        <extensions>
          <gpxtpx:TrackPointExtension>
            <gpxtpx:hr>80</gpxtpx:hr>
          </gpxtpx:TrackPointExtension>
        </extensions>
      </trkpt>
      <trkpt lat="34.21022226581339" lon="108.8385091204389">
        <ele>406.1610415801406</ele>
        <time>2025-11-17T04:43:45Z</time>
        <extensions>
          <gpxtpx:TrackPointExtension>
            <gpxtpx:hr>80</gpxtpx:hr>
          </gpxtpx:TrackPointExtension>
        </extensions>
      </trkpt>
      <trkpt lat="34.210222101433246" lon="108.83850922128717">
        <ele>406.1612101038918</ele>
        <time>2025-11-17T04:43:46Z</time>
        <extensions>
          <gpxtpx:TrackPointExtension>
            <gpxtpx:hr>80</gpxtpx:hr>
          </gpxtpx:TrackPointExtension>
        </extensions>
      </trkpt>
      <trkpt lat="34.210221926914926" lon="108.83850932835522">
        <ele>406.16136653348804</ele>
        <time>2025-11-17T04:43:47Z</time>
        <extensions>
          <gpxtpx:TrackPointExtension>
            <gpxtpx:hr>80</gpxtpx:hr>
          </gpxtpx:TrackPointExtension>
        </extensions>
      </trkpt>
      <trkpt lat="34.210221740630885" lon="108.83850944264161">
        <ele>406.16150918602943</ele>
        <time>2025-11-17T04:43:48Z</time>
        <extensions>
          <gpxtpx:TrackPointExtension>
            <gpxtpx:hr>80</gpxtpx:hr>
          </gpxtpx:TrackPointExtension>
        </extensions>
      </trkpt>
      <trkpt lat="34.21022155557705" lon="108.83850955617328">
        <ele>406.16163696628064</ele>
        <time>2025-11-17T04:43:49Z</time>
        <extensions>
          <gpxtpx:TrackPointExtension>
            <gpxtpx:hr>79</gpxtpx:hr>
          </gpxtpx:TrackPointExtension>
        </extensions>
      </trkpt>
      <trkpt lat="34.210221378735234" lon="108.83850966466684">
        <ele>406.1617501024157</ele>
        <time>2025-11-17T04:43:50Z</time>
        <extensions>
          <gpxtpx:TrackPointExtension>
            <gpxtpx:hr>79</gpxtpx:hr>
          </gpxtpx:TrackPointExtension>
        </extensions>
      </trkpt>
      <trkpt lat="34.21022121321397" lon="108.83850976621514">
        <ele>406.1618484891951</ele>
        <time>2025-11-17T04:43:51Z</time>
        <extensions>
          <gpxtpx:TrackPointExtension>
            <gpxtpx:hr>79</gpxtpx:hr>
          </gpxtpx:TrackPointExtension>
        </extensions>
      </trkpt>
      <trkpt lat="34.210221060769065" lon="108.83850985974102">
        <ele>406.16193292383105</ele>
        <time>2025-11-17T04:43:52Z</time>
        <extensions>
          <gpxtpx:TrackPointExtension>
            <gpxtpx:hr>79</gpxtpx:hr>
          </gpxtpx:TrackPointExtension>
        </extensions>
      </trkpt>
      <trkpt lat="34.21022092220119" lon="108.83850994475328">
        <ele>406.16200429201126</ele>
        <time>2025-11-17T04:43:53Z</time>
        <extensions>
          <gpxtpx:TrackPointExtension>
            <gpxtpx:hr>79</gpxtpx:hr>
          </gpxtpx:TrackPointExtension>
        </extensions>
      </trkpt>
      <trkpt lat="34.21022079784088" lon="108.83851002104909">
        <ele>406.16206358838826</ele>
        <time>2025-11-17T04:43:54Z</time>
        <extensions>
          <gpxtpx:TrackPointExtension>
            <gpxtpx:hr>79</gpxtpx:hr>
          </gpxtpx:TrackPointExtension>
        </extensions>
      </trkpt>
      <trkpt lat="34.210220687248196" lon="108.83851008889839">
        <ele>406.16211201343685</ele>
        <time>2025-11-17T04:43:55Z</time>
        <extensions>
          <gpxtpx:TrackPointExtension>
            <gpxtpx:hr>79</gpxtpx:hr>
          </gpxtpx:TrackPointExtension>
        </extensions>
      </trkpt>
      <trkpt lat="34.21022058969324" lon="108.83851014874895">
        <ele>406.1621506847441</ele>
        <time>2025-11-17T04:43:56Z</time>
        <extensions>
          <gpxtpx:TrackPointExtension>
            <gpxtpx:hr>79</gpxtpx:hr>
          </gpxtpx:TrackPointExtension>
        </extensions>
      </trkpt>
      <trkpt lat="34.21022050355329" lon="108.83851020159635">
        <ele>406.16218093503267</ele>
        <time>2025-11-17T04:43:57Z</time>
        <extensions>
          <gpxtpx:TrackPointExtension>
            <gpxtpx:hr>79</gpxtpx:hr>
          </gpxtpx:TrackPointExtension>
        </extensions>
      </trkpt>
      <trkpt lat="34.21022042846663" lon="108.83851024766247">
        <ele>406.1622038446367</ele>
        <time>2025-11-17T04:43:58Z</time>
        <extensions>
          <gpxtpx:TrackPointExtension>
            <gpxtpx:hr>79</gpxtpx:hr>
          </gpxtpx:TrackPointExtension>
        </extensions>
      </trkpt>
      <trkpt lat="34.21022058753415" lon="108.83851075597049">
        <ele>406.1627310924232</ele>
        <time>2025-11-17T04:43:59Z</time>
        <extensions>
          <gpxtpx:TrackPointExtension>
            <gpxtpx:hr>79</gpxtpx:hr>
          </gpxtpx:TrackPointExtension>
        </extensions>
      </trkpt>
      <trkpt lat="34.21022073887567" lon="108.83851124826161">
        <ele>406.16444036271423</ele>
        <time>2025-11-17T04:44:00Z</time>
        <extensions>
          <gpxtpx:TrackPointExtension>
            <gpxtpx:hr>79</gpxtpx:hr>
          </gpxtpx:TrackPointExtension>
        </extensions>
      </trkpt>
      <trkpt lat="34.21022088433519" lon="108.83851170827882">
        <ele>406.16695237811655</ele>
        <time>2025-11-17T04:44:01Z</time>
        <extensions>
          <gpxtpx:TrackPointExtension>
            <gpxtpx:hr>80</gpxtpx:hr>
          </gpxtpx:TrackPointExtension>
        </extensions>
      </trkpt>
      <trkpt lat="34.210221032540375" lon="108.83851212716878">
        <ele>406.16894484404474</ele>
        <time>2025-11-17T04:44:02Z</time>
        <extensions>
          <gpxtpx:TrackPointExtension>
            <gpxtpx:hr>80</gpxtpx:hr>
          </gpxtpx:TrackPointExtension>
        </extensions>
      </trkpt>
      <trkpt lat="34.210221216815626" lon="108.83851260592587">
        <ele>406.1704375082627</ele>
        <time>2025-11-17T04:44:03Z</time>
        <extensions>
          <gpxtpx:TrackPointExtension>
            <gpxtpx:hr>80</gpxtpx:hr>
          </gpxtpx:TrackPointExtension>
        </extensions>
      </trkpt>
      <trkpt lat="34.210221394813765" lon="108.83851300889143">
        <ele>406.1723219063133</ele>
        <time>2025-11-17T04:44:04Z</time>
        <extensions>
          <gpxtpx:TrackPointExtension>
            <gpxtpx:hr>80</gpxtpx:hr>
          </gpxtpx:TrackPointExtension>
        </extensions>
      </trkpt>
      <trkpt lat="34.21022154436418" lon="108.83851332688677">
        <ele>406.18015117850155</ele>
        <time>2025-11-17T04:44:05Z</time>
        <extensions>
          <gpxtpx:TrackPointExtension>
            <gpxtpx:hr>80</gpxtpx:hr>
          </gpxtpx:TrackPointExtension>
        </extensions>
      </trkpt>
      <trkpt lat="34.21022167747161" lon="108.83851360348731">
        <ele>406.19145066384226</ele>
        <time>2025-11-17T04:44:06Z</time>
        <extensions>
          <gpxtpx:TrackPointExtension>
            <gpxtpx:hr>78</gpxtpx:hr>
          </gpxtpx:TrackPointExtension>
        </extensions>
      </trkpt>
      <trkpt lat="34.21022141499853" lon="108.83851354433229">
        <ele>406.1996490461752</ele>
        <time>2025-11-17T04:44:07Z</time>
        <extensions>
          <gpxtpx:TrackPointExtension>
            <gpxtpx:hr>78</gpxtpx:hr>
          </gpxtpx:TrackPointExtension>
        </extensions>
      </trkpt>
      <trkpt lat="34.210221405299976" lon="108.83851395993291">
        <ele>406.20686859544367</ele>
        <time>2025-11-17T04:44:08Z</time>
        <extensions>
          <gpxtpx:TrackPointExtension>
            <gpxtpx:hr>78</gpxtpx:hr>
          </gpxtpx:TrackPointExtension>
        </extensions>
      </trkpt>
      <trkpt lat="34.21022176684933" lon="108.83851486171335">
        <ele>406.2151311086491</ele>
        <time>2025-11-17T04:44:09Z</time>
        <extensions>
          <gpxtpx:TrackPointExtension>
            <gpxtpx:hr>78</gpxtpx:hr>
          </gpxtpx:TrackPointExtension>
        </extensions>
      </trkpt>
      <trkpt lat="34.21022249079866" lon="108.83851601394137">
        <ele>406.22355181816965</ele>
        <time>2025-11-17T04:44:10Z</time>
        <extensions>
          <gpxtpx:TrackPointExtension>
            <gpxtpx:hr>78</gpxtpx:hr>
          </gpxtpx:TrackPointExtension>
        </extensions>
      </trkpt>
      <trkpt lat="34.21022306761199" lon="108.83851705458345">
        <ele>406.23206833563745</ele>
        <time>2025-11-17T04:44:11Z</time>
        <extensions>
          <gpxtpx:TrackPointExtension>
            <gpxtpx:hr>78</gpxtpx:hr>
          </gpxtpx:TrackPointExtension>
        </extensions>
      </trkpt>
      <trkpt lat="34.2102234613488" lon="108.83851876130922">
        <ele>406.2412324119359</ele>
        <time>2025-11-17T04:44:12Z</time>
        <extensions>
          <gpxtpx:TrackPointExtension>
            <gpxtpx:hr>78</gpxtpx:hr>
          </gpxtpx:TrackPointExtension>
        </extensions>
      </trkpt>
      <trkpt lat="34.210224461695994" lon="108.83851990999568">
        <ele>406.24961052741855</ele>
        <time>2025-11-17T04:44:13Z</time>
        <extensions>
          <gpxtpx:TrackPointExtension>
            <gpxtpx:hr>78</gpxtpx:hr>
          </gpxtpx:TrackPointExtension>
        </extensions>
      </trkpt>
      <trkpt lat="34.21022603902192" lon="108.8385197043143">
        <ele>406.25781836453825</ele>
        <time>2025-11-17T04:44:14Z</time>
        <extensions>
          <gpxtpx:TrackPointExtension>
            <gpxtpx:hr>79</gpxtpx:hr>
          </gpxtpx:TrackPointExtension>
        </extensions>
      </trkpt>
      <trkpt lat="34.210228420271065" lon="108.83852020150626">
        <ele>406.2653899565339</ele>
        <time>2025-11-17T04:44:15Z</time>
        <extensions>
          <gpxtpx:TrackPointExtension>
            <gpxtpx:hr>79</gpxtpx:hr>
          </gpxtpx:TrackPointExtension>
        </extensions>
      </trkpt>
      <trkpt lat="34.21023183895375" lon="108.8385219631624">
        <ele>406.2721718456596</ele>
        <time>2025-11-17T04:44:16Z</time>
        <extensions>
          <gpxtpx:TrackPointExtension>
            <gpxtpx:hr>79</gpxtpx:hr>
          </gpxtpx:TrackPointExtension>
        </extensions>
      </trkpt>
      <trkpt lat="34.21023663206641" lon="108.8385252387008">
        <ele>406.2765328353271</ele>
        <time>2025-11-17T04:44:17Z</time>
        <extensions>
          <gpxtpx:TrackPointExtension>
            <gpxtpx:hr>79</gpxtpx:hr>
          </gpxtpx:TrackPointExtension>
        </extensions>
      </trkpt>
      <trkpt lat="34.21024265411529" lon="108.83852992246092">
        <ele>406.2777682999149</ele>
        <time>2025-11-17T04:44:18Z</time>
        <extensions>
          <gpxtpx:TrackPointExtension>
            <gpxtpx:hr>79</gpxtpx:hr>
          </gpxtpx:TrackPointExtension>
        </extensions>
      </trkpt>
      <trkpt lat="34.21025073866582" lon="108.83853630079312">
        <ele>406.28108909819275</ele>
        <time>2025-11-17T04:44:19Z</time>
        <extensions>
          <gpxtpx:TrackPointExtension>
            <gpxtpx:hr>80</gpxtpx:hr>
          </gpxtpx:TrackPointExtension>
        </extensions>
      </trkpt>
      <trkpt lat="34.21026051894335" lon="108.83854425295856">
        <ele>406.2881106501445</ele>
        <time>2025-11-17T04:44:20Z</time>
        <extensions>
          <gpxtpx:TrackPointExtension>
            <gpxtpx:hr>80</gpxtpx:hr>
          </gpxtpx:TrackPointExtension>
        </extensions>
      </trkpt>
      <trkpt lat="34.21027535991041" lon="108.83855339805135">
        <ele>406.29560808558017</ele>
        <time>2025-11-17T04:44:21Z</time>
        <extensions>
          <gpxtpx:TrackPointExtension>
            <gpxtpx:hr>80</gpxtpx:hr>
          </gpxtpx:TrackPointExtension>
        </extensions>
      </trkpt>
      <trkpt lat="34.21028518100796" lon="108.83856177373437">
        <ele>406.3016323465854</ele>
        <time>2025-11-17T04:44:22Z</time>
        <extensions>
          <gpxtpx:TrackPointExtension>
            <gpxtpx:hr>80</gpxtpx:hr>
          </gpxtpx:TrackPointExtension>
        </extensions>
      </trkpt>
      <trkpt lat="34.21029498611191" lon="108.83856835671338">
        <ele>406.3121246919036</ele>
        <time>2025-11-17T04:44:23Z</time>
        <extensions>
          <gpxtpx:TrackPointExtension>
            <gpxtpx:hr>92</gpxtpx:hr>
          </gpxtpx:TrackPointExtension>
        </extensions>
      </trkpt>
      <trkpt lat="34.21030603586387" lon="108.83857192118998">
        <ele>406.3245078017935</ele>
        <time>2025-11-17T04:44:24Z</time>
        <extensions>
          <gpxtpx:TrackPointExtension>
            <gpxtpx:hr>92</gpxtpx:hr>
          </gpxtpx:TrackPointExtension>
        </extensions>
      </trkpt>
      <trkpt lat="34.21031737155669" lon="108.83857295621979">
        <ele>406.3382996171713</ele>
        <time>2025-11-17T04:44:25Z</time>
        <extensions>
          <gpxtpx:TrackPointExtension>
            <gpxtpx:hr>92</gpxtpx:hr>
          </gpxtpx:TrackPointExtension>
        </extensions>
      </trkpt>
      <trkpt lat="34.21032855464436" lon="108.83857206942893">
        <ele>406.3536090813577</ele>
        <time>2025-11-17T04:44:26Z</time>
        <extensions>
          <gpxtpx:TrackPointExtension>
            <gpxtpx:hr>92</gpxtpx:hr>
          </gpxtpx:TrackPointExtension>
        </extensions>
      </trkpt>
      <trkpt lat="34.21033670191146" lon="108.83856863707175">
        <ele>406.36496822722256</ele>
        <time>2025-11-17T04:44:27Z</time>
        <extensions>
          <gpxtpx:TrackPointExtension>
            <gpxtpx:hr>92</gpxtpx:hr>
          </gpxtpx:TrackPointExtension>
        </extensions>
      </trkpt>
      <trkpt lat="34.21034339943479" lon="108.8385641586252">
        <ele>406.37702012993395</ele>
        <time>2025-11-17T04:44:28Z</time>
        <extensions>
          <gpxtpx:TrackPointExtension>
            <gpxtpx:hr>92</gpxtpx:hr>
          </gpxtpx:TrackPointExtension>
        </extensions>
      </trkpt>
      <trkpt lat="34.2103472330434" lon="108.8385579380674">
        <ele>406.38740264903754</ele>
        <time>2025-11-17T04:44:29Z</time>
        <extensions>
          <gpxtpx:TrackPointExtension>
            <gpxtpx:hr>92</gpxtpx:hr>
          </gpxtpx:TrackPointExtension>
        </extensions>
      </trkpt>
      <trkpt lat="34.21034875228996" lon="108.83855141565539">
        <ele>406.39783451892436</ele>
        <time>2025-11-17T04:44:30Z</time>
        <extensions>
          <gpxtpx:TrackPointExtension>
            <gpxtpx:hr>92</gpxtpx:hr>
          </gpxtpx:TrackPointExtension>
        </extensions>
      </trkpt>
      <trkpt lat="34.210347731084845" lon="108.83854536411418">
        <ele>406.40463671274483</ele>
        <time>2025-11-17T04:44:31Z</time>
        <extensions>
          <gpxtpx:TrackPointExtension>
            <gpxtpx:hr>92</gpxtpx:hr>
          </gpxtpx:TrackPointExtension>
        </extensions>
      </trkpt>
      <trkpt lat="34.21034378568285" lon="108.8385392697872">
        <ele>406.40961246192455</ele>
        <time>2025-11-17T04:44:32Z</time>
        <extensions>
          <gpxtpx:TrackPointExtension>
            <gpxtpx:hr>92</gpxtpx:hr>
          </gpxtpx:TrackPointExtension>
        </extensions>
      </trkpt>
      <trkpt lat="34.2103392267734" lon="108.83853373105639">
        <ele>406.4127320321277</ele>
        <time>2025-11-17T04:44:33Z</time>
        <extensions>
          <gpxtpx:TrackPointExtension>
            <gpxtpx:hr>101</gpxtpx:hr>
          </gpxtpx:TrackPointExtension>
        </extensions>
      </trkpt>
      <trkpt lat="34.21033444879485" lon="108.83852850014549">
        <ele>406.4151327954605</ele>
        <time>2025-11-17T04:44:34Z</time>
        <extensions>
          <gpxtpx:TrackPointExtension>
            <gpxtpx:hr>101</gpxtpx:hr>
          </gpxtpx:TrackPointExtension>
        </extensions>
      </trkpt>
      <trkpt lat="34.21032968289435" lon="108.83852355958358">
        <ele>406.41431093402207</ele>
        <time>2025-11-17T04:44:35Z</time>
        <extensions>
          <gpxtpx:TrackPointExtension>
            <gpxtpx:hr>101</gpxtpx:hr>
          </gpxtpx:TrackPointExtension>
        </extensions>
      </trkpt>
      <trkpt lat="34.21032448820163" lon="108.83851816472867">
        <ele>406.41349711548537</ele>
        <time>2025-11-17T04:44:36Z</time>
        <extensions>
          <gpxtpx:TrackPointExtension>
            <gpxtpx:hr>101</gpxtpx:hr>
          </gpxtpx:TrackPointExtension>
        </extensions>
      </trkpt>
      <trkpt lat="34.21031869627697" lon="108.83851230285121">
        <ele>406.4094309527427</ele>
        <time>2025-11-17T04:44:37Z</time>
        <extensions>
          <gpxtpx:TrackPointExtension>
            <gpxtpx:hr>101</gpxtpx:hr>
          </gpxtpx:TrackPointExtension>
        </extensions>
      </trkpt>
      <trkpt lat="34.21031249883072" lon="108.83850590296524">
        <ele>406.4038528315723</ele>
        <time>2025-11-17T04:44:38Z</time>
        <extensions>
          <gpxtpx:TrackPointExtension>
            <gpxtpx:hr>101</gpxtpx:hr>
          </gpxtpx:TrackPointExtension>
        </extensions>
      </trkpt>
      <trkpt lat="34.21030569154348" lon="108.83849881743738">
        <ele>406.39724602084607</ele>
        <time>2025-11-17T04:44:39Z</time>
        <extensions>
          <gpxtpx:TrackPointExtension>
            <gpxtpx:hr>101</gpxtpx:hr>
          </gpxtpx:TrackPointExtension>
        </extensions>
      </trkpt>
      <trkpt lat="34.2102983517078" lon="108.83849121199651">
        <ele>406.39007517695427</ele>
        <time>2025-11-17T04:44:40Z</time>
        <extensions>
          <gpxtpx:TrackPointExtension>
            <gpxtpx:hr>101</gpxtpx:hr>
          </gpxtpx:TrackPointExtension>
        </extensions>
      </trkpt>
      <trkpt lat="34.210290731114334" lon="108.83848343603637">
        <ele>406.3827459067106</ele>
        <time>2025-11-17T04:44:41Z</time>
        <extensions>
          <gpxtpx:TrackPointExtension>
            <gpxtpx:hr>101</gpxtpx:hr>
          </gpxtpx:TrackPointExtension>
        </extensions>
      </trkpt>
      <trkpt lat="34.21028074697533" lon="108.83847329250884">
        <ele>406.3710420029238</ele>
        <time>2025-11-17T04:44:42Z</time>
        <extensions>
          <gpxtpx:TrackPointExtension>
            <gpxtpx:hr>101</gpxtpx:hr>
          </gpxtpx:TrackPointExtension>
        </extensions>
      </trkpt>
      <trkpt lat="34.21027099652734" lon="108.83846343320094">
        <ele>406.3585239201784</ele>
        <time>2025-11-17T04:44:43Z</time>
        <extensions>
          <gpxtpx:TrackPointExtension>
            <gpxtpx:hr>101</gpxtpx:hr>
          </gpxtpx:TrackPointExtension>
        </extensions>
      </trkpt>
      <trkpt lat="34.21026145377223" lon="108.83845377414747">
        <ele>406.3455482283607</ele>
        <time>2025-11-17T04:44:44Z</time>
        <extensions>
          <gpxtpx:TrackPointExtension>
            <gpxtpx:hr>101</gpxtpx:hr>
          </gpxtpx:TrackPointExtension>
        </extensions>
      </trkpt>
      <trkpt lat="34.21025225238815" lon="108.83844456453566">
        <ele>406.33315619826317</ele>
        <time>2025-11-17T04:44:45Z</time>
        <extensions>
          <gpxtpx:TrackPointExtension>
            <gpxtpx:hr>91</gpxtpx:hr>
          </gpxtpx:TrackPointExtension>
        </extensions>
      </trkpt>
      <trkpt lat="34.210243268586545" lon="108.83843552488341">
        <ele>406.3210272490978</ele>
        <time>2025-11-17T04:44:46Z</time>
        <extensions>
          <gpxtpx:TrackPointExtension>
            <gpxtpx:hr>91</gpxtpx:hr>
          </gpxtpx:TrackPointExtension>
        </extensions>
      </trkpt>
      <trkpt lat="34.21023557899703" lon="108.83842785924">
        <ele>406.30880623776466</ele>
        <time>2025-11-17T04:44:47Z</time>
        <extensions>
          <gpxtpx:TrackPointExtension>
            <gpxtpx:hr>91</gpxtpx:hr>
          </gpxtpx:TrackPointExtension>
        </extensions>
      </trkpt>
      <trkpt lat="34.210229002525594" lon="108.83842133643326">
        <ele>406.2965872399509</ele>
        <time>2025-11-17T04:44:48Z</time>
        <extensions>
          <gpxtpx:TrackPointExtension>
            <gpxtpx:hr>91</gpxtpx:hr>
          </gpxtpx:TrackPointExtension>
        </extensions>
      </trkpt>
      <trkpt lat="34.21022317450071" lon="108.83841556215793">
        <ele>406.28428977914155</ele>
        <time>2025-11-17T04:44:49Z</time>
        <extensions>
          <gpxtpx:TrackPointExtension>
            <gpxtpx:hr>91</gpxtpx:hr>
          </gpxtpx:TrackPointExtension>
        </extensions>
      </trkpt>
      <trkpt lat="34.21021794947847" lon="108.83841037067864">
        <ele>406.2721894523129</ele>
        <time>2025-11-17T04:44:50Z</time>
        <extensions>
          <gpxtpx:TrackPointExtension>
            <gpxtpx:hr>91</gpxtpx:hr>
          </gpxtpx:TrackPointExtension>
        </extensions>
      </trkpt>
      <trkpt lat="34.2102103494142" lon="108.83840242945215">
        <ele>406.26219423674047</ele>
        <time>2025-11-17T04:44:51Z</time>
        <extensions>
          <gpxtpx:TrackPointExtension>
            <gpxtpx:hr>93</gpxtpx:hr>
          </gpxtpx:TrackPointExtension>
        </extensions>
      </trkpt>
      <trkpt lat="34.21020181814566" lon="108.83839337692183">
        <ele>406.25106226373464</ele>
        <time>2025-11-17T04:44:52Z</time>
        <extensions>
          <gpxtpx:TrackPointExtension>
            <gpxtpx:hr>93</gpxtpx:hr>
          </gpxtpx:TrackPointExtension>
        </extensions>
      </trkpt>
      <trkpt lat="34.21019257962683" lon="108.8383836604399">
        <ele>406.2404519878328</ele>
        <time>2025-11-17T04:44:53Z</time>
        <extensions>
          <gpxtpx:TrackPointExtension>
            <gpxtpx:hr>93</gpxtpx:hr>
          </gpxtpx:TrackPointExtension>
        </extensions>
      </trkpt>
      <trkpt lat="34.21018326842301" lon="108.83837393086891">
        <ele>406.2291784165427</ele>
        <time>2025-11-17T04:44:54Z</time>
        <extensions>
          <gpxtpx:TrackPointExtension>
            <gpxtpx:hr>93</gpxtpx:hr>
          </gpxtpx:TrackPointExtension>
        </extensions>
      </trkpt>
      <trkpt lat="34.21017403624835" lon="108.8383644272399">
        <ele>406.2182704443112</ele>
        <time>2025-11-17T04:44:55Z</time>
        <extensions>
          <gpxtpx:TrackPointExtension>
            <gpxtpx:hr>91</gpxtpx:hr>
          </gpxtpx:TrackPointExtension>
        </extensions>
      </trkpt>
      <trkpt lat="34.210165001558565" lon="108.83835531973858">
        <ele>406.20879255142063</ele>
        <time>2025-11-17T04:44:56Z</time>
        <extensions>
          <gpxtpx:TrackPointExtension>
            <gpxtpx:hr>91</gpxtpx:hr>
          </gpxtpx:TrackPointExtension>
        </extensions>
      </trkpt>
      <trkpt lat="34.21015622488886" lon="108.83834669536425">
        <ele>406.1999082239345</ele>
        <time>2025-11-17T04:44:57Z</time>
        <extensions>
          <gpxtpx:TrackPointExtension>
            <gpxtpx:hr>91</gpxtpx:hr>
          </gpxtpx:TrackPointExtension>
        </extensions>
      </trkpt>
      <trkpt lat="34.21014810315019" lon="108.83833936357344">
        <ele>406.190832070075</ele>
        <time>2025-11-17T04:44:58Z</time>
        <extensions>
          <gpxtpx:TrackPointExtension>
            <gpxtpx:hr>91</gpxtpx:hr>
          </gpxtpx:TrackPointExtension>
        </extensions>
      </trkpt>
      <trkpt lat="34.21014092997504" lon="108.83833247168296">
        <ele>406.17823495250195</ele>
        <time>2025-11-17T04:44:59Z</time>
        <extensions>
          <gpxtpx:TrackPointExtension>
            <gpxtpx:hr>91</gpxtpx:hr>
          </gpxtpx:TrackPointExtension>
        </extensions>
      </trkpt>
      <trkpt lat="34.21013439878952" lon="108.83832589856407">
        <ele>406.1654556719586</ele>
        <time>2025-11-17T04:45:00Z</time>
        <extensions>
          <gpxtpx:TrackPointExtension>
            <gpxtpx:hr>91</gpxtpx:hr>
          </gpxtpx:TrackPointExtension>
        </extensions>
      </trkpt>
      <trkpt lat="34.21012737946067" lon="108.83832001472913">
        <ele>406.152463208884</ele>
        <time>2025-11-17T04:45:01Z</time>
        <extensions>
          <gpxtpx:TrackPointExtension>
            <gpxtpx:hr>91</gpxtpx:hr>
          </gpxtpx:TrackPointExtension>
        </extensions>
      </trkpt>
      <trkpt lat="34.21011515078731" lon="108.83831630117974">
        <ele>406.13898973260075</ele>
        <time>2025-11-17T04:45:02Z</time>
        <extensions>
          <gpxtpx:TrackPointExtension>
            <gpxtpx:hr>91</gpxtpx:hr>
          </gpxtpx:TrackPointExtension>
        </extensions>
      </trkpt>
      <trkpt lat="34.21009564055439" lon="108.83831863007346">
        <ele>406.13377448543906</ele>
        <time>2025-11-17T04:45:03Z</time>
        <extensions>
          <gpxtpx:TrackPointExtension>
            <gpxtpx:hr>91</gpxtpx:hr>
          </gpxtpx:TrackPointExtension>
        </extensions>
      </trkpt>
      <trkpt lat="34.210075423907384" lon="108.83832191793147">
        <ele>406.1358999218792</ele>
        <time>2025-11-17T04:45:04Z</time>
        <extensions>
          <gpxtpx:TrackPointExtension>
            <gpxtpx:hr>88</gpxtpx:hr>
          </gpxtpx:TrackPointExtension>
        </extensions>
      </trkpt>
      <trkpt lat="34.21005779968381" lon="108.83833495901845">
        <ele>406.13979845214635</ele>
        <time>2025-11-17T04:45:05Z</time>
        <extensions>
          <gpxtpx:TrackPointExtension>
            <gpxtpx:hr>88</gpxtpx:hr>
          </gpxtpx:TrackPointExtension>
        </extensions>
      </trkpt>
      <trkpt lat="34.2100556837023" lon="108.83834578313859">
        <ele>406.1443934654817</ele>
        <time>2025-11-17T04:45:06Z</time>
        <extensions>
          <gpxtpx:TrackPointExtension>
            <gpxtpx:hr>88</gpxtpx:hr>
          </gpxtpx:TrackPointExtension>
        </extensions>
      </trkpt>
      <trkpt lat="34.21004939815372" lon="108.83836109482303">
        <ele>406.14835467375815</ele>
        <time>2025-11-17T04:45:07Z</time>
        <extensions>
          <gpxtpx:TrackPointExtension>
            <gpxtpx:hr>88</gpxtpx:hr>
          </gpxtpx:TrackPointExtension>
        </extensions>
      </trkpt>
      <trkpt lat="34.21004482080223" lon="108.83837777563195">
        <ele>406.15009070187807</ele>
        <time>2025-11-17T04:45:08Z</time>
        <extensions>
          <gpxtpx:TrackPointExtension>
            <gpxtpx:hr>88</gpxtpx:hr>
          </gpxtpx:TrackPointExtension>
        </extensions>
      </trkpt>
      <trkpt lat="34.21004040945325" lon="108.8383974301563">
        <ele>406.1528946617618</ele>
        <time>2025-11-17T04:45:09Z</time>
        <extensions>
          <gpxtpx:TrackPointExtension>
            <gpxtpx:hr>94</gpxtpx:hr>
          </gpxtpx:TrackPointExtension>
        </extensions>
      </trkpt>
      <trkpt lat="34.21003616825561" lon="108.83842041655298">
        <ele>406.15260978322476</ele>
        <time>2025-11-17T04:45:10Z</time>
        <extensions>
          <gpxtpx:TrackPointExtension>
            <gpxtpx:hr>94</gpxtpx:hr>
          </gpxtpx:TrackPointExtension>
        </extensions>
      </trkpt>
      <trkpt lat="34.21003287843161" lon="108.83844376747948">
        <ele>406.1601659199223</ele>
        <time>2025-11-17T04:45:11Z</time>
        <extensions>
          <gpxtpx:TrackPointExtension>
            <gpxtpx:hr>94</gpxtpx:hr>
          </gpxtpx:TrackPointExtension>
        </extensions>
      </trkpt>
      <trkpt lat="34.21003033597066" lon="108.83846626346005">
        <ele>406.1733271703124</ele>
        <time>2025-11-17T04:45:12Z</time>
        <extensions>
          <gpxtpx:TrackPointExtension>
            <gpxtpx:hr>94</gpxtpx:hr>
          </gpxtpx:TrackPointExtension>
        </extensions>
      </trkpt>
      <trkpt lat="34.21002821709853" lon="108.83848627179256">
        <ele>406.19016771856695</ele>
        <time>2025-11-17T04:45:13Z</time>
        <extensions>
          <gpxtpx:TrackPointExtension>
            <gpxtpx:hr>95</gpxtpx:hr>
          </gpxtpx:TrackPointExtension>
        </extensions>
      </trkpt>
      <trkpt lat="34.210028367901195" lon="108.83850401129389">
        <ele>406.21378599852324</ele>
        <time>2025-11-17T04:45:13.900000Z</time>
        <extensions>
          <gpxtpx:TrackPointExtension>
            <gpxtpx:hr>95</gpxtpx:hr>
          </gpxtpx:TrackPointExtension>
        </extensions>
      </trkpt>
      <trkpt lat="34.21003555814406" lon="108.83852381400612">
        <ele>406.2444739015773</ele>
        <time>2025-11-17T04:45:14.900000Z</time>
        <extensions>
          <gpxtpx:TrackPointExtension>
            <gpxtpx:hr>95</gpxtpx:hr>
          </gpxtpx:TrackPointExtension>
        </extensions>
      </trkpt>
      <trkpt lat="34.21004127555265" lon="108.83854011036331">
        <ele>406.2787793856114</ele>
        <time>2025-11-17T04:45:15.900000Z</time>
        <extensions>
          <gpxtpx:TrackPointExtension>
            <gpxtpx:hr>95</gpxtpx:hr>
          </gpxtpx:TrackPointExtension>
        </extensions>
      </trkpt>
      <trkpt lat="34.21004441438309" lon="108.83855457113873">
        <ele>406.3143328009173</ele>
        <time>2025-11-17T04:45:16.900000Z</time>
        <extensions>
          <gpxtpx:TrackPointExtension>
            <gpxtpx:hr>95</gpxtpx:hr>
          </gpxtpx:TrackPointExtension>
        </extensions>
      </trkpt>
      <trkpt lat="34.21004378434306" lon="108.83856799382596">
        <ele>406.35573896579444</ele>
        <time>2025-11-17T04:45:17.900000Z</time>
        <extensions>
          <gpxtpx:TrackPointExtension>
            <gpxtpx:hr>95</gpxtpx:hr>
          </gpxtpx:TrackPointExtension>
        </extensions>
      </trkpt>
      <trkpt lat="34.210038031736005" lon="108.8385807381889">
        <ele>406.40260809473693</ele>
        <time>2025-11-17T04:45:18.900000Z</time>
        <extensions>
          <gpxtpx:TrackPointExtension>
            <gpxtpx:hr>95</gpxtpx:hr>
          </gpxtpx:TrackPointExtension>
        </extensions>
      </trkpt>
      <trkpt lat="34.21002875960124" lon="108.83859187202039">
        <ele>406.4519262230024</ele>
        <time>2025-11-17T04:45:19.900000Z</time>
        <extensions>
          <gpxtpx:TrackPointExtension>
            <gpxtpx:hr>98</gpxtpx:hr>
          </gpxtpx:TrackPointExtension>
        </extensions>
      </trkpt>
      <trkpt lat="34.210022052991995" lon="108.83859988265986">
        <ele>406.4986552298069</ele>
        <time>2025-11-17T04:45:20.900000Z</time>
        <extensions>
          <gpxtpx:TrackPointExtension>
            <gpxtpx:hr>98</gpxtpx:hr>
          </gpxtpx:TrackPointExtension>
        </extensions>
      </trkpt>
      <trkpt lat="34.210019288981435" lon="108.83860609175473">
        <ele>406.54718515090644</ele>
        <time>2025-11-17T04:45:21.900000Z</time>
        <extensions>
          <gpxtpx:TrackPointExtension>
            <gpxtpx:hr>98</gpxtpx:hr>
          </gpxtpx:TrackPointExtension>
        </extensions>
      </trkpt>
      <trkpt lat="34.210020067182" lon="108.83861119365908">
        <ele>406.59262544941157</ele>
        <time>2025-11-17T04:45:22.900000Z</time>
        <extensions>
          <gpxtpx:TrackPointExtension>
            <gpxtpx:hr>98</gpxtpx:hr>
          </gpxtpx:TrackPointExtension>
        </extensions>
      </trkpt>
      <trkpt lat="34.21002307811601" lon="108.83861560899956">
        <ele>406.6359401149675</ele>
        <time>2025-11-17T04:45:23.900000Z</time>
        <extensions>
          <gpxtpx:TrackPointExtension>
            <gpxtpx:hr>98</gpxtpx:hr>
          </gpxtpx:TrackPointExtension>
        </extensions>
      </trkpt>
      <trkpt lat="34.21002732239519" lon="108.83861949649844">
        <ele>406.6704085478559</ele>
        <time>2025-11-17T04:45:24.900000Z</time>
        <extensions>
          <gpxtpx:TrackPointExtension>
            <gpxtpx:hr>98</gpxtpx:hr>
          </gpxtpx:TrackPointExtension>
        </extensions>
      </trkpt>
      <trkpt lat="34.210032215457936" lon="108.83862285292166">
        <ele>406.70363909192383</ele>
        <time>2025-11-17T04:45:25.900000Z</time>
        <extensions>
          <gpxtpx:TrackPointExtension>
            <gpxtpx:hr>98</gpxtpx:hr>
          </gpxtpx:TrackPointExtension>
        </extensions>
      </trkpt>
      <trkpt lat="34.21003737983426" lon="108.83862579888337">
        <ele>406.73110561911017</ele>
        <time>2025-11-17T04:45:26.900000Z</time>
        <extensions>
          <gpxtpx:TrackPointExtension>
            <gpxtpx:hr>98</gpxtpx:hr>
          </gpxtpx:TrackPointExtension>
        </extensions>
      </trkpt>
      <trkpt lat="34.210042497535575" lon="108.83862868257644">
        <ele>406.7512513846159</ele>
        <time>2025-11-17T04:45:27.900000Z</time>
        <extensions>
          <gpxtpx:TrackPointExtension>
            <gpxtpx:hr>102</gpxtpx:hr>
          </gpxtpx:TrackPointExtension>
        </extensions>
      </trkpt>
      <trkpt lat="34.21004741856943" lon="108.83863178198096">
        <ele>406.7673542704433</ele>
        <time>2025-11-17T04:45:28.900000Z</time>
        <extensions>
          <gpxtpx:TrackPointExtension>
            <gpxtpx:hr>102</gpxtpx:hr>
          </gpxtpx:TrackPointExtension>
        </extensions>
      </trkpt>
      <trkpt lat="34.21005240072908" lon="108.83863556756705">
        <ele>406.7814055196941</ele>
        <time>2025-11-17T04:45:29.900000Z</time>
        <extensions>
          <gpxtpx:TrackPointExtension>
            <gpxtpx:hr>102</gpxtpx:hr>
          </gpxtpx:TrackPointExtension>
        </extensions>
      </trkpt>
      <trkpt lat="34.21005588130824" lon="108.83863755685414">
        <ele>406.7860020920634</ele>
        <time>2025-11-17T04:45:30.900000Z</time>
        <extensions>
          <gpxtpx:TrackPointExtension>
            <gpxtpx:hr>102</gpxtpx:hr>
          </gpxtpx:TrackPointExtension>
        </extensions>
      </trkpt>
      <trkpt lat="34.21005694397009" lon="108.83863581346463">
        <ele>406.78347434010357</ele>
        <time>2025-11-17T04:45:31.900000Z</time>
        <extensions>
          <gpxtpx:TrackPointExtension>
            <gpxtpx:hr>102</gpxtpx:hr>
          </gpxtpx:TrackPointExtension>
        </extensions>
      </trkpt>
      <trkpt lat="34.21005619718231" lon="108.83862921859681">
        <ele>406.77346091810614</ele>
        <time>2025-11-17T04:45:32.900000Z</time>
        <extensions>
          <gpxtpx:TrackPointExtension>
            <gpxtpx:hr>103</gpxtpx:hr>
          </gpxtpx:TrackPointExtension>
        </extensions>
      </trkpt>
      <trkpt lat="34.2100618149514" lon="108.83861971766596">
        <ele>406.75833787582815</ele>
        <time>2025-11-17T04:45:33.900000Z</time>
        <extensions>
          <gpxtpx:TrackPointExtension>
            <gpxtpx:hr>103</gpxtpx:hr>
          </gpxtpx:TrackPointExtension>
        </extensions>
      </trkpt>
      <trkpt lat="34.210069437786935" lon="108.83860500593484">
        <ele>406.73493631277233</ele>
        <time>2025-11-17T04:45:34.900000Z</time>
        <extensions>
          <gpxtpx:TrackPointExtension>
            <gpxtpx:hr>103</gpxtpx:hr>
          </gpxtpx:TrackPointExtension>
        </extensions>
      </trkpt>
      <trkpt lat="34.21007948796386" lon="108.83858441163248">
        <ele>406.70491796918213</ele>
        <time>2025-11-17T04:45:35.900000Z</time>
        <extensions>
          <gpxtpx:TrackPointExtension>
            <gpxtpx:hr>103</gpxtpx:hr>
          </gpxtpx:TrackPointExtension>
        </extensions>
      </trkpt>
      <trkpt lat="34.21009219255105" lon="108.83855645734525">
        <ele>406.67432356625795</ele>
        <time>2025-11-17T04:45:36.900000Z</time>
        <extensions>
          <gpxtpx:TrackPointExtension>
            <gpxtpx:hr>103</gpxtpx:hr>
          </gpxtpx:TrackPointExtension>
        </extensions>
      </trkpt>
      <trkpt lat="34.21012313146934" lon="108.83853352314576">
        <ele>406.6428935211152</ele>
        <time>2025-11-17T04:45:37.900000Z</time>
        <extensions>
          <gpxtpx:TrackPointExtension>
            <gpxtpx:hr>104</gpxtpx:hr>
          </gpxtpx:TrackPointExtension>
        </extensions>
      </trkpt>
      <trkpt lat="34.210147517232514" lon="108.83848932441639">
        <ele>406.6142671024427</ele>
        <time>2025-11-17T04:45:39Z</time>
        <extensions>
          <gpxtpx:TrackPointExtension>
            <gpxtpx:hr>104</gpxtpx:hr>
          </gpxtpx:TrackPointExtension>
        </extensions>
      </trkpt>
      <trkpt lat="34.21030754750393" lon="108.83786862279388">
        <ele>406.0354898646474</ele>
        <time>2025-11-17T04:45:57Z</time>
        <extensions>
          <gpxtpx:TrackPointExtension>
            <gpxtpx:hr>109</gpxtpx:hr>
          </gpxtpx:TrackPointExtension>
        </extensions>
      </trkpt>
      <trkpt lat="34.2102997246927" lon="108.83785991954157">
        <ele>406.01739504095167</ele>
        <time>2025-11-17T04:45:57.900000Z</time>
        <extensions>
          <gpxtpx:TrackPointExtension>
            <gpxtpx:hr>109</gpxtpx:hr>
          </gpxtpx:TrackPointExtension>
        </extensions>
      </trkpt>
      <trkpt lat="34.21028951816721" lon="108.83785535023625">
        <ele>406.00367256999016</ele>
        <time>2025-11-17T04:45:58.900000Z</time>
        <extensions>
          <gpxtpx:TrackPointExtension>
            <gpxtpx:hr>109</gpxtpx:hr>
          </gpxtpx:TrackPointExtension>
        </extensions>
      </trkpt>
      <trkpt lat="34.21028174318753" lon="108.83785221027354">
        <ele>405.99377197399735</ele>
        <time>2025-11-17T04:45:59.900000Z</time>
        <extensions>
          <gpxtpx:TrackPointExtension>
            <gpxtpx:hr>109</gpxtpx:hr>
          </gpxtpx:TrackPointExtension>
        </extensions>
      </trkpt>
      <trkpt lat="34.21027475672534" lon="108.83784765953307">
        <ele>405.9883051291108</ele>
        <time>2025-11-17T04:46:00.900000Z</time>
        <extensions>
          <gpxtpx:TrackPointExtension>
            <gpxtpx:hr>110</gpxtpx:hr>
          </gpxtpx:TrackPointExtension>
        </extensions>
      </trkpt>
      <trkpt lat="34.210272087349246" lon="108.83784391911237">
        <ele>405.9878904633224</ele>
        <time>2025-11-17T04:46:01.900000Z</time>
        <extensions>
          <gpxtpx:TrackPointExtension>
            <gpxtpx:hr>110</gpxtpx:hr>
          </gpxtpx:TrackPointExtension>
        </extensions>
      </trkpt>
      <trkpt lat="34.21027163876802" lon="108.83784296518748">
        <ele>405.9879716541618</ele>
        <time>2025-11-17T04:46:02.900000Z</time>
        <extensions>
          <gpxtpx:TrackPointExtension>
            <gpxtpx:hr>110</gpxtpx:hr>
          </gpxtpx:TrackPointExtension>
        </extensions>
      </trkpt>
      <trkpt lat="34.21027355207641" lon="108.83784633329289">
        <ele>405.98752214200795</ele>
        <time>2025-11-17T04:46:03.900000Z</time>
        <extensions>
          <gpxtpx:TrackPointExtension>
            <gpxtpx:hr>111</gpxtpx:hr>
          </gpxtpx:TrackPointExtension>
        </extensions>
      </trkpt>
      <trkpt lat="34.210274146478106" lon="108.83785296342249">
        <ele>405.9939754810184</ele>
        <time>2025-11-17T04:46:04.900000Z</time>
        <extensions>
          <gpxtpx:TrackPointExtension>
            <gpxtpx:hr>111</gpxtpx:hr>
          </gpxtpx:TrackPointExtension>
        </extensions>
      </trkpt>
      <trkpt lat="34.21026932229618" lon="108.83785867463223">
        <ele>406.00744185969234</ele>
        <time>2025-11-17T04:46:05.900000Z</time>
        <extensions>
          <gpxtpx:TrackPointExtension>
            <gpxtpx:hr>111</gpxtpx:hr>
          </gpxtpx:TrackPointExtension>
        </extensions>
      </trkpt>
      <trkpt lat="34.21025762269058" lon="108.83786137798093">
        <ele>406.01904874574393</ele>
        <time>2025-11-17T04:46:06.900000Z</time>
        <extensions>
          <gpxtpx:TrackPointExtension>
            <gpxtpx:hr>111</gpxtpx:hr>
          </gpxtpx:TrackPointExtension>
        </extensions>
      </trkpt>
      <trkpt lat="34.21024061041593" lon="108.83786109134105">
        <ele>406.02681874483824</ele>
        <time>2025-11-17T04:46:07.900000Z</time>
        <extensions>
          <gpxtpx:TrackPointExtension>
            <gpxtpx:hr>111</gpxtpx:hr>
          </gpxtpx:TrackPointExtension>
        </extensions>
      </trkpt>
      <trkpt lat="34.210221184692216" lon="108.83785892673285">
        <ele>406.0403753137216</ele>
        <time>2025-11-17T04:46:08.900000Z</time>
        <extensions>
          <gpxtpx:TrackPointExtension>
            <gpxtpx:hr>111</gpxtpx:hr>
          </gpxtpx:TrackPointExtension>
        </extensions>
      </trkpt>
      <trkpt lat="34.21019992911329" lon="108.8378567757198">
        <ele>406.0623820293695</ele>
        <time>2025-11-17T04:46:09.900000Z</time>
        <extensions>
          <gpxtpx:TrackPointExtension>
            <gpxtpx:hr>111</gpxtpx:hr>
          </gpxtpx:TrackPointExtension>
        </extensions>
      </trkpt>
      <trkpt lat="34.210176860568424" lon="108.83785528865016">
        <ele>406.0906600682065</ele>
        <time>2025-11-17T04:46:10.900000Z</time>
        <extensions>
          <gpxtpx:TrackPointExtension>
            <gpxtpx:hr>111</gpxtpx:hr>
          </gpxtpx:TrackPointExtension>
        </extensions>
      </trkpt>
      <trkpt lat="34.210152798907586" lon="108.83785392833758">
        <ele>406.12041383609176</ele>
        <time>2025-11-17T04:46:11.900000Z</time>
        <extensions>
          <gpxtpx:TrackPointExtension>
            <gpxtpx:hr>111</gpxtpx:hr>
          </gpxtpx:TrackPointExtension>
        </extensions>
      </trkpt>
      <trkpt lat="34.21012864198226" lon="108.83785196146603">
        <ele>406.1630894327536</ele>
        <time>2025-11-17T04:46:12.900000Z</time>
        <extensions>
          <gpxtpx:TrackPointExtension>
            <gpxtpx:hr>111</gpxtpx:hr>
          </gpxtpx:TrackPointExtension>
        </extensions>
      </trkpt>
      <trkpt lat="34.21010429570517" lon="108.83784913479911">
        <ele>406.2031046366319</ele>
        <time>2025-11-17T04:46:13.900000Z</time>
        <extensions>
          <gpxtpx:TrackPointExtension>
            <gpxtpx:hr>111</gpxtpx:hr>
          </gpxtpx:TrackPointExtension>
        </extensions>
      </trkpt>
      <trkpt lat="34.21007987476784" lon="108.83784514738299">
        <ele>406.2495223907754</ele>
        <time>2025-11-17T04:46:14.900000Z</time>
        <extensions>
          <gpxtpx:TrackPointExtension>
            <gpxtpx:hr>111</gpxtpx:hr>
          </gpxtpx:TrackPointExtension>
        </extensions>
      </trkpt>
      <trkpt lat="34.21005574173458" lon="108.83783953504224">
        <ele>406.28619084414095</ele>
        <time>2025-11-17T04:46:15.900000Z</time>
        <extensions>
          <gpxtpx:TrackPointExtension>
            <gpxtpx:hr>111</gpxtpx:hr>
          </gpxtpx:TrackPointExtension>
        </extensions>
      </trkpt>
      <trkpt lat="34.210032774194865" lon="108.83783202047631">
        <ele>406.32443429529667</ele>
        <time>2025-11-17T04:46:16.900000Z</time>
        <extensions>
          <gpxtpx:TrackPointExtension>
            <gpxtpx:hr>111</gpxtpx:hr>
          </gpxtpx:TrackPointExtension>
        </extensions>
      </trkpt>
      <trkpt lat="34.21001270472476" lon="108.83782245387509">
        <ele>406.36562578659505</ele>
        <time>2025-11-17T04:46:17.900000Z</time>
        <extensions>
          <gpxtpx:TrackPointExtension>
            <gpxtpx:hr>111</gpxtpx:hr>
          </gpxtpx:TrackPointExtension>
        </extensions>
      </trkpt>
      <trkpt lat="34.20999755259367" lon="108.83781103313945">
        <ele>406.40210993774235</ele>
        <time>2025-11-17T04:46:18.900000Z</time>
        <extensions>
          <gpxtpx:TrackPointExtension>
            <gpxtpx:hr>111</gpxtpx:hr>
          </gpxtpx:TrackPointExtension>
        </extensions>
      </trkpt>
      <trkpt lat="34.20998878458113" lon="108.83779901017813">
        <ele>406.4320054743439</ele>
        <time>2025-11-17T04:46:19.900000Z</time>
        <extensions>
          <gpxtpx:TrackPointExtension>
            <gpxtpx:hr>111</gpxtpx:hr>
          </gpxtpx:TrackPointExtension>
        </extensions>
      </trkpt>
      <trkpt lat="34.20998350668558" lon="108.8377884934745">
        <ele>406.4544218154624</ele>
        <time>2025-11-17T04:46:20.900000Z</time>
        <extensions>
          <gpxtpx:TrackPointExtension>
            <gpxtpx:hr>111</gpxtpx:hr>
          </gpxtpx:TrackPointExtension>
        </extensions>
      </trkpt>
      <trkpt lat="34.209978517674905" lon="108.83777854287936">
        <ele>406.4968343935907</ele>
        <time>2025-11-17T04:46:21.900000Z</time>
        <extensions>
          <gpxtpx:TrackPointExtension>
            <gpxtpx:hr>111</gpxtpx:hr>
          </gpxtpx:TrackPointExtension>
        </extensions>
      </trkpt>
      <trkpt lat="34.209974054312795" lon="108.83776775576233">
        <ele>406.538188544102</ele>
        <time>2025-11-17T04:46:22.900000Z</time>
        <extensions>
          <gpxtpx:TrackPointExtension>
            <gpxtpx:hr>111</gpxtpx:hr>
          </gpxtpx:TrackPointExtension>
        </extensions>
      </trkpt>
      <trkpt lat="34.2099710645576" lon="108.83775691959067">
        <ele>406.5791144454852</ele>
        <time>2025-11-17T04:46:23.900000Z</time>
        <extensions>
          <gpxtpx:TrackPointExtension>
            <gpxtpx:hr>111</gpxtpx:hr>
          </gpxtpx:TrackPointExtension>
        </extensions>
      </trkpt>
      <trkpt lat="34.209969512895015" lon="108.83774651509039">
        <ele>406.60971112549305</ele>
        <time>2025-11-17T04:46:24.900000Z</time>
        <extensions>
          <gpxtpx:TrackPointExtension>
            <gpxtpx:hr>111</gpxtpx:hr>
          </gpxtpx:TrackPointExtension>
        </extensions>
      </trkpt>
      <trkpt lat="34.20996877845035" lon="108.83773570744464">
        <ele>406.64714142493904</ele>
        <time>2025-11-17T04:46:25.900000Z</time>
        <extensions>
          <gpxtpx:TrackPointExtension>
            <gpxtpx:hr>111</gpxtpx:hr>
          </gpxtpx:TrackPointExtension>
        </extensions>
      </trkpt>
      <trkpt lat="34.20996922858212" lon="108.8377242725268">
        <ele>406.67600627988577</ele>
        <time>2025-11-17T04:46:26.900000Z</time>
        <extensions>
          <gpxtpx:TrackPointExtension>
            <gpxtpx:hr>111</gpxtpx:hr>
          </gpxtpx:TrackPointExtension>
        </extensions>
      </trkpt>
      <trkpt lat="34.20997139170238" lon="108.83771341774371">
        <ele>406.69424667209387</ele>
        <time>2025-11-17T04:46:27.900000Z</time>
        <extensions>
          <gpxtpx:TrackPointExtension>
            <gpxtpx:hr>112</gpxtpx:hr>
          </gpxtpx:TrackPointExtension>
        </extensions>
      </trkpt>
      <trkpt lat="34.209976515707645" lon="108.83770402527104">
        <ele>406.71186802722514</ele>
        <time>2025-11-17T04:46:28.900000Z</time>
        <extensions>
          <gpxtpx:TrackPointExtension>
            <gpxtpx:hr>112</gpxtpx:hr>
          </gpxtpx:TrackPointExtension>
        </extensions>
      </trkpt>
      <trkpt lat="34.20998538849304" lon="108.83769576844179">
        <ele>406.7199587179348</ele>
        <time>2025-11-17T04:46:29.900000Z</time>
        <extensions>
          <gpxtpx:TrackPointExtension>
            <gpxtpx:hr>112</gpxtpx:hr>
          </gpxtpx:TrackPointExtension>
        </extensions>
      </trkpt>
      <trkpt lat="34.209997633934734" lon="108.83768890193478">
        <ele>406.71129579190165</ele>
        <time>2025-11-17T04:46:30.900000Z</time>
        <extensions>
          <gpxtpx:TrackPointExtension>
            <gpxtpx:hr>112</gpxtpx:hr>
          </gpxtpx:TrackPointExtension>
        </extensions>
      </trkpt>
      <trkpt lat="34.21001318338773" lon="108.83768420133144">
        <ele>406.6948067229241</ele>
        <time>2025-11-17T04:46:31.900000Z</time>
        <extensions>
          <gpxtpx:TrackPointExtension>
            <gpxtpx:hr>112</gpxtpx:hr>
          </gpxtpx:TrackPointExtension>
        </extensions>
      </trkpt>
      <trkpt lat="34.21003059605778" lon="108.83768124619895">
        <ele>406.6634628213942</ele>
        <time>2025-11-17T04:46:32.900000Z</time>
        <extensions>
          <gpxtpx:TrackPointExtension>
            <gpxtpx:hr>112</gpxtpx:hr>
          </gpxtpx:TrackPointExtension>
        </extensions>
      </trkpt>
      <trkpt lat="34.21004854803899" lon="108.8376792291673">
        <ele>406.6303981561214</ele>
        <time>2025-11-17T04:46:33.900000Z</time>
        <extensions>
          <gpxtpx:TrackPointExtension>
            <gpxtpx:hr>112</gpxtpx:hr>
          </gpxtpx:TrackPointExtension>
        </extensions>
      </trkpt>
      <trkpt lat="34.21006560450863" lon="108.83767604132979">
        <ele>406.59178112167865</ele>
        <time>2025-11-17T04:46:34.900000Z</time>
        <extensions>
          <gpxtpx:TrackPointExtension>
            <gpxtpx:hr>112</gpxtpx:hr>
          </gpxtpx:TrackPointExtension>
        </extensions>
      </trkpt>
      <trkpt lat="34.210080389569235" lon="108.83766961221507">
        <ele>406.54811230581254</ele>
        <time>2025-11-17T04:46:35.900000Z</time>
        <extensions>
          <gpxtpx:TrackPointExtension>
            <gpxtpx:hr>112</gpxtpx:hr>
          </gpxtpx:TrackPointExtension>
        </extensions>
      </trkpt>
      <trkpt lat="34.21009382687387" lon="108.83766011820207">
        <ele>406.5003843298182</ele>
        <time>2025-11-17T04:46:36.900000Z</time>
        <extensions>
          <gpxtpx:TrackPointExtension>
            <gpxtpx:hr>112</gpxtpx:hr>
          </gpxtpx:TrackPointExtension>
        </extensions>
      </trkpt>
      <trkpt lat="34.21010594032027" lon="108.83764993977165">
        <ele>406.45175356417894</ele>
        <time>2025-11-17T04:46:37.900000Z</time>
        <extensions>
          <gpxtpx:TrackPointExtension>
            <gpxtpx:hr>112</gpxtpx:hr>
          </gpxtpx:TrackPointExtension>
        </extensions>
      </trkpt>
      <trkpt lat="34.21011718324408" lon="108.83763962479875">
        <ele>406.41335712745786</ele>
        <time>2025-11-17T04:46:38.900000Z</time>
        <extensions>
          <gpxtpx:TrackPointExtension>
            <gpxtpx:hr>112</gpxtpx:hr>
          </gpxtpx:TrackPointExtension>
        </extensions>
      </trkpt>
      <trkpt lat="34.21012929091888" lon="108.83762888542837">
        <ele>406.3799468278885</ele>
        <time>2025-11-17T04:46:39.900000Z</time>
        <extensions>
          <gpxtpx:TrackPointExtension>
            <gpxtpx:hr>112</gpxtpx:hr>
          </gpxtpx:TrackPointExtension>
        </extensions>
      </trkpt>
      <trkpt lat="34.210141775332055" lon="108.83761809008165">
        <ele>406.3461093166843</ele>
        <time>2025-11-17T04:46:40.900000Z</time>
        <extensions>
          <gpxtpx:TrackPointExtension>
            <gpxtpx:hr>112</gpxtpx:hr>
          </gpxtpx:TrackPointExtension>
        </extensions>
      </trkpt>
      <trkpt lat="34.21015345637151" lon="108.83760775441114">
        <ele>406.3121826397255</ele>
        <time>2025-11-17T04:46:41.900000Z</time>
        <extensions>
          <gpxtpx:TrackPointExtension>
            <gpxtpx:hr>112</gpxtpx:hr>
          </gpxtpx:TrackPointExtension>
        </extensions>
      </trkpt>
      <trkpt lat="34.21016326268143" lon="108.83759651975907">
        <ele>406.28537724073976</ele>
        <time>2025-11-17T04:46:42.900000Z</time>
        <extensions>
          <gpxtpx:TrackPointExtension>
            <gpxtpx:hr>112</gpxtpx:hr>
          </gpxtpx:TrackPointExtension>
        </extensions>
      </trkpt>
      <trkpt lat="34.21017069542784" lon="108.83758467463586">
        <ele>406.2597206328064</ele>
        <time>2025-11-17T04:46:43.900000Z</time>
        <extensions>
          <gpxtpx:TrackPointExtension>
            <gpxtpx:hr>112</gpxtpx:hr>
          </gpxtpx:TrackPointExtension>
        </extensions>
      </trkpt>
      <trkpt lat="34.210177618373535" lon="108.8375724810905">
        <ele>406.24410799331963</ele>
        <time>2025-11-17T04:46:44.900000Z</time>
        <extensions>
          <gpxtpx:TrackPointExtension>
            <gpxtpx:hr>112</gpxtpx:hr>
          </gpxtpx:TrackPointExtension>
        </extensions>
      </trkpt>
      <trkpt lat="34.21018445197525" lon="108.83756020048669">
        <ele>406.23485542461276</ele>
        <time>2025-11-17T04:46:45.900000Z</time>
        <extensions>
          <gpxtpx:TrackPointExtension>
            <gpxtpx:hr>112</gpxtpx:hr>
          </gpxtpx:TrackPointExtension>
        </extensions>
      </trkpt>
      <trkpt lat="34.21019088887185" lon="108.83754863376718">
        <ele>406.2258661920205</ele>
        <time>2025-11-17T04:46:46.900000Z</time>
        <extensions>
          <gpxtpx:TrackPointExtension>
            <gpxtpx:hr>112</gpxtpx:hr>
          </gpxtpx:TrackPointExtension>
        </extensions>
      </trkpt>
      <trkpt lat="34.21019787319317" lon="108.83753603928211">
        <ele>406.2172909025103</ele>
        <time>2025-11-17T04:46:47.900000Z</time>
        <extensions>
          <gpxtpx:TrackPointExtension>
            <gpxtpx:hr>112</gpxtpx:hr>
          </gpxtpx:TrackPointExtension>
        </extensions>
      </trkpt>
      <trkpt lat="34.210204622179134" lon="108.83752217928257">
        <ele>406.212215911597</ele>
        <time>2025-11-17T04:46:48.900000Z</time>
        <extensions>
          <gpxtpx:TrackPointExtension>
            <gpxtpx:hr>112</gpxtpx:hr>
          </gpxtpx:TrackPointExtension>
        </extensions>
      </trkpt>
      <trkpt lat="34.21021017930456" lon="108.8375084279508">
        <ele>406.2041877564043</ele>
        <time>2025-11-17T04:46:49.900000Z</time>
        <extensions>
          <gpxtpx:TrackPointExtension>
            <gpxtpx:hr>112</gpxtpx:hr>
          </gpxtpx:TrackPointExtension>
        </extensions>
      </trkpt>
      <trkpt lat="34.210214615621574" lon="108.83749437049467">
        <ele>406.1972833853215</ele>
        <time>2025-11-17T04:46:50.900000Z</time>
        <extensions>
          <gpxtpx:TrackPointExtension>
            <gpxtpx:hr>113</gpxtpx:hr>
          </gpxtpx:TrackPointExtension>
        </extensions>
      </trkpt>
      <trkpt lat="34.21021849307758" lon="108.8374791475622">
        <ele>406.190033194609</ele>
        <time>2025-11-17T04:46:51.900000Z</time>
        <extensions>
          <gpxtpx:TrackPointExtension>
            <gpxtpx:hr>113</gpxtpx:hr>
          </gpxtpx:TrackPointExtension>
        </extensions>
      </trkpt>
      <trkpt lat="34.21022191311674" lon="108.8374644408476">
        <ele>406.1942984862253</ele>
        <time>2025-11-17T04:46:52.900000Z</time>
        <extensions>
          <gpxtpx:TrackPointExtension>
            <gpxtpx:hr>113</gpxtpx:hr>
          </gpxtpx:TrackPointExtension>
        </extensions>
      </trkpt>
      <trkpt lat="34.210225235551874" lon="108.83745004705574">
        <ele>406.2013110714033</ele>
        <time>2025-11-17T04:46:53.900000Z</time>
        <extensions>
          <gpxtpx:TrackPointExtension>
            <gpxtpx:hr>113</gpxtpx:hr>
          </gpxtpx:TrackPointExtension>
        </extensions>
      </trkpt>
      <trkpt lat="34.21022896381994" lon="108.83743518650178">
        <ele>406.21074492298067</ele>
        <time>2025-11-17T04:46:54.900000Z</time>
        <extensions>
          <gpxtpx:TrackPointExtension>
            <gpxtpx:hr>113</gpxtpx:hr>
          </gpxtpx:TrackPointExtension>
        </extensions>
      </trkpt>
      <trkpt lat="34.21023302207057" lon="108.83742100168277">
        <ele>406.2122978856787</ele>
        <time>2025-11-17T04:46:55.900000Z</time>
        <extensions>
          <gpxtpx:TrackPointExtension>
            <gpxtpx:hr>112</gpxtpx:hr>
          </gpxtpx:TrackPointExtension>
        </extensions>
      </trkpt>
      <trkpt lat="34.210237410747595" lon="108.83740758289557">
        <ele>406.21938306093216</ele>
        <time>2025-11-17T04:46:56.900000Z</time>
        <extensions>
          <gpxtpx:TrackPointExtension>
            <gpxtpx:hr>112</gpxtpx:hr>
          </gpxtpx:TrackPointExtension>
        </extensions>
      </trkpt>
      <trkpt lat="34.21024242060178" lon="108.83739438105542">
        <ele>406.24098517466336</ele>
        <time>2025-11-17T04:46:57.900000Z</time>
        <extensions>
          <gpxtpx:TrackPointExtension>
            <gpxtpx:hr>112</gpxtpx:hr>
          </gpxtpx:TrackPointExtension>
        </extensions>
      </trkpt>
      <trkpt lat="34.210247754466586" lon="108.83738121012645">
        <ele>406.25914498232305</ele>
        <time>2025-11-17T04:46:58.900000Z</time>
        <extensions>
          <gpxtpx:TrackPointExtension>
            <gpxtpx:hr>112</gpxtpx:hr>
          </gpxtpx:TrackPointExtension>
        </extensions>
      </trkpt>
      <trkpt lat="34.21025293599051" lon="108.83736833066935">
        <ele>406.27263431437314</ele>
        <time>2025-11-17T04:46:59.900000Z</time>
        <extensions>
          <gpxtpx:TrackPointExtension>
            <gpxtpx:hr>112</gpxtpx:hr>
          </gpxtpx:TrackPointExtension>
        </extensions>
      </trkpt>
      <trkpt lat="34.21025773382073" lon="108.83735556498536">
        <ele>406.28324732463807</ele>
        <time>2025-11-17T04:47:00.900000Z</time>
        <extensions>
          <gpxtpx:TrackPointExtension>
            <gpxtpx:hr>112</gpxtpx:hr>
          </gpxtpx:TrackPointExtension>
        </extensions>
      </trkpt>
      <trkpt lat="34.210262029594865" lon="108.83734222301337">
        <ele>406.2947788722813</ele>
        <time>2025-11-17T04:47:01.900000Z</time>
        <extensions>
          <gpxtpx:TrackPointExtension>
            <gpxtpx:hr>112</gpxtpx:hr>
          </gpxtpx:TrackPointExtension>
        </extensions>
      </trkpt>
      <trkpt lat="34.2102661207134" lon="108.83732796912014">
        <ele>406.3048651413992</ele>
        <time>2025-11-17T04:47:02.900000Z</time>
        <extensions>
          <gpxtpx:TrackPointExtension>
            <gpxtpx:hr>113</gpxtpx:hr>
          </gpxtpx:TrackPointExtension>
        </extensions>
      </trkpt>
      <trkpt lat="34.210270127562374" lon="108.83731297816841">
        <ele>406.31963329948485</ele>
        <time>2025-11-17T04:47:03.900000Z</time>
        <extensions>
          <gpxtpx:TrackPointExtension>
            <gpxtpx:hr>113</gpxtpx:hr>
          </gpxtpx:TrackPointExtension>
        </extensions>
      </trkpt>
      <trkpt lat="34.21027389730407" lon="108.83729756699543">
        <ele>406.3349796542898</ele>
        <time>2025-11-17T04:47:04.900000Z</time>
        <extensions>
          <gpxtpx:TrackPointExtension>
            <gpxtpx:hr>113</gpxtpx:hr>
          </gpxtpx:TrackPointExtension>
        </extensions>
      </trkpt>
      <trkpt lat="34.21027710298698" lon="108.83728306413585">
        <ele>406.3571243369952</ele>
        <time>2025-11-17T04:47:05.900000Z</time>
        <extensions>
          <gpxtpx:TrackPointExtension>
            <gpxtpx:hr>113</gpxtpx:hr>
          </gpxtpx:TrackPointExtension>
        </extensions>
      </trkpt>
      <trkpt lat="34.210279896773244" lon="108.8372695060828">
        <ele>406.3900314019993</ele>
        <time>2025-11-17T04:47:06.900000Z</time>
        <extensions>
          <gpxtpx:TrackPointExtension>
            <gpxtpx:hr>113</gpxtpx:hr>
          </gpxtpx:TrackPointExtension>
        </extensions>
      </trkpt>
      <trkpt lat="34.210282858890366" lon="108.8372557736773">
        <ele>406.43110214639455</ele>
        <time>2025-11-17T04:47:07.900000Z</time>
        <extensions>
          <gpxtpx:TrackPointExtension>
            <gpxtpx:hr>113</gpxtpx:hr>
          </gpxtpx:TrackPointExtension>
        </extensions>
      </trkpt>
      <trkpt lat="34.210286279463844" lon="108.83724226959666">
        <ele>406.4766628528014</ele>
        <time>2025-11-17T04:47:08.900000Z</time>
        <extensions>
          <gpxtpx:TrackPointExtension>
            <gpxtpx:hr>113</gpxtpx:hr>
          </gpxtpx:TrackPointExtension>
        </extensions>
      </trkpt>
      <trkpt lat="34.21029063859598" lon="108.8372300437368">
        <ele>406.51694912370294</ele>
        <time>2025-11-17T04:47:09.900000Z</time>
        <extensions>
          <gpxtpx:TrackPointExtension>
            <gpxtpx:hr>113</gpxtpx:hr>
          </gpxtpx:TrackPointExtension>
        </extensions>
      </trkpt>
      <trkpt lat="34.21029544597792" lon="108.83721955154478">
        <ele>406.54936533700675</ele>
        <time>2025-11-17T04:47:10.900000Z</time>
        <extensions>
          <gpxtpx:TrackPointExtension>
            <gpxtpx:hr>113</gpxtpx:hr>
          </gpxtpx:TrackPointExtension>
        </extensions>
      </trkpt>
      <trkpt lat="34.21030004817372" lon="108.83720966029297">
        <ele>406.59033436421305</ele>
        <time>2025-11-17T04:47:11.900000Z</time>
        <extensions>
          <gpxtpx:TrackPointExtension>
            <gpxtpx:hr>113</gpxtpx:hr>
          </gpxtpx:TrackPointExtension>
        </extensions>
      </trkpt>
      <trkpt lat="34.210304466580624" lon="108.83719937269521">
        <ele>406.6279077185318</ele>
        <time>2025-11-17T04:47:12.900000Z</time>
        <extensions>
          <gpxtpx:TrackPointExtension>
            <gpxtpx:hr>113</gpxtpx:hr>
          </gpxtpx:TrackPointExtension>
        </extensions>
      </trkpt>
      <trkpt lat="34.210308618975645" lon="108.837188991448">
        <ele>406.6769808232784</ele>
        <time>2025-11-17T04:47:13.900000Z</time>
        <extensions>
          <gpxtpx:TrackPointExtension>
            <gpxtpx:hr>113</gpxtpx:hr>
          </gpxtpx:TrackPointExtension>
        </extensions>
      </trkpt>
      <trkpt lat="34.21031297292381" lon="108.8371787417567">
        <ele>406.7295435098931</ele>
        <time>2025-11-17T04:47:14.900000Z</time>
        <extensions>
          <gpxtpx:TrackPointExtension>
            <gpxtpx:hr>113</gpxtpx:hr>
          </gpxtpx:TrackPointExtension>
        </extensions>
      </trkpt>
      <trkpt lat="34.21031844167205" lon="108.83716876559915">
        <ele>406.77663925569504</ele>
        <time>2025-11-17T04:47:15.900000Z</time>
        <extensions>
          <gpxtpx:TrackPointExtension>
            <gpxtpx:hr>113</gpxtpx:hr>
          </gpxtpx:TrackPointExtension>
        </extensions>
      </trkpt>
      <trkpt lat="34.210325630676394" lon="108.83715934001593">
        <ele>406.80690465774387</ele>
        <time>2025-11-17T04:47:16.900000Z</time>
        <extensions>
          <gpxtpx:TrackPointExtension>
            <gpxtpx:hr>113</gpxtpx:hr>
          </gpxtpx:TrackPointExtension>
        </extensions>
      </trkpt>
      <trkpt lat="34.21033453472158" lon="108.83715073204309">
        <ele>406.8352553322911</ele>
        <time>2025-11-17T04:47:17.900000Z</time>
        <extensions>
          <gpxtpx:TrackPointExtension>
            <gpxtpx:hr>113</gpxtpx:hr>
          </gpxtpx:TrackPointExtension>
        </extensions>
      </trkpt>
      <trkpt lat="34.21034471434661" lon="108.83714305710654">
        <ele>406.86370096635073</ele>
        <time>2025-11-17T04:47:18.900000Z</time>
        <extensions>
          <gpxtpx:TrackPointExtension>
            <gpxtpx:hr>113</gpxtpx:hr>
          </gpxtpx:TrackPointExtension>
        </extensions>
      </trkpt>
      <trkpt lat="34.210356371469004" lon="108.83713598552465">
        <ele>406.88584031537175</ele>
        <time>2025-11-17T04:47:19.900000Z</time>
        <extensions>
          <gpxtpx:TrackPointExtension>
            <gpxtpx:hr>113</gpxtpx:hr>
          </gpxtpx:TrackPointExtension>
        </extensions>
      </trkpt>
      <trkpt lat="34.210369066602524" lon="108.83712896122768">
        <ele>406.90094049833715</ele>
        <time>2025-11-17T04:47:20.900000Z</time>
        <extensions>
          <gpxtpx:TrackPointExtension>
            <gpxtpx:hr>113</gpxtpx:hr>
          </gpxtpx:TrackPointExtension>
        </extensions>
      </trkpt>
      <trkpt lat="34.210381097967726" lon="108.83712193904071">
        <ele>406.91434905398637</ele>
        <time>2025-11-17T04:47:21.900000Z</time>
        <extensions>
          <gpxtpx:TrackPointExtension>
            <gpxtpx:hr>113</gpxtpx:hr>
          </gpxtpx:TrackPointExtension>
        </extensions>
      </trkpt>
      <trkpt lat="34.210392591907876" lon="108.83711495855879">
        <ele>406.92118786182255</ele>
        <time>2025-11-17T04:47:22.900000Z</time>
        <extensions>
          <gpxtpx:TrackPointExtension>
            <gpxtpx:hr>113</gpxtpx:hr>
          </gpxtpx:TrackPointExtension>
        </extensions>
      </trkpt>
      <trkpt lat="34.21040457321497" lon="108.8371079010529">
        <ele>406.92250396404415</ele>
        <time>2025-11-17T04:47:23.900000Z</time>
        <extensions>
          <gpxtpx:TrackPointExtension>
            <gpxtpx:hr>113</gpxtpx:hr>
          </gpxtpx:TrackPointExtension>
        </extensions>
      </trkpt>
      <trkpt lat="34.21041726420301" lon="108.83710078695916">
        <ele>406.92439041566104</ele>
        <time>2025-11-17T04:47:24.900000Z</time>
        <extensions>
          <gpxtpx:TrackPointExtension>
            <gpxtpx:hr>113</gpxtpx:hr>
          </gpxtpx:TrackPointExtension>
        </extensions>
      </trkpt>
      <trkpt lat="34.21043033050577" lon="108.83709391355563">
        <ele>406.9235731717199</ele>
        <time>2025-11-17T04:47:25.900000Z</time>
        <extensions>
          <gpxtpx:TrackPointExtension>
            <gpxtpx:hr>113</gpxtpx:hr>
          </gpxtpx:TrackPointExtension>
        </extensions>
      </trkpt>
      <trkpt lat="34.21044386545892" lon="108.83708759018673">
        <ele>406.9134420407936</ele>
        <time>2025-11-17T04:47:26.900000Z</time>
        <extensions>
          <gpxtpx:TrackPointExtension>
            <gpxtpx:hr>113</gpxtpx:hr>
          </gpxtpx:TrackPointExtension>
        </extensions>
      </trkpt>
      <trkpt lat="34.21045769925151" lon="108.83708166351697">
        <ele>406.9027838008478</ele>
        <time>2025-11-17T04:47:27.900000Z</time>
        <extensions>
          <gpxtpx:TrackPointExtension>
            <gpxtpx:hr>113</gpxtpx:hr>
          </gpxtpx:TrackPointExtension>
        </extensions>
      </trkpt>
      <trkpt lat="34.21047102904419" lon="108.83707602348409">
        <ele>406.8971739821136</ele>
        <time>2025-11-17T04:47:28.900000Z</time>
        <extensions>
          <gpxtpx:TrackPointExtension>
            <gpxtpx:hr>114</gpxtpx:hr>
          </gpxtpx:TrackPointExtension>
        </extensions>
      </trkpt>
      <trkpt lat="34.2104840286266" lon="108.83707047664481">
        <ele>406.9050994729623</ele>
        <time>2025-11-17T04:47:29.900000Z</time>
        <extensions>
          <gpxtpx:TrackPointExtension>
            <gpxtpx:hr>114</gpxtpx:hr>
          </gpxtpx:TrackPointExtension>
        </extensions>
      </trkpt>
      <trkpt lat="34.21049730887846" lon="108.83706508477464">
        <ele>406.92244384251535</ele>
        <time>2025-11-17T04:47:30.900000Z</time>
        <extensions>
          <gpxtpx:TrackPointExtension>
            <gpxtpx:hr>114</gpxtpx:hr>
          </gpxtpx:TrackPointExtension>
        </extensions>
      </trkpt>
      <trkpt lat="34.21051080611025" lon="108.83706040015863">
        <ele>406.94711981806904</ele>
        <time>2025-11-17T04:47:31.900000Z</time>
        <extensions>
          <gpxtpx:TrackPointExtension>
            <gpxtpx:hr>114</gpxtpx:hr>
          </gpxtpx:TrackPointExtension>
        </extensions>
      </trkpt>
      <trkpt lat="34.2105230307663" lon="108.83705666608623">
        <ele>406.98985441587865</ele>
        <time>2025-11-17T04:47:32.900000Z</time>
        <extensions>
          <gpxtpx:TrackPointExtension>
            <gpxtpx:hr>114</gpxtpx:hr>
          </gpxtpx:TrackPointExtension>
        </extensions>
      </trkpt>
      <trkpt lat="34.21053392197025" lon="108.83705275090627">
        <ele>407.06379823572934</ele>
        <time>2025-11-17T04:47:33.900000Z</time>
        <extensions>
          <gpxtpx:TrackPointExtension>
            <gpxtpx:hr>114</gpxtpx:hr>
          </gpxtpx:TrackPointExtension>
        </extensions>
      </trkpt>
      <trkpt lat="34.210544879085944" lon="108.83704729251619">
        <ele>407.1651906892657</ele>
        <time>2025-11-17T04:47:34.900000Z</time>
        <extensions>
          <gpxtpx:TrackPointExtension>
            <gpxtpx:hr>114</gpxtpx:hr>
          </gpxtpx:TrackPointExtension>
        </extensions>
      </trkpt>
      <trkpt lat="34.21055572745929" lon="108.83704093283167">
        <ele>407.26435804739594</ele>
        <time>2025-11-17T04:47:35.900000Z</time>
        <extensions>
          <gpxtpx:TrackPointExtension>
            <gpxtpx:hr>114</gpxtpx:hr>
          </gpxtpx:TrackPointExtension>
        </extensions>
      </trkpt>
      <trkpt lat="34.21056659581037" lon="108.83703489209047">
        <ele>407.380427679047</ele>
        <time>2025-11-17T04:47:36.900000Z</time>
        <extensions>
          <gpxtpx:TrackPointExtension>
            <gpxtpx:hr>114</gpxtpx:hr>
          </gpxtpx:TrackPointExtension>
        </extensions>
      </trkpt>
      <trkpt lat="34.21057786322259" lon="108.83702965360654">
        <ele>407.5141681851819</ele>
        <time>2025-11-17T04:47:37.900000Z</time>
        <extensions>
          <gpxtpx:TrackPointExtension>
            <gpxtpx:hr>114</gpxtpx:hr>
          </gpxtpx:TrackPointExtension>
        </extensions>
      </trkpt>
      <trkpt lat="34.21058950224781" lon="108.83702529481464">
        <ele>407.6508207563311</ele>
        <time>2025-11-17T04:47:38.900000Z</time>
        <extensions>
          <gpxtpx:TrackPointExtension>
            <gpxtpx:hr>114</gpxtpx:hr>
          </gpxtpx:TrackPointExtension>
        </extensions>
      </trkpt>
      <trkpt lat="34.210601382990426" lon="108.83702167205998">
        <ele>407.80252938438207</ele>
        <time>2025-11-17T04:47:39.900000Z</time>
        <extensions>
          <gpxtpx:TrackPointExtension>
            <gpxtpx:hr>114</gpxtpx:hr>
          </gpxtpx:TrackPointExtension>
        </extensions>
      </trkpt>
      <trkpt lat="34.21061328642921" lon="108.83701855553467">
        <ele>407.9708737283945</ele>
        <time>2025-11-17T04:47:40.900000Z</time>
        <extensions>
          <gpxtpx:TrackPointExtension>
            <gpxtpx:hr>114</gpxtpx:hr>
          </gpxtpx:TrackPointExtension>
        </extensions>
      </trkpt>
      <trkpt lat="34.21062519263436" lon="108.83701581917677">
        <ele>408.1432079607621</ele>
        <time>2025-11-17T04:47:41.900000Z</time>
        <extensions>
          <gpxtpx:TrackPointExtension>
            <gpxtpx:hr>114</gpxtpx:hr>
          </gpxtpx:TrackPointExtension>
        </extensions>
      </trkpt>
      <trkpt lat="34.210636684990824" lon="108.8370135552832">
        <ele>408.30738959275186</ele>
        <time>2025-11-17T04:47:42.900000Z</time>
        <extensions>
          <gpxtpx:TrackPointExtension>
            <gpxtpx:hr>114</gpxtpx:hr>
          </gpxtpx:TrackPointExtension>
        </extensions>
      </trkpt>
      <trkpt lat="34.210646435532084" lon="108.83701235034154">
        <ele>408.49242168758065</ele>
        <time>2025-11-17T04:47:43.900000Z</time>
        <extensions>
          <gpxtpx:TrackPointExtension>
            <gpxtpx:hr>114</gpxtpx:hr>
          </gpxtpx:TrackPointExtension>
        </extensions>
      </trkpt>
      <trkpt lat="34.21065434547343" lon="108.83701189340992">
        <ele>408.66035985574126</ele>
        <time>2025-11-17T04:47:44.900000Z</time>
        <extensions>
          <gpxtpx:TrackPointExtension>
            <gpxtpx:hr>114</gpxtpx:hr>
          </gpxtpx:TrackPointExtension>
        </extensions>
      </trkpt>
      <trkpt lat="34.21066191243523" lon="108.83701132465427">
        <ele>408.81760669872165</ele>
        <time>2025-11-17T04:47:45.900000Z</time>
        <extensions>
          <gpxtpx:TrackPointExtension>
            <gpxtpx:hr>114</gpxtpx:hr>
          </gpxtpx:TrackPointExtension>
        </extensions>
      </trkpt>
      <trkpt lat="34.210670156316255" lon="108.83701035197141">
        <ele>408.95921423565596</ele>
        <time>2025-11-17T04:47:46.900000Z</time>
        <extensions>
          <gpxtpx:TrackPointExtension>
            <gpxtpx:hr>114</gpxtpx:hr>
          </gpxtpx:TrackPointExtension>
        </extensions>
      </trkpt>
      <trkpt lat="34.21067958737026" lon="108.83700888829776">
        <ele>409.1327997939661</ele>
        <time>2025-11-17T04:47:47.900000Z</time>
        <extensions>
          <gpxtpx:TrackPointExtension>
            <gpxtpx:hr>114</gpxtpx:hr>
          </gpxtpx:TrackPointExtension>
        </extensions>
      </trkpt>
      <trkpt lat="34.210690316131334" lon="108.83700718872089">
        <ele>409.31307778600603</ele>
        <time>2025-11-17T04:47:48.900000Z</time>
        <extensions>
          <gpxtpx:TrackPointExtension>
            <gpxtpx:hr>114</gpxtpx:hr>
          </gpxtpx:TrackPointExtension>
        </extensions>
      </trkpt>
      <trkpt lat="34.21070195735016" lon="108.83700564215906">
        <ele>409.480264313519</ele>
        <time>2025-11-17T04:47:49.900000Z</time>
        <extensions>
          <gpxtpx:TrackPointExtension>
            <gpxtpx:hr>114</gpxtpx:hr>
          </gpxtpx:TrackPointExtension>
        </extensions>
      </trkpt>
      <trkpt lat="34.2107138656718" lon="108.83700453222532">
        <ele>409.62167166545987</ele>
        <time>2025-11-17T04:47:50.900000Z</time>
        <extensions>
          <gpxtpx:TrackPointExtension>
            <gpxtpx:hr>114</gpxtpx:hr>
          </gpxtpx:TrackPointExtension>
        </extensions>
      </trkpt>
      <trkpt lat="34.21072590069347" lon="108.83700392648508">
        <ele>409.73348285630345</ele>
        <time>2025-11-17T04:47:51.900000Z</time>
        <extensions>
          <gpxtpx:TrackPointExtension>
            <gpxtpx:hr>114</gpxtpx:hr>
          </gpxtpx:TrackPointExtension>
        </extensions>
      </trkpt>
      <trkpt lat="34.21073824719993" lon="108.83700392184785">
        <ele>409.81364409066737</ele>
        <time>2025-11-17T04:47:52.900000Z</time>
        <extensions>
          <gpxtpx:TrackPointExtension>
            <gpxtpx:hr>114</gpxtpx:hr>
          </gpxtpx:TrackPointExtension>
        </extensions>
      </trkpt>
      <trkpt lat="34.21075101908846" lon="108.83700437373314">
        <ele>409.86554623954</ele>
        <time>2025-11-17T04:47:53.900000Z</time>
        <extensions>
          <gpxtpx:TrackPointExtension>
            <gpxtpx:hr>114</gpxtpx:hr>
          </gpxtpx:TrackPointExtension>
        </extensions>
      </trkpt>
      <trkpt lat="34.21076408869037" lon="108.83700477098681">
        <ele>409.89560336526483</ele>
        <time>2025-11-17T04:47:54.900000Z</time>
        <extensions>
          <gpxtpx:TrackPointExtension>
            <gpxtpx:hr>114</gpxtpx:hr>
          </gpxtpx:TrackPointExtension>
        </extensions>
      </trkpt>
      <trkpt lat="34.21077749852273" lon="108.83700494874435">
        <ele>409.9067116053775</ele>
        <time>2025-11-17T04:47:55.900000Z</time>
        <extensions>
          <gpxtpx:TrackPointExtension>
            <gpxtpx:hr>114</gpxtpx:hr>
          </gpxtpx:TrackPointExtension>
        </extensions>
      </trkpt>
      <trkpt lat="34.21079118772751" lon="108.83700548639861">
        <ele>409.89613332692534</ele>
        <time>2025-11-17T04:47:56.900000Z</time>
        <extensions>
          <gpxtpx:TrackPointExtension>
            <gpxtpx:hr>114</gpxtpx:hr>
          </gpxtpx:TrackPointExtension>
        </extensions>
      </trkpt>
      <trkpt lat="34.210803650274485" lon="108.83700592230859">
        <ele>409.8759094644338</ele>
        <time>2025-11-17T04:47:57.900000Z</time>
        <extensions>
          <gpxtpx:TrackPointExtension>
            <gpxtpx:hr>114</gpxtpx:hr>
          </gpxtpx:TrackPointExtension>
        </extensions>
      </trkpt>
      <trkpt lat="34.2108152966097" lon="108.83700537620133">
        <ele>409.84228772763163</ele>
        <time>2025-11-17T04:47:58.900000Z</time>
        <extensions>
          <gpxtpx:TrackPointExtension>
            <gpxtpx:hr>114</gpxtpx:hr>
          </gpxtpx:TrackPointExtension>
        </extensions>
      </trkpt>
      <trkpt lat="34.210827596243675" lon="108.83700433672814">
        <ele>409.7944466555491</ele>
        <time>2025-11-17T04:47:59.900000Z</time>
        <extensions>
          <gpxtpx:TrackPointExtension>
            <gpxtpx:hr>114</gpxtpx:hr>
          </gpxtpx:TrackPointExtension>
        </extensions>
      </trkpt>
      <trkpt lat="34.21084017034555" lon="108.83700326280949">
        <ele>409.72934726346284</ele>
        <time>2025-11-17T04:48:00.900000Z</time>
        <extensions>
          <gpxtpx:TrackPointExtension>
            <gpxtpx:hr>114</gpxtpx:hr>
          </gpxtpx:TrackPointExtension>
        </extensions>
      </trkpt>
      <trkpt lat="34.21085328972072" lon="108.83700247003267">
        <ele>409.65176024194807</ele>
        <time>2025-11-17T04:48:01.900000Z</time>
        <extensions>
          <gpxtpx:TrackPointExtension>
            <gpxtpx:hr>114</gpxtpx:hr>
          </gpxtpx:TrackPointExtension>
        </extensions>
      </trkpt>
      <trkpt lat="34.210866883203025" lon="108.8370024107909">
        <ele>409.5645842505619</ele>
        <time>2025-11-17T04:48:02.900000Z</time>
        <extensions>
          <gpxtpx:TrackPointExtension>
            <gpxtpx:hr>114</gpxtpx:hr>
          </gpxtpx:TrackPointExtension>
        </extensions>
      </trkpt>
      <trkpt lat="34.21088032394057" lon="108.83700319704046">
        <ele>409.47175909392536</ele>
        <time>2025-11-17T04:48:03.900000Z</time>
        <extensions>
          <gpxtpx:TrackPointExtension>
            <gpxtpx:hr>114</gpxtpx:hr>
          </gpxtpx:TrackPointExtension>
        </extensions>
      </trkpt>
      <trkpt lat="34.21089342020849" lon="108.8370043332134">
        <ele>409.36309103202075</ele>
        <time>2025-11-17T04:48:04.900000Z</time>
        <extensions>
          <gpxtpx:TrackPointExtension>
            <gpxtpx:hr>114</gpxtpx:hr>
          </gpxtpx:TrackPointExtension>
        </extensions>
      </trkpt>
      <trkpt lat="34.21090635658076" lon="108.83700505336083">
        <ele>409.24834573455155</ele>
        <time>2025-11-17T04:48:05.900000Z</time>
        <extensions>
          <gpxtpx:TrackPointExtension>
            <gpxtpx:hr>114</gpxtpx:hr>
          </gpxtpx:TrackPointExtension>
        </extensions>
      </trkpt>
      <trkpt lat="34.21091952391369" lon="108.83700530652285">
        <ele>409.13109593838453</ele>
        <time>2025-11-17T04:48:06.900000Z</time>
        <extensions>
          <gpxtpx:TrackPointExtension>
            <gpxtpx:hr>114</gpxtpx:hr>
          </gpxtpx:TrackPointExtension>
        </extensions>
      </trkpt>
      <trkpt lat="34.21093331199289" lon="108.83700534844445">
        <ele>409.0160908186808</ele>
        <time>2025-11-17T04:48:07.900000Z</time>
        <extensions>
          <gpxtpx:TrackPointExtension>
            <gpxtpx:hr>114</gpxtpx:hr>
          </gpxtpx:TrackPointExtension>
        </extensions>
      </trkpt>
      <trkpt lat="34.210947575939194" lon="108.83700539908398">
        <ele>408.90532227698714</ele>
        <time>2025-11-17T04:48:08.900000Z</time>
        <extensions>
          <gpxtpx:TrackPointExtension>
            <gpxtpx:hr>114</gpxtpx:hr>
          </gpxtpx:TrackPointExtension>
        </extensions>
      </trkpt>
      <trkpt lat="34.21096206292359" lon="108.83700556315571">
        <ele>408.7910647466779</ele>
        <time>2025-11-17T04:48:09.900000Z</time>
        <extensions>
          <gpxtpx:TrackPointExtension>
            <gpxtpx:hr>114</gpxtpx:hr>
          </gpxtpx:TrackPointExtension>
        </extensions>
      </trkpt>
      <trkpt lat="34.21097525942915" lon="108.83700627616793">
        <ele>408.6844387697056</ele>
        <time>2025-11-17T04:48:10.900000Z</time>
        <extensions>
          <gpxtpx:TrackPointExtension>
            <gpxtpx:hr>114</gpxtpx:hr>
          </gpxtpx:TrackPointExtension>
        </extensions>
      </trkpt>
      <trkpt lat="34.21098666069292" lon="108.83700692837874">
        <ele>408.56587530113757</ele>
        <time>2025-11-17T04:48:11.900000Z</time>
        <extensions>
          <gpxtpx:TrackPointExtension>
            <gpxtpx:hr>114</gpxtpx:hr>
          </gpxtpx:TrackPointExtension>
        </extensions>
      </trkpt>
      <trkpt lat="34.2109968805045" lon="108.8370067365162">
        <ele>408.45643503125757</ele>
        <time>2025-11-17T04:48:12.900000Z</time>
        <extensions>
          <gpxtpx:TrackPointExtension>
            <gpxtpx:hr>114</gpxtpx:hr>
          </gpxtpx:TrackPointExtension>
        </extensions>
      </trkpt>
      <trkpt lat="34.211006825044215" lon="108.8370062314714">
        <ele>408.3431482957676</ele>
        <time>2025-11-17T04:48:13.900000Z</time>
        <extensions>
          <gpxtpx:TrackPointExtension>
            <gpxtpx:hr>114</gpxtpx:hr>
          </gpxtpx:TrackPointExtension>
        </extensions>
      </trkpt>
      <trkpt lat="34.211017741592485" lon="108.83700552506478">
        <ele>408.2349959081039</ele>
        <time>2025-11-17T04:48:14.900000Z</time>
        <extensions>
          <gpxtpx:TrackPointExtension>
            <gpxtpx:hr>114</gpxtpx:hr>
          </gpxtpx:TrackPointExtension>
        </extensions>
      </trkpt>
      <trkpt lat="34.211029706486435" lon="108.83700472179751">
        <ele>408.1414740337059</ele>
        <time>2025-11-17T04:48:15.900000Z</time>
        <extensions>
          <gpxtpx:TrackPointExtension>
            <gpxtpx:hr>115</gpxtpx:hr>
          </gpxtpx:TrackPointExtension>
        </extensions>
      </trkpt>
      <trkpt lat="34.21104225703749" lon="108.83700427572795">
        <ele>408.0556286321953</ele>
        <time>2025-11-17T04:48:16.900000Z</time>
        <extensions>
          <gpxtpx:TrackPointExtension>
            <gpxtpx:hr>115</gpxtpx:hr>
          </gpxtpx:TrackPointExtension>
        </extensions>
      </trkpt>
      <trkpt lat="34.21105522836925" lon="108.8370042000889">
        <ele>407.9907664153725</ele>
        <time>2025-11-17T04:48:17.900000Z</time>
        <extensions>
          <gpxtpx:TrackPointExtension>
            <gpxtpx:hr>115</gpxtpx:hr>
          </gpxtpx:TrackPointExtension>
        </extensions>
      </trkpt>
      <trkpt lat="34.21106863207461" lon="108.83700445237707">
        <ele>407.9307517018169</ele>
        <time>2025-11-17T04:48:18.900000Z</time>
        <extensions>
          <gpxtpx:TrackPointExtension>
            <gpxtpx:hr>115</gpxtpx:hr>
          </gpxtpx:TrackPointExtension>
        </extensions>
      </trkpt>
      <trkpt lat="34.211082391351994" lon="108.8370048856803">
        <ele>407.88046741858125</ele>
        <time>2025-11-17T04:48:19.900000Z</time>
        <extensions>
          <gpxtpx:TrackPointExtension>
            <gpxtpx:hr>115</gpxtpx:hr>
          </gpxtpx:TrackPointExtension>
        </extensions>
      </trkpt>
      <trkpt lat="34.21109611370181" lon="108.837005397809">
        <ele>407.8508838331327</ele>
        <time>2025-11-17T04:48:20.900000Z</time>
        <extensions>
          <gpxtpx:TrackPointExtension>
            <gpxtpx:hr>115</gpxtpx:hr>
          </gpxtpx:TrackPointExtension>
        </extensions>
      </trkpt>
      <trkpt lat="34.211109204893845" lon="108.83700582907298">
        <ele>407.81967169605196</ele>
        <time>2025-11-17T04:48:21.900000Z</time>
        <extensions>
          <gpxtpx:TrackPointExtension>
            <gpxtpx:hr>115</gpxtpx:hr>
          </gpxtpx:TrackPointExtension>
        </extensions>
      </trkpt>
      <trkpt lat="34.21112248016341" lon="108.83700596575571">
        <ele>407.8003174094483</ele>
        <time>2025-11-17T04:48:22.900000Z</time>
        <extensions>
          <gpxtpx:TrackPointExtension>
            <gpxtpx:hr>115</gpxtpx:hr>
          </gpxtpx:TrackPointExtension>
        </extensions>
      </trkpt>
      <trkpt lat="34.2111365072107" lon="108.83700609114823">
        <ele>407.7927076080814</ele>
        <time>2025-11-17T04:48:23.900000Z</time>
        <extensions>
          <gpxtpx:TrackPointExtension>
            <gpxtpx:hr>115</gpxtpx:hr>
          </gpxtpx:TrackPointExtension>
        </extensions>
      </trkpt>
      <trkpt lat="34.21115096456525" lon="108.83700573216215">
        <ele>407.7851939285174</ele>
        <time>2025-11-17T04:48:24.900000Z</time>
        <extensions>
          <gpxtpx:TrackPointExtension>
            <gpxtpx:hr>115</gpxtpx:hr>
          </gpxtpx:TrackPointExtension>
        </extensions>
      </trkpt>
      <trkpt lat="34.211165257322" lon="108.83700477375812">
        <ele>407.7845277059823</ele>
        <time>2025-11-17T04:48:25.900000Z</time>
        <extensions>
          <gpxtpx:TrackPointExtension>
            <gpxtpx:hr>114</gpxtpx:hr>
          </gpxtpx:TrackPointExtension>
        </extensions>
      </trkpt>
      <trkpt lat="34.21117853547706" lon="108.83700395998842">
        <ele>407.7693309178576</ele>
        <time>2025-11-17T04:48:26.900000Z</time>
        <extensions>
          <gpxtpx:TrackPointExtension>
            <gpxtpx:hr>114</gpxtpx:hr>
          </gpxtpx:TrackPointExtension>
        </extensions>
      </trkpt>
      <trkpt lat="34.21119082521574" lon="108.83700374116205">
        <ele>407.75728769414127</ele>
        <time>2025-11-17T04:48:27.900000Z</time>
        <extensions>
          <gpxtpx:TrackPointExtension>
            <gpxtpx:hr>114</gpxtpx:hr>
          </gpxtpx:TrackPointExtension>
        </extensions>
      </trkpt>
      <trkpt lat="34.21120286457866" lon="108.83700388197009">
        <ele>407.7498068222776</ele>
        <time>2025-11-17T04:48:28.900000Z</time>
        <extensions>
          <gpxtpx:TrackPointExtension>
            <gpxtpx:hr>115</gpxtpx:hr>
          </gpxtpx:TrackPointExtension>
        </extensions>
      </trkpt>
      <trkpt lat="34.211214970970595" lon="108.83700419279977">
        <ele>407.7339326394722</ele>
        <time>2025-11-17T04:48:29.900000Z</time>
        <extensions>
          <gpxtpx:TrackPointExtension>
            <gpxtpx:hr>115</gpxtpx:hr>
          </gpxtpx:TrackPointExtension>
        </extensions>
      </trkpt>
      <trkpt lat="34.21122683059209" lon="108.83700494916842">
        <ele>407.7065733950585</ele>
        <time>2025-11-17T04:48:30.900000Z</time>
        <extensions>
          <gpxtpx:TrackPointExtension>
            <gpxtpx:hr>115</gpxtpx:hr>
          </gpxtpx:TrackPointExtension>
        </extensions>
      </trkpt>
      <trkpt lat="34.21123774437713" lon="108.8370063241321">
        <ele>407.6696817660704</ele>
        <time>2025-11-17T04:48:31.900000Z</time>
        <extensions>
          <gpxtpx:TrackPointExtension>
            <gpxtpx:hr>115</gpxtpx:hr>
          </gpxtpx:TrackPointExtension>
        </extensions>
      </trkpt>
      <trkpt lat="34.21124783899482" lon="108.83700798735588">
        <ele>407.63961235806346</ele>
        <time>2025-11-17T04:48:32.900000Z</time>
        <extensions>
          <gpxtpx:TrackPointExtension>
            <gpxtpx:hr>115</gpxtpx:hr>
          </gpxtpx:TrackPointExtension>
        </extensions>
      </trkpt>
      <trkpt lat="34.211257772739856" lon="108.83700954255367">
        <ele>407.61956184823066</ele>
        <time>2025-11-17T04:48:33.900000Z</time>
        <extensions>
          <gpxtpx:TrackPointExtension>
            <gpxtpx:hr>115</gpxtpx:hr>
          </gpxtpx:TrackPointExtension>
        </extensions>
      </trkpt>
      <trkpt lat="34.21126809662407" lon="108.83701089278986">
        <ele>407.6048206342384</ele>
        <time>2025-11-17T04:48:34.900000Z</time>
        <extensions>
          <gpxtpx:TrackPointExtension>
            <gpxtpx:hr>115</gpxtpx:hr>
          </gpxtpx:TrackPointExtension>
        </extensions>
      </trkpt>
      <trkpt lat="34.21127929173203" lon="108.83701190457215">
        <ele>407.5785827189684</ele>
        <time>2025-11-17T04:48:35.900000Z</time>
        <extensions>
          <gpxtpx:TrackPointExtension>
            <gpxtpx:hr>115</gpxtpx:hr>
          </gpxtpx:TrackPointExtension>
        </extensions>
      </trkpt>
      <trkpt lat="34.21129123197094" lon="108.83701300275953">
        <ele>407.5339821036905</ele>
        <time>2025-11-17T04:48:36.900000Z</time>
        <extensions>
          <gpxtpx:TrackPointExtension>
            <gpxtpx:hr>115</gpxtpx:hr>
          </gpxtpx:TrackPointExtension>
        </extensions>
      </trkpt>
      <trkpt lat="34.211303528282166" lon="108.83701422354474">
        <ele>407.4725173683837</ele>
        <time>2025-11-17T04:48:37.900000Z</time>
        <extensions>
          <gpxtpx:TrackPointExtension>
            <gpxtpx:hr>115</gpxtpx:hr>
          </gpxtpx:TrackPointExtension>
        </extensions>
      </trkpt>
      <trkpt lat="34.21131599032383" lon="108.83701510988828">
        <ele>407.40469105076045</ele>
        <time>2025-11-17T04:48:38.900000Z</time>
        <extensions>
          <gpxtpx:TrackPointExtension>
            <gpxtpx:hr>115</gpxtpx:hr>
          </gpxtpx:TrackPointExtension>
        </extensions>
      </trkpt>
      <trkpt lat="34.211328718652396" lon="108.83701521900076">
        <ele>407.3314590482041</ele>
        <time>2025-11-17T04:48:39.900000Z</time>
        <extensions>
          <gpxtpx:TrackPointExtension>
            <gpxtpx:hr>115</gpxtpx:hr>
          </gpxtpx:TrackPointExtension>
        </extensions>
      </trkpt>
      <trkpt lat="34.21134177009228" lon="108.83701452639599">
        <ele>407.2618752401322</ele>
        <time>2025-11-17T04:48:40.900000Z</time>
        <extensions>
          <gpxtpx:TrackPointExtension>
            <gpxtpx:hr>115</gpxtpx:hr>
          </gpxtpx:TrackPointExtension>
        </extensions>
      </trkpt>
      <trkpt lat="34.21135487901134" lon="108.8370130807431">
        <ele>407.17594097554684</ele>
        <time>2025-11-17T04:48:41.900000Z</time>
        <extensions>
          <gpxtpx:TrackPointExtension>
            <gpxtpx:hr>115</gpxtpx:hr>
          </gpxtpx:TrackPointExtension>
        </extensions>
      </trkpt>
      <trkpt lat="34.21136775330993" lon="108.83701099793898">
        <ele>407.0831853887066</ele>
        <time>2025-11-17T04:48:42.900000Z</time>
        <extensions>
          <gpxtpx:TrackPointExtension>
            <gpxtpx:hr>115</gpxtpx:hr>
          </gpxtpx:TrackPointExtension>
        </extensions>
      </trkpt>
      <trkpt lat="34.21138003256187" lon="108.83700794641476">
        <ele>406.9846122013405</ele>
        <time>2025-11-17T04:48:43.900000Z</time>
        <extensions>
          <gpxtpx:TrackPointExtension>
            <gpxtpx:hr>115</gpxtpx:hr>
          </gpxtpx:TrackPointExtension>
        </extensions>
      </trkpt>
      <trkpt lat="34.21139142244084" lon="108.83700370330418">
        <ele>406.86557594593614</ele>
        <time>2025-11-17T04:48:44.900000Z</time>
        <extensions>
          <gpxtpx:TrackPointExtension>
            <gpxtpx:hr>115</gpxtpx:hr>
          </gpxtpx:TrackPointExtension>
        </extensions>
      </trkpt>
      <trkpt lat="34.21140236823289" lon="108.83699867995827">
        <ele>406.74401985295117</ele>
        <time>2025-11-17T04:48:45.900000Z</time>
        <extensions>
          <gpxtpx:TrackPointExtension>
            <gpxtpx:hr>115</gpxtpx:hr>
          </gpxtpx:TrackPointExtension>
        </extensions>
      </trkpt>
      <trkpt lat="34.21141357970849" lon="108.83699327925389">
        <ele>406.6164724053815</ele>
        <time>2025-11-17T04:48:46.900000Z</time>
        <extensions>
          <gpxtpx:TrackPointExtension>
            <gpxtpx:hr>115</gpxtpx:hr>
          </gpxtpx:TrackPointExtension>
        </extensions>
      </trkpt>
      <trkpt lat="34.2114249634873" lon="108.83698732357749">
        <ele>406.4797946754843</ele>
        <time>2025-11-17T04:48:47.900000Z</time>
        <extensions>
          <gpxtpx:TrackPointExtension>
            <gpxtpx:hr>115</gpxtpx:hr>
          </gpxtpx:TrackPointExtension>
        </extensions>
      </trkpt>
      <trkpt lat="34.21143618628929" lon="108.83698059253172">
        <ele>406.3376866877079</ele>
        <time>2025-11-17T04:48:48.900000Z</time>
        <extensions>
          <gpxtpx:TrackPointExtension>
            <gpxtpx:hr>115</gpxtpx:hr>
          </gpxtpx:TrackPointExtension>
        </extensions>
      </trkpt>
      <trkpt lat="34.211447238007935" lon="108.83697312855506">
        <ele>406.2158534312621</ele>
        <time>2025-11-17T04:48:49.900000Z</time>
        <extensions>
          <gpxtpx:TrackPointExtension>
            <gpxtpx:hr>115</gpxtpx:hr>
          </gpxtpx:TrackPointExtension>
        </extensions>
      </trkpt>
      <trkpt lat="34.211458232027915" lon="108.83696484955527">
        <ele>406.102637805976</ele>
        <time>2025-11-17T04:48:50.900000Z</time>
        <extensions>
          <gpxtpx:TrackPointExtension>
            <gpxtpx:hr>115</gpxtpx:hr>
          </gpxtpx:TrackPointExtension>
        </extensions>
      </trkpt>
      <trkpt lat="34.21146917020159" lon="108.83695580608307">
        <ele>405.9856101833284</ele>
        <time>2025-11-17T04:48:51.900000Z</time>
        <extensions>
          <gpxtpx:TrackPointExtension>
            <gpxtpx:hr>115</gpxtpx:hr>
          </gpxtpx:TrackPointExtension>
        </extensions>
      </trkpt>
      <trkpt lat="34.21147980254833" lon="108.83694662065415">
        <ele>405.85922792367637</ele>
        <time>2025-11-17T04:48:52.900000Z</time>
        <extensions>
          <gpxtpx:TrackPointExtension>
            <gpxtpx:hr>113</gpxtpx:hr>
          </gpxtpx:TrackPointExtension>
        </extensions>
      </trkpt>
      <trkpt lat="34.211489534426605" lon="108.83693758136388">
        <ele>405.73351054731756</ele>
        <time>2025-11-17T04:48:53.900000Z</time>
        <extensions>
          <gpxtpx:TrackPointExtension>
            <gpxtpx:hr>113</gpxtpx:hr>
          </gpxtpx:TrackPointExtension>
        </extensions>
      </trkpt>
      <trkpt lat="34.211497218900924" lon="108.83692882634236">
        <ele>405.6243954692036</ele>
        <time>2025-11-17T04:48:54.900000Z</time>
        <extensions>
          <gpxtpx:TrackPointExtension>
            <gpxtpx:hr>113</gpxtpx:hr>
          </gpxtpx:TrackPointExtension>
        </extensions>
      </trkpt>
      <trkpt lat="34.21150431484674" lon="108.8369200083796">
        <ele>405.53529446478933</ele>
        <time>2025-11-17T04:48:55.900000Z</time>
        <extensions>
          <gpxtpx:TrackPointExtension>
            <gpxtpx:hr>113</gpxtpx:hr>
          </gpxtpx:TrackPointExtension>
        </extensions>
      </trkpt>
      <trkpt lat="34.211512384764454" lon="108.83690992910503">
        <ele>405.46434848662466</ele>
        <time>2025-11-17T04:48:56.900000Z</time>
        <extensions>
          <gpxtpx:TrackPointExtension>
            <gpxtpx:hr>113</gpxtpx:hr>
          </gpxtpx:TrackPointExtension>
        </extensions>
      </trkpt>
      <trkpt lat="34.21151899208046" lon="108.8368978863079">
        <ele>405.40820832457393</ele>
        <time>2025-11-17T04:48:57.900000Z</time>
        <extensions>
          <gpxtpx:TrackPointExtension>
            <gpxtpx:hr>113</gpxtpx:hr>
          </gpxtpx:TrackPointExtension>
        </extensions>
      </trkpt>
      <trkpt lat="34.21152248150788" lon="108.83688398305087">
        <ele>405.379032257013</ele>
        <time>2025-11-17T04:48:58.900000Z</time>
        <extensions>
          <gpxtpx:TrackPointExtension>
            <gpxtpx:hr>113</gpxtpx:hr>
          </gpxtpx:TrackPointExtension>
        </extensions>
      </trkpt>
      <trkpt lat="34.2115242510273" lon="108.83686977792875">
        <ele>405.36587311979383</ele>
        <time>2025-11-17T04:48:59.900000Z</time>
        <extensions>
          <gpxtpx:TrackPointExtension>
            <gpxtpx:hr>113</gpxtpx:hr>
          </gpxtpx:TrackPointExtension>
        </extensions>
      </trkpt>
      <trkpt lat="34.21152628552572" lon="108.83685625493288">
        <ele>405.36563726421446</ele>
        <time>2025-11-17T04:49:00.900000Z</time>
        <extensions>
          <gpxtpx:TrackPointExtension>
            <gpxtpx:hr>113</gpxtpx:hr>
          </gpxtpx:TrackPointExtension>
        </extensions>
      </trkpt>
      <trkpt lat="34.211529640167605" lon="108.83684262864459">
        <ele>405.3867943678051</ele>
        <time>2025-11-17T04:49:01.900000Z</time>
        <extensions>
          <gpxtpx:TrackPointExtension>
            <gpxtpx:hr>113</gpxtpx:hr>
          </gpxtpx:TrackPointExtension>
        </extensions>
      </trkpt>
      <trkpt lat="34.21153490202258" lon="108.83682872439276">
        <ele>405.40464946627617</ele>
        <time>2025-11-17T04:49:02.900000Z</time>
        <extensions>
          <gpxtpx:TrackPointExtension>
            <gpxtpx:hr>113</gpxtpx:hr>
          </gpxtpx:TrackPointExtension>
        </extensions>
      </trkpt>
      <trkpt lat="34.211542043374976" lon="108.83681531378892">
        <ele>405.4450646871701</ele>
        <time>2025-11-17T04:49:03.900000Z</time>
        <extensions>
          <gpxtpx:TrackPointExtension>
            <gpxtpx:hr>113</gpxtpx:hr>
          </gpxtpx:TrackPointExtension>
        </extensions>
      </trkpt>
      <trkpt lat="34.21154989689838" lon="108.83680316576869">
        <ele>405.48992504086345</ele>
        <time>2025-11-17T04:49:04.900000Z</time>
        <extensions>
          <gpxtpx:TrackPointExtension>
            <gpxtpx:hr>113</gpxtpx:hr>
          </gpxtpx:TrackPointExtension>
        </extensions>
      </trkpt>
      <trkpt lat="34.21155655928085" lon="108.83679264668771">
        <ele>405.5455330470577</ele>
        <time>2025-11-17T04:49:05.900000Z</time>
        <extensions>
          <gpxtpx:TrackPointExtension>
            <gpxtpx:hr>113</gpxtpx:hr>
          </gpxtpx:TrackPointExtension>
        </extensions>
      </trkpt>
      <trkpt lat="34.211562084546124" lon="108.83678360704582">
        <ele>405.6049072230235</ele>
        <time>2025-11-17T04:49:06.900000Z</time>
        <extensions>
          <gpxtpx:TrackPointExtension>
            <gpxtpx:hr>113</gpxtpx:hr>
          </gpxtpx:TrackPointExtension>
        </extensions>
      </trkpt>
      <trkpt lat="34.21156716428569" lon="108.83677550130426">
        <ele>405.67234226036817</ele>
        <time>2025-11-17T04:49:07.900000Z</time>
        <extensions>
          <gpxtpx:TrackPointExtension>
            <gpxtpx:hr>113</gpxtpx:hr>
          </gpxtpx:TrackPointExtension>
        </extensions>
      </trkpt>
      <trkpt lat="34.211571536761554" lon="108.83676726899049">
        <ele>405.75123286806047</ele>
        <time>2025-11-17T04:49:08.900000Z</time>
        <extensions>
          <gpxtpx:TrackPointExtension>
            <gpxtpx:hr>113</gpxtpx:hr>
          </gpxtpx:TrackPointExtension>
        </extensions>
      </trkpt>
      <trkpt lat="34.21157511140163" lon="108.83675794939646">
        <ele>405.83157553710043</ele>
        <time>2025-11-17T04:49:09.900000Z</time>
        <extensions>
          <gpxtpx:TrackPointExtension>
            <gpxtpx:hr>113</gpxtpx:hr>
          </gpxtpx:TrackPointExtension>
        </extensions>
      </trkpt>
      <trkpt lat="34.211577935754235" lon="108.83674775174033">
        <ele>405.91404505539685</ele>
        <time>2025-11-17T04:49:10.900000Z</time>
        <extensions>
          <gpxtpx:TrackPointExtension>
            <gpxtpx:hr>113</gpxtpx:hr>
          </gpxtpx:TrackPointExtension>
        </extensions>
      </trkpt>
      <trkpt lat="34.21158021689907" lon="108.83673671292517">
        <ele>405.9852016745135</ele>
        <time>2025-11-17T04:49:11.900000Z</time>
        <extensions>
          <gpxtpx:TrackPointExtension>
            <gpxtpx:hr>112</gpxtpx:hr>
          </gpxtpx:TrackPointExtension>
        </extensions>
      </trkpt>
      <trkpt lat="34.21158223058639" lon="108.83672440663179">
        <ele>406.0538183245808</ele>
        <time>2025-11-17T04:49:12.900000Z</time>
        <extensions>
          <gpxtpx:TrackPointExtension>
            <gpxtpx:hr>112</gpxtpx:hr>
          </gpxtpx:TrackPointExtension>
        </extensions>
      </trkpt>
      <trkpt lat="34.21158413491041" lon="108.83671075278971">
        <ele>406.11941445060074</ele>
        <time>2025-11-17T04:49:13.900000Z</time>
        <extensions>
          <gpxtpx:TrackPointExtension>
            <gpxtpx:hr>112</gpxtpx:hr>
          </gpxtpx:TrackPointExtension>
        </extensions>
      </trkpt>
      <trkpt lat="34.21158582489484" lon="108.83669610795822">
        <ele>406.1944204624742</ele>
        <time>2025-11-17T04:49:14.900000Z</time>
        <extensions>
          <gpxtpx:TrackPointExtension>
            <gpxtpx:hr>112</gpxtpx:hr>
          </gpxtpx:TrackPointExtension>
        </extensions>
      </trkpt>
      <trkpt lat="34.21158743948517" lon="108.83668117695849">
        <ele>406.25642691738904</ele>
        <time>2025-11-17T04:49:15.900000Z</time>
        <extensions>
          <gpxtpx:TrackPointExtension>
            <gpxtpx:hr>112</gpxtpx:hr>
          </gpxtpx:TrackPointExtension>
        </extensions>
      </trkpt>
      <trkpt lat="34.21158909693492" lon="108.83666630276542">
        <ele>406.3232495877892</ele>
        <time>2025-11-17T04:49:16.900000Z</time>
        <extensions>
          <gpxtpx:TrackPointExtension>
            <gpxtpx:hr>113</gpxtpx:hr>
          </gpxtpx:TrackPointExtension>
        </extensions>
      </trkpt>
      <trkpt lat="34.21159088887697" lon="108.83665174094054">
        <ele>406.38775051012635</ele>
        <time>2025-11-17T04:49:17.900000Z</time>
        <extensions>
          <gpxtpx:TrackPointExtension>
            <gpxtpx:hr>113</gpxtpx:hr>
          </gpxtpx:TrackPointExtension>
        </extensions>
      </trkpt>
      <trkpt lat="34.21159238885938" lon="108.83663758489116">
        <ele>406.45483933761716</ele>
        <time>2025-11-17T04:49:18.900000Z</time>
        <extensions>
          <gpxtpx:TrackPointExtension>
            <gpxtpx:hr>113</gpxtpx:hr>
          </gpxtpx:TrackPointExtension>
        </extensions>
      </trkpt>
      <trkpt lat="34.21159361758051" lon="108.83662345395723">
        <ele>406.5194501373917</ele>
        <time>2025-11-17T04:49:19.900000Z</time>
        <extensions>
          <gpxtpx:TrackPointExtension>
            <gpxtpx:hr>113</gpxtpx:hr>
          </gpxtpx:TrackPointExtension>
        </extensions>
      </trkpt>
      <trkpt lat="34.21159422970584" lon="108.83660912059243">
        <ele>406.57801770605147</ele>
        <time>2025-11-17T04:49:20.900000Z</time>
        <extensions>
          <gpxtpx:TrackPointExtension>
            <gpxtpx:hr>113</gpxtpx:hr>
          </gpxtpx:TrackPointExtension>
        </extensions>
      </trkpt>
      <trkpt lat="34.211594519965054" lon="108.836594549184">
        <ele>406.6281217550859</ele>
        <time>2025-11-17T04:49:21.900000Z</time>
        <extensions>
          <gpxtpx:TrackPointExtension>
            <gpxtpx:hr>112</gpxtpx:hr>
          </gpxtpx:TrackPointExtension>
        </extensions>
      </trkpt>
      <trkpt lat="34.211594950057716" lon="108.8365789726397">
        <ele>406.6666705235839</ele>
        <time>2025-11-17T04:49:22.900000Z</time>
        <extensions>
          <gpxtpx:TrackPointExtension>
            <gpxtpx:hr>112</gpxtpx:hr>
          </gpxtpx:TrackPointExtension>
        </extensions>
      </trkpt>
      <trkpt lat="34.21159554008548" lon="108.83656242468822">
        <ele>406.69649581052363</ele>
        <time>2025-11-17T04:49:23.900000Z</time>
        <extensions>
          <gpxtpx:TrackPointExtension>
            <gpxtpx:hr>112</gpxtpx:hr>
          </gpxtpx:TrackPointExtension>
        </extensions>
      </trkpt>
      <trkpt lat="34.21159634834981" lon="108.83654530466546">
        <ele>406.7100500566885</ele>
        <time>2025-11-17T04:49:24.900000Z</time>
        <extensions>
          <gpxtpx:TrackPointExtension>
            <gpxtpx:hr>112</gpxtpx:hr>
          </gpxtpx:TrackPointExtension>
        </extensions>
      </trkpt>
      <trkpt lat="34.21159728829421" lon="108.83652792550254">
        <ele>406.7198592610657</ele>
        <time>2025-11-17T04:49:25.900000Z</time>
        <extensions>
          <gpxtpx:TrackPointExtension>
            <gpxtpx:hr>112</gpxtpx:hr>
          </gpxtpx:TrackPointExtension>
        </extensions>
      </trkpt>
      <trkpt lat="34.211598377905695" lon="108.83651072820963">
        <ele>406.723897755146</ele>
        <time>2025-11-17T04:49:26.900000Z</time>
        <extensions>
          <gpxtpx:TrackPointExtension>
            <gpxtpx:hr>113</gpxtpx:hr>
          </gpxtpx:TrackPointExtension>
        </extensions>
      </trkpt>
      <trkpt lat="34.21159918987714" lon="108.83649427805668">
        <ele>406.7226540381089</ele>
        <time>2025-11-17T04:49:27.900000Z</time>
        <extensions>
          <gpxtpx:TrackPointExtension>
            <gpxtpx:hr>113</gpxtpx:hr>
          </gpxtpx:TrackPointExtension>
        </extensions>
      </trkpt>
      <trkpt lat="34.21159870034314" lon="108.83647909947749">
        <ele>406.7334441188723</ele>
        <time>2025-11-17T04:49:28.900000Z</time>
        <extensions>
          <gpxtpx:TrackPointExtension>
            <gpxtpx:hr>113</gpxtpx:hr>
          </gpxtpx:TrackPointExtension>
        </extensions>
      </trkpt>
      <trkpt lat="34.211596777857864" lon="108.83646497964386">
        <ele>406.7385197794065</ele>
        <time>2025-11-17T04:49:29.900000Z</time>
        <extensions>
          <gpxtpx:TrackPointExtension>
            <gpxtpx:hr>113</gpxtpx:hr>
          </gpxtpx:TrackPointExtension>
        </extensions>
      </trkpt>
      <trkpt lat="34.21159417783986" lon="108.83645130123328">
        <ele>406.7352394675836</ele>
        <time>2025-11-17T04:49:30.900000Z</time>
        <extensions>
          <gpxtpx:TrackPointExtension>
            <gpxtpx:hr>113</gpxtpx:hr>
          </gpxtpx:TrackPointExtension>
        </extensions>
      </trkpt>
      <trkpt lat="34.21159191657519" lon="108.83643802642183">
        <ele>406.7371307751164</ele>
        <time>2025-11-17T04:49:31.900000Z</time>
        <extensions>
          <gpxtpx:TrackPointExtension>
            <gpxtpx:hr>113</gpxtpx:hr>
          </gpxtpx:TrackPointExtension>
        </extensions>
      </trkpt>
      <trkpt lat="34.211590710072045" lon="108.83642490656457">
        <ele>406.7418795218691</ele>
        <time>2025-11-17T04:49:32.900000Z</time>
        <extensions>
          <gpxtpx:TrackPointExtension>
            <gpxtpx:hr>111</gpxtpx:hr>
          </gpxtpx:TrackPointExtension>
        </extensions>
      </trkpt>
      <trkpt lat="34.2115908859873" lon="108.83641138777934">
        <ele>406.7526149395853</ele>
        <time>2025-11-17T04:49:33.900000Z</time>
        <extensions>
          <gpxtpx:TrackPointExtension>
            <gpxtpx:hr>111</gpxtpx:hr>
          </gpxtpx:TrackPointExtension>
        </extensions>
      </trkpt>
      <trkpt lat="34.211591898375616" lon="108.83639766328504">
        <ele>406.76493484247476</ele>
        <time>2025-11-17T04:49:34.900000Z</time>
        <extensions>
          <gpxtpx:TrackPointExtension>
            <gpxtpx:hr>111</gpxtpx:hr>
          </gpxtpx:TrackPointExtension>
        </extensions>
      </trkpt>
      <trkpt lat="34.21159195468751" lon="108.83638550638378">
        <ele>406.7735247388482</ele>
        <time>2025-11-17T04:49:35.900000Z</time>
        <extensions>
          <gpxtpx:TrackPointExtension>
            <gpxtpx:hr>111</gpxtpx:hr>
          </gpxtpx:TrackPointExtension>
        </extensions>
      </trkpt>
      <trkpt lat="34.211591252420824" lon="108.83637368561985">
        <ele>406.79167713876814</ele>
        <time>2025-11-17T04:49:36.900000Z</time>
        <extensions>
          <gpxtpx:TrackPointExtension>
            <gpxtpx:hr>111</gpxtpx:hr>
          </gpxtpx:TrackPointExtension>
        </extensions>
      </trkpt>
      <trkpt lat="34.21159028377898" lon="108.83635913975479">
        <ele>406.8300912724808</ele>
        <time>2025-11-17T04:49:37.900000Z</time>
        <extensions>
          <gpxtpx:TrackPointExtension>
            <gpxtpx:hr>108</gpxtpx:hr>
          </gpxtpx:TrackPointExtension>
        </extensions>
      </trkpt>
      <trkpt lat="34.21158928130767" lon="108.83634128312328">
        <ele>406.8726262226701</ele>
        <time>2025-11-17T04:49:38.900000Z</time>
        <extensions>
          <gpxtpx:TrackPointExtension>
            <gpxtpx:hr>108</gpxtpx:hr>
          </gpxtpx:TrackPointExtension>
        </extensions>
      </trkpt>
      <trkpt lat="34.211588516592386" lon="108.83632229981356">
        <ele>406.9153407923877</ele>
        <time>2025-11-17T04:49:39.900000Z</time>
        <extensions>
          <gpxtpx:TrackPointExtension>
            <gpxtpx:hr>108</gpxtpx:hr>
          </gpxtpx:TrackPointExtension>
        </extensions>
      </trkpt>
      <trkpt lat="34.21158822056854" lon="108.83630400594326">
        <ele>406.96024125721306</ele>
        <time>2025-11-17T04:49:40.900000Z</time>
        <extensions>
          <gpxtpx:TrackPointExtension>
            <gpxtpx:hr>108</gpxtpx:hr>
          </gpxtpx:TrackPointExtension>
        </extensions>
      </trkpt>
      <trkpt lat="34.21158861846092" lon="108.83628661859548">
        <ele>407.0073899878189</ele>
        <time>2025-11-17T04:49:41.900000Z</time>
        <extensions>
          <gpxtpx:TrackPointExtension>
            <gpxtpx:hr>105</gpxtpx:hr>
          </gpxtpx:TrackPointExtension>
        </extensions>
      </trkpt>
      <trkpt lat="34.21158965898156" lon="108.8362700612509">
        <ele>407.0461037075147</ele>
        <time>2025-11-17T04:49:42.900000Z</time>
        <extensions>
          <gpxtpx:TrackPointExtension>
            <gpxtpx:hr>105</gpxtpx:hr>
          </gpxtpx:TrackPointExtension>
        </extensions>
      </trkpt>
      <trkpt lat="34.21159121622493" lon="108.83625482721635">
        <ele>407.0760787380859</ele>
        <time>2025-11-17T04:49:43.900000Z</time>
        <extensions>
          <gpxtpx:TrackPointExtension>
            <gpxtpx:hr>105</gpxtpx:hr>
          </gpxtpx:TrackPointExtension>
        </extensions>
      </trkpt>
      <trkpt lat="34.21159355613205" lon="108.83624011434102">
        <ele>407.0992679838091</ele>
        <time>2025-11-17T04:49:44.900000Z</time>
        <extensions>
          <gpxtpx:TrackPointExtension>
            <gpxtpx:hr>105</gpxtpx:hr>
          </gpxtpx:TrackPointExtension>
        </extensions>
      </trkpt>
      <trkpt lat="34.211596282394524" lon="108.8362246636824">
        <ele>407.1142649529502</ele>
        <time>2025-11-17T04:49:45.900000Z</time>
        <extensions>
          <gpxtpx:TrackPointExtension>
            <gpxtpx:hr>105</gpxtpx:hr>
          </gpxtpx:TrackPointExtension>
        </extensions>
      </trkpt>
      <trkpt lat="34.21159871171235" lon="108.83620846000974">
        <ele>407.1275409227237</ele>
        <time>2025-11-17T04:49:46.900000Z</time>
        <extensions>
          <gpxtpx:TrackPointExtension>
            <gpxtpx:hr>105</gpxtpx:hr>
          </gpxtpx:TrackPointExtension>
        </extensions>
      </trkpt>
      <trkpt lat="34.21160106781244" lon="108.83619094278879">
        <ele>407.1282722102478</ele>
        <time>2025-11-17T04:49:47.900000Z</time>
        <extensions>
          <gpxtpx:TrackPointExtension>
            <gpxtpx:hr>105</gpxtpx:hr>
          </gpxtpx:TrackPointExtension>
        </extensions>
      </trkpt>
      <trkpt lat="34.21160330333966" lon="108.83617295583527">
        <ele>407.12108140066266</ele>
        <time>2025-11-17T04:49:48.900000Z</time>
        <extensions>
          <gpxtpx:TrackPointExtension>
            <gpxtpx:hr>105</gpxtpx:hr>
          </gpxtpx:TrackPointExtension>
        </extensions>
      </trkpt>
      <trkpt lat="34.21160565106145" lon="108.83615542523853">
        <ele>407.1051665963605</ele>
        <time>2025-11-17T04:49:49.900000Z</time>
        <extensions>
          <gpxtpx:TrackPointExtension>
            <gpxtpx:hr>105</gpxtpx:hr>
          </gpxtpx:TrackPointExtension>
        </extensions>
      </trkpt>
      <trkpt lat="34.21160869030981" lon="108.83613854806788">
        <ele>407.0793250175193</ele>
        <time>2025-11-17T04:49:50.900000Z</time>
        <extensions>
          <gpxtpx:TrackPointExtension>
            <gpxtpx:hr>106</gpxtpx:hr>
          </gpxtpx:TrackPointExtension>
        </extensions>
      </trkpt>
      <trkpt lat="34.211612287895576" lon="108.83612096758225">
        <ele>407.0336407329887</ele>
        <time>2025-11-17T04:49:51.900000Z</time>
        <extensions>
          <gpxtpx:TrackPointExtension>
            <gpxtpx:hr>106</gpxtpx:hr>
          </gpxtpx:TrackPointExtension>
        </extensions>
      </trkpt>
      <trkpt lat="34.21161628510915" lon="108.83610240215934">
        <ele>406.97369154077023</ele>
        <time>2025-11-17T04:49:52.900000Z</time>
        <extensions>
          <gpxtpx:TrackPointExtension>
            <gpxtpx:hr>106</gpxtpx:hr>
          </gpxtpx:TrackPointExtension>
        </extensions>
      </trkpt>
      <trkpt lat="34.21162055669083" lon="108.83608342747605">
        <ele>406.8759754775092</ele>
        <time>2025-11-17T04:49:53.900000Z</time>
        <extensions>
          <gpxtpx:TrackPointExtension>
            <gpxtpx:hr>106</gpxtpx:hr>
          </gpxtpx:TrackPointExtension>
        </extensions>
      </trkpt>
      <trkpt lat="34.211624780694336" lon="108.83606434027924">
        <ele>406.76996929664165</ele>
        <time>2025-11-17T04:49:54.900000Z</time>
        <extensions>
          <gpxtpx:TrackPointExtension>
            <gpxtpx:hr>106</gpxtpx:hr>
          </gpxtpx:TrackPointExtension>
        </extensions>
      </trkpt>
      <trkpt lat="34.21162959379997" lon="108.83604557884188">
        <ele>406.66502316482365</ele>
        <time>2025-11-17T04:49:55.900000Z</time>
        <extensions>
          <gpxtpx:TrackPointExtension>
            <gpxtpx:hr>106</gpxtpx:hr>
          </gpxtpx:TrackPointExtension>
        </extensions>
      </trkpt>
      <trkpt lat="34.21163460620733" lon="108.83602743180381">
        <ele>406.56072763260454</ele>
        <time>2025-11-17T04:49:56.900000Z</time>
        <extensions>
          <gpxtpx:TrackPointExtension>
            <gpxtpx:hr>106</gpxtpx:hr>
          </gpxtpx:TrackPointExtension>
        </extensions>
      </trkpt>
      <trkpt lat="34.21163990987189" lon="108.83600989662277">
        <ele>406.45961965993047</ele>
        <time>2025-11-17T04:49:57.900000Z</time>
        <extensions>
          <gpxtpx:TrackPointExtension>
            <gpxtpx:hr>106</gpxtpx:hr>
          </gpxtpx:TrackPointExtension>
        </extensions>
      </trkpt>
      <trkpt lat="34.21164545619139" lon="108.83599363208967">
        <ele>406.3708011349663</ele>
        <time>2025-11-17T04:49:58.900000Z</time>
        <extensions>
          <gpxtpx:TrackPointExtension>
            <gpxtpx:hr>106</gpxtpx:hr>
          </gpxtpx:TrackPointExtension>
        </extensions>
      </trkpt>
      <trkpt lat="34.211650616498275" lon="108.8359796854649">
        <ele>406.2693631500006</ele>
        <time>2025-11-17T04:49:59.900000Z</time>
        <extensions>
          <gpxtpx:TrackPointExtension>
            <gpxtpx:hr>106</gpxtpx:hr>
          </gpxtpx:TrackPointExtension>
        </extensions>
      </trkpt>
      <trkpt lat="34.21165528110346" lon="108.835966936724">
        <ele>406.1610509445891</ele>
        <time>2025-11-17T04:50:00.900000Z</time>
        <extensions>
          <gpxtpx:TrackPointExtension>
            <gpxtpx:hr>105</gpxtpx:hr>
          </gpxtpx:TrackPointExtension>
        </extensions>
      </trkpt>
      <trkpt lat="34.2116588876336" lon="108.83595487020581">
        <ele>406.05667632073164</ele>
        <time>2025-11-17T04:50:01.900000Z</time>
        <extensions>
          <gpxtpx:TrackPointExtension>
            <gpxtpx:hr>105</gpxtpx:hr>
          </gpxtpx:TrackPointExtension>
        </extensions>
      </trkpt>
      <trkpt lat="34.211661393285105" lon="108.83594307722238">
        <ele>405.972063745372</ele>
        <time>2025-11-17T04:50:02.900000Z</time>
        <extensions>
          <gpxtpx:TrackPointExtension>
            <gpxtpx:hr>105</gpxtpx:hr>
          </gpxtpx:TrackPointExtension>
        </extensions>
      </trkpt>
      <trkpt lat="34.211664649258466" lon="108.83593081946731">
        <ele>405.89551663491875</ele>
        <time>2025-11-17T04:50:03.900000Z</time>
        <extensions>
          <gpxtpx:TrackPointExtension>
            <gpxtpx:hr>105</gpxtpx:hr>
          </gpxtpx:TrackPointExtension>
        </extensions>
      </trkpt>
      <trkpt lat="34.2116681489795" lon="108.83591947754097">
        <ele>405.81825143191963</ele>
        <time>2025-11-17T04:50:04.900000Z</time>
        <extensions>
          <gpxtpx:TrackPointExtension>
            <gpxtpx:hr>105</gpxtpx:hr>
          </gpxtpx:TrackPointExtension>
        </extensions>
      </trkpt>
      <trkpt lat="34.211673787848326" lon="108.83590940330544">
        <ele>405.7440108451992</ele>
        <time>2025-11-17T04:50:05.900000Z</time>
        <extensions>
          <gpxtpx:TrackPointExtension>
            <gpxtpx:hr>105</gpxtpx:hr>
          </gpxtpx:TrackPointExtension>
        </extensions>
      </trkpt>
      <trkpt lat="34.211683350720335" lon="108.83589977088162">
        <ele>405.68694772943854</ele>
        <time>2025-11-17T04:50:06.900000Z</time>
        <extensions>
          <gpxtpx:TrackPointExtension>
            <gpxtpx:hr>105</gpxtpx:hr>
          </gpxtpx:TrackPointExtension>
        </extensions>
      </trkpt>
      <trkpt lat="34.21169522340028" lon="108.83589157354992">
        <ele>405.64684583526105</ele>
        <time>2025-11-17T04:50:07.900000Z</time>
        <extensions>
          <gpxtpx:TrackPointExtension>
            <gpxtpx:hr>106</gpxtpx:hr>
          </gpxtpx:TrackPointExtension>
        </extensions>
      </trkpt>
      <trkpt lat="34.21170823935837" lon="108.83588479212735">
        <ele>405.62277594488114</ele>
        <time>2025-11-17T04:50:08.900000Z</time>
        <extensions>
          <gpxtpx:TrackPointExtension>
            <gpxtpx:hr>106</gpxtpx:hr>
          </gpxtpx:TrackPointExtension>
        </extensions>
      </trkpt>
      <trkpt lat="34.21172100624022" lon="108.83587753670899">
        <ele>405.61834000144154</ele>
        <time>2025-11-17T04:50:09.900000Z</time>
        <extensions>
          <gpxtpx:TrackPointExtension>
            <gpxtpx:hr>106</gpxtpx:hr>
          </gpxtpx:TrackPointExtension>
        </extensions>
      </trkpt>
      <trkpt lat="34.21173265957879" lon="108.83586868215839">
        <ele>405.62355121970177</ele>
        <time>2025-11-17T04:50:10.900000Z</time>
        <extensions>
          <gpxtpx:TrackPointExtension>
            <gpxtpx:hr>106</gpxtpx:hr>
          </gpxtpx:TrackPointExtension>
        </extensions>
      </trkpt>
      <trkpt lat="34.21174283077372" lon="108.83585806783428">
        <ele>405.63546114135534</ele>
        <time>2025-11-17T04:50:11.900000Z</time>
        <extensions>
          <gpxtpx:TrackPointExtension>
            <gpxtpx:hr>106</gpxtpx:hr>
          </gpxtpx:TrackPointExtension>
        </extensions>
      </trkpt>
      <trkpt lat="34.21175128815427" lon="108.83584576832304">
        <ele>405.66062704473734</ele>
        <time>2025-11-17T04:50:12.900000Z</time>
        <extensions>
          <gpxtpx:TrackPointExtension>
            <gpxtpx:hr>106</gpxtpx:hr>
          </gpxtpx:TrackPointExtension>
        </extensions>
      </trkpt>
      <trkpt lat="34.21175714923115" lon="108.83583227030024">
        <ele>405.6988584520295</ele>
        <time>2025-11-17T04:50:13.900000Z</time>
        <extensions>
          <gpxtpx:TrackPointExtension>
            <gpxtpx:hr>106</gpxtpx:hr>
          </gpxtpx:TrackPointExtension>
        </extensions>
      </trkpt>
      <trkpt lat="34.21176037927681" lon="108.83581837873837">
        <ele>405.7578357756138</ele>
        <time>2025-11-17T04:50:14.900000Z</time>
        <extensions>
          <gpxtpx:TrackPointExtension>
            <gpxtpx:hr>106</gpxtpx:hr>
          </gpxtpx:TrackPointExtension>
        </extensions>
      </trkpt>
      <trkpt lat="34.211763248363134" lon="108.83580564945474">
        <ele>405.8173617431894</ele>
        <time>2025-11-17T04:50:15.900000Z</time>
        <extensions>
          <gpxtpx:TrackPointExtension>
            <gpxtpx:hr>106</gpxtpx:hr>
          </gpxtpx:TrackPointExtension>
        </extensions>
      </trkpt>
      <trkpt lat="34.21176771195388" lon="108.83579463859449">
        <ele>405.8767361342907</ele>
        <time>2025-11-17T04:50:16.900000Z</time>
        <extensions>
          <gpxtpx:TrackPointExtension>
            <gpxtpx:hr>106</gpxtpx:hr>
          </gpxtpx:TrackPointExtension>
        </extensions>
      </trkpt>
      <trkpt lat="34.21177387285433" lon="108.83578401519682">
        <ele>405.94166798051447</ele>
        <time>2025-11-17T04:50:17.900000Z</time>
        <extensions>
          <gpxtpx:TrackPointExtension>
            <gpxtpx:hr>106</gpxtpx:hr>
          </gpxtpx:TrackPointExtension>
        </extensions>
      </trkpt>
      <trkpt lat="34.2117813074593" lon="108.83577301796288">
        <ele>406.0061830691993</ele>
        <time>2025-11-17T04:50:18.900000Z</time>
        <extensions>
          <gpxtpx:TrackPointExtension>
            <gpxtpx:hr>107</gpxtpx:hr>
          </gpxtpx:TrackPointExtension>
        </extensions>
      </trkpt>
      <trkpt lat="34.211788435755146" lon="108.83576167421515">
        <ele>406.0660691251978</ele>
        <time>2025-11-17T04:50:19.900000Z</time>
        <extensions>
          <gpxtpx:TrackPointExtension>
            <gpxtpx:hr>107</gpxtpx:hr>
          </gpxtpx:TrackPointExtension>
        </extensions>
      </trkpt>
      <trkpt lat="34.21179400335206" lon="108.8357511657973">
        <ele>406.11991235241294</ele>
        <time>2025-11-17T04:50:20.900000Z</time>
        <extensions>
          <gpxtpx:TrackPointExtension>
            <gpxtpx:hr>107</gpxtpx:hr>
          </gpxtpx:TrackPointExtension>
        </extensions>
      </trkpt>
      <trkpt lat="34.211797719554625" lon="108.83574222002129">
        <ele>406.1673714108765</ele>
        <time>2025-11-17T04:50:21.900000Z</time>
        <extensions>
          <gpxtpx:TrackPointExtension>
            <gpxtpx:hr>107</gpxtpx:hr>
          </gpxtpx:TrackPointExtension>
        </extensions>
      </trkpt>
      <trkpt lat="34.21180076257224" lon="108.8357342513915">
        <ele>406.2268853429705</ele>
        <time>2025-11-17T04:50:22.900000Z</time>
        <extensions>
          <gpxtpx:TrackPointExtension>
            <gpxtpx:hr>107</gpxtpx:hr>
          </gpxtpx:TrackPointExtension>
        </extensions>
      </trkpt>
      <trkpt lat="34.21180485078601" lon="108.83572657816639">
        <ele>406.28236377518624</ele>
        <time>2025-11-17T04:50:23.900000Z</time>
        <extensions>
          <gpxtpx:TrackPointExtension>
            <gpxtpx:hr>106</gpxtpx:hr>
          </gpxtpx:TrackPointExtension>
        </extensions>
      </trkpt>
      <trkpt lat="34.21181077150468" lon="108.83571854203548">
        <ele>406.3321353662759</ele>
        <time>2025-11-17T04:50:24.900000Z</time>
        <extensions>
          <gpxtpx:TrackPointExtension>
            <gpxtpx:hr>106</gpxtpx:hr>
          </gpxtpx:TrackPointExtension>
        </extensions>
      </trkpt>
      <trkpt lat="34.211818328133425" lon="108.83570972038734">
        <ele>406.3864909289405</ele>
        <time>2025-11-17T04:50:25.900000Z</time>
        <extensions>
          <gpxtpx:TrackPointExtension>
            <gpxtpx:hr>106</gpxtpx:hr>
          </gpxtpx:TrackPointExtension>
        </extensions>
      </trkpt>
      <trkpt lat="34.21182637951232" lon="108.83570000491754">
        <ele>406.4380786633119</ele>
        <time>2025-11-17T04:50:26.900000Z</time>
        <extensions>
          <gpxtpx:TrackPointExtension>
            <gpxtpx:hr>106</gpxtpx:hr>
          </gpxtpx:TrackPointExtension>
        </extensions>
      </trkpt>
      <trkpt lat="34.21183468335191" lon="108.83568920934586">
        <ele>406.49397631920874</ele>
        <time>2025-11-17T04:50:27.900000Z</time>
        <extensions>
          <gpxtpx:TrackPointExtension>
            <gpxtpx:hr>106</gpxtpx:hr>
          </gpxtpx:TrackPointExtension>
        </extensions>
      </trkpt>
      <trkpt lat="34.21184352569017" lon="108.83567850953138">
        <ele>406.55952606908977</ele>
        <time>2025-11-17T04:50:28.900000Z</time>
        <extensions>
          <gpxtpx:TrackPointExtension>
            <gpxtpx:hr>106</gpxtpx:hr>
          </gpxtpx:TrackPointExtension>
        </extensions>
      </trkpt>
      <trkpt lat="34.21185354169754" lon="108.83566842707533">
        <ele>406.6347190150991</ele>
        <time>2025-11-17T04:50:29.900000Z</time>
        <extensions>
          <gpxtpx:TrackPointExtension>
            <gpxtpx:hr>106</gpxtpx:hr>
          </gpxtpx:TrackPointExtension>
        </extensions>
      </trkpt>
      <trkpt lat="34.211863828494295" lon="108.83565808023803">
        <ele>406.7130733486265</ele>
        <time>2025-11-17T04:50:30.900000Z</time>
        <extensions>
          <gpxtpx:TrackPointExtension>
            <gpxtpx:hr>106</gpxtpx:hr>
          </gpxtpx:TrackPointExtension>
        </extensions>
      </trkpt>
      <trkpt lat="34.211874112725816" lon="108.8356472446715">
        <ele>406.7852551937103</ele>
        <time>2025-11-17T04:50:31.900000Z</time>
        <extensions>
          <gpxtpx:TrackPointExtension>
            <gpxtpx:hr>106</gpxtpx:hr>
          </gpxtpx:TrackPointExtension>
        </extensions>
      </trkpt>
      <trkpt lat="34.21188484856017" lon="108.83563572324836">
        <ele>406.8416857458651</ele>
        <time>2025-11-17T04:50:32.900000Z</time>
        <extensions>
          <gpxtpx:TrackPointExtension>
            <gpxtpx:hr>107</gpxtpx:hr>
          </gpxtpx:TrackPointExtension>
        </extensions>
      </trkpt>
      <trkpt lat="34.2118951598736" lon="108.8356236709009">
        <ele>406.90543187316507</ele>
        <time>2025-11-17T04:50:33.900000Z</time>
        <extensions>
          <gpxtpx:TrackPointExtension>
            <gpxtpx:hr>107</gpxtpx:hr>
          </gpxtpx:TrackPointExtension>
        </extensions>
      </trkpt>
      <trkpt lat="34.211904536387195" lon="108.83561179513788">
        <ele>406.97876476310194</ele>
        <time>2025-11-17T04:50:34.900000Z</time>
        <extensions>
          <gpxtpx:TrackPointExtension>
            <gpxtpx:hr>107</gpxtpx:hr>
          </gpxtpx:TrackPointExtension>
        </extensions>
      </trkpt>
      <trkpt lat="34.211913254346776" lon="108.83559979747933">
        <ele>407.0379379829392</ele>
        <time>2025-11-17T04:50:35.900000Z</time>
        <extensions>
          <gpxtpx:TrackPointExtension>
            <gpxtpx:hr>107</gpxtpx:hr>
          </gpxtpx:TrackPointExtension>
        </extensions>
      </trkpt>
      <trkpt lat="34.21192077990448" lon="108.83558795002337">
        <ele>407.1049600429833</ele>
        <time>2025-11-17T04:50:36.900000Z</time>
        <extensions>
          <gpxtpx:TrackPointExtension>
            <gpxtpx:hr>107</gpxtpx:hr>
          </gpxtpx:TrackPointExtension>
        </extensions>
      </trkpt>
      <trkpt lat="34.211927894336156" lon="108.8355760476622">
        <ele>407.17083516623825</ele>
        <time>2025-11-17T04:50:37.900000Z</time>
        <extensions>
          <gpxtpx:TrackPointExtension>
            <gpxtpx:hr>107</gpxtpx:hr>
          </gpxtpx:TrackPointExtension>
        </extensions>
      </trkpt>
      <trkpt lat="34.211935502619085" lon="108.83556423413255">
        <ele>407.23236679751426</ele>
        <time>2025-11-17T04:50:38.900000Z</time>
        <extensions>
          <gpxtpx:TrackPointExtension>
            <gpxtpx:hr>107</gpxtpx:hr>
          </gpxtpx:TrackPointExtension>
        </extensions>
      </trkpt>
      <trkpt lat="34.211943828363275" lon="108.83555332292661">
        <ele>407.27939376141876</ele>
        <time>2025-11-17T04:50:39.900000Z</time>
        <extensions>
          <gpxtpx:TrackPointExtension>
            <gpxtpx:hr>107</gpxtpx:hr>
          </gpxtpx:TrackPointExtension>
        </extensions>
      </trkpt>
      <trkpt lat="34.21195238956937" lon="108.83554322913963">
        <ele>407.3176195509732</ele>
        <time>2025-11-17T04:50:40.900000Z</time>
        <extensions>
          <gpxtpx:TrackPointExtension>
            <gpxtpx:hr>107</gpxtpx:hr>
          </gpxtpx:TrackPointExtension>
        </extensions>
      </trkpt>
      <trkpt lat="34.211960757200224" lon="108.83553299007522">
        <ele>407.363051911816</ele>
        <time>2025-11-17T04:50:41.900000Z</time>
        <extensions>
          <gpxtpx:TrackPointExtension>
            <gpxtpx:hr>107</gpxtpx:hr>
          </gpxtpx:TrackPointExtension>
        </extensions>
      </trkpt>
      <trkpt lat="34.21196866981074" lon="108.8355209757348">
        <ele>407.4057598458603</ele>
        <time>2025-11-17T04:50:42.900000Z</time>
        <extensions>
          <gpxtpx:TrackPointExtension>
            <gpxtpx:hr>107</gpxtpx:hr>
          </gpxtpx:TrackPointExtension>
        </extensions>
      </trkpt>
      <trkpt lat="34.21197610047408" lon="108.83550682465518">
        <ele>407.441143527627</ele>
        <time>2025-11-17T04:50:43.900000Z</time>
        <extensions>
          <gpxtpx:TrackPointExtension>
            <gpxtpx:hr>107</gpxtpx:hr>
          </gpxtpx:TrackPointExtension>
        </extensions>
      </trkpt>
      <trkpt lat="34.2119830684446" lon="108.8354918781281">
        <ele>407.46926766540855</ele>
        <time>2025-11-17T04:50:44.900000Z</time>
        <extensions>
          <gpxtpx:TrackPointExtension>
            <gpxtpx:hr>107</gpxtpx:hr>
          </gpxtpx:TrackPointExtension>
        </extensions>
      </trkpt>
      <trkpt lat="34.21199012202711" lon="108.83547710623655">
        <ele>407.50149712059647</ele>
        <time>2025-11-17T04:50:45.900000Z</time>
        <extensions>
          <gpxtpx:TrackPointExtension>
            <gpxtpx:hr>107</gpxtpx:hr>
          </gpxtpx:TrackPointExtension>
        </extensions>
      </trkpt>
      <trkpt lat="34.2119968146538" lon="108.83546335396477">
        <ele>407.5056660855189</ele>
        <time>2025-11-17T04:50:46.900000Z</time>
        <extensions>
          <gpxtpx:TrackPointExtension>
            <gpxtpx:hr>107</gpxtpx:hr>
          </gpxtpx:TrackPointExtension>
        </extensions>
      </trkpt>
      <trkpt lat="34.212002746644565" lon="108.83545009411603">
        <ele>407.46609353646636</ele>
        <time>2025-11-17T04:50:47.900000Z</time>
        <extensions>
          <gpxtpx:TrackPointExtension>
            <gpxtpx:hr>107</gpxtpx:hr>
          </gpxtpx:TrackPointExtension>
        </extensions>
      </trkpt>
      <trkpt lat="34.212008661626164" lon="108.83543708053308">
        <ele>407.4145774571225</ele>
        <time>2025-11-17T04:50:48.900000Z</time>
        <extensions>
          <gpxtpx:TrackPointExtension>
            <gpxtpx:hr>107</gpxtpx:hr>
          </gpxtpx:TrackPointExtension>
        </extensions>
      </trkpt>
      <trkpt lat="34.21201566519484" lon="108.83542482057665">
        <ele>407.35559616424143</ele>
        <time>2025-11-17T04:50:49.900000Z</time>
        <extensions>
          <gpxtpx:TrackPointExtension>
            <gpxtpx:hr>107</gpxtpx:hr>
          </gpxtpx:TrackPointExtension>
        </extensions>
      </trkpt>
      <trkpt lat="34.21202348728039" lon="108.83541297497885">
        <ele>407.2507236227393</ele>
        <time>2025-11-17T04:50:50.900000Z</time>
        <extensions>
          <gpxtpx:TrackPointExtension>
            <gpxtpx:hr>107</gpxtpx:hr>
          </gpxtpx:TrackPointExtension>
        </extensions>
      </trkpt>
      <trkpt lat="34.212031051411536" lon="108.83540125258091">
        <ele>407.16868234891444</ele>
        <time>2025-11-17T04:50:51.900000Z</time>
        <extensions>
          <gpxtpx:TrackPointExtension>
            <gpxtpx:hr>107</gpxtpx:hr>
          </gpxtpx:TrackPointExtension>
        </extensions>
      </trkpt>
      <trkpt lat="34.212038000173216" lon="108.83538912475275">
        <ele>407.0815936177969</ele>
        <time>2025-11-17T04:50:52.900000Z</time>
        <extensions>
          <gpxtpx:TrackPointExtension>
            <gpxtpx:hr>107</gpxtpx:hr>
          </gpxtpx:TrackPointExtension>
        </extensions>
      </trkpt>
      <trkpt lat="34.21204374175968" lon="108.835376305564">
        <ele>406.9778434820473</ele>
        <time>2025-11-17T04:50:53.900000Z</time>
        <extensions>
          <gpxtpx:TrackPointExtension>
            <gpxtpx:hr>108</gpxtpx:hr>
          </gpxtpx:TrackPointExtension>
        </extensions>
      </trkpt>
      <trkpt lat="34.212048848232385" lon="108.83536351993797">
        <ele>406.86322743911296</ele>
        <time>2025-11-17T04:50:54.900000Z</time>
        <extensions>
          <gpxtpx:TrackPointExtension>
            <gpxtpx:hr>108</gpxtpx:hr>
          </gpxtpx:TrackPointExtension>
        </extensions>
      </trkpt>
      <trkpt lat="34.212055011850936" lon="108.83535148954431">
        <ele>406.7396413339302</ele>
        <time>2025-11-17T04:50:55.900000Z</time>
        <extensions>
          <gpxtpx:TrackPointExtension>
            <gpxtpx:hr>108</gpxtpx:hr>
          </gpxtpx:TrackPointExtension>
        </extensions>
      </trkpt>
      <trkpt lat="34.21206278904191" lon="108.83534019414465">
        <ele>406.634813958779</ele>
        <time>2025-11-17T04:50:56.900000Z</time>
        <extensions>
          <gpxtpx:TrackPointExtension>
            <gpxtpx:hr>108</gpxtpx:hr>
          </gpxtpx:TrackPointExtension>
        </extensions>
      </trkpt>
      <trkpt lat="34.21207169178586" lon="108.83532914827073">
        <ele>406.53020120970905</ele>
        <time>2025-11-17T04:50:57.900000Z</time>
        <extensions>
          <gpxtpx:TrackPointExtension>
            <gpxtpx:hr>108</gpxtpx:hr>
          </gpxtpx:TrackPointExtension>
        </extensions>
      </trkpt>
      <trkpt lat="34.212080877080986" lon="108.83531781165152">
        <ele>406.41224089451134</ele>
        <time>2025-11-17T04:50:58.900000Z</time>
        <extensions>
          <gpxtpx:TrackPointExtension>
            <gpxtpx:hr>108</gpxtpx:hr>
          </gpxtpx:TrackPointExtension>
        </extensions>
      </trkpt>
      <trkpt lat="34.21209084187983" lon="108.8353065406217">
        <ele>406.32121348567307</ele>
        <time>2025-11-17T04:50:59.900000Z</time>
        <extensions>
          <gpxtpx:TrackPointExtension>
            <gpxtpx:hr>108</gpxtpx:hr>
          </gpxtpx:TrackPointExtension>
        </extensions>
      </trkpt>
      <trkpt lat="34.212101692749535" lon="108.83529558251641">
        <ele>406.23402845393866</ele>
        <time>2025-11-17T04:51:00.900000Z</time>
        <extensions>
          <gpxtpx:TrackPointExtension>
            <gpxtpx:hr>107</gpxtpx:hr>
          </gpxtpx:TrackPointExtension>
        </extensions>
      </trkpt>
      <trkpt lat="34.212112624289404" lon="108.83528466852623">
        <ele>406.16716546658427</ele>
        <time>2025-11-17T04:51:01.900000Z</time>
        <extensions>
          <gpxtpx:TrackPointExtension>
            <gpxtpx:hr>107</gpxtpx:hr>
          </gpxtpx:TrackPointExtension>
        </extensions>
      </trkpt>
      <trkpt lat="34.21212327199527" lon="108.83527304828165">
        <ele>406.0976021140814</ele>
        <time>2025-11-17T04:51:02.900000Z</time>
        <extensions>
          <gpxtpx:TrackPointExtension>
            <gpxtpx:hr>107</gpxtpx:hr>
          </gpxtpx:TrackPointExtension>
        </extensions>
      </trkpt>
      <trkpt lat="34.21213363570197" lon="108.83526053490446">
        <ele>406.03972187731415</ele>
        <time>2025-11-17T04:51:03.900000Z</time>
        <extensions>
          <gpxtpx:TrackPointExtension>
            <gpxtpx:hr>107</gpxtpx:hr>
          </gpxtpx:TrackPointExtension>
        </extensions>
      </trkpt>
      <trkpt lat="34.212143725121464" lon="108.83524728208451">
        <ele>406.00242682080716</ele>
        <time>2025-11-17T04:51:04.900000Z</time>
        <extensions>
          <gpxtpx:TrackPointExtension>
            <gpxtpx:hr>107</gpxtpx:hr>
          </gpxtpx:TrackPointExtension>
        </extensions>
      </trkpt>
      <trkpt lat="34.21215370063348" lon="108.83523361989727">
        <ele>405.9861896019429</ele>
        <time>2025-11-17T04:51:05.900000Z</time>
        <extensions>
          <gpxtpx:TrackPointExtension>
            <gpxtpx:hr>107</gpxtpx:hr>
          </gpxtpx:TrackPointExtension>
        </extensions>
      </trkpt>
      <trkpt lat="34.212163518294055" lon="108.83522018923597">
        <ele>405.97540958970785</ele>
        <time>2025-11-17T04:51:06.900000Z</time>
        <extensions>
          <gpxtpx:TrackPointExtension>
            <gpxtpx:hr>106</gpxtpx:hr>
          </gpxtpx:TrackPointExtension>
        </extensions>
      </trkpt>
      <trkpt lat="34.21217380373824" lon="108.83520794425235">
        <ele>405.9832529090345</ele>
        <time>2025-11-17T04:51:07.900000Z</time>
        <extensions>
          <gpxtpx:TrackPointExtension>
            <gpxtpx:hr>106</gpxtpx:hr>
          </gpxtpx:TrackPointExtension>
        </extensions>
      </trkpt>
      <trkpt lat="34.21218507693178" lon="108.83519636643348">
        <ele>406.0250459071249</ele>
        <time>2025-11-17T04:51:08.900000Z</time>
        <extensions>
          <gpxtpx:TrackPointExtension>
            <gpxtpx:hr>106</gpxtpx:hr>
          </gpxtpx:TrackPointExtension>
        </extensions>
      </trkpt>
      <trkpt lat="34.21219671420215" lon="108.8351845611856">
        <ele>406.07060792297125</ele>
        <time>2025-11-17T04:51:09.900000Z</time>
        <extensions>
          <gpxtpx:TrackPointExtension>
            <gpxtpx:hr>105</gpxtpx:hr>
          </gpxtpx:TrackPointExtension>
        </extensions>
      </trkpt>
      <trkpt lat="34.21220784491496" lon="108.83517251672369">
        <ele>406.161301728338</ele>
        <time>2025-11-17T04:51:10.900000Z</time>
        <extensions>
          <gpxtpx:TrackPointExtension>
            <gpxtpx:hr>105</gpxtpx:hr>
          </gpxtpx:TrackPointExtension>
        </extensions>
      </trkpt>
      <trkpt lat="34.21221768254663" lon="108.83516025253698">
        <ele>406.26065206248313</ele>
        <time>2025-11-17T04:51:11.900000Z</time>
        <extensions>
          <gpxtpx:TrackPointExtension>
            <gpxtpx:hr>105</gpxtpx:hr>
          </gpxtpx:TrackPointExtension>
        </extensions>
      </trkpt>
      <trkpt lat="34.21222638351629" lon="108.83514740537214">
        <ele>406.360422199592</ele>
        <time>2025-11-17T04:51:12.900000Z</time>
        <extensions>
          <gpxtpx:TrackPointExtension>
            <gpxtpx:hr>105</gpxtpx:hr>
          </gpxtpx:TrackPointExtension>
        </extensions>
      </trkpt>
      <trkpt lat="34.21223449667176" lon="108.83513492645893">
        <ele>406.4425829080865</ele>
        <time>2025-11-17T04:51:13.900000Z</time>
        <extensions>
          <gpxtpx:TrackPointExtension>
            <gpxtpx:hr>105</gpxtpx:hr>
          </gpxtpx:TrackPointExtension>
        </extensions>
      </trkpt>
      <trkpt lat="34.212242818554486" lon="108.83512310430537">
        <ele>406.5481429817155</ele>
        <time>2025-11-17T04:51:14.900000Z</time>
        <extensions>
          <gpxtpx:TrackPointExtension>
            <gpxtpx:hr>104</gpxtpx:hr>
          </gpxtpx:TrackPointExtension>
        </extensions>
      </trkpt>
      <trkpt lat="34.21225118713111" lon="108.8351121341717">
        <ele>406.64692252967507</ele>
        <time>2025-11-17T04:51:15.900000Z</time>
        <extensions>
          <gpxtpx:TrackPointExtension>
            <gpxtpx:hr>104</gpxtpx:hr>
          </gpxtpx:TrackPointExtension>
        </extensions>
      </trkpt>
      <trkpt lat="34.21225924189303" lon="108.83510161552503">
        <ele>406.7389949867502</ele>
        <time>2025-11-17T04:51:16.900000Z</time>
        <extensions>
          <gpxtpx:TrackPointExtension>
            <gpxtpx:hr>104</gpxtpx:hr>
          </gpxtpx:TrackPointExtension>
        </extensions>
      </trkpt>
      <trkpt lat="34.21226651038813" lon="108.83509094369703">
        <ele>406.8398552108556</ele>
        <time>2025-11-17T04:51:17.900000Z</time>
        <extensions>
          <gpxtpx:TrackPointExtension>
            <gpxtpx:hr>104</gpxtpx:hr>
          </gpxtpx:TrackPointExtension>
        </extensions>
      </trkpt>
      <trkpt lat="34.212273575163444" lon="108.83508093051734">
        <ele>406.95489768031985</ele>
        <time>2025-11-17T04:51:18.900000Z</time>
        <extensions>
          <gpxtpx:TrackPointExtension>
            <gpxtpx:hr>104</gpxtpx:hr>
          </gpxtpx:TrackPointExtension>
        </extensions>
      </trkpt>
      <trkpt lat="34.21228078600278" lon="108.83507134023637">
        <ele>407.0584659874439</ele>
        <time>2025-11-17T04:51:19.900000Z</time>
        <extensions>
          <gpxtpx:TrackPointExtension>
            <gpxtpx:hr>106</gpxtpx:hr>
          </gpxtpx:TrackPointExtension>
        </extensions>
      </trkpt>
      <trkpt lat="34.21228709182938" lon="108.83506199950338">
        <ele>407.169975890778</ele>
        <time>2025-11-17T04:51:20.900000Z</time>
        <extensions>
          <gpxtpx:TrackPointExtension>
            <gpxtpx:hr>106</gpxtpx:hr>
          </gpxtpx:TrackPointExtension>
        </extensions>
      </trkpt>
      <trkpt lat="34.212291204132825" lon="108.83505332851777">
        <ele>407.2765136482194</ele>
        <time>2025-11-17T04:51:21.900000Z</time>
        <extensions>
          <gpxtpx:TrackPointExtension>
            <gpxtpx:hr>106</gpxtpx:hr>
          </gpxtpx:TrackPointExtension>
        </extensions>
      </trkpt>
      <trkpt lat="34.21229272789812" lon="108.83504564125353">
        <ele>407.3733267188072</ele>
        <time>2025-11-17T04:51:22.900000Z</time>
        <extensions>
          <gpxtpx:TrackPointExtension>
            <gpxtpx:hr>106</gpxtpx:hr>
          </gpxtpx:TrackPointExtension>
        </extensions>
      </trkpt>
      <trkpt lat="34.21229258798177" lon="108.83503814509356">
        <ele>407.4435354275629</ele>
        <time>2025-11-17T04:51:23.900000Z</time>
        <extensions>
          <gpxtpx:TrackPointExtension>
            <gpxtpx:hr>106</gpxtpx:hr>
          </gpxtpx:TrackPointExtension>
        </extensions>
      </trkpt>
      <trkpt lat="34.212292026769425" lon="108.83502947572713">
        <ele>407.50849366467446</ele>
        <time>2025-11-17T04:51:24.900000Z</time>
        <extensions>
          <gpxtpx:TrackPointExtension>
            <gpxtpx:hr>106</gpxtpx:hr>
          </gpxtpx:TrackPointExtension>
        </extensions>
      </trkpt>
      <trkpt lat="34.212291024554645" lon="108.83502034776453">
        <ele>407.5741584766656</ele>
        <time>2025-11-17T04:51:25.900000Z</time>
        <extensions>
          <gpxtpx:TrackPointExtension>
            <gpxtpx:hr>106</gpxtpx:hr>
          </gpxtpx:TrackPointExtension>
        </extensions>
      </trkpt>
      <trkpt lat="34.21228918719769" lon="108.83501081359894">
        <ele>407.6221755668521</ele>
        <time>2025-11-17T04:51:26.900000Z</time>
        <extensions>
          <gpxtpx:TrackPointExtension>
            <gpxtpx:hr>107</gpxtpx:hr>
          </gpxtpx:TrackPointExtension>
        </extensions>
      </trkpt>
      <trkpt lat="34.2122866286131" lon="108.8350009290788">
        <ele>407.66196783911437</ele>
        <time>2025-11-17T04:51:27.900000Z</time>
        <extensions>
          <gpxtpx:TrackPointExtension>
            <gpxtpx:hr>107</gpxtpx:hr>
          </gpxtpx:TrackPointExtension>
        </extensions>
      </trkpt>
      <trkpt lat="34.2122835513336" lon="108.83499064506746">
        <ele>407.68702292628586</ele>
        <time>2025-11-17T04:51:28.900000Z</time>
        <extensions>
          <gpxtpx:TrackPointExtension>
            <gpxtpx:hr>107</gpxtpx:hr>
          </gpxtpx:TrackPointExtension>
        </extensions>
      </trkpt>
      <trkpt lat="34.21228003866461" lon="108.83498006685015">
        <ele>407.71170429419726</ele>
        <time>2025-11-17T04:51:29.900000Z</time>
        <extensions>
          <gpxtpx:TrackPointExtension>
            <gpxtpx:hr>107</gpxtpx:hr>
          </gpxtpx:TrackPointExtension>
        </extensions>
      </trkpt>
      <trkpt lat="34.212276155384245" lon="108.83496881715712">
        <ele>407.7223382666707</ele>
        <time>2025-11-17T04:51:30.900000Z</time>
        <extensions>
          <gpxtpx:TrackPointExtension>
            <gpxtpx:hr>107</gpxtpx:hr>
          </gpxtpx:TrackPointExtension>
        </extensions>
      </trkpt>
      <trkpt lat="34.212270985595055" lon="108.83495684180944">
        <ele>407.71248496044427</ele>
        <time>2025-11-17T04:51:31.900000Z</time>
        <extensions>
          <gpxtpx:TrackPointExtension>
            <gpxtpx:hr>107</gpxtpx:hr>
          </gpxtpx:TrackPointExtension>
        </extensions>
      </trkpt>
      <trkpt lat="34.212263709176064" lon="108.83494496358993">
        <ele>407.6851363601163</ele>
        <time>2025-11-17T04:51:32.900000Z</time>
        <extensions>
          <gpxtpx:TrackPointExtension>
            <gpxtpx:hr>107</gpxtpx:hr>
          </gpxtpx:TrackPointExtension>
        </extensions>
      </trkpt>
      <trkpt lat="34.2122555681603" lon="108.83493414923484">
        <ele>407.669965447858</ele>
        <time>2025-11-17T04:51:33.900000Z</time>
        <extensions>
          <gpxtpx:TrackPointExtension>
            <gpxtpx:hr>107</gpxtpx:hr>
          </gpxtpx:TrackPointExtension>
        </extensions>
      </trkpt>
      <trkpt lat="34.212247389999845" lon="108.83492396168512">
        <ele>407.6789284767583</ele>
        <time>2025-11-17T04:51:34.900000Z</time>
        <extensions>
          <gpxtpx:TrackPointExtension>
            <gpxtpx:hr>107</gpxtpx:hr>
          </gpxtpx:TrackPointExtension>
        </extensions>
      </trkpt>
      <trkpt lat="34.212239947706685" lon="108.83491394959795">
        <ele>407.6839399849996</ele>
        <time>2025-11-17T04:51:35.900000Z</time>
        <extensions>
          <gpxtpx:TrackPointExtension>
            <gpxtpx:hr>108</gpxtpx:hr>
          </gpxtpx:TrackPointExtension>
        </extensions>
      </trkpt>
      <trkpt lat="34.21223325863953" lon="108.83490295291496">
        <ele>407.6814384078607</ele>
        <time>2025-11-17T04:51:36.900000Z</time>
        <extensions>
          <gpxtpx:TrackPointExtension>
            <gpxtpx:hr>108</gpxtpx:hr>
          </gpxtpx:TrackPointExtension>
        </extensions>
      </trkpt>
      <trkpt lat="34.21222699370083" lon="108.83489086864817">
        <ele>407.67370376270264</ele>
        <time>2025-11-17T04:51:37.900000Z</time>
        <extensions>
          <gpxtpx:TrackPointExtension>
            <gpxtpx:hr>108</gpxtpx:hr>
          </gpxtpx:TrackPointExtension>
        </extensions>
      </trkpt>
      <trkpt lat="34.21222057941081" lon="108.83487808020656">
        <ele>407.6719505414367</ele>
        <time>2025-11-17T04:51:38.900000Z</time>
        <extensions>
          <gpxtpx:TrackPointExtension>
            <gpxtpx:hr>108</gpxtpx:hr>
          </gpxtpx:TrackPointExtension>
        </extensions>
      </trkpt>
      <trkpt lat="34.212214388997715" lon="108.83486522627604">
        <ele>407.64457895606756</ele>
        <time>2025-11-17T04:51:39.900000Z</time>
        <extensions>
          <gpxtpx:TrackPointExtension>
            <gpxtpx:hr>109</gpxtpx:hr>
          </gpxtpx:TrackPointExtension>
        </extensions>
      </trkpt>
      <trkpt lat="34.21220906475511" lon="108.83485208660058">
        <ele>407.62085119634867</ele>
        <time>2025-11-17T04:51:40.900000Z</time>
        <extensions>
          <gpxtpx:TrackPointExtension>
            <gpxtpx:hr>109</gpxtpx:hr>
          </gpxtpx:TrackPointExtension>
        </extensions>
      </trkpt>
      <trkpt lat="34.21220504273295" lon="108.83483840546462">
        <ele>407.6004659710452</ele>
        <time>2025-11-17T04:51:41.900000Z</time>
        <extensions>
          <gpxtpx:TrackPointExtension>
            <gpxtpx:hr>109</gpxtpx:hr>
          </gpxtpx:TrackPointExtension>
        </extensions>
      </trkpt>
      <trkpt lat="34.21220266545212" lon="108.8348250362549">
        <ele>407.5593140106648</ele>
        <time>2025-11-17T04:51:42.900000Z</time>
        <extensions>
          <gpxtpx:TrackPointExtension>
            <gpxtpx:hr>109</gpxtpx:hr>
          </gpxtpx:TrackPointExtension>
        </extensions>
      </trkpt>
      <trkpt lat="34.21220199572403" lon="108.83481035749264">
        <ele>407.4809085605666</ele>
        <time>2025-11-17T04:51:43.900000Z</time>
        <extensions>
          <gpxtpx:TrackPointExtension>
            <gpxtpx:hr>106</gpxtpx:hr>
          </gpxtpx:TrackPointExtension>
        </extensions>
      </trkpt>
      <trkpt lat="34.21220192640196" lon="108.8347939615236">
        <ele>407.40156848728657</ele>
        <time>2025-11-17T04:51:44.900000Z</time>
        <extensions>
          <gpxtpx:TrackPointExtension>
            <gpxtpx:hr>106</gpxtpx:hr>
          </gpxtpx:TrackPointExtension>
        </extensions>
      </trkpt>
      <trkpt lat="34.21220262545427" lon="108.83477647545408">
        <ele>407.3238152936101</ele>
        <time>2025-11-17T04:51:45.900000Z</time>
        <extensions>
          <gpxtpx:TrackPointExtension>
            <gpxtpx:hr>106</gpxtpx:hr>
          </gpxtpx:TrackPointExtension>
        </extensions>
      </trkpt>
      <trkpt lat="34.21220407391006" lon="108.83475785861674">
        <ele>407.24127134215087</ele>
        <time>2025-11-17T04:51:46.900000Z</time>
        <extensions>
          <gpxtpx:TrackPointExtension>
            <gpxtpx:hr>106</gpxtpx:hr>
          </gpxtpx:TrackPointExtension>
        </extensions>
      </trkpt>
      <trkpt lat="34.21220674761378" lon="108.83473870844146">
        <ele>407.1840312285349</ele>
        <time>2025-11-17T04:51:47.900000Z</time>
        <extensions>
          <gpxtpx:TrackPointExtension>
            <gpxtpx:hr>106</gpxtpx:hr>
          </gpxtpx:TrackPointExtension>
        </extensions>
      </trkpt>
      <trkpt lat="34.21220987622346" lon="108.83472066543641">
        <ele>407.1273692045361</ele>
        <time>2025-11-17T04:51:48.900000Z</time>
        <extensions>
          <gpxtpx:TrackPointExtension>
            <gpxtpx:hr>106</gpxtpx:hr>
          </gpxtpx:TrackPointExtension>
        </extensions>
      </trkpt>
      <trkpt lat="34.212212167855135" lon="108.83470344691536">
        <ele>407.07193027436733</ele>
        <time>2025-11-17T04:51:49.900000Z</time>
        <extensions>
          <gpxtpx:TrackPointExtension>
            <gpxtpx:hr>106</gpxtpx:hr>
          </gpxtpx:TrackPointExtension>
        </extensions>
      </trkpt>
      <trkpt lat="34.21221210893818" lon="108.8346876783715">
        <ele>407.02064201049507</ele>
        <time>2025-11-17T04:51:50.900000Z</time>
        <extensions>
          <gpxtpx:TrackPointExtension>
            <gpxtpx:hr>108</gpxtpx:hr>
          </gpxtpx:TrackPointExtension>
        </extensions>
      </trkpt>
      <trkpt lat="34.21220962402936" lon="108.83467383774676">
        <ele>406.9968963144347</ele>
        <time>2025-11-17T04:51:51.900000Z</time>
        <extensions>
          <gpxtpx:TrackPointExtension>
            <gpxtpx:hr>108</gpxtpx:hr>
          </gpxtpx:TrackPointExtension>
        </extensions>
      </trkpt>
      <trkpt lat="34.21220679633796" lon="108.83465933425572">
        <ele>406.99656860437244</ele>
        <time>2025-11-17T04:51:52.900000Z</time>
        <extensions>
          <gpxtpx:TrackPointExtension>
            <gpxtpx:hr>108</gpxtpx:hr>
          </gpxtpx:TrackPointExtension>
        </extensions>
      </trkpt>
      <trkpt lat="34.21220503281111" lon="108.83464359634904">
        <ele>406.98882345762104</ele>
        <time>2025-11-17T04:51:53.900000Z</time>
        <extensions>
          <gpxtpx:TrackPointExtension>
            <gpxtpx:hr>108</gpxtpx:hr>
          </gpxtpx:TrackPointExtension>
        </extensions>
      </trkpt>
      <trkpt lat="34.21220481654484" lon="108.83462754523175">
        <ele>406.9683718252927</ele>
        <time>2025-11-17T04:51:54.900000Z</time>
        <extensions>
          <gpxtpx:TrackPointExtension>
            <gpxtpx:hr>108</gpxtpx:hr>
          </gpxtpx:TrackPointExtension>
        </extensions>
      </trkpt>
      <trkpt lat="34.21220563252998" lon="108.83461226306007">
        <ele>406.94301989115775</ele>
        <time>2025-11-17T04:51:55.900000Z</time>
        <extensions>
          <gpxtpx:TrackPointExtension>
            <gpxtpx:hr>108</gpxtpx:hr>
          </gpxtpx:TrackPointExtension>
        </extensions>
      </trkpt>
      <trkpt lat="34.212207442682484" lon="108.83459712201025">
        <ele>406.9296075683087</ele>
        <time>2025-11-17T04:51:56.900000Z</time>
        <extensions>
          <gpxtpx:TrackPointExtension>
            <gpxtpx:hr>108</gpxtpx:hr>
          </gpxtpx:TrackPointExtension>
        </extensions>
      </trkpt>
      <trkpt lat="34.212210569586674" lon="108.83458140662738">
        <ele>406.93231011368334</ele>
        <time>2025-11-17T04:51:57.900000Z</time>
        <extensions>
          <gpxtpx:TrackPointExtension>
            <gpxtpx:hr>108</gpxtpx:hr>
          </gpxtpx:TrackPointExtension>
        </extensions>
      </trkpt>
      <trkpt lat="34.21221583385857" lon="108.83456520638937">
        <ele>406.94586913008243</ele>
        <time>2025-11-17T04:51:58.900000Z</time>
        <extensions>
          <gpxtpx:TrackPointExtension>
            <gpxtpx:hr>108</gpxtpx:hr>
          </gpxtpx:TrackPointExtension>
        </extensions>
      </trkpt>
      <trkpt lat="34.21222301391751" lon="108.83454784254563">
        <ele>406.9788480550051</ele>
        <time>2025-11-17T04:51:59.900000Z</time>
        <extensions>
          <gpxtpx:TrackPointExtension>
            <gpxtpx:hr>108</gpxtpx:hr>
          </gpxtpx:TrackPointExtension>
        </extensions>
      </trkpt>
      <trkpt lat="34.21223102928212" lon="108.83452955246703">
        <ele>407.00887568481266</ele>
        <time>2025-11-17T04:52:00.900000Z</time>
        <extensions>
          <gpxtpx:TrackPointExtension>
            <gpxtpx:hr>108</gpxtpx:hr>
          </gpxtpx:TrackPointExtension>
        </extensions>
      </trkpt>
      <trkpt lat="34.21223858546532" lon="108.83451086667661">
        <ele>407.03724830783904</ele>
        <time>2025-11-17T04:52:01.900000Z</time>
        <extensions>
          <gpxtpx:TrackPointExtension>
            <gpxtpx:hr>108</gpxtpx:hr>
          </gpxtpx:TrackPointExtension>
        </extensions>
      </trkpt>
      <trkpt lat="34.21224430526787" lon="108.83449161303238">
        <ele>407.0777986254543</ele>
        <time>2025-11-17T04:52:02.900000Z</time>
        <extensions>
          <gpxtpx:TrackPointExtension>
            <gpxtpx:hr>108</gpxtpx:hr>
          </gpxtpx:TrackPointExtension>
        </extensions>
      </trkpt>
      <trkpt lat="34.21224845998652" lon="108.83447267964279">
        <ele>407.12247412092984</ele>
        <time>2025-11-17T04:52:03.900000Z</time>
        <extensions>
          <gpxtpx:TrackPointExtension>
            <gpxtpx:hr>107</gpxtpx:hr>
          </gpxtpx:TrackPointExtension>
        </extensions>
      </trkpt>
      <trkpt lat="34.21225298160265" lon="108.83445576327807">
        <ele>407.16604401078075</ele>
        <time>2025-11-17T04:52:04.900000Z</time>
        <extensions>
          <gpxtpx:TrackPointExtension>
            <gpxtpx:hr>107</gpxtpx:hr>
          </gpxtpx:TrackPointExtension>
        </extensions>
      </trkpt>
      <trkpt lat="34.21226061706903" lon="108.83443836678856">
        <ele>407.2130601173267</ele>
        <time>2025-11-17T04:52:05.900000Z</time>
        <extensions>
          <gpxtpx:TrackPointExtension>
            <gpxtpx:hr>107</gpxtpx:hr>
          </gpxtpx:TrackPointExtension>
        </extensions>
      </trkpt>
      <trkpt lat="34.212270348910835" lon="108.83441887081794">
        <ele>407.23253843188286</ele>
        <time>2025-11-17T04:52:06.900000Z</time>
        <extensions>
          <gpxtpx:TrackPointExtension>
            <gpxtpx:hr>107</gpxtpx:hr>
          </gpxtpx:TrackPointExtension>
        </extensions>
      </trkpt>
      <trkpt lat="34.212278924283275" lon="108.8343997675936">
        <ele>407.2642087871209</ele>
        <time>2025-11-17T04:52:07.900000Z</time>
        <extensions>
          <gpxtpx:TrackPointExtension>
            <gpxtpx:hr>107</gpxtpx:hr>
          </gpxtpx:TrackPointExtension>
        </extensions>
      </trkpt>
      <trkpt lat="34.21228562526236" lon="108.83438167021036">
        <ele>407.2691347990185</ele>
        <time>2025-11-17T04:52:08.900000Z</time>
        <extensions>
          <gpxtpx:TrackPointExtension>
            <gpxtpx:hr>107</gpxtpx:hr>
          </gpxtpx:TrackPointExtension>
        </extensions>
      </trkpt>
      <trkpt lat="34.21229144075457" lon="108.83436276727228">
        <ele>407.2907697670162</ele>
        <time>2025-11-17T04:52:09.900000Z</time>
        <extensions>
          <gpxtpx:TrackPointExtension>
            <gpxtpx:hr>107</gpxtpx:hr>
          </gpxtpx:TrackPointExtension>
        </extensions>
      </trkpt>
      <trkpt lat="34.21229655990292" lon="108.83434391845411">
        <ele>407.31132336799055</ele>
        <time>2025-11-17T04:52:10.900000Z</time>
        <extensions>
          <gpxtpx:TrackPointExtension>
            <gpxtpx:hr>109</gpxtpx:hr>
          </gpxtpx:TrackPointExtension>
        </extensions>
      </trkpt>
      <trkpt lat="34.21230056424123" lon="108.83432634098895">
        <ele>407.33165042568</ele>
        <time>2025-11-17T04:52:11.900000Z</time>
        <extensions>
          <gpxtpx:TrackPointExtension>
            <gpxtpx:hr>109</gpxtpx:hr>
          </gpxtpx:TrackPointExtension>
        </extensions>
      </trkpt>
      <trkpt lat="34.21230365476271" lon="108.83430925296027">
        <ele>407.3502059802413</ele>
        <time>2025-11-17T04:52:12.900000Z</time>
        <extensions>
          <gpxtpx:TrackPointExtension>
            <gpxtpx:hr>109</gpxtpx:hr>
          </gpxtpx:TrackPointExtension>
        </extensions>
      </trkpt>
      <trkpt lat="34.21230654091005" lon="108.83429074263296">
        <ele>407.35338534228504</ele>
        <time>2025-11-17T04:52:13.900000Z</time>
        <extensions>
          <gpxtpx:TrackPointExtension>
            <gpxtpx:hr>109</gpxtpx:hr>
          </gpxtpx:TrackPointExtension>
        </extensions>
      </trkpt>
      <trkpt lat="34.21230993945591" lon="108.83427114198359">
        <ele>407.3388164713979</ele>
        <time>2025-11-17T04:52:14.900000Z</time>
        <extensions>
          <gpxtpx:TrackPointExtension>
            <gpxtpx:hr>109</gpxtpx:hr>
          </gpxtpx:TrackPointExtension>
        </extensions>
      </trkpt>
      <trkpt lat="34.21231412825973" lon="108.83425199533454">
        <ele>407.32086818199605</ele>
        <time>2025-11-17T04:52:15.900000Z</time>
        <extensions>
          <gpxtpx:TrackPointExtension>
            <gpxtpx:hr>109</gpxtpx:hr>
          </gpxtpx:TrackPointExtension>
        </extensions>
      </trkpt>
      <trkpt lat="34.21231861103814" lon="108.8342337032341">
        <ele>407.2871660590172</ele>
        <time>2025-11-17T04:52:16.900000Z</time>
        <extensions>
          <gpxtpx:TrackPointExtension>
            <gpxtpx:hr>109</gpxtpx:hr>
          </gpxtpx:TrackPointExtension>
        </extensions>
      </trkpt>
      <trkpt lat="34.21232267295523" lon="108.83421661911811">
        <ele>407.2388153709471</ele>
        <time>2025-11-17T04:52:17.900000Z</time>
        <extensions>
          <gpxtpx:TrackPointExtension>
            <gpxtpx:hr>109</gpxtpx:hr>
          </gpxtpx:TrackPointExtension>
        </extensions>
      </trkpt>
      <trkpt lat="34.212325990775945" lon="108.8342021352212">
        <ele>407.1865164190531</ele>
        <time>2025-11-17T04:52:18.900000Z</time>
        <extensions>
          <gpxtpx:TrackPointExtension>
            <gpxtpx:hr>109</gpxtpx:hr>
          </gpxtpx:TrackPointExtension>
        </extensions>
      </trkpt>
      <trkpt lat="34.21232887144272" lon="108.83418859264681">
        <ele>407.12604091130197</ele>
        <time>2025-11-17T04:52:19.900000Z</time>
        <extensions>
          <gpxtpx:TrackPointExtension>
            <gpxtpx:hr>109</gpxtpx:hr>
          </gpxtpx:TrackPointExtension>
        </extensions>
      </trkpt>
      <trkpt lat="34.21233195120304" lon="108.834173984387">
        <ele>407.06088734138757</ele>
        <time>2025-11-17T04:52:20.900000Z</time>
        <extensions>
          <gpxtpx:TrackPointExtension>
            <gpxtpx:hr>109</gpxtpx:hr>
          </gpxtpx:TrackPointExtension>
        </extensions>
      </trkpt>
      <trkpt lat="34.21233514061904" lon="108.83415897389266">
        <ele>406.985093598254</ele>
        <time>2025-11-17T04:52:21.900000Z</time>
        <extensions>
          <gpxtpx:TrackPointExtension>
            <gpxtpx:hr>109</gpxtpx:hr>
          </gpxtpx:TrackPointExtension>
        </extensions>
      </trkpt>
      <trkpt lat="34.212338438911445" lon="108.83414428868309">
        <ele>406.8985908292234</ele>
        <time>2025-11-17T04:52:22.900000Z</time>
        <extensions>
          <gpxtpx:TrackPointExtension>
            <gpxtpx:hr>109</gpxtpx:hr>
          </gpxtpx:TrackPointExtension>
        </extensions>
      </trkpt>
      <trkpt lat="34.2123420377736" lon="108.83413011537426">
        <ele>406.79925459157676</ele>
        <time>2025-11-17T04:52:23.900000Z</time>
        <extensions>
          <gpxtpx:TrackPointExtension>
            <gpxtpx:hr>109</gpxtpx:hr>
          </gpxtpx:TrackPointExtension>
        </extensions>
      </trkpt>
      <trkpt lat="34.212345780690185" lon="108.83411649113359">
        <ele>406.7134746424854</ele>
        <time>2025-11-17T04:52:24.900000Z</time>
        <extensions>
          <gpxtpx:TrackPointExtension>
            <gpxtpx:hr>109</gpxtpx:hr>
          </gpxtpx:TrackPointExtension>
        </extensions>
      </trkpt>
      <trkpt lat="34.21234969903263" lon="108.83410506140882">
        <ele>406.58716571424156</ele>
        <time>2025-11-17T04:52:25.900000Z</time>
        <extensions>
          <gpxtpx:TrackPointExtension>
            <gpxtpx:hr>109</gpxtpx:hr>
          </gpxtpx:TrackPointExtension>
        </extensions>
      </trkpt>
      <trkpt lat="34.21235372664209" lon="108.83409499995159">
        <ele>406.4573543202132</ele>
        <time>2025-11-17T04:52:26.900000Z</time>
        <extensions>
          <gpxtpx:TrackPointExtension>
            <gpxtpx:hr>112</gpxtpx:hr>
          </gpxtpx:TrackPointExtension>
        </extensions>
      </trkpt>
      <trkpt lat="34.21235784119222" lon="108.83408490292742">
        <ele>406.3224304476753</ele>
        <time>2025-11-17T04:52:27.900000Z</time>
        <extensions>
          <gpxtpx:TrackPointExtension>
            <gpxtpx:hr>112</gpxtpx:hr>
          </gpxtpx:TrackPointExtension>
        </extensions>
      </trkpt>
      <trkpt lat="34.212361542905356" lon="108.83407565126643">
        <ele>406.1827664943412</ele>
        <time>2025-11-17T04:52:28.900000Z</time>
        <extensions>
          <gpxtpx:TrackPointExtension>
            <gpxtpx:hr>112</gpxtpx:hr>
          </gpxtpx:TrackPointExtension>
        </extensions>
      </trkpt>
      <trkpt lat="34.21236430547087" lon="108.83406725853366">
        <ele>406.0477847736329</ele>
        <time>2025-11-17T04:52:29.900000Z</time>
        <extensions>
          <gpxtpx:TrackPointExtension>
            <gpxtpx:hr>112</gpxtpx:hr>
          </gpxtpx:TrackPointExtension>
        </extensions>
      </trkpt>
      <trkpt lat="34.21236594121185" lon="108.83405963541966">
        <ele>405.9263078980148</ele>
        <time>2025-11-17T04:52:30.900000Z</time>
        <extensions>
          <gpxtpx:TrackPointExtension>
            <gpxtpx:hr>112</gpxtpx:hr>
          </gpxtpx:TrackPointExtension>
        </extensions>
      </trkpt>
      <trkpt lat="34.21236735208191" lon="108.83405267522515">
        <ele>405.82133143860847</ele>
        <time>2025-11-17T04:52:31.900000Z</time>
        <extensions>
          <gpxtpx:TrackPointExtension>
            <gpxtpx:hr>112</gpxtpx:hr>
          </gpxtpx:TrackPointExtension>
        </extensions>
      </trkpt>
      <trkpt lat="34.212368843120835" lon="108.83404620399347">
        <ele>405.74231285229325</ele>
        <time>2025-11-17T04:52:32.900000Z</time>
        <extensions>
          <gpxtpx:TrackPointExtension>
            <gpxtpx:hr>112</gpxtpx:hr>
          </gpxtpx:TrackPointExtension>
        </extensions>
      </trkpt>
      <trkpt lat="34.21237006498933" lon="108.83403995654776">
        <ele>405.6740958336741</ele>
        <time>2025-11-17T04:52:33.900000Z</time>
        <extensions>
          <gpxtpx:TrackPointExtension>
            <gpxtpx:hr>113</gpxtpx:hr>
          </gpxtpx:TrackPointExtension>
        </extensions>
      </trkpt>
      <trkpt lat="34.21237099868628" lon="108.83403337841267">
        <ele>405.5975821297616</ele>
        <time>2025-11-17T04:52:34.900000Z</time>
        <extensions>
          <gpxtpx:TrackPointExtension>
            <gpxtpx:hr>113</gpxtpx:hr>
          </gpxtpx:TrackPointExtension>
        </extensions>
      </trkpt>
      <trkpt lat="34.21237129900723" lon="108.83402676343285">
        <ele>405.53408886585385</ele>
        <time>2025-11-17T04:52:35.900000Z</time>
        <extensions>
          <gpxtpx:TrackPointExtension>
            <gpxtpx:hr>113</gpxtpx:hr>
          </gpxtpx:TrackPointExtension>
        </extensions>
      </trkpt>
      <trkpt lat="34.212371267969516" lon="108.83402020778713">
        <ele>405.4921108810231</ele>
        <time>2025-11-17T04:52:36.900000Z</time>
        <extensions>
          <gpxtpx:TrackPointExtension>
            <gpxtpx:hr>113</gpxtpx:hr>
          </gpxtpx:TrackPointExtension>
        </extensions>
      </trkpt>
      <trkpt lat="34.212370709894635" lon="108.83401414280542">
        <ele>405.4799147238955</ele>
        <time>2025-11-17T04:52:37.900000Z</time>
        <extensions>
          <gpxtpx:TrackPointExtension>
            <gpxtpx:hr>113</gpxtpx:hr>
          </gpxtpx:TrackPointExtension>
        </extensions>
      </trkpt>
      <trkpt lat="34.212369376094905" lon="108.83400815974201">
        <ele>405.50121319759637</ele>
        <time>2025-11-17T04:52:38.900000Z</time>
        <extensions>
          <gpxtpx:TrackPointExtension>
            <gpxtpx:hr>113</gpxtpx:hr>
          </gpxtpx:TrackPointExtension>
        </extensions>
      </trkpt>
      <trkpt lat="34.212367512205965" lon="108.83400168543284">
        <ele>405.54749525990337</ele>
        <time>2025-11-17T04:52:39.900000Z</time>
        <extensions>
          <gpxtpx:TrackPointExtension>
            <gpxtpx:hr>113</gpxtpx:hr>
          </gpxtpx:TrackPointExtension>
        </extensions>
      </trkpt>
      <trkpt lat="34.21236552651034" lon="108.83399527562085">
        <ele>405.5931069422513</ele>
        <time>2025-11-17T04:52:40.900000Z</time>
        <extensions>
          <gpxtpx:TrackPointExtension>
            <gpxtpx:hr>113</gpxtpx:hr>
          </gpxtpx:TrackPointExtension>
        </extensions>
      </trkpt>
      <trkpt lat="34.21236380721897" lon="108.83398965617263">
        <ele>405.6470446139574</ele>
        <time>2025-11-17T04:52:41.900000Z</time>
        <extensions>
          <gpxtpx:TrackPointExtension>
            <gpxtpx:hr>113</gpxtpx:hr>
          </gpxtpx:TrackPointExtension>
        </extensions>
      </trkpt>
      <trkpt lat="34.21236223013471" lon="108.8339846677696">
        <ele>405.72454259358346</ele>
        <time>2025-11-17T04:52:42.900000Z</time>
        <extensions>
          <gpxtpx:TrackPointExtension>
            <gpxtpx:hr>113</gpxtpx:hr>
          </gpxtpx:TrackPointExtension>
        </extensions>
      </trkpt>
      <trkpt lat="34.2123610308805" lon="108.83397947345723">
        <ele>405.7932141665369</ele>
        <time>2025-11-17T04:52:43.900000Z</time>
        <extensions>
          <gpxtpx:TrackPointExtension>
            <gpxtpx:hr>113</gpxtpx:hr>
          </gpxtpx:TrackPointExtension>
        </extensions>
      </trkpt>
      <trkpt lat="34.21236032669758" lon="108.8339736892573">
        <ele>405.84981672186404</ele>
        <time>2025-11-17T04:52:44.900000Z</time>
        <extensions>
          <gpxtpx:TrackPointExtension>
            <gpxtpx:hr>113</gpxtpx:hr>
          </gpxtpx:TrackPointExtension>
        </extensions>
      </trkpt>
      <trkpt lat="34.21236027884602" lon="108.83396744325947">
        <ele>405.89037671964616</ele>
        <time>2025-11-17T04:52:45.900000Z</time>
        <extensions>
          <gpxtpx:TrackPointExtension>
            <gpxtpx:hr>112</gpxtpx:hr>
          </gpxtpx:TrackPointExtension>
        </extensions>
      </trkpt>
      <trkpt lat="34.21236075846704" lon="108.83396089409099">
        <ele>405.92995524872094</ele>
        <time>2025-11-17T04:52:46.900000Z</time>
        <extensions>
          <gpxtpx:TrackPointExtension>
            <gpxtpx:hr>112</gpxtpx:hr>
          </gpxtpx:TrackPointExtension>
        </extensions>
      </trkpt>
      <trkpt lat="34.21236167046916" lon="108.83395429555327">
        <ele>405.9698027037084</ele>
        <time>2025-11-17T04:52:47.900000Z</time>
        <extensions>
          <gpxtpx:TrackPointExtension>
            <gpxtpx:hr>112</gpxtpx:hr>
          </gpxtpx:TrackPointExtension>
        </extensions>
      </trkpt>
      <trkpt lat="34.21236308403828" lon="108.83394765145934">
        <ele>406.0159735772759</ele>
        <time>2025-11-17T04:52:48.900000Z</time>
        <extensions>
          <gpxtpx:TrackPointExtension>
            <gpxtpx:hr>112</gpxtpx:hr>
          </gpxtpx:TrackPointExtension>
        </extensions>
      </trkpt>
      <trkpt lat="34.21236537748602" lon="108.83394076882954">
        <ele>406.05115782655776</ele>
        <time>2025-11-17T04:52:49.900000Z</time>
        <extensions>
          <gpxtpx:TrackPointExtension>
            <gpxtpx:hr>112</gpxtpx:hr>
          </gpxtpx:TrackPointExtension>
        </extensions>
      </trkpt>
      <trkpt lat="34.212368167884684" lon="108.83393381349143">
        <ele>406.0753416661173</ele>
        <time>2025-11-17T04:52:50.900000Z</time>
        <extensions>
          <gpxtpx:TrackPointExtension>
            <gpxtpx:hr>107</gpxtpx:hr>
          </gpxtpx:TrackPointExtension>
        </extensions>
      </trkpt>
      <trkpt lat="34.21237134201609" lon="108.83392677802499">
        <ele>406.1088166953996</ele>
        <time>2025-11-17T04:52:51.900000Z</time>
        <extensions>
          <gpxtpx:TrackPointExtension>
            <gpxtpx:hr>107</gpxtpx:hr>
          </gpxtpx:TrackPointExtension>
        </extensions>
      </trkpt>
      <trkpt lat="34.212374621799675" lon="108.83391976159243">
        <ele>406.1548731494695</ele>
        <time>2025-11-17T04:52:52.900000Z</time>
        <extensions>
          <gpxtpx:TrackPointExtension>
            <gpxtpx:hr>107</gpxtpx:hr>
          </gpxtpx:TrackPointExtension>
        </extensions>
      </trkpt>
      <trkpt lat="34.21237826041165" lon="108.83391343863693">
        <ele>406.18071833997965</ele>
        <time>2025-11-17T04:52:53.900000Z</time>
        <extensions>
          <gpxtpx:TrackPointExtension>
            <gpxtpx:hr>107</gpxtpx:hr>
          </gpxtpx:TrackPointExtension>
        </extensions>
      </trkpt>
      <trkpt lat="34.21238260818509" lon="108.83390779250915">
        <ele>406.1876887716353</ele>
        <time>2025-11-17T04:52:54.900000Z</time>
        <extensions>
          <gpxtpx:TrackPointExtension>
            <gpxtpx:hr>107</gpxtpx:hr>
          </gpxtpx:TrackPointExtension>
        </extensions>
      </trkpt>
      <trkpt lat="34.212387807709135" lon="108.83390328063214">
        <ele>406.14703390095383</ele>
        <time>2025-11-17T04:52:55.900000Z</time>
        <extensions>
          <gpxtpx:TrackPointExtension>
            <gpxtpx:hr>107</gpxtpx:hr>
          </gpxtpx:TrackPointExtension>
        </extensions>
      </trkpt>
      <trkpt lat="34.212393886918015" lon="108.83389904244487">
        <ele>406.1082527525723</ele>
        <time>2025-11-17T04:52:56.900000Z</time>
        <extensions>
          <gpxtpx:TrackPointExtension>
            <gpxtpx:hr>107</gpxtpx:hr>
          </gpxtpx:TrackPointExtension>
        </extensions>
      </trkpt>
      <trkpt lat="34.212400376799934" lon="108.83389314045436">
        <ele>406.0738203842193</ele>
        <time>2025-11-17T04:52:57.900000Z</time>
        <extensions>
          <gpxtpx:TrackPointExtension>
            <gpxtpx:hr>106</gpxtpx:hr>
          </gpxtpx:TrackPointExtension>
        </extensions>
      </trkpt>
      <trkpt lat="34.21240699189216" lon="108.83388614286382">
        <ele>406.0145398695022</ele>
        <time>2025-11-17T04:52:58.900000Z</time>
        <extensions>
          <gpxtpx:TrackPointExtension>
            <gpxtpx:hr>106</gpxtpx:hr>
          </gpxtpx:TrackPointExtension>
        </extensions>
      </trkpt>
      <trkpt lat="34.21241418169242" lon="108.83387825454875">
        <ele>405.9607842732221</ele>
        <time>2025-11-17T04:52:59.900000Z</time>
        <extensions>
          <gpxtpx:TrackPointExtension>
            <gpxtpx:hr>106</gpxtpx:hr>
          </gpxtpx:TrackPointExtension>
        </extensions>
      </trkpt>
      <trkpt lat="34.212421985481846" lon="108.83386955745726">
        <ele>405.9319296013564</ele>
        <time>2025-11-17T04:53:00.900000Z</time>
        <extensions>
          <gpxtpx:TrackPointExtension>
            <gpxtpx:hr>106</gpxtpx:hr>
          </gpxtpx:TrackPointExtension>
        </extensions>
      </trkpt>
      <trkpt lat="34.21243034108653" lon="108.83385996841">
        <ele>405.910409511067</ele>
        <time>2025-11-17T04:53:01.900000Z</time>
        <extensions>
          <gpxtpx:TrackPointExtension>
            <gpxtpx:hr>106</gpxtpx:hr>
          </gpxtpx:TrackPointExtension>
        </extensions>
      </trkpt>
      <trkpt lat="34.21243916144582" lon="108.83384958881744">
        <ele>405.8944529304281</ele>
        <time>2025-11-17T04:53:02.900000Z</time>
        <extensions>
          <gpxtpx:TrackPointExtension>
            <gpxtpx:hr>107</gpxtpx:hr>
          </gpxtpx:TrackPointExtension>
        </extensions>
      </trkpt>
      <trkpt lat="34.212448852832964" lon="108.83383798570318">
        <ele>405.87295254599303</ele>
        <time>2025-11-17T04:53:03.900000Z</time>
        <extensions>
          <gpxtpx:TrackPointExtension>
            <gpxtpx:hr>107</gpxtpx:hr>
          </gpxtpx:TrackPointExtension>
        </extensions>
      </trkpt>
      <trkpt lat="34.212459375298835" lon="108.83382591598715">
        <ele>405.8749789837748</ele>
        <time>2025-11-17T04:53:04.900000Z</time>
        <extensions>
          <gpxtpx:TrackPointExtension>
            <gpxtpx:hr>107</gpxtpx:hr>
          </gpxtpx:TrackPointExtension>
        </extensions>
      </trkpt>
      <trkpt lat="34.21247035145062" lon="108.83381259688437">
        <ele>405.8584861140698</ele>
        <time>2025-11-17T04:53:05.900000Z</time>
        <extensions>
          <gpxtpx:TrackPointExtension>
            <gpxtpx:hr>107</gpxtpx:hr>
          </gpxtpx:TrackPointExtension>
        </extensions>
      </trkpt>
      <trkpt lat="34.2124814988185" lon="108.83379685676177">
        <ele>405.835379851982</ele>
        <time>2025-11-17T04:53:06.900000Z</time>
        <extensions>
          <gpxtpx:TrackPointExtension>
            <gpxtpx:hr>107</gpxtpx:hr>
          </gpxtpx:TrackPointExtension>
        </extensions>
      </trkpt>
      <trkpt lat="34.21249221251843" lon="108.83377818825173">
        <ele>405.82386973593384</ele>
        <time>2025-11-17T04:53:07.900000Z</time>
        <extensions>
          <gpxtpx:TrackPointExtension>
            <gpxtpx:hr>107</gpxtpx:hr>
          </gpxtpx:TrackPointExtension>
        </extensions>
      </trkpt>
      <trkpt lat="34.212502851446786" lon="108.83375695843853">
        <ele>405.80564092099667</ele>
        <time>2025-11-17T04:53:08.900000Z</time>
        <extensions>
          <gpxtpx:TrackPointExtension>
            <gpxtpx:hr>107</gpxtpx:hr>
          </gpxtpx:TrackPointExtension>
        </extensions>
      </trkpt>
      <trkpt lat="34.21251442007366" lon="108.8337346704604">
        <ele>405.7793277623132</ele>
        <time>2025-11-17T04:53:09.900000Z</time>
        <extensions>
          <gpxtpx:TrackPointExtension>
            <gpxtpx:hr>107</gpxtpx:hr>
          </gpxtpx:TrackPointExtension>
        </extensions>
      </trkpt>
      <trkpt lat="34.21252720109591" lon="108.83371225138457">
        <ele>405.7596943518147</ele>
        <time>2025-11-17T04:53:10.900000Z</time>
        <extensions>
          <gpxtpx:TrackPointExtension>
            <gpxtpx:hr>104</gpxtpx:hr>
          </gpxtpx:TrackPointExtension>
        </extensions>
      </trkpt>
      <trkpt lat="34.212539943071135" lon="108.83368976718333">
        <ele>405.7425781674683</ele>
        <time>2025-11-17T04:53:11.900000Z</time>
        <extensions>
          <gpxtpx:TrackPointExtension>
            <gpxtpx:hr>104</gpxtpx:hr>
          </gpxtpx:TrackPointExtension>
        </extensions>
      </trkpt>
      <trkpt lat="34.21255156542073" lon="108.83366690017876">
        <ele>405.7456413246691</ele>
        <time>2025-11-17T04:53:12.900000Z</time>
        <extensions>
          <gpxtpx:TrackPointExtension>
            <gpxtpx:hr>104</gpxtpx:hr>
          </gpxtpx:TrackPointExtension>
        </extensions>
      </trkpt>
      <trkpt lat="34.212562295419225" lon="108.83364319878308">
        <ele>405.7549987407401</ele>
        <time>2025-11-17T04:53:13.900000Z</time>
        <extensions>
          <gpxtpx:TrackPointExtension>
            <gpxtpx:hr>104</gpxtpx:hr>
          </gpxtpx:TrackPointExtension>
        </extensions>
      </trkpt>
      <trkpt lat="34.212572156683315" lon="108.8336186077045">
        <ele>405.7702112663537</ele>
        <time>2025-11-17T04:53:14.900000Z</time>
        <extensions>
          <gpxtpx:TrackPointExtension>
            <gpxtpx:hr>104</gpxtpx:hr>
          </gpxtpx:TrackPointExtension>
        </extensions>
      </trkpt>
      <trkpt lat="34.212581804810384" lon="108.83359164971381">
        <ele>405.8042973065749</ele>
        <time>2025-11-17T04:53:15.900000Z</time>
        <extensions>
          <gpxtpx:TrackPointExtension>
            <gpxtpx:hr>104</gpxtpx:hr>
          </gpxtpx:TrackPointExtension>
        </extensions>
      </trkpt>
      <trkpt lat="34.212590915713" lon="108.83356328342312">
        <ele>405.82222860027105</ele>
        <time>2025-11-17T04:53:16.900000Z</time>
        <extensions>
          <gpxtpx:TrackPointExtension>
            <gpxtpx:hr>104</gpxtpx:hr>
          </gpxtpx:TrackPointExtension>
        </extensions>
      </trkpt>
      <trkpt lat="34.21259884181194" lon="108.83353490403245">
        <ele>405.8324596993625</ele>
        <time>2025-11-17T04:53:17.900000Z</time>
        <extensions>
          <gpxtpx:TrackPointExtension>
            <gpxtpx:hr>104</gpxtpx:hr>
          </gpxtpx:TrackPointExtension>
        </extensions>
      </trkpt>
      <trkpt lat="34.2126064053116" lon="108.83350674560235">
        <ele>405.8427677107975</ele>
        <time>2025-11-17T04:53:18.900000Z</time>
        <extensions>
          <gpxtpx:TrackPointExtension>
            <gpxtpx:hr>104</gpxtpx:hr>
          </gpxtpx:TrackPointExtension>
        </extensions>
      </trkpt>
      <trkpt lat="34.21261442868359" lon="108.83347936246525">
        <ele>405.85929707437754</ele>
        <time>2025-11-17T04:53:19.900000Z</time>
        <extensions>
          <gpxtpx:TrackPointExtension>
            <gpxtpx:hr>104</gpxtpx:hr>
          </gpxtpx:TrackPointExtension>
        </extensions>
      </trkpt>
      <trkpt lat="34.21262276852868" lon="108.83345355137719">
        <ele>405.89243235625327</ele>
        <time>2025-11-17T04:53:20.900000Z</time>
        <extensions>
          <gpxtpx:TrackPointExtension>
            <gpxtpx:hr>104</gpxtpx:hr>
          </gpxtpx:TrackPointExtension>
        </extensions>
      </trkpt>
      <trkpt lat="34.21263113455481" lon="108.83342868056785">
        <ele>405.9281470477581</ele>
        <time>2025-11-17T04:53:21.900000Z</time>
        <extensions>
          <gpxtpx:TrackPointExtension>
            <gpxtpx:hr>104</gpxtpx:hr>
          </gpxtpx:TrackPointExtension>
        </extensions>
      </trkpt>
      <trkpt lat="34.21263840165233" lon="108.83340400000333">
        <ele>405.9663847927004</ele>
        <time>2025-11-17T04:53:22.900000Z</time>
        <extensions>
          <gpxtpx:TrackPointExtension>
            <gpxtpx:hr>104</gpxtpx:hr>
          </gpxtpx:TrackPointExtension>
        </extensions>
      </trkpt>
      <trkpt lat="34.212643038088885" lon="108.83337986075674">
        <ele>406.00537488702685</ele>
        <time>2025-11-17T04:53:23.900000Z</time>
        <extensions>
          <gpxtpx:TrackPointExtension>
            <gpxtpx:hr>104</gpxtpx:hr>
          </gpxtpx:TrackPointExtension>
        </extensions>
      </trkpt>
      <trkpt lat="34.21264520340127" lon="108.83335807122772">
        <ele>406.06772312987596</ele>
        <time>2025-11-17T04:53:24.900000Z</time>
        <extensions>
          <gpxtpx:TrackPointExtension>
            <gpxtpx:hr>104</gpxtpx:hr>
          </gpxtpx:TrackPointExtension>
        </extensions>
      </trkpt>
      <trkpt lat="34.21264669227571" lon="108.83333770396649">
        <ele>406.12696583848447</ele>
        <time>2025-11-17T04:53:25.900000Z</time>
        <extensions>
          <gpxtpx:TrackPointExtension>
            <gpxtpx:hr>106</gpxtpx:hr>
          </gpxtpx:TrackPointExtension>
        </extensions>
      </trkpt>
      <trkpt lat="34.212648049695304" lon="108.83331701216238">
        <ele>406.1922738356516</ele>
        <time>2025-11-17T04:53:26.900000Z</time>
        <extensions>
          <gpxtpx:TrackPointExtension>
            <gpxtpx:hr>106</gpxtpx:hr>
          </gpxtpx:TrackPointExtension>
        </extensions>
      </trkpt>
      <trkpt lat="34.21264934810278" lon="108.83329589158221">
        <ele>406.2567396713421</ele>
        <time>2025-11-17T04:53:27.900000Z</time>
        <extensions>
          <gpxtpx:TrackPointExtension>
            <gpxtpx:hr>106</gpxtpx:hr>
          </gpxtpx:TrackPointExtension>
        </extensions>
      </trkpt>
      <trkpt lat="34.21265015904828" lon="108.83327435477732">
        <ele>406.32274170033634</ele>
        <time>2025-11-17T04:53:28.900000Z</time>
        <extensions>
          <gpxtpx:TrackPointExtension>
            <gpxtpx:hr>106</gpxtpx:hr>
          </gpxtpx:TrackPointExtension>
        </extensions>
      </trkpt>
      <trkpt lat="34.21265126831119" lon="108.83325339434764">
        <ele>406.38167079072446</ele>
        <time>2025-11-17T04:53:29.900000Z</time>
        <extensions>
          <gpxtpx:TrackPointExtension>
            <gpxtpx:hr>106</gpxtpx:hr>
          </gpxtpx:TrackPointExtension>
        </extensions>
      </trkpt>
      <trkpt lat="34.21265312966849" lon="108.8332336846164">
        <ele>406.42274692934006</ele>
        <time>2025-11-17T04:53:30.900000Z</time>
        <extensions>
          <gpxtpx:TrackPointExtension>
            <gpxtpx:hr>107</gpxtpx:hr>
          </gpxtpx:TrackPointExtension>
        </extensions>
      </trkpt>
      <trkpt lat="34.212655888430795" lon="108.83321493308466">
        <ele>406.4611778110266</ele>
        <time>2025-11-17T04:53:31.900000Z</time>
        <extensions>
          <gpxtpx:TrackPointExtension>
            <gpxtpx:hr>107</gpxtpx:hr>
          </gpxtpx:TrackPointExtension>
        </extensions>
      </trkpt>
      <trkpt lat="34.21265942261092" lon="108.83319596587506">
        <ele>406.4986439254135</ele>
        <time>2025-11-17T04:53:32.900000Z</time>
        <extensions>
          <gpxtpx:TrackPointExtension>
            <gpxtpx:hr>107</gpxtpx:hr>
          </gpxtpx:TrackPointExtension>
        </extensions>
      </trkpt>
      <trkpt lat="34.21266344336015" lon="108.8331765595067">
        <ele>406.5333315813914</ele>
        <time>2025-11-17T04:53:33.900000Z</time>
        <extensions>
          <gpxtpx:TrackPointExtension>
            <gpxtpx:hr>107</gpxtpx:hr>
          </gpxtpx:TrackPointExtension>
        </extensions>
      </trkpt>
      <trkpt lat="34.21266727652108" lon="108.83315841345174">
        <ele>406.57078690826893</ele>
        <time>2025-11-17T04:53:34.900000Z</time>
        <extensions>
          <gpxtpx:TrackPointExtension>
            <gpxtpx:hr>106</gpxtpx:hr>
          </gpxtpx:TrackPointExtension>
        </extensions>
      </trkpt>
      <trkpt lat="34.212670412479696" lon="108.83314168343381">
        <ele>406.616727206856</ele>
        <time>2025-11-17T04:53:35.900000Z</time>
        <extensions>
          <gpxtpx:TrackPointExtension>
            <gpxtpx:hr>106</gpxtpx:hr>
          </gpxtpx:TrackPointExtension>
        </extensions>
      </trkpt>
      <trkpt lat="34.212673443277374" lon="108.83312447698208">
        <ele>406.65615514293313</ele>
        <time>2025-11-17T04:53:36.900000Z</time>
        <extensions>
          <gpxtpx:TrackPointExtension>
            <gpxtpx:hr>106</gpxtpx:hr>
          </gpxtpx:TrackPointExtension>
        </extensions>
      </trkpt>
      <trkpt lat="34.212676794991694" lon="108.83310658172817">
        <ele>406.73220467939973</ele>
        <time>2025-11-17T04:53:37.900000Z</time>
        <extensions>
          <gpxtpx:TrackPointExtension>
            <gpxtpx:hr>106</gpxtpx:hr>
          </gpxtpx:TrackPointExtension>
        </extensions>
      </trkpt>
      <trkpt lat="34.212680068345456" lon="108.83309043790533">
        <ele>406.8247538981959</ele>
        <time>2025-11-17T04:53:38.900000Z</time>
        <extensions>
          <gpxtpx:TrackPointExtension>
            <gpxtpx:hr>106</gpxtpx:hr>
          </gpxtpx:TrackPointExtension>
        </extensions>
      </trkpt>
      <trkpt lat="34.212683345364574" lon="108.8330754164213">
        <ele>406.90970652736723</ele>
        <time>2025-11-17T04:53:39.900000Z</time>
        <extensions>
          <gpxtpx:TrackPointExtension>
            <gpxtpx:hr>106</gpxtpx:hr>
          </gpxtpx:TrackPointExtension>
        </extensions>
      </trkpt>
      <trkpt lat="34.21268692044221" lon="108.8330600725912">
        <ele>406.9980356711894</ele>
        <time>2025-11-17T04:53:40.900000Z</time>
        <extensions>
          <gpxtpx:TrackPointExtension>
            <gpxtpx:hr>106</gpxtpx:hr>
          </gpxtpx:TrackPointExtension>
        </extensions>
      </trkpt>
      <trkpt lat="34.21269030602636" lon="108.83304537391359">
        <ele>407.08210190571845</ele>
        <time>2025-11-17T04:53:41.900000Z</time>
        <extensions>
          <gpxtpx:TrackPointExtension>
            <gpxtpx:hr>106</gpxtpx:hr>
          </gpxtpx:TrackPointExtension>
        </extensions>
      </trkpt>
      <trkpt lat="34.21269359902124" lon="108.83303021892748">
        <ele>407.1605069665238</ele>
        <time>2025-11-17T04:53:42.900000Z</time>
        <extensions>
          <gpxtpx:TrackPointExtension>
            <gpxtpx:hr>106</gpxtpx:hr>
          </gpxtpx:TrackPointExtension>
        </extensions>
      </trkpt>
      <trkpt lat="34.212696937042764" lon="108.8330137106473">
        <ele>407.22650450561196</ele>
        <time>2025-11-17T04:53:43.900000Z</time>
        <extensions>
          <gpxtpx:TrackPointExtension>
            <gpxtpx:hr>106</gpxtpx:hr>
          </gpxtpx:TrackPointExtension>
        </extensions>
      </trkpt>
      <trkpt lat="34.212699997080335" lon="108.83299638754188">
        <ele>407.29246321041137</ele>
        <time>2025-11-17T04:53:44.900000Z</time>
        <extensions>
          <gpxtpx:TrackPointExtension>
            <gpxtpx:hr>106</gpxtpx:hr>
          </gpxtpx:TrackPointExtension>
        </extensions>
      </trkpt>
      <trkpt lat="34.21270274429354" lon="108.83297955180305">
        <ele>407.35725050233305</ele>
        <time>2025-11-17T04:53:45.900000Z</time>
        <extensions>
          <gpxtpx:TrackPointExtension>
            <gpxtpx:hr>106</gpxtpx:hr>
          </gpxtpx:TrackPointExtension>
        </extensions>
      </trkpt>
      <trkpt lat="34.212705454175925" lon="108.83296287418874">
        <ele>407.41075350902975</ele>
        <time>2025-11-17T04:53:46.900000Z</time>
        <extensions>
          <gpxtpx:TrackPointExtension>
            <gpxtpx:hr>106</gpxtpx:hr>
          </gpxtpx:TrackPointExtension>
        </extensions>
      </trkpt>
      <trkpt lat="34.21270845581739" lon="108.83294446021769">
        <ele>407.4572418099269</ele>
        <time>2025-11-17T04:53:47.900000Z</time>
        <extensions>
          <gpxtpx:TrackPointExtension>
            <gpxtpx:hr>108</gpxtpx:hr>
          </gpxtpx:TrackPointExtension>
        </extensions>
      </trkpt>
      <trkpt lat="34.21271009375149" lon="108.8329274295752">
        <ele>407.4907376402989</ele>
        <time>2025-11-17T04:53:48.900000Z</time>
        <extensions>
          <gpxtpx:TrackPointExtension>
            <gpxtpx:hr>108</gpxtpx:hr>
          </gpxtpx:TrackPointExtension>
        </extensions>
      </trkpt>
      <trkpt lat="34.212709981993285" lon="108.83291278254795">
        <ele>407.50542958267033</ele>
        <time>2025-11-17T04:53:49.900000Z</time>
        <extensions>
          <gpxtpx:TrackPointExtension>
            <gpxtpx:hr>108</gpxtpx:hr>
          </gpxtpx:TrackPointExtension>
        </extensions>
      </trkpt>
      <trkpt lat="34.212709901326356" lon="108.83289724745822">
        <ele>407.51293174922466</ele>
        <time>2025-11-17T04:53:50.900000Z</time>
        <extensions>
          <gpxtpx:TrackPointExtension>
            <gpxtpx:hr>108</gpxtpx:hr>
          </gpxtpx:TrackPointExtension>
        </extensions>
      </trkpt>
      <trkpt lat="34.212710740608216" lon="108.83288280663731">
        <ele>407.5156700992957</ele>
        <time>2025-11-17T04:53:51.900000Z</time>
        <extensions>
          <gpxtpx:TrackPointExtension>
            <gpxtpx:hr>108</gpxtpx:hr>
          </gpxtpx:TrackPointExtension>
        </extensions>
      </trkpt>
      <trkpt lat="34.21271229251679" lon="108.83287017062813">
        <ele>407.51507743354887</ele>
        <time>2025-11-17T04:53:52.900000Z</time>
        <extensions>
          <gpxtpx:TrackPointExtension>
            <gpxtpx:hr>108</gpxtpx:hr>
          </gpxtpx:TrackPointExtension>
        </extensions>
      </trkpt>
      <trkpt lat="34.21271387038243" lon="108.83285764308516">
        <ele>407.50388040486723</ele>
        <time>2025-11-17T04:53:53.900000Z</time>
        <extensions>
          <gpxtpx:TrackPointExtension>
            <gpxtpx:hr>108</gpxtpx:hr>
          </gpxtpx:TrackPointExtension>
        </extensions>
      </trkpt>
      <trkpt lat="34.21271564836573" lon="108.83284415680033">
        <ele>407.474409757182</ele>
        <time>2025-11-17T04:53:54.900000Z</time>
        <extensions>
          <gpxtpx:TrackPointExtension>
            <gpxtpx:hr>108</gpxtpx:hr>
          </gpxtpx:TrackPointExtension>
        </extensions>
      </trkpt>
      <trkpt lat="34.21271793734521" lon="108.83282954786554">
        <ele>407.44915921613574</ele>
        <time>2025-11-17T04:53:55.900000Z</time>
        <extensions>
          <gpxtpx:TrackPointExtension>
            <gpxtpx:hr>108</gpxtpx:hr>
          </gpxtpx:TrackPointExtension>
        </extensions>
      </trkpt>
      <trkpt lat="34.21272029506333" lon="108.83281485599157">
        <ele>407.41141987685114</ele>
        <time>2025-11-17T04:53:56.900000Z</time>
        <extensions>
          <gpxtpx:TrackPointExtension>
            <gpxtpx:hr>108</gpxtpx:hr>
          </gpxtpx:TrackPointExtension>
        </extensions>
      </trkpt>
      <trkpt lat="34.21272239749841" lon="108.83280029448157">
        <ele>407.3642918188125</ele>
        <time>2025-11-17T04:53:57.900000Z</time>
        <extensions>
          <gpxtpx:TrackPointExtension>
            <gpxtpx:hr>108</gpxtpx:hr>
          </gpxtpx:TrackPointExtension>
        </extensions>
      </trkpt>
      <trkpt lat="34.21272314015627" lon="108.83278602650691">
        <ele>407.3155192276463</ele>
        <time>2025-11-17T04:53:58.900000Z</time>
        <extensions>
          <gpxtpx:TrackPointExtension>
            <gpxtpx:hr>108</gpxtpx:hr>
          </gpxtpx:TrackPointExtension>
        </extensions>
      </trkpt>
      <trkpt lat="34.21272155372872" lon="108.83277215152265">
        <ele>407.2444798350334</ele>
        <time>2025-11-17T04:53:59.900000Z</time>
        <extensions>
          <gpxtpx:TrackPointExtension>
            <gpxtpx:hr>108</gpxtpx:hr>
          </gpxtpx:TrackPointExtension>
        </extensions>
      </trkpt>
      <trkpt lat="34.21271786472947" lon="108.83275850376795">
        <ele>407.16018130257726</ele>
        <time>2025-11-17T04:54:00.900000Z</time>
        <extensions>
          <gpxtpx:TrackPointExtension>
            <gpxtpx:hr>106</gpxtpx:hr>
          </gpxtpx:TrackPointExtension>
        </extensions>
      </trkpt>
      <trkpt lat="34.21271268357674" lon="108.83274527641018">
        <ele>407.0542468484491</ele>
        <time>2025-11-17T04:54:01.900000Z</time>
        <extensions>
          <gpxtpx:TrackPointExtension>
            <gpxtpx:hr>106</gpxtpx:hr>
          </gpxtpx:TrackPointExtension>
        </extensions>
      </trkpt>
      <trkpt lat="34.212706538818786" lon="108.83273244390124">
        <ele>406.9478001482785</ele>
        <time>2025-11-17T04:54:02.900000Z</time>
        <extensions>
          <gpxtpx:TrackPointExtension>
            <gpxtpx:hr>106</gpxtpx:hr>
          </gpxtpx:TrackPointExtension>
        </extensions>
      </trkpt>
      <trkpt lat="34.21269995233005" lon="108.83272005799513">
        <ele>406.8287816308439</ele>
        <time>2025-11-17T04:54:03.900000Z</time>
        <extensions>
          <gpxtpx:TrackPointExtension>
            <gpxtpx:hr>106</gpxtpx:hr>
          </gpxtpx:TrackPointExtension>
        </extensions>
      </trkpt>
      <trkpt lat="34.21269310097891" lon="108.83270761857386">
        <ele>406.69546640478075</ele>
        <time>2025-11-17T04:54:04.900000Z</time>
        <extensions>
          <gpxtpx:TrackPointExtension>
            <gpxtpx:hr>106</gpxtpx:hr>
          </gpxtpx:TrackPointExtension>
        </extensions>
      </trkpt>
      <trkpt lat="34.21268611188009" lon="108.8326948466531">
        <ele>406.5545412003994</ele>
        <time>2025-11-17T04:54:05.900000Z</time>
        <extensions>
          <gpxtpx:TrackPointExtension>
            <gpxtpx:hr>106</gpxtpx:hr>
          </gpxtpx:TrackPointExtension>
        </extensions>
      </trkpt>
      <trkpt lat="34.212678960594154" lon="108.8326822356701">
        <ele>406.39620222337544</ele>
        <time>2025-11-17T04:54:06.900000Z</time>
        <extensions>
          <gpxtpx:TrackPointExtension>
            <gpxtpx:hr>106</gpxtpx:hr>
          </gpxtpx:TrackPointExtension>
        </extensions>
      </trkpt>
      <trkpt lat="34.21267210060531" lon="108.83267082294782">
        <ele>406.25446422677487</ele>
        <time>2025-11-17T04:54:07.900000Z</time>
        <extensions>
          <gpxtpx:TrackPointExtension>
            <gpxtpx:hr>106</gpxtpx:hr>
          </gpxtpx:TrackPointExtension>
        </extensions>
      </trkpt>
      <trkpt lat="34.212665514203195" lon="108.8326606519846">
        <ele>406.10762155614793</ele>
        <time>2025-11-17T04:54:08.900000Z</time>
        <extensions>
          <gpxtpx:TrackPointExtension>
            <gpxtpx:hr>106</gpxtpx:hr>
          </gpxtpx:TrackPointExtension>
        </extensions>
      </trkpt>
      <trkpt lat="34.212658558345936" lon="108.83265069472623">
        <ele>405.959396221675</ele>
        <time>2025-11-17T04:54:09.900000Z</time>
        <extensions>
          <gpxtpx:TrackPointExtension>
            <gpxtpx:hr>107</gpxtpx:hr>
          </gpxtpx:TrackPointExtension>
        </extensions>
      </trkpt>
      <trkpt lat="34.21265173920138" lon="108.83264019043236">
        <ele>405.7974722692743</ele>
        <time>2025-11-17T04:54:10.900000Z</time>
        <extensions>
          <gpxtpx:TrackPointExtension>
            <gpxtpx:hr>107</gpxtpx:hr>
          </gpxtpx:TrackPointExtension>
        </extensions>
      </trkpt>
      <trkpt lat="34.212645655782666" lon="108.83262865301728">
        <ele>405.63626408111304</ele>
        <time>2025-11-17T04:54:11.900000Z</time>
        <extensions>
          <gpxtpx:TrackPointExtension>
            <gpxtpx:hr>107</gpxtpx:hr>
          </gpxtpx:TrackPointExtension>
        </extensions>
      </trkpt>
      <trkpt lat="34.21264051201688" lon="108.8326170492895">
        <ele>405.47894096840173</ele>
        <time>2025-11-17T04:54:12.900000Z</time>
        <extensions>
          <gpxtpx:TrackPointExtension>
            <gpxtpx:hr>107</gpxtpx:hr>
          </gpxtpx:TrackPointExtension>
        </extensions>
      </trkpt>
      <trkpt lat="34.21263643912708" lon="108.8326057919069">
        <ele>405.3238233961165</ele>
        <time>2025-11-17T04:54:13.900000Z</time>
        <extensions>
          <gpxtpx:TrackPointExtension>
            <gpxtpx:hr>107</gpxtpx:hr>
          </gpxtpx:TrackPointExtension>
        </extensions>
      </trkpt>
      <trkpt lat="34.212633571205764" lon="108.83259433820244">
        <ele>405.16561601497233</ele>
        <time>2025-11-17T04:54:14.900000Z</time>
        <extensions>
          <gpxtpx:TrackPointExtension>
            <gpxtpx:hr>107</gpxtpx:hr>
          </gpxtpx:TrackPointExtension>
        </extensions>
      </trkpt>
      <trkpt lat="34.212632517600575" lon="108.83258229580434">
        <ele>405.01917059067637</ele>
        <time>2025-11-17T04:54:15.900000Z</time>
        <extensions>
          <gpxtpx:TrackPointExtension>
            <gpxtpx:hr>107</gpxtpx:hr>
          </gpxtpx:TrackPointExtension>
        </extensions>
      </trkpt>
      <trkpt lat="34.21263445944548" lon="108.83256987382904">
        <ele>404.8849422316998</ele>
        <time>2025-11-17T04:54:16.900000Z</time>
        <extensions>
          <gpxtpx:TrackPointExtension>
            <gpxtpx:hr>107</gpxtpx:hr>
          </gpxtpx:TrackPointExtension>
        </extensions>
      </trkpt>
      <trkpt lat="34.212639239364215" lon="108.83255792237343">
        <ele>404.75642656255513</ele>
        <time>2025-11-17T04:54:17.900000Z</time>
        <extensions>
          <gpxtpx:TrackPointExtension>
            <gpxtpx:hr>107</gpxtpx:hr>
          </gpxtpx:TrackPointExtension>
        </extensions>
      </trkpt>
      <trkpt lat="34.21264511673243" lon="108.83254712361311">
        <ele>404.64069063495845</ele>
        <time>2025-11-17T04:54:18.900000Z</time>
        <extensions>
          <gpxtpx:TrackPointExtension>
            <gpxtpx:hr>107</gpxtpx:hr>
          </gpxtpx:TrackPointExtension>
        </extensions>
      </trkpt>
      <trkpt lat="34.21265014559441" lon="108.83253744007068">
        <ele>404.54551626648754</ele>
        <time>2025-11-17T04:54:19.900000Z</time>
        <extensions>
          <gpxtpx:TrackPointExtension>
            <gpxtpx:hr>108</gpxtpx:hr>
          </gpxtpx:TrackPointExtension>
        </extensions>
      </trkpt>
      <trkpt lat="34.21265350902209" lon="108.8325279837171">
        <ele>404.47552925907075</ele>
        <time>2025-11-17T04:54:20.900000Z</time>
        <extensions>
          <gpxtpx:TrackPointExtension>
            <gpxtpx:hr>108</gpxtpx:hr>
          </gpxtpx:TrackPointExtension>
        </extensions>
      </trkpt>
      <trkpt lat="34.2126558911109" lon="108.83251787918373">
        <ele>404.4215988991782</ele>
        <time>2025-11-17T04:54:21.900000Z</time>
        <extensions>
          <gpxtpx:TrackPointExtension>
            <gpxtpx:hr>108</gpxtpx:hr>
          </gpxtpx:TrackPointExtension>
        </extensions>
      </trkpt>
      <trkpt lat="34.21265793343136" lon="108.83250735302275">
        <ele>404.38926013559103</ele>
        <time>2025-11-17T04:54:22.900000Z</time>
        <extensions>
          <gpxtpx:TrackPointExtension>
            <gpxtpx:hr>108</gpxtpx:hr>
          </gpxtpx:TrackPointExtension>
        </extensions>
      </trkpt>
      <trkpt lat="34.2126590633645" lon="108.8324980047421">
        <ele>404.39182328246534</ele>
        <time>2025-11-17T04:54:23.900000Z</time>
        <extensions>
          <gpxtpx:TrackPointExtension>
            <gpxtpx:hr>108</gpxtpx:hr>
          </gpxtpx:TrackPointExtension>
        </extensions>
      </trkpt>
      <trkpt lat="34.21265849840242" lon="108.83249053878555">
        <ele>404.42734693270177</ele>
        <time>2025-11-17T04:54:24.900000Z</time>
        <extensions>
          <gpxtpx:TrackPointExtension>
            <gpxtpx:hr>108</gpxtpx:hr>
          </gpxtpx:TrackPointExtension>
        </extensions>
      </trkpt>
      <trkpt lat="34.21265611815229" lon="108.83248443869728">
        <ele>404.4895733855665</ele>
        <time>2025-11-17T04:54:25.900000Z</time>
        <extensions>
          <gpxtpx:TrackPointExtension>
            <gpxtpx:hr>108</gpxtpx:hr>
          </gpxtpx:TrackPointExtension>
        </extensions>
      </trkpt>
      <trkpt lat="34.2126526348666" lon="108.83247940894388">
        <ele>404.58324033394456</ele>
        <time>2025-11-17T04:54:26.900000Z</time>
        <extensions>
          <gpxtpx:TrackPointExtension>
            <gpxtpx:hr>107</gpxtpx:hr>
          </gpxtpx:TrackPointExtension>
        </extensions>
      </trkpt>
      <trkpt lat="34.212650701588295" lon="108.83247542692143">
        <ele>404.69412288814783</ele>
        <time>2025-11-17T04:54:27.900000Z</time>
        <extensions>
          <gpxtpx:TrackPointExtension>
            <gpxtpx:hr>107</gpxtpx:hr>
          </gpxtpx:TrackPointExtension>
        </extensions>
      </trkpt>
      <trkpt lat="34.2126536777442" lon="108.83247292337215">
        <ele>404.8333870526403</ele>
        <time>2025-11-17T04:54:28.900000Z</time>
        <extensions>
          <gpxtpx:TrackPointExtension>
            <gpxtpx:hr>107</gpxtpx:hr>
          </gpxtpx:TrackPointExtension>
        </extensions>
      </trkpt>
      <trkpt lat="34.212660911208225" lon="108.83247180550646">
        <ele>404.99763957504183</ele>
        <time>2025-11-17T04:54:29.900000Z</time>
        <extensions>
          <gpxtpx:TrackPointExtension>
            <gpxtpx:hr>107</gpxtpx:hr>
          </gpxtpx:TrackPointExtension>
        </extensions>
      </trkpt>
      <trkpt lat="34.212667798848535" lon="108.83247084266954">
        <ele>405.18045484740287</ele>
        <time>2025-11-17T04:54:30.900000Z</time>
        <extensions>
          <gpxtpx:TrackPointExtension>
            <gpxtpx:hr>107</gpxtpx:hr>
          </gpxtpx:TrackPointExtension>
        </extensions>
      </trkpt>
      <trkpt lat="34.212672458489685" lon="108.83246942421852">
        <ele>405.37381459213793</ele>
        <time>2025-11-17T04:54:31.900000Z</time>
        <extensions>
          <gpxtpx:TrackPointExtension>
            <gpxtpx:hr>107</gpxtpx:hr>
          </gpxtpx:TrackPointExtension>
        </extensions>
      </trkpt>
      <trkpt lat="34.21267712834958" lon="108.83246815162641">
        <ele>405.57376682106405</ele>
        <time>2025-11-17T04:54:32.900000Z</time>
        <extensions>
          <gpxtpx:TrackPointExtension>
            <gpxtpx:hr>109</gpxtpx:hr>
          </gpxtpx:TrackPointExtension>
        </extensions>
      </trkpt>
      <trkpt lat="34.212684242569104" lon="108.83246756365912">
        <ele>405.7666919026524</ele>
        <time>2025-11-17T04:54:33.900000Z</time>
        <extensions>
          <gpxtpx:TrackPointExtension>
            <gpxtpx:hr>109</gpxtpx:hr>
          </gpxtpx:TrackPointExtension>
        </extensions>
      </trkpt>
      <trkpt lat="34.21269271893997" lon="108.83246768864201">
        <ele>405.96188509836793</ele>
        <time>2025-11-17T04:54:34.900000Z</time>
        <extensions>
          <gpxtpx:TrackPointExtension>
            <gpxtpx:hr>109</gpxtpx:hr>
          </gpxtpx:TrackPointExtension>
        </extensions>
      </trkpt>
      <trkpt lat="34.212699258717684" lon="108.83246724815514">
        <ele>406.1460047988221</ele>
        <time>2025-11-17T04:54:35.900000Z</time>
        <extensions>
          <gpxtpx:TrackPointExtension>
            <gpxtpx:hr>109</gpxtpx:hr>
          </gpxtpx:TrackPointExtension>
        </extensions>
      </trkpt>
      <trkpt lat="34.212703139531804" lon="108.83246594619146">
        <ele>406.3158219847828</ele>
        <time>2025-11-17T04:54:36.900000Z</time>
        <extensions>
          <gpxtpx:TrackPointExtension>
            <gpxtpx:hr>109</gpxtpx:hr>
          </gpxtpx:TrackPointExtension>
        </extensions>
      </trkpt>
      <trkpt lat="34.212706499503746" lon="108.83246450435921">
        <ele>406.4797303592786</ele>
        <time>2025-11-17T04:54:37.900000Z</time>
        <extensions>
          <gpxtpx:TrackPointExtension>
            <gpxtpx:hr>109</gpxtpx:hr>
          </gpxtpx:TrackPointExtension>
        </extensions>
      </trkpt>
      <trkpt lat="34.212711177550474" lon="108.83246316410167">
        <ele>406.63197056762874</ele>
        <time>2025-11-17T04:54:38.900000Z</time>
        <extensions>
          <gpxtpx:TrackPointExtension>
            <gpxtpx:hr>109</gpxtpx:hr>
          </gpxtpx:TrackPointExtension>
        </extensions>
      </trkpt>
      <trkpt lat="34.21271674365968" lon="108.83246220949806">
        <ele>406.7797005623579</ele>
        <time>2025-11-17T04:54:39.900000Z</time>
        <extensions>
          <gpxtpx:TrackPointExtension>
            <gpxtpx:hr>109</gpxtpx:hr>
          </gpxtpx:TrackPointExtension>
        </extensions>
      </trkpt>
      <trkpt lat="34.212722444131096" lon="108.83246158576156">
        <ele>406.92186970915645</ele>
        <time>2025-11-17T04:54:40.900000Z</time>
        <extensions>
          <gpxtpx:TrackPointExtension>
            <gpxtpx:hr>115</gpxtpx:hr>
          </gpxtpx:TrackPointExtension>
        </extensions>
      </trkpt>
      <trkpt lat="34.21272859982813" lon="108.8324612419343">
        <ele>407.0444985879585</ele>
        <time>2025-11-17T04:54:41.900000Z</time>
        <extensions>
          <gpxtpx:TrackPointExtension>
            <gpxtpx:hr>115</gpxtpx:hr>
          </gpxtpx:TrackPointExtension>
        </extensions>
      </trkpt>
      <trkpt lat="34.21273540559366" lon="108.83246132782268">
        <ele>407.1580034829676</ele>
        <time>2025-11-17T04:54:42.900000Z</time>
        <extensions>
          <gpxtpx:TrackPointExtension>
            <gpxtpx:hr>115</gpxtpx:hr>
          </gpxtpx:TrackPointExtension>
        </extensions>
      </trkpt>
      <trkpt lat="34.21274201443402" lon="108.83246164517972">
        <ele>407.25759146083146</ele>
        <time>2025-11-17T04:54:43.900000Z</time>
        <extensions>
          <gpxtpx:TrackPointExtension>
            <gpxtpx:hr>115</gpxtpx:hr>
          </gpxtpx:TrackPointExtension>
        </extensions>
      </trkpt>
      <trkpt lat="34.2127474430321" lon="108.83246181921723">
        <ele>407.3359563872218</ele>
        <time>2025-11-17T04:54:44.900000Z</time>
        <extensions>
          <gpxtpx:TrackPointExtension>
            <gpxtpx:hr>115</gpxtpx:hr>
          </gpxtpx:TrackPointExtension>
        </extensions>
      </trkpt>
      <trkpt lat="34.212751828178895" lon="108.832461840057">
        <ele>407.39951486792415</ele>
        <time>2025-11-17T04:54:45.900000Z</time>
        <extensions>
          <gpxtpx:TrackPointExtension>
            <gpxtpx:hr>115</gpxtpx:hr>
          </gpxtpx:TrackPointExtension>
        </extensions>
      </trkpt>
      <trkpt lat="34.2127562499844" lon="108.83246186549906">
        <ele>407.44379171263427</ele>
        <time>2025-11-17T04:54:46.900000Z</time>
        <extensions>
          <gpxtpx:TrackPointExtension>
            <gpxtpx:hr>115</gpxtpx:hr>
          </gpxtpx:TrackPointExtension>
        </extensions>
      </trkpt>
      <trkpt lat="34.212761288507316" lon="108.83246201041362">
        <ele>407.4783541886136</ele>
        <time>2025-11-17T04:54:47.900000Z</time>
        <extensions>
          <gpxtpx:TrackPointExtension>
            <gpxtpx:hr>115</gpxtpx:hr>
          </gpxtpx:TrackPointExtension>
        </extensions>
      </trkpt>
      <trkpt lat="34.212766979446634" lon="108.83246256723517">
        <ele>407.48368765972555</ele>
        <time>2025-11-17T04:54:48.900000Z</time>
        <extensions>
          <gpxtpx:TrackPointExtension>
            <gpxtpx:hr>115</gpxtpx:hr>
          </gpxtpx:TrackPointExtension>
        </extensions>
      </trkpt>
      <trkpt lat="34.212773232459995" lon="108.83246418872064">
        <ele>407.47722057718784</ele>
        <time>2025-11-17T04:54:49.900000Z</time>
        <extensions>
          <gpxtpx:TrackPointExtension>
            <gpxtpx:hr>115</gpxtpx:hr>
          </gpxtpx:TrackPointExtension>
        </extensions>
      </trkpt>
      <trkpt lat="34.212779678722605" lon="108.83246747521918">
        <ele>407.46099837496877</ele>
        <time>2025-11-17T04:54:50.900000Z</time>
        <extensions>
          <gpxtpx:TrackPointExtension>
            <gpxtpx:hr>124</gpxtpx:hr>
          </gpxtpx:TrackPointExtension>
        </extensions>
      </trkpt>
      <trkpt lat="34.212786010430705" lon="108.83247295805864">
        <ele>407.4225342841819</ele>
        <time>2025-11-17T04:54:51.900000Z</time>
        <extensions>
          <gpxtpx:TrackPointExtension>
            <gpxtpx:hr>124</gpxtpx:hr>
          </gpxtpx:TrackPointExtension>
        </extensions>
      </trkpt>
      <trkpt lat="34.21279171807462" lon="108.83248113329721">
        <ele>407.3755972003564</ele>
        <time>2025-11-17T04:54:52.900000Z</time>
        <extensions>
          <gpxtpx:TrackPointExtension>
            <gpxtpx:hr>124</gpxtpx:hr>
          </gpxtpx:TrackPointExtension>
        </extensions>
      </trkpt>
      <trkpt lat="34.21279669215556" lon="108.83249154338561">
        <ele>407.31383322831243</ele>
        <time>2025-11-17T04:54:53.900000Z</time>
        <extensions>
          <gpxtpx:TrackPointExtension>
            <gpxtpx:hr>124</gpxtpx:hr>
          </gpxtpx:TrackPointExtension>
        </extensions>
      </trkpt>
      <trkpt lat="34.21280118074033" lon="108.83250251259264">
        <ele>407.2372995177284</ele>
        <time>2025-11-17T04:54:54.900000Z</time>
        <extensions>
          <gpxtpx:TrackPointExtension>
            <gpxtpx:hr>124</gpxtpx:hr>
          </gpxtpx:TrackPointExtension>
        </extensions>
      </trkpt>
      <trkpt lat="34.21280558450466" lon="108.83251210352456">
        <ele>407.146386384964</ele>
        <time>2025-11-17T04:54:55.900000Z</time>
        <extensions>
          <gpxtpx:TrackPointExtension>
            <gpxtpx:hr>122</gpxtpx:hr>
          </gpxtpx:TrackPointExtension>
        </extensions>
      </trkpt>
      <trkpt lat="34.21281044973769" lon="108.83251954118603">
        <ele>407.0456869052723</ele>
        <time>2025-11-17T04:54:56.900000Z</time>
        <extensions>
          <gpxtpx:TrackPointExtension>
            <gpxtpx:hr>122</gpxtpx:hr>
          </gpxtpx:TrackPointExtension>
        </extensions>
      </trkpt>
      <trkpt lat="34.212815995778826" lon="108.83252650427595">
        <ele>406.96400960721076</ele>
        <time>2025-11-17T04:54:57.900000Z</time>
        <extensions>
          <gpxtpx:TrackPointExtension>
            <gpxtpx:hr>122</gpxtpx:hr>
          </gpxtpx:TrackPointExtension>
        </extensions>
      </trkpt>
      <trkpt lat="34.212822203411186" lon="108.8325345978236">
        <ele>406.88047366123646</ele>
        <time>2025-11-17T04:54:58.900000Z</time>
        <extensions>
          <gpxtpx:TrackPointExtension>
            <gpxtpx:hr>122</gpxtpx:hr>
          </gpxtpx:TrackPointExtension>
        </extensions>
      </trkpt>
      <trkpt lat="34.21282821474573" lon="108.83254379462379">
        <ele>406.8021104410291</ele>
        <time>2025-11-17T04:54:59.900000Z</time>
        <extensions>
          <gpxtpx:TrackPointExtension>
            <gpxtpx:hr>122</gpxtpx:hr>
          </gpxtpx:TrackPointExtension>
        </extensions>
      </trkpt>
      <trkpt lat="34.212834013039775" lon="108.83255362491649">
        <ele>406.72936437185854</ele>
        <time>2025-11-17T04:55:00.900000Z</time>
        <extensions>
          <gpxtpx:TrackPointExtension>
            <gpxtpx:hr>124</gpxtpx:hr>
          </gpxtpx:TrackPointExtension>
        </extensions>
      </trkpt>
      <trkpt lat="34.212840376234794" lon="108.83256408348835">
        <ele>406.6596938269213</ele>
        <time>2025-11-17T04:55:01.900000Z</time>
        <extensions>
          <gpxtpx:TrackPointExtension>
            <gpxtpx:hr>124</gpxtpx:hr>
          </gpxtpx:TrackPointExtension>
        </extensions>
      </trkpt>
      <trkpt lat="34.212847517832756" lon="108.83257545034458">
        <ele>406.59606348723173</ele>
        <time>2025-11-17T04:55:02.900000Z</time>
        <extensions>
          <gpxtpx:TrackPointExtension>
            <gpxtpx:hr>124</gpxtpx:hr>
          </gpxtpx:TrackPointExtension>
        </extensions>
      </trkpt>
      <trkpt lat="34.212855220163064" lon="108.83258788363818">
        <ele>406.54714236129075</ele>
        <time>2025-11-17T04:55:03.900000Z</time>
        <extensions>
          <gpxtpx:TrackPointExtension>
            <gpxtpx:hr>124</gpxtpx:hr>
          </gpxtpx:TrackPointExtension>
        </extensions>
      </trkpt>
      <trkpt lat="34.212863069377654" lon="108.83260111166018">
        <ele>406.51221129018813</ele>
        <time>2025-11-17T04:55:04.900000Z</time>
        <extensions>
          <gpxtpx:TrackPointExtension>
            <gpxtpx:hr>124</gpxtpx:hr>
          </gpxtpx:TrackPointExtension>
        </extensions>
      </trkpt>
      <trkpt lat="34.21287117973333" lon="108.83261436743665">
        <ele>406.49386878404766</ele>
        <time>2025-11-17T04:55:05.900000Z</time>
        <extensions>
          <gpxtpx:TrackPointExtension>
            <gpxtpx:hr>125</gpxtpx:hr>
          </gpxtpx:TrackPointExtension>
        </extensions>
      </trkpt>
      <trkpt lat="34.21287973624555" lon="108.83262805340522">
        <ele>406.48276958987117</ele>
        <time>2025-11-17T04:55:06.900000Z</time>
        <extensions>
          <gpxtpx:TrackPointExtension>
            <gpxtpx:hr>125</gpxtpx:hr>
          </gpxtpx:TrackPointExtension>
        </extensions>
      </trkpt>
      <trkpt lat="34.212888654386944" lon="108.83264255240854">
        <ele>406.48646566364914</ele>
        <time>2025-11-17T04:55:07.900000Z</time>
        <extensions>
          <gpxtpx:TrackPointExtension>
            <gpxtpx:hr>125</gpxtpx:hr>
          </gpxtpx:TrackPointExtension>
        </extensions>
      </trkpt>
      <trkpt lat="34.212897109739856" lon="108.83265522588606">
        <ele>406.5062347147614</ele>
        <time>2025-11-17T04:55:08.900000Z</time>
        <extensions>
          <gpxtpx:TrackPointExtension>
            <gpxtpx:hr>125</gpxtpx:hr>
          </gpxtpx:TrackPointExtension>
        </extensions>
      </trkpt>
      <trkpt lat="34.212905905469334" lon="108.83266593799662">
        <ele>406.53369417320937</ele>
        <time>2025-11-17T04:55:09.900000Z</time>
        <extensions>
          <gpxtpx:TrackPointExtension>
            <gpxtpx:hr>125</gpxtpx:hr>
          </gpxtpx:TrackPointExtension>
        </extensions>
      </trkpt>
      <trkpt lat="34.2129167855617" lon="108.83267647671812">
        <ele>406.57275456842035</ele>
        <time>2025-11-17T04:55:10.900000Z</time>
        <extensions>
          <gpxtpx:TrackPointExtension>
            <gpxtpx:hr>117</gpxtpx:hr>
          </gpxtpx:TrackPointExtension>
        </extensions>
      </trkpt>
      <trkpt lat="34.21292835245018" lon="108.83268583380739">
        <ele>406.61706475540996</ele>
        <time>2025-11-17T04:55:11.900000Z</time>
        <extensions>
          <gpxtpx:TrackPointExtension>
            <gpxtpx:hr>117</gpxtpx:hr>
          </gpxtpx:TrackPointExtension>
        </extensions>
      </trkpt>
      <trkpt lat="34.212940184649604" lon="108.83269406822858">
        <ele>406.66693089157343</ele>
        <time>2025-11-17T04:55:12.900000Z</time>
        <extensions>
          <gpxtpx:TrackPointExtension>
            <gpxtpx:hr>117</gpxtpx:hr>
          </gpxtpx:TrackPointExtension>
        </extensions>
      </trkpt>
      <trkpt lat="34.21295290239133" lon="108.832702115968">
        <ele>406.72698265779763</ele>
        <time>2025-11-17T04:55:13.900000Z</time>
        <extensions>
          <gpxtpx:TrackPointExtension>
            <gpxtpx:hr>117</gpxtpx:hr>
          </gpxtpx:TrackPointExtension>
        </extensions>
      </trkpt>
      <trkpt lat="34.212965210341764" lon="108.83270947288362">
        <ele>406.78856108151376</ele>
        <time>2025-11-17T04:55:14.900000Z</time>
        <extensions>
          <gpxtpx:TrackPointExtension>
            <gpxtpx:hr>117</gpxtpx:hr>
          </gpxtpx:TrackPointExtension>
        </extensions>
      </trkpt>
      <trkpt lat="34.21297742488103" lon="108.83271554961325">
        <ele>406.84901046939194</ele>
        <time>2025-11-17T04:55:15.900000Z</time>
        <extensions>
          <gpxtpx:TrackPointExtension>
            <gpxtpx:hr>117</gpxtpx:hr>
          </gpxtpx:TrackPointExtension>
        </extensions>
      </trkpt>
      <trkpt lat="34.21298937464165" lon="108.83271986729433">
        <ele>406.9309300528839</ele>
        <time>2025-11-17T04:55:16.900000Z</time>
        <extensions>
          <gpxtpx:TrackPointExtension>
            <gpxtpx:hr>117</gpxtpx:hr>
          </gpxtpx:TrackPointExtension>
        </extensions>
      </trkpt>
      <trkpt lat="34.21300182838085" lon="108.83272235098745">
        <ele>407.0189937129617</ele>
        <time>2025-11-17T04:55:17.900000Z</time>
        <extensions>
          <gpxtpx:TrackPointExtension>
            <gpxtpx:hr>122</gpxtpx:hr>
          </gpxtpx:TrackPointExtension>
        </extensions>
      </trkpt>
      <trkpt lat="34.21301600871252" lon="108.8327238779781">
        <ele>407.10083298385143</ele>
        <time>2025-11-17T04:55:18.900000Z</time>
        <extensions>
          <gpxtpx:TrackPointExtension>
            <gpxtpx:hr>122</gpxtpx:hr>
          </gpxtpx:TrackPointExtension>
        </extensions>
      </trkpt>
      <trkpt lat="34.213029532361055" lon="108.83272527080547">
        <ele>407.1761824339628</ele>
        <time>2025-11-17T04:55:19.900000Z</time>
        <extensions>
          <gpxtpx:TrackPointExtension>
            <gpxtpx:hr>122</gpxtpx:hr>
          </gpxtpx:TrackPointExtension>
        </extensions>
      </trkpt>
      <trkpt lat="34.213042706014186" lon="108.83272655229086">
        <ele>407.25148122757673</ele>
        <time>2025-11-17T04:55:20.900000Z</time>
        <extensions>
          <gpxtpx:TrackPointExtension>
            <gpxtpx:hr>122</gpxtpx:hr>
          </gpxtpx:TrackPointExtension>
        </extensions>
      </trkpt>
      <trkpt lat="34.213055338576055" lon="108.83272733741946">
        <ele>407.32348554581404</ele>
        <time>2025-11-17T04:55:21.900000Z</time>
        <extensions>
          <gpxtpx:TrackPointExtension>
            <gpxtpx:hr>121</gpxtpx:hr>
          </gpxtpx:TrackPointExtension>
        </extensions>
      </trkpt>
      <trkpt lat="34.213067941489214" lon="108.83272695784761">
        <ele>407.3723118202761</ele>
        <time>2025-11-17T04:55:22.900000Z</time>
        <extensions>
          <gpxtpx:TrackPointExtension>
            <gpxtpx:hr>121</gpxtpx:hr>
          </gpxtpx:TrackPointExtension>
        </extensions>
      </trkpt>
      <trkpt lat="34.21308205309165" lon="108.83272455458085">
        <ele>407.41539998631924</ele>
        <time>2025-11-17T04:55:23.900000Z</time>
        <extensions>
          <gpxtpx:TrackPointExtension>
            <gpxtpx:hr>121</gpxtpx:hr>
          </gpxtpx:TrackPointExtension>
        </extensions>
      </trkpt>
      <trkpt lat="34.213095964959194" lon="108.83272050548628">
        <ele>407.4656270844862</ele>
        <time>2025-11-17T04:55:24.900000Z</time>
        <extensions>
          <gpxtpx:TrackPointExtension>
            <gpxtpx:hr>121</gpxtpx:hr>
          </gpxtpx:TrackPointExtension>
        </extensions>
      </trkpt>
      <trkpt lat="34.213109830613305" lon="108.83271617398316">
        <ele>407.51683110464364</ele>
        <time>2025-11-17T04:55:25.900000Z</time>
        <extensions>
          <gpxtpx:TrackPointExtension>
            <gpxtpx:hr>121</gpxtpx:hr>
          </gpxtpx:TrackPointExtension>
        </extensions>
      </trkpt>
      <trkpt lat="34.21312411184386" lon="108.83271308870947">
        <ele>407.5626970343292</ele>
        <time>2025-11-17T04:55:26.900000Z</time>
        <extensions>
          <gpxtpx:TrackPointExtension>
            <gpxtpx:hr>119</gpxtpx:hr>
          </gpxtpx:TrackPointExtension>
        </extensions>
      </trkpt>
      <trkpt lat="34.21313804244852" lon="108.83271147762444">
        <ele>407.5956681147218</ele>
        <time>2025-11-17T04:55:27.900000Z</time>
        <extensions>
          <gpxtpx:TrackPointExtension>
            <gpxtpx:hr>119</gpxtpx:hr>
          </gpxtpx:TrackPointExtension>
        </extensions>
      </trkpt>
      <trkpt lat="34.21315094372107" lon="108.8327108493478">
        <ele>407.62508525978774</ele>
        <time>2025-11-17T04:55:28.900000Z</time>
        <extensions>
          <gpxtpx:TrackPointExtension>
            <gpxtpx:hr>119</gpxtpx:hr>
          </gpxtpx:TrackPointExtension>
        </extensions>
      </trkpt>
      <trkpt lat="34.21316354333552" lon="108.83271072141729">
        <ele>407.6527765439823</ele>
        <time>2025-11-17T04:55:29.900000Z</time>
        <extensions>
          <gpxtpx:TrackPointExtension>
            <gpxtpx:hr>119</gpxtpx:hr>
          </gpxtpx:TrackPointExtension>
        </extensions>
      </trkpt>
      <trkpt lat="34.21317743217692" lon="108.83271066795318">
        <ele>407.6744879139587</ele>
        <time>2025-11-17T04:55:30.900000Z</time>
        <extensions>
          <gpxtpx:TrackPointExtension>
            <gpxtpx:hr>119</gpxtpx:hr>
          </gpxtpx:TrackPointExtension>
        </extensions>
      </trkpt>
      <trkpt lat="34.213191072547545" lon="108.83271082706696">
        <ele>407.69613984040916</ele>
        <time>2025-11-17T04:55:31.900000Z</time>
        <extensions>
          <gpxtpx:TrackPointExtension>
            <gpxtpx:hr>118</gpxtpx:hr>
          </gpxtpx:TrackPointExtension>
        </extensions>
      </trkpt>
      <trkpt lat="34.21320431573358" lon="108.83271070345205">
        <ele>407.71728080231696</ele>
        <time>2025-11-17T04:55:32.900000Z</time>
        <extensions>
          <gpxtpx:TrackPointExtension>
            <gpxtpx:hr>118</gpxtpx:hr>
          </gpxtpx:TrackPointExtension>
        </extensions>
      </trkpt>
      <trkpt lat="34.21321687446769" lon="108.83270987096115">
        <ele>407.73593143746257</ele>
        <time>2025-11-17T04:55:33.900000Z</time>
        <extensions>
          <gpxtpx:TrackPointExtension>
            <gpxtpx:hr>118</gpxtpx:hr>
          </gpxtpx:TrackPointExtension>
        </extensions>
      </trkpt>
      <trkpt lat="34.21322865326759" lon="108.83270849540092">
        <ele>407.7500972049311</ele>
        <time>2025-11-17T04:55:34.900000Z</time>
        <extensions>
          <gpxtpx:TrackPointExtension>
            <gpxtpx:hr>118</gpxtpx:hr>
          </gpxtpx:TrackPointExtension>
        </extensions>
      </trkpt>
      <trkpt lat="34.21324014229845" lon="108.83270725524048">
        <ele>407.7570297913626</ele>
        <time>2025-11-17T04:55:35.900000Z</time>
        <extensions>
          <gpxtpx:TrackPointExtension>
            <gpxtpx:hr>118</gpxtpx:hr>
          </gpxtpx:TrackPointExtension>
        </extensions>
      </trkpt>
      <trkpt lat="34.21325098965103" lon="108.83270680722107">
        <ele>407.7619387023151</ele>
        <time>2025-11-17T04:55:36.900000Z</time>
        <extensions>
          <gpxtpx:TrackPointExtension>
            <gpxtpx:hr>116</gpxtpx:hr>
          </gpxtpx:TrackPointExtension>
        </extensions>
      </trkpt>
      <trkpt lat="34.213262388226255" lon="108.83270697635727">
        <ele>407.77015310060233</ele>
        <time>2025-11-17T04:55:37.900000Z</time>
        <extensions>
          <gpxtpx:TrackPointExtension>
            <gpxtpx:hr>116</gpxtpx:hr>
          </gpxtpx:TrackPointExtension>
        </extensions>
      </trkpt>
      <trkpt lat="34.213275053203894" lon="108.83270773804844">
        <ele>407.77437920775265</ele>
        <time>2025-11-17T04:55:38.900000Z</time>
        <extensions>
          <gpxtpx:TrackPointExtension>
            <gpxtpx:hr>116</gpxtpx:hr>
          </gpxtpx:TrackPointExtension>
        </extensions>
      </trkpt>
      <trkpt lat="34.21328884039924" lon="108.83270885631217">
        <ele>407.7794599989429</ele>
        <time>2025-11-17T04:55:39.900000Z</time>
        <extensions>
          <gpxtpx:TrackPointExtension>
            <gpxtpx:hr>116</gpxtpx:hr>
          </gpxtpx:TrackPointExtension>
        </extensions>
      </trkpt>
      <trkpt lat="34.213301941997145" lon="108.83270982390272">
        <ele>407.7782050287351</ele>
        <time>2025-11-17T04:55:40.900000Z</time>
        <extensions>
          <gpxtpx:TrackPointExtension>
            <gpxtpx:hr>116</gpxtpx:hr>
          </gpxtpx:TrackPointExtension>
        </extensions>
      </trkpt>
      <trkpt lat="34.21331448701401" lon="108.83271014533778">
        <ele>407.7725678887218</ele>
        <time>2025-11-17T04:55:41.900000Z</time>
        <extensions>
          <gpxtpx:TrackPointExtension>
            <gpxtpx:hr>116</gpxtpx:hr>
          </gpxtpx:TrackPointExtension>
        </extensions>
      </trkpt>
      <trkpt lat="34.21332667800013" lon="108.83271002723028">
        <ele>407.76110412273556</ele>
        <time>2025-11-17T04:55:42.900000Z</time>
        <extensions>
          <gpxtpx:TrackPointExtension>
            <gpxtpx:hr>116</gpxtpx:hr>
          </gpxtpx:TrackPointExtension>
        </extensions>
      </trkpt>
      <trkpt lat="34.213339107063895" lon="108.83270988412283">
        <ele>407.7493895115331</ele>
        <time>2025-11-17T04:55:43.900000Z</time>
        <extensions>
          <gpxtpx:TrackPointExtension>
            <gpxtpx:hr>116</gpxtpx:hr>
          </gpxtpx:TrackPointExtension>
        </extensions>
      </trkpt>
      <trkpt lat="34.2133513680438" lon="108.83271011489438">
        <ele>407.7415945138782</ele>
        <time>2025-11-17T04:55:44.900000Z</time>
        <extensions>
          <gpxtpx:TrackPointExtension>
            <gpxtpx:hr>116</gpxtpx:hr>
          </gpxtpx:TrackPointExtension>
        </extensions>
      </trkpt>
      <trkpt lat="34.21336337927133" lon="108.83271042847714">
        <ele>407.72668019030243</ele>
        <time>2025-11-17T04:55:45.900000Z</time>
        <extensions>
          <gpxtpx:TrackPointExtension>
            <gpxtpx:hr>115</gpxtpx:hr>
          </gpxtpx:TrackPointExtension>
        </extensions>
      </trkpt>
      <trkpt lat="34.21337681980692" lon="108.83271015474665">
        <ele>407.70658554602414</ele>
        <time>2025-11-17T04:55:46.900000Z</time>
        <extensions>
          <gpxtpx:TrackPointExtension>
            <gpxtpx:hr>115</gpxtpx:hr>
          </gpxtpx:TrackPointExtension>
        </extensions>
      </trkpt>
      <trkpt lat="34.21339015232225" lon="108.83270976175193">
        <ele>407.69121226575226</ele>
        <time>2025-11-17T04:55:47.900000Z</time>
        <extensions>
          <gpxtpx:TrackPointExtension>
            <gpxtpx:hr>115</gpxtpx:hr>
          </gpxtpx:TrackPointExtension>
        </extensions>
      </trkpt>
      <trkpt lat="34.213403731687464" lon="108.83270977478259">
        <ele>407.67374051362276</ele>
        <time>2025-11-17T04:55:48.900000Z</time>
        <extensions>
          <gpxtpx:TrackPointExtension>
            <gpxtpx:hr>115</gpxtpx:hr>
          </gpxtpx:TrackPointExtension>
        </extensions>
      </trkpt>
      <trkpt lat="34.21341749392978" lon="108.8327102207109">
        <ele>407.65998893696815</ele>
        <time>2025-11-17T04:55:49.900000Z</time>
        <extensions>
          <gpxtpx:TrackPointExtension>
            <gpxtpx:hr>115</gpxtpx:hr>
          </gpxtpx:TrackPointExtension>
        </extensions>
      </trkpt>
      <trkpt lat="34.213430961793485" lon="108.83271090779189">
        <ele>407.64793411735445</ele>
        <time>2025-11-17T04:55:50.900000Z</time>
        <extensions>
          <gpxtpx:TrackPointExtension>
            <gpxtpx:hr>114</gpxtpx:hr>
          </gpxtpx:TrackPointExtension>
        </extensions>
      </trkpt>
      <trkpt lat="34.21344402079438" lon="108.83271156230926">
        <ele>407.64725628402084</ele>
        <time>2025-11-17T04:55:51.900000Z</time>
        <extensions>
          <gpxtpx:TrackPointExtension>
            <gpxtpx:hr>114</gpxtpx:hr>
          </gpxtpx:TrackPointExtension>
        </extensions>
      </trkpt>
      <trkpt lat="34.21345666490889" lon="108.83271216204723">
        <ele>407.6533080684021</ele>
        <time>2025-11-17T04:55:52.900000Z</time>
        <extensions>
          <gpxtpx:TrackPointExtension>
            <gpxtpx:hr>114</gpxtpx:hr>
          </gpxtpx:TrackPointExtension>
        </extensions>
      </trkpt>
      <trkpt lat="34.21346896739832" lon="108.83271280902582">
        <ele>407.66032724734396</ele>
        <time>2025-11-17T04:55:53.900000Z</time>
        <extensions>
          <gpxtpx:TrackPointExtension>
            <gpxtpx:hr>114</gpxtpx:hr>
          </gpxtpx:TrackPointExtension>
        </extensions>
      </trkpt>
      <trkpt lat="34.21348139405082" lon="108.83271295605579">
        <ele>407.6627299422398</ele>
        <time>2025-11-17T04:55:54.900000Z</time>
        <extensions>
          <gpxtpx:TrackPointExtension>
            <gpxtpx:hr>112</gpxtpx:hr>
          </gpxtpx:TrackPointExtension>
        </extensions>
      </trkpt>
      <trkpt lat="34.2134950135157" lon="108.8327122697315">
        <ele>407.66533237788826</ele>
        <time>2025-11-17T04:55:55.900000Z</time>
        <extensions>
          <gpxtpx:TrackPointExtension>
            <gpxtpx:hr>112</gpxtpx:hr>
          </gpxtpx:TrackPointExtension>
        </extensions>
      </trkpt>
      <trkpt lat="34.21350827773877" lon="108.83271091244892">
        <ele>407.6646117195487</ele>
        <time>2025-11-17T04:55:56.900000Z</time>
        <extensions>
          <gpxtpx:TrackPointExtension>
            <gpxtpx:hr>112</gpxtpx:hr>
          </gpxtpx:TrackPointExtension>
        </extensions>
      </trkpt>
      <trkpt lat="34.21352129376133" lon="108.83270911723537">
        <ele>407.67410268913954</ele>
        <time>2025-11-17T04:55:57.900000Z</time>
        <extensions>
          <gpxtpx:TrackPointExtension>
            <gpxtpx:hr>112</gpxtpx:hr>
          </gpxtpx:TrackPointExtension>
        </extensions>
      </trkpt>
      <trkpt lat="34.21353400354369" lon="108.83270675644548">
        <ele>407.6687661688775</ele>
        <time>2025-11-17T04:55:58.900000Z</time>
        <extensions>
          <gpxtpx:TrackPointExtension>
            <gpxtpx:hr>112</gpxtpx:hr>
          </gpxtpx:TrackPointExtension>
        </extensions>
      </trkpt>
      <trkpt lat="34.21354627781893" lon="108.83270334577666">
        <ele>407.66796993557364</ele>
        <time>2025-11-17T04:55:59.900000Z</time>
        <extensions>
          <gpxtpx:TrackPointExtension>
            <gpxtpx:hr>112</gpxtpx:hr>
          </gpxtpx:TrackPointExtension>
        </extensions>
      </trkpt>
      <trkpt lat="34.21355789190156" lon="108.83269917130261">
        <ele>407.65606635343283</ele>
        <time>2025-11-17T04:56:00.900000Z</time>
        <extensions>
          <gpxtpx:TrackPointExtension>
            <gpxtpx:hr>114</gpxtpx:hr>
          </gpxtpx:TrackPointExtension>
        </extensions>
      </trkpt>
      <trkpt lat="34.213569207384666" lon="108.8326938544228">
        <ele>407.64827326498926</ele>
        <time>2025-11-17T04:56:01.900000Z</time>
        <extensions>
          <gpxtpx:TrackPointExtension>
            <gpxtpx:hr>114</gpxtpx:hr>
          </gpxtpx:TrackPointExtension>
        </extensions>
      </trkpt>
      <trkpt lat="34.21358155130738" lon="108.8326868779909">
        <ele>407.654043789953</ele>
        <time>2025-11-17T04:56:02.900000Z</time>
        <extensions>
          <gpxtpx:TrackPointExtension>
            <gpxtpx:hr>114</gpxtpx:hr>
          </gpxtpx:TrackPointExtension>
        </extensions>
      </trkpt>
      <trkpt lat="34.21359313196801" lon="108.83267968876058">
        <ele>407.6667452286929</ele>
        <time>2025-11-17T04:56:03.900000Z</time>
        <extensions>
          <gpxtpx:TrackPointExtension>
            <gpxtpx:hr>114</gpxtpx:hr>
          </gpxtpx:TrackPointExtension>
        </extensions>
      </trkpt>
      <trkpt lat="34.213603658443624" lon="108.83267198643208">
        <ele>407.68009479157627</ele>
        <time>2025-11-17T04:56:04.900000Z</time>
        <extensions>
          <gpxtpx:TrackPointExtension>
            <gpxtpx:hr>114</gpxtpx:hr>
          </gpxtpx:TrackPointExtension>
        </extensions>
      </trkpt>
      <trkpt lat="34.21361390445722" lon="108.83266248735066">
        <ele>407.6931664282456</ele>
        <time>2025-11-17T04:56:05.900000Z</time>
        <extensions>
          <gpxtpx:TrackPointExtension>
            <gpxtpx:hr>114</gpxtpx:hr>
          </gpxtpx:TrackPointExtension>
        </extensions>
      </trkpt>
      <trkpt lat="34.2136231886234" lon="108.83265090074198">
        <ele>407.7151982616633</ele>
        <time>2025-11-17T04:56:06.900000Z</time>
        <extensions>
          <gpxtpx:TrackPointExtension>
            <gpxtpx:hr>113</gpxtpx:hr>
          </gpxtpx:TrackPointExtension>
        </extensions>
      </trkpt>
      <trkpt lat="34.213630856177566" lon="108.8326383229966">
        <ele>407.7551806923002</ele>
        <time>2025-11-17T04:56:07.900000Z</time>
        <extensions>
          <gpxtpx:TrackPointExtension>
            <gpxtpx:hr>113</gpxtpx:hr>
          </gpxtpx:TrackPointExtension>
        </extensions>
      </trkpt>
      <trkpt lat="34.21363716873327" lon="108.83262539553535">
        <ele>407.79919025767595</ele>
        <time>2025-11-17T04:56:08.900000Z</time>
        <extensions>
          <gpxtpx:TrackPointExtension>
            <gpxtpx:hr>113</gpxtpx:hr>
          </gpxtpx:TrackPointExtension>
        </extensions>
      </trkpt>
      <trkpt lat="34.21364295996161" lon="108.83261337311643">
        <ele>407.8376371441409</ele>
        <time>2025-11-17T04:56:09.900000Z</time>
        <extensions>
          <gpxtpx:TrackPointExtension>
            <gpxtpx:hr>113</gpxtpx:hr>
          </gpxtpx:TrackPointExtension>
        </extensions>
      </trkpt>
      <trkpt lat="34.213649154338825" lon="108.83260241834368">
        <ele>407.87780038360506</ele>
        <time>2025-11-17T04:56:10.900000Z</time>
        <extensions>
          <gpxtpx:TrackPointExtension>
            <gpxtpx:hr>113</gpxtpx:hr>
          </gpxtpx:TrackPointExtension>
        </extensions>
      </trkpt>
      <trkpt lat="34.21365652064359" lon="108.8325904313871">
        <ele>407.92134111281484</ele>
        <time>2025-11-17T04:56:11.900000Z</time>
        <extensions>
          <gpxtpx:TrackPointExtension>
            <gpxtpx:hr>112</gpxtpx:hr>
          </gpxtpx:TrackPointExtension>
        </extensions>
      </trkpt>
      <trkpt lat="34.21366430757357" lon="108.83257863149744">
        <ele>407.9613873241469</ele>
        <time>2025-11-17T04:56:12.900000Z</time>
        <extensions>
          <gpxtpx:TrackPointExtension>
            <gpxtpx:hr>112</gpxtpx:hr>
          </gpxtpx:TrackPointExtension>
        </extensions>
      </trkpt>
      <trkpt lat="34.21367134909847" lon="108.83256669972936">
        <ele>408.0002427631989</ele>
        <time>2025-11-17T04:56:13.900000Z</time>
        <extensions>
          <gpxtpx:TrackPointExtension>
            <gpxtpx:hr>112</gpxtpx:hr>
          </gpxtpx:TrackPointExtension>
        </extensions>
      </trkpt>
      <trkpt lat="34.21367678995772" lon="108.83255327986684">
        <ele>408.0429820585996</ele>
        <time>2025-11-17T04:56:14.900000Z</time>
        <extensions>
          <gpxtpx:TrackPointExtension>
            <gpxtpx:hr>112</gpxtpx:hr>
          </gpxtpx:TrackPointExtension>
        </extensions>
      </trkpt>
      <trkpt lat="34.21368069924918" lon="108.83253851775932">
        <ele>408.08021157141775</ele>
        <time>2025-11-17T04:56:15.900000Z</time>
        <extensions>
          <gpxtpx:TrackPointExtension>
            <gpxtpx:hr>112</gpxtpx:hr>
          </gpxtpx:TrackPointExtension>
        </extensions>
      </trkpt>
      <trkpt lat="34.21368411277033" lon="108.83252218516864">
        <ele>408.11602328624576</ele>
        <time>2025-11-17T04:56:16.900000Z</time>
        <extensions>
          <gpxtpx:TrackPointExtension>
            <gpxtpx:hr>113</gpxtpx:hr>
          </gpxtpx:TrackPointExtension>
        </extensions>
      </trkpt>
      <trkpt lat="34.21368755010051" lon="108.83250617473118">
        <ele>408.14400652609766</ele>
        <time>2025-11-17T04:56:17.900000Z</time>
        <extensions>
          <gpxtpx:TrackPointExtension>
            <gpxtpx:hr>113</gpxtpx:hr>
          </gpxtpx:TrackPointExtension>
        </extensions>
      </trkpt>
      <trkpt lat="34.21369081324769" lon="108.83249100082752">
        <ele>408.1689444044605</ele>
        <time>2025-11-17T04:56:18.900000Z</time>
        <extensions>
          <gpxtpx:TrackPointExtension>
            <gpxtpx:hr>113</gpxtpx:hr>
          </gpxtpx:TrackPointExtension>
        </extensions>
      </trkpt>
      <trkpt lat="34.21369372466216" lon="108.83247621571564">
        <ele>408.2000933177769</ele>
        <time>2025-11-17T04:56:19.900000Z</time>
        <extensions>
          <gpxtpx:TrackPointExtension>
            <gpxtpx:hr>113</gpxtpx:hr>
          </gpxtpx:TrackPointExtension>
        </extensions>
      </trkpt>
      <trkpt lat="34.213696514522724" lon="108.83246132875837">
        <ele>408.2340824343264</ele>
        <time>2025-11-17T04:56:20.900000Z</time>
        <extensions>
          <gpxtpx:TrackPointExtension>
            <gpxtpx:hr>112</gpxtpx:hr>
          </gpxtpx:TrackPointExtension>
        </extensions>
      </trkpt>
      <trkpt lat="34.213699190995314" lon="108.83244568006549">
        <ele>408.2678914749995</ele>
        <time>2025-11-17T04:56:21.900000Z</time>
        <extensions>
          <gpxtpx:TrackPointExtension>
            <gpxtpx:hr>112</gpxtpx:hr>
          </gpxtpx:TrackPointExtension>
        </extensions>
      </trkpt>
      <trkpt lat="34.213701379620794" lon="108.83243029790668">
        <ele>408.31044982746243</ele>
        <time>2025-11-17T04:56:22.900000Z</time>
        <extensions>
          <gpxtpx:TrackPointExtension>
            <gpxtpx:hr>112</gpxtpx:hr>
          </gpxtpx:TrackPointExtension>
        </extensions>
      </trkpt>
      <trkpt lat="34.21370360476857" lon="108.83241515211822">
        <ele>408.35671364702284</ele>
        <time>2025-11-17T04:56:23.900000Z</time>
        <extensions>
          <gpxtpx:TrackPointExtension>
            <gpxtpx:hr>112</gpxtpx:hr>
          </gpxtpx:TrackPointExtension>
        </extensions>
      </trkpt>
      <trkpt lat="34.213706368389474" lon="108.83240052566286">
        <ele>408.4027390955016</ele>
        <time>2025-11-17T04:56:24.900000Z</time>
        <extensions>
          <gpxtpx:TrackPointExtension>
            <gpxtpx:hr>110</gpxtpx:hr>
          </gpxtpx:TrackPointExtension>
        </extensions>
      </trkpt>
      <trkpt lat="34.21370959915555" lon="108.83238614343944">
        <ele>408.44562052283436</ele>
        <time>2025-11-17T04:56:25.900000Z</time>
        <extensions>
          <gpxtpx:TrackPointExtension>
            <gpxtpx:hr>110</gpxtpx:hr>
          </gpxtpx:TrackPointExtension>
        </extensions>
      </trkpt>
      <trkpt lat="34.21371357155626" lon="108.83237093906544">
        <ele>408.4925287226215</ele>
        <time>2025-11-17T04:56:26.900000Z</time>
        <extensions>
          <gpxtpx:TrackPointExtension>
            <gpxtpx:hr>110</gpxtpx:hr>
          </gpxtpx:TrackPointExtension>
        </extensions>
      </trkpt>
      <trkpt lat="34.21371829234508" lon="108.83235611048038">
        <ele>408.5416268343106</ele>
        <time>2025-11-17T04:56:27.900000Z</time>
        <extensions>
          <gpxtpx:TrackPointExtension>
            <gpxtpx:hr>110</gpxtpx:hr>
          </gpxtpx:TrackPointExtension>
        </extensions>
      </trkpt>
      <trkpt lat="34.213723684079945" lon="108.83234154609936">
        <ele>408.59309332072735</ele>
        <time>2025-11-17T04:56:28.900000Z</time>
        <extensions>
          <gpxtpx:TrackPointExtension>
            <gpxtpx:hr>110</gpxtpx:hr>
          </gpxtpx:TrackPointExtension>
        </extensions>
      </trkpt>
      <trkpt lat="34.21372911148466" lon="108.83232743522191">
        <ele>408.6462686965242</ele>
        <time>2025-11-17T04:56:29.900000Z</time>
        <extensions>
          <gpxtpx:TrackPointExtension>
            <gpxtpx:hr>110</gpxtpx:hr>
          </gpxtpx:TrackPointExtension>
        </extensions>
      </trkpt>
      <trkpt lat="34.213734500463815" lon="108.83231470015681">
        <ele>408.69788596592844</ele>
        <time>2025-11-17T04:56:30.900000Z</time>
        <extensions>
          <gpxtpx:TrackPointExtension>
            <gpxtpx:hr>110</gpxtpx:hr>
          </gpxtpx:TrackPointExtension>
        </extensions>
      </trkpt>
      <trkpt lat="34.2137402529328" lon="108.83230221991869">
        <ele>408.7417292986065</ele>
        <time>2025-11-17T04:56:31.900000Z</time>
        <extensions>
          <gpxtpx:TrackPointExtension>
            <gpxtpx:hr>110</gpxtpx:hr>
          </gpxtpx:TrackPointExtension>
        </extensions>
      </trkpt>
      <trkpt lat="34.2137462915259" lon="108.8322889405255">
        <ele>408.7701016077772</ele>
        <time>2025-11-17T04:56:32.900000Z</time>
        <extensions>
          <gpxtpx:TrackPointExtension>
            <gpxtpx:hr>110</gpxtpx:hr>
          </gpxtpx:TrackPointExtension>
        </extensions>
      </trkpt>
      <trkpt lat="34.21375229851913" lon="108.83227493717013">
        <ele>408.78014279995114</ele>
        <time>2025-11-17T04:56:33.900000Z</time>
        <extensions>
          <gpxtpx:TrackPointExtension>
            <gpxtpx:hr>110</gpxtpx:hr>
          </gpxtpx:TrackPointExtension>
        </extensions>
      </trkpt>
      <trkpt lat="34.213757923576296" lon="108.83226034092628">
        <ele>408.7830149102956</ele>
        <time>2025-11-17T04:56:34.900000Z</time>
        <extensions>
          <gpxtpx:TrackPointExtension>
            <gpxtpx:hr>110</gpxtpx:hr>
          </gpxtpx:TrackPointExtension>
        </extensions>
      </trkpt>
      <trkpt lat="34.21376328254472" lon="108.83224523737263">
        <ele>408.7859012177214</ele>
        <time>2025-11-17T04:56:35.900000Z</time>
        <extensions>
          <gpxtpx:TrackPointExtension>
            <gpxtpx:hr>110</gpxtpx:hr>
          </gpxtpx:TrackPointExtension>
        </extensions>
      </trkpt>
      <trkpt lat="34.21376812752112" lon="108.83223003837657">
        <ele>408.78187784552574</ele>
        <time>2025-11-17T04:56:36.900000Z</time>
        <extensions>
          <gpxtpx:TrackPointExtension>
            <gpxtpx:hr>111</gpxtpx:hr>
          </gpxtpx:TrackPointExtension>
        </extensions>
      </trkpt>
      <trkpt lat="34.213772126567186" lon="108.8322156048703">
        <ele>408.76689880155027</ele>
        <time>2025-11-17T04:56:37.900000Z</time>
        <extensions>
          <gpxtpx:TrackPointExtension>
            <gpxtpx:hr>111</gpxtpx:hr>
          </gpxtpx:TrackPointExtension>
        </extensions>
      </trkpt>
      <trkpt lat="34.21377595625544" lon="108.83220135205926">
        <ele>408.73157885763794</ele>
        <time>2025-11-17T04:56:38.900000Z</time>
        <extensions>
          <gpxtpx:TrackPointExtension>
            <gpxtpx:hr>111</gpxtpx:hr>
          </gpxtpx:TrackPointExtension>
        </extensions>
      </trkpt>
      <trkpt lat="34.213780071852" lon="108.83218751100655">
        <ele>408.6790291760117</ele>
        <time>2025-11-17T04:56:39.900000Z</time>
        <extensions>
          <gpxtpx:TrackPointExtension>
            <gpxtpx:hr>111</gpxtpx:hr>
          </gpxtpx:TrackPointExtension>
        </extensions>
      </trkpt>
      <trkpt lat="34.21378446165162" lon="108.83217405134917">
        <ele>408.6166423978284</ele>
        <time>2025-11-17T04:56:40.900000Z</time>
        <extensions>
          <gpxtpx:TrackPointExtension>
            <gpxtpx:hr>111</gpxtpx:hr>
          </gpxtpx:TrackPointExtension>
        </extensions>
      </trkpt>
      <trkpt lat="34.21378865281043" lon="108.83216082059015">
        <ele>408.5380768980831</ele>
        <time>2025-11-17T04:56:41.900000Z</time>
        <extensions>
          <gpxtpx:TrackPointExtension>
            <gpxtpx:hr>111</gpxtpx:hr>
          </gpxtpx:TrackPointExtension>
        </extensions>
      </trkpt>
      <trkpt lat="34.2137930212933" lon="108.83214815703556">
        <ele>408.4517616033554</ele>
        <time>2025-11-17T04:56:42.900000Z</time>
        <extensions>
          <gpxtpx:TrackPointExtension>
            <gpxtpx:hr>113</gpxtpx:hr>
          </gpxtpx:TrackPointExtension>
        </extensions>
      </trkpt>
      <trkpt lat="34.21379832666594" lon="108.83213530439023">
        <ele>408.3687783945352</ele>
        <time>2025-11-17T04:56:43.900000Z</time>
        <extensions>
          <gpxtpx:TrackPointExtension>
            <gpxtpx:hr>113</gpxtpx:hr>
          </gpxtpx:TrackPointExtension>
        </extensions>
      </trkpt>
      <trkpt lat="34.213803933939204" lon="108.8321235366077">
        <ele>408.2703484017402</ele>
        <time>2025-11-17T04:56:44.900000Z</time>
        <extensions>
          <gpxtpx:TrackPointExtension>
            <gpxtpx:hr>113</gpxtpx:hr>
          </gpxtpx:TrackPointExtension>
        </extensions>
      </trkpt>
      <trkpt lat="34.21380982105888" lon="108.83211357226365">
        <ele>408.184872854501</ele>
        <time>2025-11-17T04:56:45.900000Z</time>
        <extensions>
          <gpxtpx:TrackPointExtension>
            <gpxtpx:hr>113</gpxtpx:hr>
          </gpxtpx:TrackPointExtension>
        </extensions>
      </trkpt>
      <trkpt lat="34.21381585640056" lon="108.83210559888695">
        <ele>408.09922176692635</ele>
        <time>2025-11-17T04:56:46.900000Z</time>
        <extensions>
          <gpxtpx:TrackPointExtension>
            <gpxtpx:hr>113</gpxtpx:hr>
          </gpxtpx:TrackPointExtension>
        </extensions>
      </trkpt>
      <trkpt lat="34.21382168054944" lon="108.83210039076577">
        <ele>408.0016688434407</ele>
        <time>2025-11-17T04:56:47.900000Z</time>
        <extensions>
          <gpxtpx:TrackPointExtension>
            <gpxtpx:hr>113</gpxtpx:hr>
          </gpxtpx:TrackPointExtension>
        </extensions>
      </trkpt>
      <trkpt lat="34.21382727327661" lon="108.83209829123801">
        <ele>407.9074345314875</ele>
        <time>2025-11-17T04:56:48.900000Z</time>
        <extensions>
          <gpxtpx:TrackPointExtension>
            <gpxtpx:hr>113</gpxtpx:hr>
          </gpxtpx:TrackPointExtension>
        </extensions>
      </trkpt>
      <trkpt lat="34.213833719964036" lon="108.83209825107777">
        <ele>407.81398113351315</ele>
        <time>2025-11-17T04:56:49.900000Z</time>
        <extensions>
          <gpxtpx:TrackPointExtension>
            <gpxtpx:hr>111</gpxtpx:hr>
          </gpxtpx:TrackPointExtension>
        </extensions>
      </trkpt>
      <trkpt lat="34.21384200676016" lon="108.83209902821682">
        <ele>407.7200258895755</ele>
        <time>2025-11-17T04:56:50.900000Z</time>
        <extensions>
          <gpxtpx:TrackPointExtension>
            <gpxtpx:hr>111</gpxtpx:hr>
          </gpxtpx:TrackPointExtension>
        </extensions>
      </trkpt>
      <trkpt lat="34.21385112681011" lon="108.83209995887334">
        <ele>407.62637170404196</ele>
        <time>2025-11-17T04:56:51.900000Z</time>
        <extensions>
          <gpxtpx:TrackPointExtension>
            <gpxtpx:hr>111</gpxtpx:hr>
          </gpxtpx:TrackPointExtension>
        </extensions>
      </trkpt>
      <trkpt lat="34.213860297572246" lon="108.83210099090512">
        <ele>407.5435519916937</ele>
        <time>2025-11-17T04:56:52.900000Z</time>
        <extensions>
          <gpxtpx:TrackPointExtension>
            <gpxtpx:hr>111</gpxtpx:hr>
          </gpxtpx:TrackPointExtension>
        </extensions>
      </trkpt>
      <trkpt lat="34.213869997823004" lon="108.83210215063308">
        <ele>407.461304445751</ele>
        <time>2025-11-17T04:56:53.900000Z</time>
        <extensions>
          <gpxtpx:TrackPointExtension>
            <gpxtpx:hr>109</gpxtpx:hr>
          </gpxtpx:TrackPointExtension>
        </extensions>
      </trkpt>
      <trkpt lat="34.21388063515992" lon="108.83210335255265">
        <ele>407.39233747590333</ele>
        <time>2025-11-17T04:56:54.900000Z</time>
        <extensions>
          <gpxtpx:TrackPointExtension>
            <gpxtpx:hr>109</gpxtpx:hr>
          </gpxtpx:TrackPointExtension>
        </extensions>
      </trkpt>
      <trkpt lat="34.21389176636212" lon="108.83210470602866">
        <ele>407.3291806690395</ele>
        <time>2025-11-17T04:56:55.900000Z</time>
        <extensions>
          <gpxtpx:TrackPointExtension>
            <gpxtpx:hr>109</gpxtpx:hr>
          </gpxtpx:TrackPointExtension>
        </extensions>
      </trkpt>
      <trkpt lat="34.21390244946094" lon="108.83210593965383">
        <ele>407.2687862897292</ele>
        <time>2025-11-17T04:56:56.900000Z</time>
        <extensions>
          <gpxtpx:TrackPointExtension>
            <gpxtpx:hr>109</gpxtpx:hr>
          </gpxtpx:TrackPointExtension>
        </extensions>
      </trkpt>
      <trkpt lat="34.213911805244756" lon="108.83210680943121">
        <ele>407.2027918836102</ele>
        <time>2025-11-17T04:56:57.900000Z</time>
        <extensions>
          <gpxtpx:TrackPointExtension>
            <gpxtpx:hr>109</gpxtpx:hr>
          </gpxtpx:TrackPointExtension>
        </extensions>
      </trkpt>
      <trkpt lat="34.21391992079451" lon="108.83210760488076">
        <ele>407.14217783138156</ele>
        <time>2025-11-17T04:56:58.900000Z</time>
        <extensions>
          <gpxtpx:TrackPointExtension>
            <gpxtpx:hr>112</gpxtpx:hr>
          </gpxtpx:TrackPointExtension>
        </extensions>
      </trkpt>
      <trkpt lat="34.21392749726706" lon="108.83210855724617">
        <ele>407.081409313716</ele>
        <time>2025-11-17T04:56:59.900000Z</time>
        <extensions>
          <gpxtpx:TrackPointExtension>
            <gpxtpx:hr>112</gpxtpx:hr>
          </gpxtpx:TrackPointExtension>
        </extensions>
      </trkpt>
      <trkpt lat="34.21393505307776" lon="108.8321097817615">
        <ele>406.99728148337454</ele>
        <time>2025-11-17T04:57:00.900000Z</time>
        <extensions>
          <gpxtpx:TrackPointExtension>
            <gpxtpx:hr>112</gpxtpx:hr>
          </gpxtpx:TrackPointExtension>
        </extensions>
      </trkpt>
      <trkpt lat="34.21394298609017" lon="108.83211154845124">
        <ele>406.9004235723987</ele>
        <time>2025-11-17T04:57:01.900000Z</time>
        <extensions>
          <gpxtpx:TrackPointExtension>
            <gpxtpx:hr>112</gpxtpx:hr>
          </gpxtpx:TrackPointExtension>
        </extensions>
      </trkpt>
      <trkpt lat="34.213951574657145" lon="108.83211406559958">
        <ele>406.7998461732641</ele>
        <time>2025-11-17T04:57:02.900000Z</time>
        <extensions>
          <gpxtpx:TrackPointExtension>
            <gpxtpx:hr>112</gpxtpx:hr>
          </gpxtpx:TrackPointExtension>
        </extensions>
      </trkpt>
      <trkpt lat="34.21396077558389" lon="108.83211723573402">
        <ele>406.6968102818355</ele>
        <time>2025-11-17T04:57:03.900000Z</time>
        <extensions>
          <gpxtpx:TrackPointExtension>
            <gpxtpx:hr>113</gpxtpx:hr>
          </gpxtpx:TrackPointExtension>
        </extensions>
      </trkpt>
      <trkpt lat="34.213969791699206" lon="108.83212038354468">
        <ele>406.58106309734285</ele>
        <time>2025-11-17T04:57:04.900000Z</time>
        <extensions>
          <gpxtpx:TrackPointExtension>
            <gpxtpx:hr>113</gpxtpx:hr>
          </gpxtpx:TrackPointExtension>
        </extensions>
      </trkpt>
      <trkpt lat="34.21397800193567" lon="108.83212262182421">
        <ele>406.45008544716984</ele>
        <time>2025-11-17T04:57:05.900000Z</time>
        <extensions>
          <gpxtpx:TrackPointExtension>
            <gpxtpx:hr>113</gpxtpx:hr>
          </gpxtpx:TrackPointExtension>
        </extensions>
      </trkpt>
      <trkpt lat="34.21398593275062" lon="108.8321238607637">
        <ele>406.30593341961503</ele>
        <time>2025-11-17T04:57:06.900000Z</time>
        <extensions>
          <gpxtpx:TrackPointExtension>
            <gpxtpx:hr>113</gpxtpx:hr>
          </gpxtpx:TrackPointExtension>
        </extensions>
      </trkpt>
      <trkpt lat="34.21399421204066" lon="108.83212442879251">
        <ele>406.14273088146</ele>
        <time>2025-11-17T04:57:07.900000Z</time>
        <extensions>
          <gpxtpx:TrackPointExtension>
            <gpxtpx:hr>113</gpxtpx:hr>
          </gpxtpx:TrackPointExtension>
        </extensions>
      </trkpt>
      <trkpt lat="34.21400230490985" lon="108.83212455857954">
        <ele>405.9664686024189</ele>
        <time>2025-11-17T04:57:08.900000Z</time>
        <extensions>
          <gpxtpx:TrackPointExtension>
            <gpxtpx:hr>113</gpxtpx:hr>
          </gpxtpx:TrackPointExtension>
        </extensions>
      </trkpt>
      <trkpt lat="34.21400995320233" lon="108.83212420953251">
        <ele>405.7791321501136</ele>
        <time>2025-11-17T04:57:09.900000Z</time>
        <extensions>
          <gpxtpx:TrackPointExtension>
            <gpxtpx:hr>113</gpxtpx:hr>
          </gpxtpx:TrackPointExtension>
        </extensions>
      </trkpt>
      <trkpt lat="34.21401803905196" lon="108.83212324504974">
        <ele>405.5957708423957</ele>
        <time>2025-11-17T04:57:10.900000Z</time>
        <extensions>
          <gpxtpx:TrackPointExtension>
            <gpxtpx:hr>112</gpxtpx:hr>
          </gpxtpx:TrackPointExtension>
        </extensions>
      </trkpt>
      <trkpt lat="34.21402727535729" lon="108.8321219579548">
        <ele>405.4144851807505</ele>
        <time>2025-11-17T04:57:11.900000Z</time>
        <extensions>
          <gpxtpx:TrackPointExtension>
            <gpxtpx:hr>112</gpxtpx:hr>
          </gpxtpx:TrackPointExtension>
        </extensions>
      </trkpt>
      <trkpt lat="34.21403711259458" lon="108.83212091400397">
        <ele>405.2337870290503</ele>
        <time>2025-11-17T04:57:12.900000Z</time>
        <extensions>
          <gpxtpx:TrackPointExtension>
            <gpxtpx:hr>112</gpxtpx:hr>
          </gpxtpx:TrackPointExtension>
        </extensions>
      </trkpt>
      <trkpt lat="34.2140463945036" lon="108.83212074085193">
        <ele>405.03845349885523</ele>
        <time>2025-11-17T04:57:13.900000Z</time>
        <extensions>
          <gpxtpx:TrackPointExtension>
            <gpxtpx:hr>112</gpxtpx:hr>
          </gpxtpx:TrackPointExtension>
        </extensions>
      </trkpt>
      <trkpt lat="34.21405478419417" lon="108.83212159021681">
        <ele>404.833843707107</ele>
        <time>2025-11-17T04:57:14.900000Z</time>
        <extensions>
          <gpxtpx:TrackPointExtension>
            <gpxtpx:hr>112</gpxtpx:hr>
          </gpxtpx:TrackPointExtension>
        </extensions>
      </trkpt>
      <trkpt lat="34.21406291248342" lon="108.83212316597312">
        <ele>404.62566383276135</ele>
        <time>2025-11-17T04:57:15.900000Z</time>
        <extensions>
          <gpxtpx:TrackPointExtension>
            <gpxtpx:hr>112</gpxtpx:hr>
          </gpxtpx:TrackPointExtension>
        </extensions>
      </trkpt>
      <trkpt lat="34.21407153470975" lon="108.83212545923523">
        <ele>404.4311055196449</ele>
        <time>2025-11-17T04:57:16.900000Z</time>
        <extensions>
          <gpxtpx:TrackPointExtension>
            <gpxtpx:hr>112</gpxtpx:hr>
          </gpxtpx:TrackPointExtension>
        </extensions>
      </trkpt>
      <trkpt lat="34.214080824933525" lon="108.83212856661959">
        <ele>404.2472871756181</ele>
        <time>2025-11-17T04:57:17.900000Z</time>
        <extensions>
          <gpxtpx:TrackPointExtension>
            <gpxtpx:hr>107</gpxtpx:hr>
          </gpxtpx:TrackPointExtension>
        </extensions>
      </trkpt>
      <trkpt lat="34.21409059325383" lon="108.83213264671849">
        <ele>404.0690910378471</ele>
        <time>2025-11-17T04:57:18.900000Z</time>
        <extensions>
          <gpxtpx:TrackPointExtension>
            <gpxtpx:hr>107</gpxtpx:hr>
          </gpxtpx:TrackPointExtension>
        </extensions>
      </trkpt>
      <trkpt lat="34.21410049503743" lon="108.8321376689966">
        <ele>403.89501389302313</ele>
        <time>2025-11-17T04:57:19.900000Z</time>
        <extensions>
          <gpxtpx:TrackPointExtension>
            <gpxtpx:hr>107</gpxtpx:hr>
          </gpxtpx:TrackPointExtension>
        </extensions>
      </trkpt>
      <trkpt lat="34.21411042567107" lon="108.83214271531254">
        <ele>403.7388557307422</ele>
        <time>2025-11-17T04:57:20.900000Z</time>
        <extensions>
          <gpxtpx:TrackPointExtension>
            <gpxtpx:hr>107</gpxtpx:hr>
          </gpxtpx:TrackPointExtension>
        </extensions>
      </trkpt>
      <trkpt lat="34.21412063895982" lon="108.83214721876531">
        <ele>403.59779752232134</ele>
        <time>2025-11-17T04:57:21.900000Z</time>
        <extensions>
          <gpxtpx:TrackPointExtension>
            <gpxtpx:hr>106</gpxtpx:hr>
          </gpxtpx:TrackPointExtension>
        </extensions>
      </trkpt>
      <trkpt lat="34.21413128734482" lon="108.83215191732589">
        <ele>403.48079620394856</ele>
        <time>2025-11-17T04:57:22.900000Z</time>
        <extensions>
          <gpxtpx:TrackPointExtension>
            <gpxtpx:hr>106</gpxtpx:hr>
          </gpxtpx:TrackPointExtension>
        </extensions>
      </trkpt>
      <trkpt lat="34.214142165968944" lon="108.83215734475074">
        <ele>403.3721496099606</ele>
        <time>2025-11-17T04:57:23.900000Z</time>
        <extensions>
          <gpxtpx:TrackPointExtension>
            <gpxtpx:hr>106</gpxtpx:hr>
          </gpxtpx:TrackPointExtension>
        </extensions>
      </trkpt>
      <trkpt lat="34.21415252243397" lon="108.83216353454324">
        <ele>403.27116675581783</ele>
        <time>2025-11-17T04:57:24.900000Z</time>
        <extensions>
          <gpxtpx:TrackPointExtension>
            <gpxtpx:hr>106</gpxtpx:hr>
          </gpxtpx:TrackPointExtension>
        </extensions>
      </trkpt>
      <trkpt lat="34.21416231019213" lon="108.83217012739748">
        <ele>403.1832618061453</ele>
        <time>2025-11-17T04:57:25.900000Z</time>
        <extensions>
          <gpxtpx:TrackPointExtension>
            <gpxtpx:hr>106</gpxtpx:hr>
          </gpxtpx:TrackPointExtension>
        </extensions>
      </trkpt>
      <trkpt lat="34.21417180494382" lon="108.83217624975381">
        <ele>403.10212590079755</ele>
        <time>2025-11-17T04:57:26.900000Z</time>
        <extensions>
          <gpxtpx:TrackPointExtension>
            <gpxtpx:hr>106</gpxtpx:hr>
          </gpxtpx:TrackPointExtension>
        </extensions>
      </trkpt>
      <trkpt lat="34.214181227515134" lon="108.83218140516482">
        <ele>403.0299871172756</ele>
        <time>2025-11-17T04:57:27.900000Z</time>
        <extensions>
          <gpxtpx:TrackPointExtension>
            <gpxtpx:hr>106</gpxtpx:hr>
          </gpxtpx:TrackPointExtension>
        </extensions>
      </trkpt>
      <trkpt lat="34.21419184016889" lon="108.83218669220258">
        <ele>402.9697612179443</ele>
        <time>2025-11-17T04:57:28.900000Z</time>
        <extensions>
          <gpxtpx:TrackPointExtension>
            <gpxtpx:hr>106</gpxtpx:hr>
          </gpxtpx:TrackPointExtension>
        </extensions>
      </trkpt>
      <trkpt lat="34.21420370327017" lon="108.83219235361604">
        <ele>402.9154444579035</ele>
        <time>2025-11-17T04:57:29.900000Z</time>
        <extensions>
          <gpxtpx:TrackPointExtension>
            <gpxtpx:hr>108</gpxtpx:hr>
          </gpxtpx:TrackPointExtension>
        </extensions>
      </trkpt>
      <trkpt lat="34.2142155213756" lon="108.8321973405041">
        <ele>402.8718844158575</ele>
        <time>2025-11-17T04:57:30.900000Z</time>
        <extensions>
          <gpxtpx:TrackPointExtension>
            <gpxtpx:hr>108</gpxtpx:hr>
          </gpxtpx:TrackPointExtension>
        </extensions>
      </trkpt>
      <trkpt lat="34.21422698442432" lon="108.83220157746165">
        <ele>402.85206720326096</ele>
        <time>2025-11-17T04:57:31.900000Z</time>
        <extensions>
          <gpxtpx:TrackPointExtension>
            <gpxtpx:hr>108</gpxtpx:hr>
          </gpxtpx:TrackPointExtension>
        </extensions>
      </trkpt>
      <trkpt lat="34.214238473901474" lon="108.8322056571962">
        <ele>402.8362931739539</ele>
        <time>2025-11-17T04:57:32.900000Z</time>
        <extensions>
          <gpxtpx:TrackPointExtension>
            <gpxtpx:hr>108</gpxtpx:hr>
          </gpxtpx:TrackPointExtension>
        </extensions>
      </trkpt>
      <trkpt lat="34.214250375906055" lon="108.83220963709967">
        <ele>402.8403112916276</ele>
        <time>2025-11-17T04:57:33.900000Z</time>
        <extensions>
          <gpxtpx:TrackPointExtension>
            <gpxtpx:hr>108</gpxtpx:hr>
          </gpxtpx:TrackPointExtension>
        </extensions>
      </trkpt>
      <trkpt lat="34.21426269038889" lon="108.83221363613004">
        <ele>402.86304749175906</ele>
        <time>2025-11-17T04:57:34.900000Z</time>
        <extensions>
          <gpxtpx:TrackPointExtension>
            <gpxtpx:hr>108</gpxtpx:hr>
          </gpxtpx:TrackPointExtension>
        </extensions>
      </trkpt>
      <trkpt lat="34.21427479239484" lon="108.8322179189947">
        <ele>402.8898697597906</ele>
        <time>2025-11-17T04:57:35.900000Z</time>
        <extensions>
          <gpxtpx:TrackPointExtension>
            <gpxtpx:hr>106</gpxtpx:hr>
          </gpxtpx:TrackPointExtension>
        </extensions>
      </trkpt>
      <trkpt lat="34.21428682402005" lon="108.83222265794114">
        <ele>402.9360840432346</ele>
        <time>2025-11-17T04:57:36.900000Z</time>
        <extensions>
          <gpxtpx:TrackPointExtension>
            <gpxtpx:hr>106</gpxtpx:hr>
          </gpxtpx:TrackPointExtension>
        </extensions>
      </trkpt>
      <trkpt lat="34.21429928491807" lon="108.83222804193346">
        <ele>402.9879286745563</ele>
        <time>2025-11-17T04:57:37.900000Z</time>
        <extensions>
          <gpxtpx:TrackPointExtension>
            <gpxtpx:hr>106</gpxtpx:hr>
          </gpxtpx:TrackPointExtension>
        </extensions>
      </trkpt>
      <trkpt lat="34.21431220472427" lon="108.83223420159243">
        <ele>403.04615417309105</ele>
        <time>2025-11-17T04:57:38.900000Z</time>
        <extensions>
          <gpxtpx:TrackPointExtension>
            <gpxtpx:hr>106</gpxtpx:hr>
          </gpxtpx:TrackPointExtension>
        </extensions>
      </trkpt>
      <trkpt lat="34.21432521220261" lon="108.83224101488283">
        <ele>403.1095489477739</ele>
        <time>2025-11-17T04:57:39.900000Z</time>
        <extensions>
          <gpxtpx:TrackPointExtension>
            <gpxtpx:hr>106</gpxtpx:hr>
          </gpxtpx:TrackPointExtension>
        </extensions>
      </trkpt>
      <trkpt lat="34.21433758548817" lon="108.83224786275706">
        <ele>403.18795882631093</ele>
        <time>2025-11-17T04:57:40.900000Z</time>
        <extensions>
          <gpxtpx:TrackPointExtension>
            <gpxtpx:hr>106</gpxtpx:hr>
          </gpxtpx:TrackPointExtension>
        </extensions>
      </trkpt>
      <trkpt lat="34.214349101533294" lon="108.8322541446123">
        <ele>403.2735675564036</ele>
        <time>2025-11-17T04:57:41.900000Z</time>
        <extensions>
          <gpxtpx:TrackPointExtension>
            <gpxtpx:hr>106</gpxtpx:hr>
          </gpxtpx:TrackPointExtension>
        </extensions>
      </trkpt>
      <trkpt lat="34.21436054111354" lon="108.83225986681114">
        <ele>403.36709865927696</ele>
        <time>2025-11-17T04:57:42.900000Z</time>
        <extensions>
          <gpxtpx:TrackPointExtension>
            <gpxtpx:hr>105</gpxtpx:hr>
          </gpxtpx:TrackPointExtension>
        </extensions>
      </trkpt>
      <trkpt lat="34.21437281850079" lon="108.83226577402638">
        <ele>403.46802063751966</ele>
        <time>2025-11-17T04:57:43.900000Z</time>
        <extensions>
          <gpxtpx:TrackPointExtension>
            <gpxtpx:hr>105</gpxtpx:hr>
          </gpxtpx:TrackPointExtension>
        </extensions>
      </trkpt>
      <trkpt lat="34.214385563644704" lon="108.832272074448">
        <ele>403.56412927340716</ele>
        <time>2025-11-17T04:57:44.900000Z</time>
        <extensions>
          <gpxtpx:TrackPointExtension>
            <gpxtpx:hr>105</gpxtpx:hr>
          </gpxtpx:TrackPointExtension>
        </extensions>
      </trkpt>
      <trkpt lat="34.21439729494144" lon="108.83227827230151">
        <ele>403.65859497059137</ele>
        <time>2025-11-17T04:57:45.900000Z</time>
        <extensions>
          <gpxtpx:TrackPointExtension>
            <gpxtpx:hr>106</gpxtpx:hr>
          </gpxtpx:TrackPointExtension>
        </extensions>
      </trkpt>
      <trkpt lat="34.21440846760783" lon="108.83228395583333">
        <ele>403.74738255515695</ele>
        <time>2025-11-17T04:57:46.900000Z</time>
        <extensions>
          <gpxtpx:TrackPointExtension>
            <gpxtpx:hr>106</gpxtpx:hr>
          </gpxtpx:TrackPointExtension>
        </extensions>
      </trkpt>
      <trkpt lat="34.21442077598813" lon="108.83228891673062">
        <ele>403.84019868727773</ele>
        <time>2025-11-17T04:57:47.900000Z</time>
        <extensions>
          <gpxtpx:TrackPointExtension>
            <gpxtpx:hr>106</gpxtpx:hr>
          </gpxtpx:TrackPointExtension>
        </extensions>
      </trkpt>
      <trkpt lat="34.2144333768573" lon="108.83229325515038">
        <ele>403.92033724859357</ele>
        <time>2025-11-17T04:57:48.900000Z</time>
        <extensions>
          <gpxtpx:TrackPointExtension>
            <gpxtpx:hr>106</gpxtpx:hr>
          </gpxtpx:TrackPointExtension>
        </extensions>
      </trkpt>
      <trkpt lat="34.21444604053365" lon="108.83229730803248">
        <ele>403.99914760980755</ele>
        <time>2025-11-17T04:57:49.900000Z</time>
        <extensions>
          <gpxtpx:TrackPointExtension>
            <gpxtpx:hr>106</gpxtpx:hr>
          </gpxtpx:TrackPointExtension>
        </extensions>
      </trkpt>
      <trkpt lat="34.21445975696277" lon="108.83230075816249">
        <ele>404.06662235502154</ele>
        <time>2025-11-17T04:57:50.900000Z</time>
        <extensions>
          <gpxtpx:TrackPointExtension>
            <gpxtpx:hr>106</gpxtpx:hr>
          </gpxtpx:TrackPointExtension>
        </extensions>
      </trkpt>
      <trkpt lat="34.21447388250601" lon="108.83230337043594">
        <ele>404.1281915064901</ele>
        <time>2025-11-17T04:57:51.900000Z</time>
        <extensions>
          <gpxtpx:TrackPointExtension>
            <gpxtpx:hr>106</gpxtpx:hr>
          </gpxtpx:TrackPointExtension>
        </extensions>
      </trkpt>
      <trkpt lat="34.21448768379707" lon="108.83230536801963">
        <ele>404.1828062534332</ele>
        <time>2025-11-17T04:57:52.900000Z</time>
        <extensions>
          <gpxtpx:TrackPointExtension>
            <gpxtpx:hr>106</gpxtpx:hr>
          </gpxtpx:TrackPointExtension>
        </extensions>
      </trkpt>
      <trkpt lat="34.21450117503979" lon="108.8323066205931">
        <ele>404.2315881801769</ele>
        <time>2025-11-17T04:57:53.900000Z</time>
        <extensions>
          <gpxtpx:TrackPointExtension>
            <gpxtpx:hr>106</gpxtpx:hr>
          </gpxtpx:TrackPointExtension>
        </extensions>
      </trkpt>
      <trkpt lat="34.21451471539922" lon="108.83230730039364">
        <ele>404.27473189868033</ele>
        <time>2025-11-17T04:57:54.900000Z</time>
        <extensions>
          <gpxtpx:TrackPointExtension>
            <gpxtpx:hr>106</gpxtpx:hr>
          </gpxtpx:TrackPointExtension>
        </extensions>
      </trkpt>
      <trkpt lat="34.214528415793396" lon="108.83230778298085">
        <ele>404.30398265086114</ele>
        <time>2025-11-17T04:57:55.900000Z</time>
        <extensions>
          <gpxtpx:TrackPointExtension>
            <gpxtpx:hr>106</gpxtpx:hr>
          </gpxtpx:TrackPointExtension>
        </extensions>
      </trkpt>
      <trkpt lat="34.21454223886738" lon="108.83230890347485">
        <ele>404.316020751372</ele>
        <time>2025-11-17T04:57:56.900000Z</time>
        <extensions>
          <gpxtpx:TrackPointExtension>
            <gpxtpx:hr>106</gpxtpx:hr>
          </gpxtpx:TrackPointExtension>
        </extensions>
      </trkpt>
      <trkpt lat="34.21455598312073" lon="108.83231096539049">
        <ele>404.3159567527473</ele>
        <time>2025-11-17T04:57:57.900000Z</time>
        <extensions>
          <gpxtpx:TrackPointExtension>
            <gpxtpx:hr>106</gpxtpx:hr>
          </gpxtpx:TrackPointExtension>
        </extensions>
      </trkpt>
      <trkpt lat="34.21456936331313" lon="108.83231357359418">
        <ele>404.310516146943</ele>
        <time>2025-11-17T04:57:58.900000Z</time>
        <extensions>
          <gpxtpx:TrackPointExtension>
            <gpxtpx:hr>106</gpxtpx:hr>
          </gpxtpx:TrackPointExtension>
        </extensions>
      </trkpt>
      <trkpt lat="34.2145812411808" lon="108.83231645522092">
        <ele>404.30056455451995</ele>
        <time>2025-11-17T04:57:59.900000Z</time>
        <extensions>
          <gpxtpx:TrackPointExtension>
            <gpxtpx:hr>106</gpxtpx:hr>
          </gpxtpx:TrackPointExtension>
        </extensions>
      </trkpt>
      <trkpt lat="34.214592501509074" lon="108.8323199281201">
        <ele>404.2780609000474</ele>
        <time>2025-11-17T04:58:00.900000Z</time>
        <extensions>
          <gpxtpx:TrackPointExtension>
            <gpxtpx:hr>106</gpxtpx:hr>
          </gpxtpx:TrackPointExtension>
        </extensions>
      </trkpt>
      <trkpt lat="34.214604593500056" lon="108.83232408649212">
        <ele>404.26164225675166</ele>
        <time>2025-11-17T04:58:01.900000Z</time>
        <extensions>
          <gpxtpx:TrackPointExtension>
            <gpxtpx:hr>106</gpxtpx:hr>
          </gpxtpx:TrackPointExtension>
        </extensions>
      </trkpt>
      <trkpt lat="34.21461697874832" lon="108.83232897808736">
        <ele>404.2467605015263</ele>
        <time>2025-11-17T04:58:02.900000Z</time>
        <extensions>
          <gpxtpx:TrackPointExtension>
            <gpxtpx:hr>106</gpxtpx:hr>
          </gpxtpx:TrackPointExtension>
        </extensions>
      </trkpt>
      <trkpt lat="34.214628747260164" lon="108.83233412829695">
        <ele>404.23416864313185</ele>
        <time>2025-11-17T04:58:03.900000Z</time>
        <extensions>
          <gpxtpx:TrackPointExtension>
            <gpxtpx:hr>106</gpxtpx:hr>
          </gpxtpx:TrackPointExtension>
        </extensions>
      </trkpt>
      <trkpt lat="34.21464013541171" lon="108.83233889229159">
        <ele>404.2067364268005</ele>
        <time>2025-11-17T04:58:04.900000Z</time>
        <extensions>
          <gpxtpx:TrackPointExtension>
            <gpxtpx:hr>106</gpxtpx:hr>
          </gpxtpx:TrackPointExtension>
        </extensions>
      </trkpt>
      <trkpt lat="34.2146521252672" lon="108.83234331915399">
        <ele>404.1840314613655</ele>
        <time>2025-11-17T04:58:05.900000Z</time>
        <extensions>
          <gpxtpx:TrackPointExtension>
            <gpxtpx:hr>102</gpxtpx:hr>
          </gpxtpx:TrackPointExtension>
        </extensions>
      </trkpt>
      <trkpt lat="34.2146648458174" lon="108.83234718270438">
        <ele>404.15871109161526</ele>
        <time>2025-11-17T04:58:06.900000Z</time>
        <extensions>
          <gpxtpx:TrackPointExtension>
            <gpxtpx:hr>102</gpxtpx:hr>
          </gpxtpx:TrackPointExtension>
        </extensions>
      </trkpt>
      <trkpt lat="34.214678113715706" lon="108.83235048658747">
        <ele>404.14865270629525</ele>
        <time>2025-11-17T04:58:07.900000Z</time>
        <extensions>
          <gpxtpx:TrackPointExtension>
            <gpxtpx:hr>102</gpxtpx:hr>
          </gpxtpx:TrackPointExtension>
        </extensions>
      </trkpt>
      <trkpt lat="34.21469126478394" lon="108.832353747806">
        <ele>404.14569461811334</ele>
        <time>2025-11-17T04:58:08.900000Z</time>
        <extensions>
          <gpxtpx:TrackPointExtension>
            <gpxtpx:hr>102</gpxtpx:hr>
          </gpxtpx:TrackPointExtension>
        </extensions>
      </trkpt>
      <trkpt lat="34.2147039720247" lon="108.83235745613649">
        <ele>404.1382141681388</ele>
        <time>2025-11-17T04:58:09.900000Z</time>
        <extensions>
          <gpxtpx:TrackPointExtension>
            <gpxtpx:hr>102</gpxtpx:hr>
          </gpxtpx:TrackPointExtension>
        </extensions>
      </trkpt>
      <trkpt lat="34.21471665634512" lon="108.83236178378226">
        <ele>404.1280709123239</ele>
        <time>2025-11-17T04:58:10.900000Z</time>
        <extensions>
          <gpxtpx:TrackPointExtension>
            <gpxtpx:hr>102</gpxtpx:hr>
          </gpxtpx:TrackPointExtension>
        </extensions>
      </trkpt>
      <trkpt lat="34.21472930524915" lon="108.83236685839492">
        <ele>404.12612351216376</ele>
        <time>2025-11-17T04:58:11.900000Z</time>
        <extensions>
          <gpxtpx:TrackPointExtension>
            <gpxtpx:hr>102</gpxtpx:hr>
          </gpxtpx:TrackPointExtension>
        </extensions>
      </trkpt>
      <trkpt lat="34.21474152970293" lon="108.83237183408215">
        <ele>404.1194811910391</ele>
        <time>2025-11-17T04:58:12.900000Z</time>
        <extensions>
          <gpxtpx:TrackPointExtension>
            <gpxtpx:hr>103</gpxtpx:hr>
          </gpxtpx:TrackPointExtension>
        </extensions>
      </trkpt>
      <trkpt lat="34.21475346045127" lon="108.8323761674851">
        <ele>404.1206250125542</ele>
        <time>2025-11-17T04:58:13.900000Z</time>
        <extensions>
          <gpxtpx:TrackPointExtension>
            <gpxtpx:hr>103</gpxtpx:hr>
          </gpxtpx:TrackPointExtension>
        </extensions>
      </trkpt>
      <trkpt lat="34.214765184421196" lon="108.83238017320161">
        <ele>404.1222426071763</ele>
        <time>2025-11-17T04:58:14.900000Z</time>
        <extensions>
          <gpxtpx:TrackPointExtension>
            <gpxtpx:hr>103</gpxtpx:hr>
          </gpxtpx:TrackPointExtension>
        </extensions>
      </trkpt>
      <trkpt lat="34.21477708238063" lon="108.83238400448315">
        <ele>404.1212931154296</ele>
        <time>2025-11-17T04:58:15.900000Z</time>
        <extensions>
          <gpxtpx:TrackPointExtension>
            <gpxtpx:hr>104</gpxtpx:hr>
          </gpxtpx:TrackPointExtension>
        </extensions>
      </trkpt>
      <trkpt lat="34.21478908820834" lon="108.83238776368395">
        <ele>404.1242412272841</ele>
        <time>2025-11-17T04:58:16.900000Z</time>
        <extensions>
          <gpxtpx:TrackPointExtension>
            <gpxtpx:hr>104</gpxtpx:hr>
          </gpxtpx:TrackPointExtension>
        </extensions>
      </trkpt>
      <trkpt lat="34.21480108287412" lon="108.83239186032971">
        <ele>404.1351434616372</ele>
        <time>2025-11-17T04:58:17.900000Z</time>
        <extensions>
          <gpxtpx:TrackPointExtension>
            <gpxtpx:hr>104</gpxtpx:hr>
          </gpxtpx:TrackPointExtension>
        </extensions>
      </trkpt>
      <trkpt lat="34.21481301968134" lon="108.83239666101521">
        <ele>404.1457271967083</ele>
        <time>2025-11-17T04:58:18.900000Z</time>
        <extensions>
          <gpxtpx:TrackPointExtension>
            <gpxtpx:hr>104</gpxtpx:hr>
          </gpxtpx:TrackPointExtension>
        </extensions>
      </trkpt>
      <trkpt lat="34.214824785044264" lon="108.83240192377045">
        <ele>404.1633106870577</ele>
        <time>2025-11-17T04:58:19.900000Z</time>
        <extensions>
          <gpxtpx:TrackPointExtension>
            <gpxtpx:hr>104</gpxtpx:hr>
          </gpxtpx:TrackPointExtension>
        </extensions>
      </trkpt>
      <trkpt lat="34.21483648527562" lon="108.8324073298949">
        <ele>404.1861141929403</ele>
        <time>2025-11-17T04:58:20.900000Z</time>
        <extensions>
          <gpxtpx:TrackPointExtension>
            <gpxtpx:hr>101</gpxtpx:hr>
          </gpxtpx:TrackPointExtension>
        </extensions>
      </trkpt>
      <trkpt lat="34.214847561645975" lon="108.83241266637161">
        <ele>404.2082126615569</ele>
        <time>2025-11-17T04:58:21.900000Z</time>
        <extensions>
          <gpxtpx:TrackPointExtension>
            <gpxtpx:hr>101</gpxtpx:hr>
          </gpxtpx:TrackPointExtension>
        </extensions>
      </trkpt>
      <trkpt lat="34.2148578431876" lon="108.83241759429545">
        <ele>404.22978190053254</ele>
        <time>2025-11-17T04:58:22.900000Z</time>
        <extensions>
          <gpxtpx:TrackPointExtension>
            <gpxtpx:hr>101</gpxtpx:hr>
          </gpxtpx:TrackPointExtension>
        </extensions>
      </trkpt>
      <trkpt lat="34.21486799495787" lon="108.83242189090825">
        <ele>404.26295822579414</ele>
        <time>2025-11-17T04:58:23.900000Z</time>
        <extensions>
          <gpxtpx:TrackPointExtension>
            <gpxtpx:hr>101</gpxtpx:hr>
          </gpxtpx:TrackPointExtension>
        </extensions>
      </trkpt>
      <trkpt lat="34.21487848798565" lon="108.83242591454129">
        <ele>404.29620192665607</ele>
        <time>2025-11-17T04:58:24.900000Z</time>
        <extensions>
          <gpxtpx:TrackPointExtension>
            <gpxtpx:hr>101</gpxtpx:hr>
          </gpxtpx:TrackPointExtension>
        </extensions>
      </trkpt>
      <trkpt lat="34.21488978086223" lon="108.83243011483164">
        <ele>404.3294525751844</ele>
        <time>2025-11-17T04:58:25.900000Z</time>
        <extensions>
          <gpxtpx:TrackPointExtension>
            <gpxtpx:hr>102</gpxtpx:hr>
          </gpxtpx:TrackPointExtension>
        </extensions>
      </trkpt>
      <trkpt lat="34.21490184181425" lon="108.83243458853666">
        <ele>404.3577270852402</ele>
        <time>2025-11-17T04:58:26.900000Z</time>
        <extensions>
          <gpxtpx:TrackPointExtension>
            <gpxtpx:hr>102</gpxtpx:hr>
          </gpxtpx:TrackPointExtension>
        </extensions>
      </trkpt>
      <trkpt lat="34.21491381080886" lon="108.83243945718559">
        <ele>404.38551975693554</ele>
        <time>2025-11-17T04:58:27.900000Z</time>
        <extensions>
          <gpxtpx:TrackPointExtension>
            <gpxtpx:hr>102</gpxtpx:hr>
          </gpxtpx:TrackPointExtension>
        </extensions>
      </trkpt>
      <trkpt lat="34.21492508185899" lon="108.83244452621044">
        <ele>404.4107503099367</ele>
        <time>2025-11-17T04:58:28.900000Z</time>
        <extensions>
          <gpxtpx:TrackPointExtension>
            <gpxtpx:hr>104</gpxtpx:hr>
          </gpxtpx:TrackPointExtension>
        </extensions>
      </trkpt>
      <trkpt lat="34.214936368738904" lon="108.83244932475681">
        <ele>404.4331897124648</ele>
        <time>2025-11-17T04:58:29.900000Z</time>
        <extensions>
          <gpxtpx:TrackPointExtension>
            <gpxtpx:hr>104</gpxtpx:hr>
          </gpxtpx:TrackPointExtension>
        </extensions>
      </trkpt>
      <trkpt lat="34.21494798155999" lon="108.83245331897425">
        <ele>404.4608810665086</ele>
        <time>2025-11-17T04:58:30.900000Z</time>
        <extensions>
          <gpxtpx:TrackPointExtension>
            <gpxtpx:hr>104</gpxtpx:hr>
          </gpxtpx:TrackPointExtension>
        </extensions>
      </trkpt>
      <trkpt lat="34.21495975433558" lon="108.83245622809352">
        <ele>404.4926907531917</ele>
        <time>2025-11-17T04:58:31.900000Z</time>
        <extensions>
          <gpxtpx:TrackPointExtension>
            <gpxtpx:hr>104</gpxtpx:hr>
          </gpxtpx:TrackPointExtension>
        </extensions>
      </trkpt>
      <trkpt lat="34.21497203340398" lon="108.83245832001353">
        <ele>404.52283395826817</ele>
        <time>2025-11-17T04:58:32.900000Z</time>
        <extensions>
          <gpxtpx:TrackPointExtension>
            <gpxtpx:hr>104</gpxtpx:hr>
          </gpxtpx:TrackPointExtension>
        </extensions>
      </trkpt>
      <trkpt lat="34.21498479127271" lon="108.83246006295734">
        <ele>404.5494402255863</ele>
        <time>2025-11-17T04:58:33.900000Z</time>
        <extensions>
          <gpxtpx:TrackPointExtension>
            <gpxtpx:hr>104</gpxtpx:hr>
          </gpxtpx:TrackPointExtension>
        </extensions>
      </trkpt>
      <trkpt lat="34.214996924459705" lon="108.83246197938666">
        <ele>404.57545467466116</ele>
        <time>2025-11-17T04:58:34.900000Z</time>
        <extensions>
          <gpxtpx:TrackPointExtension>
            <gpxtpx:hr>104</gpxtpx:hr>
          </gpxtpx:TrackPointExtension>
        </extensions>
      </trkpt>
      <trkpt lat="34.21500810566171" lon="108.83246418565282">
        <ele>404.60360345896333</ele>
        <time>2025-11-17T04:58:35.900000Z</time>
        <extensions>
          <gpxtpx:TrackPointExtension>
            <gpxtpx:hr>103</gpxtpx:hr>
          </gpxtpx:TrackPointExtension>
        </extensions>
      </trkpt>
      <trkpt lat="34.21501915761152" lon="108.83246628031195">
        <ele>404.62243468966335</ele>
        <time>2025-11-17T04:58:36.900000Z</time>
        <extensions>
          <gpxtpx:TrackPointExtension>
            <gpxtpx:hr>103</gpxtpx:hr>
          </gpxtpx:TrackPointExtension>
        </extensions>
      </trkpt>
      <trkpt lat="34.21503011334717" lon="108.83246842016322">
        <ele>404.63305226899683</ele>
        <time>2025-11-17T04:58:37.900000Z</time>
        <extensions>
          <gpxtpx:TrackPointExtension>
            <gpxtpx:hr>103</gpxtpx:hr>
          </gpxtpx:TrackPointExtension>
        </extensions>
      </trkpt>
      <trkpt lat="34.21504087354712" lon="108.83247104875737">
        <ele>404.63579704612494</ele>
        <time>2025-11-17T04:58:38.900000Z</time>
        <extensions>
          <gpxtpx:TrackPointExtension>
            <gpxtpx:hr>103</gpxtpx:hr>
          </gpxtpx:TrackPointExtension>
        </extensions>
      </trkpt>
      <trkpt lat="34.21505152073345" lon="108.83247376544783">
        <ele>404.62644169759005</ele>
        <time>2025-11-17T04:58:39.900000Z</time>
        <extensions>
          <gpxtpx:TrackPointExtension>
            <gpxtpx:hr>103</gpxtpx:hr>
          </gpxtpx:TrackPointExtension>
        </extensions>
      </trkpt>
      <trkpt lat="34.21506209446133" lon="108.83247621270536">
        <ele>404.60299831442535</ele>
        <time>2025-11-17T04:58:40.900000Z</time>
        <extensions>
          <gpxtpx:TrackPointExtension>
            <gpxtpx:hr>103</gpxtpx:hr>
          </gpxtpx:TrackPointExtension>
        </extensions>
      </trkpt>
      <trkpt lat="34.21507295053093" lon="108.83247881231968">
        <ele>404.57966424152255</ele>
        <time>2025-11-17T04:58:41.900000Z</time>
        <extensions>
          <gpxtpx:TrackPointExtension>
            <gpxtpx:hr>103</gpxtpx:hr>
          </gpxtpx:TrackPointExtension>
        </extensions>
      </trkpt>
      <trkpt lat="34.21508417439621" lon="108.83248166465461">
        <ele>404.55578187666833</ele>
        <time>2025-11-17T04:58:42.900000Z</time>
        <extensions>
          <gpxtpx:TrackPointExtension>
            <gpxtpx:hr>103</gpxtpx:hr>
          </gpxtpx:TrackPointExtension>
        </extensions>
      </trkpt>
      <trkpt lat="34.21509541778176" lon="108.83248475485429">
        <ele>404.52905006241053</ele>
        <time>2025-11-17T04:58:43.900000Z</time>
        <extensions>
          <gpxtpx:TrackPointExtension>
            <gpxtpx:hr>103</gpxtpx:hr>
          </gpxtpx:TrackPointExtension>
        </extensions>
      </trkpt>
      <trkpt lat="34.21510678839633" lon="108.8324880899327">
        <ele>404.4997601499781</ele>
        <time>2025-11-17T04:58:44.900000Z</time>
        <extensions>
          <gpxtpx:TrackPointExtension>
            <gpxtpx:hr>103</gpxtpx:hr>
          </gpxtpx:TrackPointExtension>
        </extensions>
      </trkpt>
      <trkpt lat="34.21511817523461" lon="108.83249137478602">
        <ele>404.4666821863502</ele>
        <time>2025-11-17T04:58:45.900000Z</time>
        <extensions>
          <gpxtpx:TrackPointExtension>
            <gpxtpx:hr>103</gpxtpx:hr>
          </gpxtpx:TrackPointExtension>
        </extensions>
      </trkpt>
      <trkpt lat="34.21512950635033" lon="108.83249425203371">
        <ele>404.4359783800319</ele>
        <time>2025-11-17T04:58:46.900000Z</time>
        <extensions>
          <gpxtpx:TrackPointExtension>
            <gpxtpx:hr>103</gpxtpx:hr>
          </gpxtpx:TrackPointExtension>
        </extensions>
      </trkpt>
      <trkpt lat="34.21514035143574" lon="108.83249629170116">
        <ele>404.4040491953492</ele>
        <time>2025-11-17T04:58:47.900000Z</time>
        <extensions>
          <gpxtpx:TrackPointExtension>
            <gpxtpx:hr>103</gpxtpx:hr>
          </gpxtpx:TrackPointExtension>
        </extensions>
      </trkpt>
      <trkpt lat="34.21515052096468" lon="108.83249756983045">
        <ele>404.3758806185797</ele>
        <time>2025-11-17T04:58:48.900000Z</time>
        <extensions>
          <gpxtpx:TrackPointExtension>
            <gpxtpx:hr>103</gpxtpx:hr>
          </gpxtpx:TrackPointExtension>
        </extensions>
      </trkpt>
      <trkpt lat="34.21516101543307" lon="108.83249900316451">
        <ele>404.3526206370443</ele>
        <time>2025-11-17T04:58:49.900000Z</time>
        <extensions>
          <gpxtpx:TrackPointExtension>
            <gpxtpx:hr>103</gpxtpx:hr>
          </gpxtpx:TrackPointExtension>
        </extensions>
      </trkpt>
      <trkpt lat="34.21517249112298" lon="108.83250142839735">
        <ele>404.3375451397151</ele>
        <time>2025-11-17T04:58:50.900000Z</time>
        <extensions>
          <gpxtpx:TrackPointExtension>
            <gpxtpx:hr>103</gpxtpx:hr>
          </gpxtpx:TrackPointExtension>
        </extensions>
      </trkpt>
      <trkpt lat="34.21518452679687" lon="108.83250470531196">
        <ele>404.3419961910695</ele>
        <time>2025-11-17T04:58:51.900000Z</time>
        <extensions>
          <gpxtpx:TrackPointExtension>
            <gpxtpx:hr>103</gpxtpx:hr>
          </gpxtpx:TrackPointExtension>
        </extensions>
      </trkpt>
      <trkpt lat="34.215196628277134" lon="108.83250798492546">
        <ele>404.3488061595708</ele>
        <time>2025-11-17T04:58:52.900000Z</time>
        <extensions>
          <gpxtpx:TrackPointExtension>
            <gpxtpx:hr>103</gpxtpx:hr>
          </gpxtpx:TrackPointExtension>
        </extensions>
      </trkpt>
      <trkpt lat="34.21520920291009" lon="108.83251106104107">
        <ele>404.3645885307342</ele>
        <time>2025-11-17T04:58:53.900000Z</time>
        <extensions>
          <gpxtpx:TrackPointExtension>
            <gpxtpx:hr>103</gpxtpx:hr>
          </gpxtpx:TrackPointExtension>
        </extensions>
      </trkpt>
      <trkpt lat="34.215221534775196" lon="108.83251427084753">
        <ele>404.3831585170701</ele>
        <time>2025-11-17T04:58:54.900000Z</time>
        <extensions>
          <gpxtpx:TrackPointExtension>
            <gpxtpx:hr>103</gpxtpx:hr>
          </gpxtpx:TrackPointExtension>
        </extensions>
      </trkpt>
      <trkpt lat="34.21523166397583" lon="108.83251740691554">
        <ele>404.3964472291991</ele>
        <time>2025-11-17T04:58:55.900000Z</time>
        <extensions>
          <gpxtpx:TrackPointExtension>
            <gpxtpx:hr>104</gpxtpx:hr>
          </gpxtpx:TrackPointExtension>
        </extensions>
      </trkpt>
      <trkpt lat="34.21524094100793" lon="108.83251982682361">
        <ele>404.39653493929654</ele>
        <time>2025-11-17T04:58:56.900000Z</time>
        <extensions>
          <gpxtpx:TrackPointExtension>
            <gpxtpx:hr>104</gpxtpx:hr>
          </gpxtpx:TrackPointExtension>
        </extensions>
      </trkpt>
      <trkpt lat="34.21525109969723" lon="108.83252103628942">
        <ele>404.3778700279072</ele>
        <time>2025-11-17T04:58:57.900000Z</time>
        <extensions>
          <gpxtpx:TrackPointExtension>
            <gpxtpx:hr>104</gpxtpx:hr>
          </gpxtpx:TrackPointExtension>
        </extensions>
      </trkpt>
      <trkpt lat="34.2152619064036" lon="108.83252147657056">
        <ele>404.36111383792013</ele>
        <time>2025-11-17T04:58:58.900000Z</time>
        <extensions>
          <gpxtpx:TrackPointExtension>
            <gpxtpx:hr>107</gpxtpx:hr>
          </gpxtpx:TrackPointExtension>
        </extensions>
      </trkpt>
      <trkpt lat="34.21527317055209" lon="108.83252227411351">
        <ele>404.3474096963182</ele>
        <time>2025-11-17T04:58:59.900000Z</time>
        <extensions>
          <gpxtpx:TrackPointExtension>
            <gpxtpx:hr>107</gpxtpx:hr>
          </gpxtpx:TrackPointExtension>
        </extensions>
      </trkpt>
      <trkpt lat="34.215284865530236" lon="108.83252421732043">
        <ele>404.3196350270882</ele>
        <time>2025-11-17T04:59:00.900000Z</time>
        <extensions>
          <gpxtpx:TrackPointExtension>
            <gpxtpx:hr>107</gpxtpx:hr>
          </gpxtpx:TrackPointExtension>
        </extensions>
      </trkpt>
      <trkpt lat="34.21529670097366" lon="108.83252736647864">
        <ele>404.28057698812336</ele>
        <time>2025-11-17T04:59:01.900000Z</time>
        <extensions>
          <gpxtpx:TrackPointExtension>
            <gpxtpx:hr>107</gpxtpx:hr>
          </gpxtpx:TrackPointExtension>
        </extensions>
      </trkpt>
      <trkpt lat="34.21530751007842" lon="108.83253087697986">
        <ele>404.2469480205327</ele>
        <time>2025-11-17T04:59:02.900000Z</time>
        <extensions>
          <gpxtpx:TrackPointExtension>
            <gpxtpx:hr>107</gpxtpx:hr>
          </gpxtpx:TrackPointExtension>
        </extensions>
      </trkpt>
      <trkpt lat="34.21531677567901" lon="108.83253364811976">
        <ele>404.219189716503</ele>
        <time>2025-11-17T04:59:03.900000Z</time>
        <extensions>
          <gpxtpx:TrackPointExtension>
            <gpxtpx:hr>107</gpxtpx:hr>
          </gpxtpx:TrackPointExtension>
        </extensions>
      </trkpt>
      <trkpt lat="34.2153250161482" lon="108.83253536871071">
        <ele>404.1865251297131</ele>
        <time>2025-11-17T04:59:04.900000Z</time>
        <extensions>
          <gpxtpx:TrackPointExtension>
            <gpxtpx:hr>107</gpxtpx:hr>
          </gpxtpx:TrackPointExtension>
        </extensions>
      </trkpt>
      <trkpt lat="34.21533407497908" lon="108.8325365600218">
        <ele>404.16736322361976</ele>
        <time>2025-11-17T04:59:05.900000Z</time>
        <extensions>
          <gpxtpx:TrackPointExtension>
            <gpxtpx:hr>109</gpxtpx:hr>
          </gpxtpx:TrackPointExtension>
        </extensions>
      </trkpt>
      <trkpt lat="34.21534519868473" lon="108.83253780929859">
        <ele>404.15391975361854</ele>
        <time>2025-11-17T04:59:06.900000Z</time>
        <extensions>
          <gpxtpx:TrackPointExtension>
            <gpxtpx:hr>109</gpxtpx:hr>
          </gpxtpx:TrackPointExtension>
        </extensions>
      </trkpt>
      <trkpt lat="34.215358132480354" lon="108.8325397054251">
        <ele>404.1651175962761</ele>
        <time>2025-11-17T04:59:07.900000Z</time>
        <extensions>
          <gpxtpx:TrackPointExtension>
            <gpxtpx:hr>109</gpxtpx:hr>
          </gpxtpx:TrackPointExtension>
        </extensions>
      </trkpt>
      <trkpt lat="34.215372287025374" lon="108.83254203884447">
        <ele>404.18693124037236</ele>
        <time>2025-11-17T04:59:08.900000Z</time>
        <extensions>
          <gpxtpx:TrackPointExtension>
            <gpxtpx:hr>109</gpxtpx:hr>
          </gpxtpx:TrackPointExtension>
        </extensions>
      </trkpt>
      <trkpt lat="34.21538707023451" lon="108.83254435747811">
        <ele>404.2151029314846</ele>
        <time>2025-11-17T04:59:09.900000Z</time>
        <extensions>
          <gpxtpx:TrackPointExtension>
            <gpxtpx:hr>109</gpxtpx:hr>
          </gpxtpx:TrackPointExtension>
        </extensions>
      </trkpt>
      <trkpt lat="34.21540239347575" lon="108.83254682308788">
        <ele>404.24842968583107</ele>
        <time>2025-11-17T04:59:10.900000Z</time>
        <extensions>
          <gpxtpx:TrackPointExtension>
            <gpxtpx:hr>109</gpxtpx:hr>
          </gpxtpx:TrackPointExtension>
        </extensions>
      </trkpt>
      <trkpt lat="34.21541819788616" lon="108.83255002934254">
        <ele>404.28668278921396</ele>
        <time>2025-11-17T04:59:11.900000Z</time>
        <extensions>
          <gpxtpx:TrackPointExtension>
            <gpxtpx:hr>108</gpxtpx:hr>
          </gpxtpx:TrackPointExtension>
        </extensions>
      </trkpt>
      <trkpt lat="34.215434036273535" lon="108.83255438477596">
        <ele>404.32056703045964</ele>
        <time>2025-11-17T04:59:12.900000Z</time>
        <extensions>
          <gpxtpx:TrackPointExtension>
            <gpxtpx:hr>108</gpxtpx:hr>
          </gpxtpx:TrackPointExtension>
        </extensions>
      </trkpt>
      <trkpt lat="34.21544872208365" lon="108.83255962827788">
        <ele>404.35283203143626</ele>
        <time>2025-11-17T04:59:13.900000Z</time>
        <extensions>
          <gpxtpx:TrackPointExtension>
            <gpxtpx:hr>108</gpxtpx:hr>
          </gpxtpx:TrackPointExtension>
        </extensions>
      </trkpt>
      <trkpt lat="34.215462099577216" lon="108.83256536443952">
        <ele>404.38997333776206</ele>
        <time>2025-11-17T04:59:14.900000Z</time>
        <extensions>
          <gpxtpx:TrackPointExtension>
            <gpxtpx:hr>108</gpxtpx:hr>
          </gpxtpx:TrackPointExtension>
        </extensions>
      </trkpt>
      <trkpt lat="34.215475015977546" lon="108.8325714541204">
        <ele>404.42485894449055</ele>
        <time>2025-11-17T04:59:15.900000Z</time>
        <extensions>
          <gpxtpx:TrackPointExtension>
            <gpxtpx:hr>108</gpxtpx:hr>
          </gpxtpx:TrackPointExtension>
        </extensions>
      </trkpt>
      <trkpt lat="34.215487776775" lon="108.83257768699856">
        <ele>404.46818577777594</ele>
        <time>2025-11-17T04:59:16.900000Z</time>
        <extensions>
          <gpxtpx:TrackPointExtension>
            <gpxtpx:hr>109</gpxtpx:hr>
          </gpxtpx:TrackPointExtension>
        </extensions>
      </trkpt>
      <trkpt lat="34.21550045899113" lon="108.83258416246996">
        <ele>404.49794090073556</ele>
        <time>2025-11-17T04:59:17.900000Z</time>
        <extensions>
          <gpxtpx:TrackPointExtension>
            <gpxtpx:hr>109</gpxtpx:hr>
          </gpxtpx:TrackPointExtension>
        </extensions>
      </trkpt>
      <trkpt lat="34.21551336185693" lon="108.83259072875633">
        <ele>404.52414626069367</ele>
        <time>2025-11-17T04:59:18.900000Z</time>
        <extensions>
          <gpxtpx:TrackPointExtension>
            <gpxtpx:hr>109</gpxtpx:hr>
          </gpxtpx:TrackPointExtension>
        </extensions>
      </trkpt>
      <trkpt lat="34.21552647950724" lon="108.83259665767628">
        <ele>404.5429305359721</ele>
        <time>2025-11-17T04:59:19.900000Z</time>
        <extensions>
          <gpxtpx:TrackPointExtension>
            <gpxtpx:hr>109</gpxtpx:hr>
          </gpxtpx:TrackPointExtension>
        </extensions>
      </trkpt>
      <trkpt lat="34.21553969922772" lon="108.83260123929885">
        <ele>404.55352899897844</ele>
        <time>2025-11-17T04:59:20.900000Z</time>
        <extensions>
          <gpxtpx:TrackPointExtension>
            <gpxtpx:hr>109</gpxtpx:hr>
          </gpxtpx:TrackPointExtension>
        </extensions>
      </trkpt>
      <trkpt lat="34.21555248986314" lon="108.83260379776729">
        <ele>404.5659534698352</ele>
        <time>2025-11-17T04:59:21.900000Z</time>
        <extensions>
          <gpxtpx:TrackPointExtension>
            <gpxtpx:hr>108</gpxtpx:hr>
          </gpxtpx:TrackPointExtension>
        </extensions>
      </trkpt>
      <trkpt lat="34.21556530386988" lon="108.83260543905634">
        <ele>404.580432982184</ele>
        <time>2025-11-17T04:59:22.900000Z</time>
        <extensions>
          <gpxtpx:TrackPointExtension>
            <gpxtpx:hr>108</gpxtpx:hr>
          </gpxtpx:TrackPointExtension>
        </extensions>
      </trkpt>
      <trkpt lat="34.2155785242767" lon="108.83260735132973">
        <ele>404.5875504044816</ele>
        <time>2025-11-17T04:59:23.900000Z</time>
        <extensions>
          <gpxtpx:TrackPointExtension>
            <gpxtpx:hr>108</gpxtpx:hr>
          </gpxtpx:TrackPointExtension>
        </extensions>
      </trkpt>
      <trkpt lat="34.21559158506338" lon="108.83260908779414">
        <ele>404.5863231513649</ele>
        <time>2025-11-17T04:59:24.900000Z</time>
        <extensions>
          <gpxtpx:TrackPointExtension>
            <gpxtpx:hr>107</gpxtpx:hr>
          </gpxtpx:TrackPointExtension>
        </extensions>
      </trkpt>
      <trkpt lat="34.215604755550615" lon="108.83261044670928">
        <ele>404.5872051101178</ele>
        <time>2025-11-17T04:59:25.900000Z</time>
        <extensions>
          <gpxtpx:TrackPointExtension>
            <gpxtpx:hr>107</gpxtpx:hr>
          </gpxtpx:TrackPointExtension>
        </extensions>
      </trkpt>
      <trkpt lat="34.215617064359634" lon="108.83261132812089">
        <ele>404.5858298279345</ele>
        <time>2025-11-17T04:59:26.900000Z</time>
        <extensions>
          <gpxtpx:TrackPointExtension>
            <gpxtpx:hr>107</gpxtpx:hr>
          </gpxtpx:TrackPointExtension>
        </extensions>
      </trkpt>
      <trkpt lat="34.2156289070662" lon="108.83261207796306">
        <ele>404.5850345119834</ele>
        <time>2025-11-17T04:59:27.900000Z</time>
        <extensions>
          <gpxtpx:TrackPointExtension>
            <gpxtpx:hr>107</gpxtpx:hr>
          </gpxtpx:TrackPointExtension>
        </extensions>
      </trkpt>
      <trkpt lat="34.21564152380526" lon="108.83261349674011">
        <ele>404.58323606848717</ele>
        <time>2025-11-17T04:59:28.900000Z</time>
        <extensions>
          <gpxtpx:TrackPointExtension>
            <gpxtpx:hr>107</gpxtpx:hr>
          </gpxtpx:TrackPointExtension>
        </extensions>
      </trkpt>
      <trkpt lat="34.21565357628355" lon="108.83261544308978">
        <ele>404.57967398595065</ele>
        <time>2025-11-17T04:59:29.900000Z</time>
        <extensions>
          <gpxtpx:TrackPointExtension>
            <gpxtpx:hr>109</gpxtpx:hr>
          </gpxtpx:TrackPointExtension>
        </extensions>
      </trkpt>
      <trkpt lat="34.21566515520761" lon="108.83261763500981">
        <ele>404.5762642500922</ele>
        <time>2025-11-17T04:59:30.900000Z</time>
        <extensions>
          <gpxtpx:TrackPointExtension>
            <gpxtpx:hr>109</gpxtpx:hr>
          </gpxtpx:TrackPointExtension>
        </extensions>
      </trkpt>
      <trkpt lat="34.21567735899827" lon="108.83262031004685">
        <ele>404.5724186571315</ele>
        <time>2025-11-17T04:59:31.900000Z</time>
        <extensions>
          <gpxtpx:TrackPointExtension>
            <gpxtpx:hr>109</gpxtpx:hr>
          </gpxtpx:TrackPointExtension>
        </extensions>
      </trkpt>
      <trkpt lat="34.215690004319235" lon="108.83262299075042">
        <ele>404.5681848535314</ele>
        <time>2025-11-17T04:59:32.900000Z</time>
        <extensions>
          <gpxtpx:TrackPointExtension>
            <gpxtpx:hr>109</gpxtpx:hr>
          </gpxtpx:TrackPointExtension>
        </extensions>
      </trkpt>
      <trkpt lat="34.215703030719" lon="108.83262578139436">
        <ele>404.572036921978</ele>
        <time>2025-11-17T04:59:33.900000Z</time>
        <extensions>
          <gpxtpx:TrackPointExtension>
            <gpxtpx:hr>109</gpxtpx:hr>
          </gpxtpx:TrackPointExtension>
        </extensions>
      </trkpt>
      <trkpt lat="34.21571587504434" lon="108.83262910934336">
        <ele>404.5738674951717</ele>
        <time>2025-11-17T04:59:34.900000Z</time>
        <extensions>
          <gpxtpx:TrackPointExtension>
            <gpxtpx:hr>109</gpxtpx:hr>
          </gpxtpx:TrackPointExtension>
        </extensions>
      </trkpt>
      <trkpt lat="34.21572846601076" lon="108.8326324129701">
        <ele>404.577875318937</ele>
        <time>2025-11-17T04:59:35.900000Z</time>
        <extensions>
          <gpxtpx:TrackPointExtension>
            <gpxtpx:hr>109</gpxtpx:hr>
          </gpxtpx:TrackPointExtension>
        </extensions>
      </trkpt>
      <trkpt lat="34.21574015537835" lon="108.83263540124071">
        <ele>404.5888489279896</ele>
        <time>2025-11-17T04:59:36.900000Z</time>
        <extensions>
          <gpxtpx:TrackPointExtension>
            <gpxtpx:hr>109</gpxtpx:hr>
          </gpxtpx:TrackPointExtension>
        </extensions>
      </trkpt>
      <trkpt lat="34.215751020389476" lon="108.83263819605008">
        <ele>404.5986135173589</ele>
        <time>2025-11-17T04:59:37.900000Z</time>
        <extensions>
          <gpxtpx:TrackPointExtension>
            <gpxtpx:hr>109</gpxtpx:hr>
          </gpxtpx:TrackPointExtension>
        </extensions>
      </trkpt>
      <trkpt lat="34.21576250339796" lon="108.83264081185109">
        <ele>404.6125632878393</ele>
        <time>2025-11-17T04:59:38.900000Z</time>
        <extensions>
          <gpxtpx:TrackPointExtension>
            <gpxtpx:hr>109</gpxtpx:hr>
          </gpxtpx:TrackPointExtension>
        </extensions>
      </trkpt>
      <trkpt lat="34.21577458068269" lon="108.83264347987725">
        <ele>404.61970359645784</ele>
        <time>2025-11-17T04:59:39.900000Z</time>
        <extensions>
          <gpxtpx:TrackPointExtension>
            <gpxtpx:hr>109</gpxtpx:hr>
          </gpxtpx:TrackPointExtension>
        </extensions>
      </trkpt>
      <trkpt lat="34.215787235089685" lon="108.83264614794815">
        <ele>404.6374160600826</ele>
        <time>2025-11-17T04:59:40.900000Z</time>
        <extensions>
          <gpxtpx:TrackPointExtension>
            <gpxtpx:hr>110</gpxtpx:hr>
          </gpxtpx:TrackPointExtension>
        </extensions>
      </trkpt>
      <trkpt lat="34.21580082456017" lon="108.83264850321822">
        <ele>404.6527748843655</ele>
        <time>2025-11-17T04:59:41.900000Z</time>
        <extensions>
          <gpxtpx:TrackPointExtension>
            <gpxtpx:hr>110</gpxtpx:hr>
          </gpxtpx:TrackPointExtension>
        </extensions>
      </trkpt>
      <trkpt lat="34.21581490814629" lon="108.83265035381586">
        <ele>404.6708937827498</ele>
        <time>2025-11-17T04:59:42.900000Z</time>
        <extensions>
          <gpxtpx:TrackPointExtension>
            <gpxtpx:hr>110</gpxtpx:hr>
          </gpxtpx:TrackPointExtension>
        </extensions>
      </trkpt>
      <trkpt lat="34.21582737463121" lon="108.83265204109708">
        <ele>404.6870545791462</ele>
        <time>2025-11-17T04:59:43.900000Z</time>
        <extensions>
          <gpxtpx:TrackPointExtension>
            <gpxtpx:hr>110</gpxtpx:hr>
          </gpxtpx:TrackPointExtension>
        </extensions>
      </trkpt>
      <trkpt lat="34.215838765583925" lon="108.83265397134728">
        <ele>404.6999909011647</ele>
        <time>2025-11-17T04:59:44.900000Z</time>
        <extensions>
          <gpxtpx:TrackPointExtension>
            <gpxtpx:hr>110</gpxtpx:hr>
          </gpxtpx:TrackPointExtension>
        </extensions>
      </trkpt>
      <trkpt lat="34.21585125565205" lon="108.83265568724917">
        <ele>404.71310694143176</ele>
        <time>2025-11-17T04:59:45.900000Z</time>
        <extensions>
          <gpxtpx:TrackPointExtension>
            <gpxtpx:hr>109</gpxtpx:hr>
          </gpxtpx:TrackPointExtension>
        </extensions>
      </trkpt>
      <trkpt lat="34.215864899271224" lon="108.83265683990818">
        <ele>404.72146144043654</ele>
        <time>2025-11-17T04:59:46.900000Z</time>
        <extensions>
          <gpxtpx:TrackPointExtension>
            <gpxtpx:hr>109</gpxtpx:hr>
          </gpxtpx:TrackPointExtension>
        </extensions>
      </trkpt>
      <trkpt lat="34.21587883016539" lon="108.832657501163">
        <ele>404.71779956575483</ele>
        <time>2025-11-17T04:59:47.900000Z</time>
        <extensions>
          <gpxtpx:TrackPointExtension>
            <gpxtpx:hr>109</gpxtpx:hr>
          </gpxtpx:TrackPointExtension>
        </extensions>
      </trkpt>
      <trkpt lat="34.215892026878215" lon="108.83265750710603">
        <ele>404.6979946345091</ele>
        <time>2025-11-17T04:59:48.900000Z</time>
        <extensions>
          <gpxtpx:TrackPointExtension>
            <gpxtpx:hr>109</gpxtpx:hr>
          </gpxtpx:TrackPointExtension>
        </extensions>
      </trkpt>
      <trkpt lat="34.2159042666689" lon="108.83265745276768">
        <ele>404.6811410356313</ele>
        <time>2025-11-17T04:59:49.900000Z</time>
        <extensions>
          <gpxtpx:TrackPointExtension>
            <gpxtpx:hr>109</gpxtpx:hr>
          </gpxtpx:TrackPointExtension>
        </extensions>
      </trkpt>
      <trkpt lat="34.21591610113257" lon="108.83265775929466">
        <ele>404.66779879201204</ele>
        <time>2025-11-17T04:59:50.900000Z</time>
        <extensions>
          <gpxtpx:TrackPointExtension>
            <gpxtpx:hr>108</gpxtpx:hr>
          </gpxtpx:TrackPointExtension>
        </extensions>
      </trkpt>
      <trkpt lat="34.2159285212172" lon="108.8326582829419">
        <ele>404.65956140868366</ele>
        <time>2025-11-17T04:59:51.900000Z</time>
        <extensions>
          <gpxtpx:TrackPointExtension>
            <gpxtpx:hr>108</gpxtpx:hr>
          </gpxtpx:TrackPointExtension>
        </extensions>
      </trkpt>
      <trkpt lat="34.21594144225735" lon="108.83265905178145">
        <ele>404.6432114057243</ele>
        <time>2025-11-17T04:59:52.900000Z</time>
        <extensions>
          <gpxtpx:TrackPointExtension>
            <gpxtpx:hr>108</gpxtpx:hr>
          </gpxtpx:TrackPointExtension>
        </extensions>
      </trkpt>
      <trkpt lat="34.215954388758064" lon="108.83266010976115">
        <ele>404.62660575378686</ele>
        <time>2025-11-17T04:59:53.900000Z</time>
        <extensions>
          <gpxtpx:TrackPointExtension>
            <gpxtpx:hr>108</gpxtpx:hr>
          </gpxtpx:TrackPointExtension>
        </extensions>
      </trkpt>
      <trkpt lat="34.21596724753964" lon="108.83266128792462">
        <ele>404.6178403273225</ele>
        <time>2025-11-17T04:59:54.900000Z</time>
        <extensions>
          <gpxtpx:TrackPointExtension>
            <gpxtpx:hr>108</gpxtpx:hr>
          </gpxtpx:TrackPointExtension>
        </extensions>
      </trkpt>
      <trkpt lat="34.21597920559025" lon="108.83266247950532">
        <ele>404.62016793712974</ele>
        <time>2025-11-17T04:59:55.900000Z</time>
        <extensions>
          <gpxtpx:TrackPointExtension>
            <gpxtpx:hr>108</gpxtpx:hr>
          </gpxtpx:TrackPointExtension>
        </extensions>
      </trkpt>
      <trkpt lat="34.215989918641576" lon="108.83266346124118">
        <ele>404.62217584066093</ele>
        <time>2025-11-17T04:59:56.900000Z</time>
        <extensions>
          <gpxtpx:TrackPointExtension>
            <gpxtpx:hr>108</gpxtpx:hr>
          </gpxtpx:TrackPointExtension>
        </extensions>
      </trkpt>
      <trkpt lat="34.2160006491054" lon="108.83266406622847">
        <ele>404.6208335561678</ele>
        <time>2025-11-17T04:59:57.900000Z</time>
        <extensions>
          <gpxtpx:TrackPointExtension>
            <gpxtpx:hr>108</gpxtpx:hr>
          </gpxtpx:TrackPointExtension>
        </extensions>
      </trkpt>
      <trkpt lat="34.216012532600075" lon="108.83266457884176">
        <ele>404.62790302746</ele>
        <time>2025-11-17T04:59:58.900000Z</time>
        <extensions>
          <gpxtpx:TrackPointExtension>
            <gpxtpx:hr>108</gpxtpx:hr>
          </gpxtpx:TrackPointExtension>
        </extensions>
      </trkpt>
      <trkpt lat="34.216025565389195" lon="108.83266486717469">
        <ele>404.64829045627266</ele>
        <time>2025-11-17T04:59:59.900000Z</time>
        <extensions>
          <gpxtpx:TrackPointExtension>
            <gpxtpx:hr>108</gpxtpx:hr>
          </gpxtpx:TrackPointExtension>
        </extensions>
      </trkpt>
      <trkpt lat="34.21603897048622" lon="108.83266519815659">
        <ele>404.6894006347284</ele>
        <time>2025-11-17T05:00:00.900000Z</time>
        <extensions>
          <gpxtpx:TrackPointExtension>
            <gpxtpx:hr>108</gpxtpx:hr>
          </gpxtpx:TrackPointExtension>
        </extensions>
      </trkpt>
      <trkpt lat="34.21605191046181" lon="108.83266630805669">
        <ele>404.73593130428344</ele>
        <time>2025-11-17T05:00:01.900000Z</time>
        <extensions>
          <gpxtpx:TrackPointExtension>
            <gpxtpx:hr>107</gpxtpx:hr>
          </gpxtpx:TrackPointExtension>
        </extensions>
      </trkpt>
      <trkpt lat="34.21606446055974" lon="108.83266782931125">
        <ele>404.80104412324727</ele>
        <time>2025-11-17T05:00:02.900000Z</time>
        <extensions>
          <gpxtpx:TrackPointExtension>
            <gpxtpx:hr>107</gpxtpx:hr>
          </gpxtpx:TrackPointExtension>
        </extensions>
      </trkpt>
      <trkpt lat="34.21607713441146" lon="108.83266903068888">
        <ele>404.8674000920728</ele>
        <time>2025-11-17T05:00:03.900000Z</time>
        <extensions>
          <gpxtpx:TrackPointExtension>
            <gpxtpx:hr>107</gpxtpx:hr>
          </gpxtpx:TrackPointExtension>
        </extensions>
      </trkpt>
      <trkpt lat="34.21609057710605" lon="108.8326698986484">
        <ele>404.9435363272205</ele>
        <time>2025-11-17T05:00:04.900000Z</time>
        <extensions>
          <gpxtpx:TrackPointExtension>
            <gpxtpx:hr>107</gpxtpx:hr>
          </gpxtpx:TrackPointExtension>
        </extensions>
      </trkpt>
      <trkpt lat="34.21610460020153" lon="108.8326706990679">
        <ele>405.0280403615907</ele>
        <time>2025-11-17T05:00:05.900000Z</time>
        <extensions>
          <gpxtpx:TrackPointExtension>
            <gpxtpx:hr>107</gpxtpx:hr>
          </gpxtpx:TrackPointExtension>
        </extensions>
      </trkpt>
      <trkpt lat="34.21611824032207" lon="108.83267146572364">
        <ele>405.1050567291677</ele>
        <time>2025-11-17T05:00:06.900000Z</time>
        <extensions>
          <gpxtpx:TrackPointExtension>
            <gpxtpx:hr>108</gpxtpx:hr>
          </gpxtpx:TrackPointExtension>
        </extensions>
      </trkpt>
      <trkpt lat="34.21613121517078" lon="108.83267175731805">
        <ele>405.17882921919227</ele>
        <time>2025-11-17T05:00:07.900000Z</time>
        <extensions>
          <gpxtpx:TrackPointExtension>
            <gpxtpx:hr>108</gpxtpx:hr>
          </gpxtpx:TrackPointExtension>
        </extensions>
      </trkpt>
      <trkpt lat="34.21614384313639" lon="108.83267112218024">
        <ele>405.2555356156081</ele>
        <time>2025-11-17T05:00:08.900000Z</time>
        <extensions>
          <gpxtpx:TrackPointExtension>
            <gpxtpx:hr>108</gpxtpx:hr>
          </gpxtpx:TrackPointExtension>
        </extensions>
      </trkpt>
      <trkpt lat="34.21615658084242" lon="108.83266962225512">
        <ele>405.3395237047225</ele>
        <time>2025-11-17T05:00:09.900000Z</time>
        <extensions>
          <gpxtpx:TrackPointExtension>
            <gpxtpx:hr>108</gpxtpx:hr>
          </gpxtpx:TrackPointExtension>
        </extensions>
      </trkpt>
      <trkpt lat="34.2161696587594" lon="108.83266742191937">
        <ele>405.4206414166838</ele>
        <time>2025-11-17T05:00:10.900000Z</time>
        <extensions>
          <gpxtpx:TrackPointExtension>
            <gpxtpx:hr>107</gpxtpx:hr>
          </gpxtpx:TrackPointExtension>
        </extensions>
      </trkpt>
      <trkpt lat="34.21618307381587" lon="108.83266475585447">
        <ele>405.5056344848126</ele>
        <time>2025-11-17T05:00:11.900000Z</time>
        <extensions>
          <gpxtpx:TrackPointExtension>
            <gpxtpx:hr>107</gpxtpx:hr>
          </gpxtpx:TrackPointExtension>
        </extensions>
      </trkpt>
      <trkpt lat="34.21619713954538" lon="108.83266227359209">
        <ele>405.5839543575421</ele>
        <time>2025-11-17T05:00:12.900000Z</time>
        <extensions>
          <gpxtpx:TrackPointExtension>
            <gpxtpx:hr>107</gpxtpx:hr>
          </gpxtpx:TrackPointExtension>
        </extensions>
      </trkpt>
      <trkpt lat="34.21621207693217" lon="108.83266043833169">
        <ele>405.6671068081632</ele>
        <time>2025-11-17T05:00:13.900000Z</time>
        <extensions>
          <gpxtpx:TrackPointExtension>
            <gpxtpx:hr>107</gpxtpx:hr>
          </gpxtpx:TrackPointExtension>
        </extensions>
      </trkpt>
      <trkpt lat="34.21622724211589" lon="108.83265888535855">
        <ele>405.7567125437781</ele>
        <time>2025-11-17T05:00:14.900000Z</time>
        <extensions>
          <gpxtpx:TrackPointExtension>
            <gpxtpx:hr>107</gpxtpx:hr>
          </gpxtpx:TrackPointExtension>
        </extensions>
      </trkpt>
      <trkpt lat="34.21624172135048" lon="108.83265650454236">
        <ele>405.84982420131564</ele>
        <time>2025-11-17T05:00:15.900000Z</time>
        <extensions>
          <gpxtpx:TrackPointExtension>
            <gpxtpx:hr>107</gpxtpx:hr>
          </gpxtpx:TrackPointExtension>
        </extensions>
      </trkpt>
      <trkpt lat="34.216254864608885" lon="108.83265205630148">
        <ele>405.934910049662</ele>
        <time>2025-11-17T05:00:16.900000Z</time>
        <extensions>
          <gpxtpx:TrackPointExtension>
            <gpxtpx:hr>107</gpxtpx:hr>
          </gpxtpx:TrackPointExtension>
        </extensions>
      </trkpt>
      <trkpt lat="34.21626721476994" lon="108.83264586435982">
        <ele>406.023222533986</ele>
        <time>2025-11-17T05:00:17.900000Z</time>
        <extensions>
          <gpxtpx:TrackPointExtension>
            <gpxtpx:hr>107</gpxtpx:hr>
          </gpxtpx:TrackPointExtension>
        </extensions>
      </trkpt>
      <trkpt lat="34.21627954832553" lon="108.83263912773592">
        <ele>406.1012854510918</ele>
        <time>2025-11-17T05:00:18.900000Z</time>
        <extensions>
          <gpxtpx:TrackPointExtension>
            <gpxtpx:hr>107</gpxtpx:hr>
          </gpxtpx:TrackPointExtension>
        </extensions>
      </trkpt>
      <trkpt lat="34.21629240473521" lon="108.83263245860587">
        <ele>406.1938281720504</ele>
        <time>2025-11-17T05:00:19.900000Z</time>
        <extensions>
          <gpxtpx:TrackPointExtension>
            <gpxtpx:hr>107</gpxtpx:hr>
          </gpxtpx:TrackPointExtension>
        </extensions>
      </trkpt>
      <trkpt lat="34.216305708804924" lon="108.83262618940282">
        <ele>406.2802207954228</ele>
        <time>2025-11-17T05:00:20.900000Z</time>
        <extensions>
          <gpxtpx:TrackPointExtension>
            <gpxtpx:hr>107</gpxtpx:hr>
          </gpxtpx:TrackPointExtension>
        </extensions>
      </trkpt>
      <trkpt lat="34.21631803164517" lon="108.83262109900768">
        <ele>406.358001540415</ele>
        <time>2025-11-17T05:00:21.900000Z</time>
        <extensions>
          <gpxtpx:TrackPointExtension>
            <gpxtpx:hr>107</gpxtpx:hr>
          </gpxtpx:TrackPointExtension>
        </extensions>
      </trkpt>
      <trkpt lat="34.21632907352029" lon="108.8326167298794">
        <ele>406.43500601127744</ele>
        <time>2025-11-17T05:00:22.900000Z</time>
        <extensions>
          <gpxtpx:TrackPointExtension>
            <gpxtpx:hr>107</gpxtpx:hr>
          </gpxtpx:TrackPointExtension>
        </extensions>
      </trkpt>
      <trkpt lat="34.21633946067259" lon="108.83261166468526">
        <ele>406.4927198663354</ele>
        <time>2025-11-17T05:00:23.900000Z</time>
        <extensions>
          <gpxtpx:TrackPointExtension>
            <gpxtpx:hr>107</gpxtpx:hr>
          </gpxtpx:TrackPointExtension>
        </extensions>
      </trkpt>
      <trkpt lat="34.216349835586605" lon="108.83260566027695">
        <ele>406.53603278659284</ele>
        <time>2025-11-17T05:00:24.900000Z</time>
        <extensions>
          <gpxtpx:TrackPointExtension>
            <gpxtpx:hr>107</gpxtpx:hr>
          </gpxtpx:TrackPointExtension>
        </extensions>
      </trkpt>
      <trkpt lat="34.21636054792487" lon="108.83259947827524">
        <ele>406.57012921757996</ele>
        <time>2025-11-17T05:00:25.900000Z</time>
        <extensions>
          <gpxtpx:TrackPointExtension>
            <gpxtpx:hr>107</gpxtpx:hr>
          </gpxtpx:TrackPointExtension>
        </extensions>
      </trkpt>
      <trkpt lat="34.216371521602724" lon="108.83259416171431">
        <ele>406.5911310594529</ele>
        <time>2025-11-17T05:00:26.900000Z</time>
        <extensions>
          <gpxtpx:TrackPointExtension>
            <gpxtpx:hr>107</gpxtpx:hr>
          </gpxtpx:TrackPointExtension>
        </extensions>
      </trkpt>
      <trkpt lat="34.21638269885925" lon="108.83258996366536">
        <ele>406.6004418330267</ele>
        <time>2025-11-17T05:00:27.900000Z</time>
        <extensions>
          <gpxtpx:TrackPointExtension>
            <gpxtpx:hr>107</gpxtpx:hr>
          </gpxtpx:TrackPointExtension>
        </extensions>
      </trkpt>
      <trkpt lat="34.2163938178722" lon="108.83258605850315">
        <ele>406.6041157254949</ele>
        <time>2025-11-17T05:00:28.900000Z</time>
        <extensions>
          <gpxtpx:TrackPointExtension>
            <gpxtpx:hr>107</gpxtpx:hr>
          </gpxtpx:TrackPointExtension>
        </extensions>
      </trkpt>
      <trkpt lat="34.2164047318451" lon="108.83258219452084">
        <ele>406.5743747726083</ele>
        <time>2025-11-17T05:00:29.900000Z</time>
        <extensions>
          <gpxtpx:TrackPointExtension>
            <gpxtpx:hr>107</gpxtpx:hr>
          </gpxtpx:TrackPointExtension>
        </extensions>
      </trkpt>
      <trkpt lat="34.21641523256511" lon="108.83257876888248">
        <ele>406.53724049218</ele>
        <time>2025-11-17T05:00:30.900000Z</time>
        <extensions>
          <gpxtpx:TrackPointExtension>
            <gpxtpx:hr>107</gpxtpx:hr>
          </gpxtpx:TrackPointExtension>
        </extensions>
      </trkpt>
      <trkpt lat="34.21642536499404" lon="108.83257549916247">
        <ele>406.4884952008724</ele>
        <time>2025-11-17T05:00:31.900000Z</time>
        <extensions>
          <gpxtpx:TrackPointExtension>
            <gpxtpx:hr>107</gpxtpx:hr>
          </gpxtpx:TrackPointExtension>
        </extensions>
      </trkpt>
      <trkpt lat="34.21643549360861" lon="108.83257194432194">
        <ele>406.42757808975875</ele>
        <time>2025-11-17T05:00:32.900000Z</time>
        <extensions>
          <gpxtpx:TrackPointExtension>
            <gpxtpx:hr>107</gpxtpx:hr>
          </gpxtpx:TrackPointExtension>
        </extensions>
      </trkpt>
      <trkpt lat="34.216445949921045" lon="108.83256792940719">
        <ele>406.3602845668793</ele>
        <time>2025-11-17T05:00:33.900000Z</time>
        <extensions>
          <gpxtpx:TrackPointExtension>
            <gpxtpx:hr>107</gpxtpx:hr>
          </gpxtpx:TrackPointExtension>
        </extensions>
      </trkpt>
      <trkpt lat="34.21645675836859" lon="108.83256351985078">
        <ele>406.2867216905579</ele>
        <time>2025-11-17T05:00:34.900000Z</time>
        <extensions>
          <gpxtpx:TrackPointExtension>
            <gpxtpx:hr>108</gpxtpx:hr>
          </gpxtpx:TrackPointExtension>
        </extensions>
      </trkpt>
      <trkpt lat="34.216467751041634" lon="108.83255877793762">
        <ele>406.2210348630324</ele>
        <time>2025-11-17T05:00:35.900000Z</time>
        <extensions>
          <gpxtpx:TrackPointExtension>
            <gpxtpx:hr>108</gpxtpx:hr>
          </gpxtpx:TrackPointExtension>
        </extensions>
      </trkpt>
      <trkpt lat="34.21647889454861" lon="108.83255374059597">
        <ele>406.1616080701351</ele>
        <time>2025-11-17T05:00:36.900000Z</time>
        <extensions>
          <gpxtpx:TrackPointExtension>
            <gpxtpx:hr>108</gpxtpx:hr>
          </gpxtpx:TrackPointExtension>
        </extensions>
      </trkpt>
      <trkpt lat="34.216490371609176" lon="108.83254880647594">
        <ele>406.11078312061727</ele>
        <time>2025-11-17T05:00:37.900000Z</time>
        <extensions>
          <gpxtpx:TrackPointExtension>
            <gpxtpx:hr>108</gpxtpx:hr>
          </gpxtpx:TrackPointExtension>
        </extensions>
      </trkpt>
      <trkpt lat="34.21650200746232" lon="108.8325442651402">
        <ele>406.063927475363</ele>
        <time>2025-11-17T05:00:38.900000Z</time>
        <extensions>
          <gpxtpx:TrackPointExtension>
            <gpxtpx:hr>108</gpxtpx:hr>
          </gpxtpx:TrackPointExtension>
        </extensions>
      </trkpt>
      <trkpt lat="34.216513905104556" lon="108.83254030792371">
        <ele>406.033858332783</ele>
        <time>2025-11-17T05:00:39.900000Z</time>
        <extensions>
          <gpxtpx:TrackPointExtension>
            <gpxtpx:hr>108</gpxtpx:hr>
          </gpxtpx:TrackPointExtension>
        </extensions>
      </trkpt>
      <trkpt lat="34.21652637925547" lon="108.83253694777419">
        <ele>406.02024540118873</ele>
        <time>2025-11-17T05:00:40.900000Z</time>
        <extensions>
          <gpxtpx:TrackPointExtension>
            <gpxtpx:hr>108</gpxtpx:hr>
          </gpxtpx:TrackPointExtension>
        </extensions>
      </trkpt>
      <trkpt lat="34.216539225253086" lon="108.83253385692355">
        <ele>406.00884790625423</ele>
        <time>2025-11-17T05:00:41.900000Z</time>
        <extensions>
          <gpxtpx:TrackPointExtension>
            <gpxtpx:hr>108</gpxtpx:hr>
          </gpxtpx:TrackPointExtension>
        </extensions>
      </trkpt>
      <trkpt lat="34.216552268327526" lon="108.83253088119633">
        <ele>406.0033097984269</ele>
        <time>2025-11-17T05:00:42.900000Z</time>
        <extensions>
          <gpxtpx:TrackPointExtension>
            <gpxtpx:hr>108</gpxtpx:hr>
          </gpxtpx:TrackPointExtension>
        </extensions>
      </trkpt>
      <trkpt lat="34.216565460898025" lon="108.83252782146859">
        <ele>406.00247865356505</ele>
        <time>2025-11-17T05:00:43.900000Z</time>
        <extensions>
          <gpxtpx:TrackPointExtension>
            <gpxtpx:hr>108</gpxtpx:hr>
          </gpxtpx:TrackPointExtension>
        </extensions>
      </trkpt>
      <trkpt lat="34.21657835547309" lon="108.83252471082079">
        <ele>406.0179966716096</ele>
        <time>2025-11-17T05:00:44.900000Z</time>
        <extensions>
          <gpxtpx:TrackPointExtension>
            <gpxtpx:hr>108</gpxtpx:hr>
          </gpxtpx:TrackPointExtension>
        </extensions>
      </trkpt>
      <trkpt lat="34.216590314962595" lon="108.83252124793002">
        <ele>406.0435276282951</ele>
        <time>2025-11-17T05:00:45.900000Z</time>
        <extensions>
          <gpxtpx:TrackPointExtension>
            <gpxtpx:hr>108</gpxtpx:hr>
          </gpxtpx:TrackPointExtension>
        </extensions>
      </trkpt>
      <trkpt lat="34.216601950670345" lon="108.83251766344357">
        <ele>406.0826921351254</ele>
        <time>2025-11-17T05:00:46.900000Z</time>
        <extensions>
          <gpxtpx:TrackPointExtension>
            <gpxtpx:hr>109</gpxtpx:hr>
          </gpxtpx:TrackPointExtension>
        </extensions>
      </trkpt>
      <trkpt lat="34.216614005213636" lon="108.8325145183911">
        <ele>406.1492564752698</ele>
        <time>2025-11-17T05:00:47.900000Z</time>
        <extensions>
          <gpxtpx:TrackPointExtension>
            <gpxtpx:hr>109</gpxtpx:hr>
          </gpxtpx:TrackPointExtension>
        </extensions>
      </trkpt>
      <trkpt lat="34.216626242633644" lon="108.83251151164367">
        <ele>406.217206697911</ele>
        <time>2025-11-17T05:00:48.900000Z</time>
        <extensions>
          <gpxtpx:TrackPointExtension>
            <gpxtpx:hr>109</gpxtpx:hr>
          </gpxtpx:TrackPointExtension>
        </extensions>
      </trkpt>
      <trkpt lat="34.216639010362485" lon="108.83250829527663">
        <ele>406.2984932279214</ele>
        <time>2025-11-17T05:00:49.900000Z</time>
        <extensions>
          <gpxtpx:TrackPointExtension>
            <gpxtpx:hr>109</gpxtpx:hr>
          </gpxtpx:TrackPointExtension>
        </extensions>
      </trkpt>
      <trkpt lat="34.2166520200288" lon="108.83250472786906">
        <ele>406.3742218418047</ele>
        <time>2025-11-17T05:00:50.900000Z</time>
        <extensions>
          <gpxtpx:TrackPointExtension>
            <gpxtpx:hr>109</gpxtpx:hr>
          </gpxtpx:TrackPointExtension>
        </extensions>
      </trkpt>
      <trkpt lat="34.21666432570547" lon="108.83250074805008">
        <ele>406.4435229431838</ele>
        <time>2025-11-17T05:00:51.900000Z</time>
        <extensions>
          <gpxtpx:TrackPointExtension>
            <gpxtpx:hr>108</gpxtpx:hr>
          </gpxtpx:TrackPointExtension>
        </extensions>
      </trkpt>
      <trkpt lat="34.2166764018922" lon="108.83249638052347">
        <ele>406.5110860019922</ele>
        <time>2025-11-17T05:00:52.900000Z</time>
        <extensions>
          <gpxtpx:TrackPointExtension>
            <gpxtpx:hr>108</gpxtpx:hr>
          </gpxtpx:TrackPointExtension>
        </extensions>
      </trkpt>
      <trkpt lat="34.21668832937477" lon="108.83249195979435">
        <ele>406.57805741019547</ele>
        <time>2025-11-17T05:00:53.900000Z</time>
        <extensions>
          <gpxtpx:TrackPointExtension>
            <gpxtpx:hr>108</gpxtpx:hr>
          </gpxtpx:TrackPointExtension>
        </extensions>
      </trkpt>
      <trkpt lat="34.21669956772005" lon="108.83248759688796">
        <ele>406.6477278303355</ele>
        <time>2025-11-17T05:00:54.900000Z</time>
        <extensions>
          <gpxtpx:TrackPointExtension>
            <gpxtpx:hr>108</gpxtpx:hr>
          </gpxtpx:TrackPointExtension>
        </extensions>
      </trkpt>
      <trkpt lat="34.216710359339885" lon="108.83248335786602">
        <ele>406.7066465411335</ele>
        <time>2025-11-17T05:00:55.900000Z</time>
        <extensions>
          <gpxtpx:TrackPointExtension>
            <gpxtpx:hr>105</gpxtpx:hr>
          </gpxtpx:TrackPointExtension>
        </extensions>
      </trkpt>
      <trkpt lat="34.21672113747165" lon="108.83247938370711">
        <ele>406.7606605961919</ele>
        <time>2025-11-17T05:00:56.900000Z</time>
        <extensions>
          <gpxtpx:TrackPointExtension>
            <gpxtpx:hr>105</gpxtpx:hr>
          </gpxtpx:TrackPointExtension>
        </extensions>
      </trkpt>
      <trkpt lat="34.21673242765998" lon="108.8324755409554">
        <ele>406.80066937953234</ele>
        <time>2025-11-17T05:00:57.900000Z</time>
        <extensions>
          <gpxtpx:TrackPointExtension>
            <gpxtpx:hr>105</gpxtpx:hr>
          </gpxtpx:TrackPointExtension>
        </extensions>
      </trkpt>
      <trkpt lat="34.21674423156695" lon="108.83247150448236">
        <ele>406.8401004197076</ele>
        <time>2025-11-17T05:00:58.900000Z</time>
        <extensions>
          <gpxtpx:TrackPointExtension>
            <gpxtpx:hr>105</gpxtpx:hr>
          </gpxtpx:TrackPointExtension>
        </extensions>
      </trkpt>
      <trkpt lat="34.21675641270336" lon="108.83246751005862">
        <ele>406.8751652697101</ele>
        <time>2025-11-17T05:00:59.900000Z</time>
        <extensions>
          <gpxtpx:TrackPointExtension>
            <gpxtpx:hr>105</gpxtpx:hr>
          </gpxtpx:TrackPointExtension>
        </extensions>
      </trkpt>
      <trkpt lat="34.216768920232944" lon="108.83246382529671">
        <ele>406.8957116147503</ele>
        <time>2025-11-17T05:01:00.900000Z</time>
        <extensions>
          <gpxtpx:TrackPointExtension>
            <gpxtpx:hr>105</gpxtpx:hr>
          </gpxtpx:TrackPointExtension>
        </extensions>
      </trkpt>
      <trkpt lat="34.21678147182266" lon="108.8324602763415">
        <ele>406.93180287256837</ele>
        <time>2025-11-17T05:01:01.900000Z</time>
        <extensions>
          <gpxtpx:TrackPointExtension>
            <gpxtpx:hr>106</gpxtpx:hr>
          </gpxtpx:TrackPointExtension>
        </extensions>
      </trkpt>
      <trkpt lat="34.216793258514095" lon="108.8324563285093">
        <ele>406.95208778977394</ele>
        <time>2025-11-17T05:01:02.900000Z</time>
        <extensions>
          <gpxtpx:TrackPointExtension>
            <gpxtpx:hr>106</gpxtpx:hr>
          </gpxtpx:TrackPointExtension>
        </extensions>
      </trkpt>
      <trkpt lat="34.21680435297751" lon="108.83245155680478">
        <ele>406.9578472273424</ele>
        <time>2025-11-17T05:01:03.900000Z</time>
        <extensions>
          <gpxtpx:TrackPointExtension>
            <gpxtpx:hr>106</gpxtpx:hr>
          </gpxtpx:TrackPointExtension>
        </extensions>
      </trkpt>
      <trkpt lat="34.21681537542511" lon="108.83244644708323">
        <ele>406.96140216104686</ele>
        <time>2025-11-17T05:01:04.900000Z</time>
        <extensions>
          <gpxtpx:TrackPointExtension>
            <gpxtpx:hr>106</gpxtpx:hr>
          </gpxtpx:TrackPointExtension>
        </extensions>
      </trkpt>
      <trkpt lat="34.21682697894231" lon="108.83244181689726">
        <ele>406.9470240660012</ele>
        <time>2025-11-17T05:01:05.900000Z</time>
        <extensions>
          <gpxtpx:TrackPointExtension>
            <gpxtpx:hr>106</gpxtpx:hr>
          </gpxtpx:TrackPointExtension>
        </extensions>
      </trkpt>
      <trkpt lat="34.216839236187944" lon="108.83243773989187">
        <ele>406.92935865931213</ele>
        <time>2025-11-17T05:01:06.900000Z</time>
        <extensions>
          <gpxtpx:TrackPointExtension>
            <gpxtpx:hr>106</gpxtpx:hr>
          </gpxtpx:TrackPointExtension>
        </extensions>
      </trkpt>
      <trkpt lat="34.2168518020031" lon="108.83243400770895">
        <ele>406.91865616384894</ele>
        <time>2025-11-17T05:01:07.900000Z</time>
        <extensions>
          <gpxtpx:TrackPointExtension>
            <gpxtpx:hr>106</gpxtpx:hr>
          </gpxtpx:TrackPointExtension>
        </extensions>
      </trkpt>
      <trkpt lat="34.216864309278336" lon="108.83243044076733">
        <ele>406.9037730358541</ele>
        <time>2025-11-17T05:01:08.900000Z</time>
        <extensions>
          <gpxtpx:TrackPointExtension>
            <gpxtpx:hr>108</gpxtpx:hr>
          </gpxtpx:TrackPointExtension>
        </extensions>
      </trkpt>
      <trkpt lat="34.2168767335865" lon="108.83242692900396">
        <ele>406.8863074881956</ele>
        <time>2025-11-17T05:01:09.900000Z</time>
        <extensions>
          <gpxtpx:TrackPointExtension>
            <gpxtpx:hr>108</gpxtpx:hr>
          </gpxtpx:TrackPointExtension>
        </extensions>
      </trkpt>
      <trkpt lat="34.21688978106696" lon="108.83242408097684">
        <ele>406.8644312117249</ele>
        <time>2025-11-17T05:01:10.900000Z</time>
        <extensions>
          <gpxtpx:TrackPointExtension>
            <gpxtpx:hr>108</gpxtpx:hr>
          </gpxtpx:TrackPointExtension>
        </extensions>
      </trkpt>
      <trkpt lat="34.2169035385429" lon="108.83242222501445">
        <ele>406.837168446742</ele>
        <time>2025-11-17T05:01:11.900000Z</time>
        <extensions>
          <gpxtpx:TrackPointExtension>
            <gpxtpx:hr>108</gpxtpx:hr>
          </gpxtpx:TrackPointExtension>
        </extensions>
      </trkpt>
      <trkpt lat="34.21691776703631" lon="108.83242097850689">
        <ele>406.79743058793247</ele>
        <time>2025-11-17T05:01:12.900000Z</time>
        <extensions>
          <gpxtpx:TrackPointExtension>
            <gpxtpx:hr>107</gpxtpx:hr>
          </gpxtpx:TrackPointExtension>
        </extensions>
      </trkpt>
      <trkpt lat="34.21693232335274" lon="108.83241972518228">
        <ele>406.7487475788221</ele>
        <time>2025-11-17T05:01:13.900000Z</time>
        <extensions>
          <gpxtpx:TrackPointExtension>
            <gpxtpx:hr>107</gpxtpx:hr>
          </gpxtpx:TrackPointExtension>
        </extensions>
      </trkpt>
      <trkpt lat="34.21694675847746" lon="108.8324183259237">
        <ele>406.71129866782576</ele>
        <time>2025-11-17T05:01:14.900000Z</time>
        <extensions>
          <gpxtpx:TrackPointExtension>
            <gpxtpx:hr>107</gpxtpx:hr>
          </gpxtpx:TrackPointExtension>
        </extensions>
      </trkpt>
      <trkpt lat="34.21696105773885" lon="108.83241660832459">
        <ele>406.666209298186</ele>
        <time>2025-11-17T05:01:15.900000Z</time>
        <extensions>
          <gpxtpx:TrackPointExtension>
            <gpxtpx:hr>107</gpxtpx:hr>
          </gpxtpx:TrackPointExtension>
        </extensions>
      </trkpt>
      <trkpt lat="34.21697492897871" lon="108.83241455885354">
        <ele>406.61899150535464</ele>
        <time>2025-11-17T05:01:16.900000Z</time>
        <extensions>
          <gpxtpx:TrackPointExtension>
            <gpxtpx:hr>105</gpxtpx:hr>
          </gpxtpx:TrackPointExtension>
        </extensions>
      </trkpt>
      <trkpt lat="34.21698742701684" lon="108.83241199899156">
        <ele>406.5530479224399</ele>
        <time>2025-11-17T05:01:17.900000Z</time>
        <extensions>
          <gpxtpx:TrackPointExtension>
            <gpxtpx:hr>105</gpxtpx:hr>
          </gpxtpx:TrackPointExtension>
        </extensions>
      </trkpt>
      <trkpt lat="34.21699922944271" lon="108.83240870901524">
        <ele>406.4890684299171</ele>
        <time>2025-11-17T05:01:18.900000Z</time>
        <extensions>
          <gpxtpx:TrackPointExtension>
            <gpxtpx:hr>105</gpxtpx:hr>
          </gpxtpx:TrackPointExtension>
        </extensions>
      </trkpt>
      <trkpt lat="34.21701203878549" lon="108.8324049111847">
        <ele>406.4219573326409</ele>
        <time>2025-11-17T05:01:19.900000Z</time>
        <extensions>
          <gpxtpx:TrackPointExtension>
            <gpxtpx:hr>105</gpxtpx:hr>
          </gpxtpx:TrackPointExtension>
        </extensions>
      </trkpt>
      <trkpt lat="34.21702561915481" lon="108.83240113676457">
        <ele>406.35678215511143</ele>
        <time>2025-11-17T05:01:20.900000Z</time>
        <extensions>
          <gpxtpx:TrackPointExtension>
            <gpxtpx:hr>105</gpxtpx:hr>
          </gpxtpx:TrackPointExtension>
        </extensions>
      </trkpt>
      <trkpt lat="34.21703934362004" lon="108.83239782922412">
        <ele>406.29654240515083</ele>
        <time>2025-11-17T05:01:21.900000Z</time>
        <extensions>
          <gpxtpx:TrackPointExtension>
            <gpxtpx:hr>105</gpxtpx:hr>
          </gpxtpx:TrackPointExtension>
        </extensions>
      </trkpt>
      <trkpt lat="34.21705281192461" lon="108.83239475806266">
        <ele>406.22960815019906</ele>
        <time>2025-11-17T05:01:22.900000Z</time>
        <extensions>
          <gpxtpx:TrackPointExtension>
            <gpxtpx:hr>106</gpxtpx:hr>
          </gpxtpx:TrackPointExtension>
        </extensions>
      </trkpt>
      <trkpt lat="34.217066029558644" lon="108.83239197568287">
        <ele>406.1732083950192</ele>
        <time>2025-11-17T05:01:23.900000Z</time>
        <extensions>
          <gpxtpx:TrackPointExtension>
            <gpxtpx:hr>106</gpxtpx:hr>
          </gpxtpx:TrackPointExtension>
        </extensions>
      </trkpt>
      <trkpt lat="34.21707927658858" lon="108.83238986916984">
        <ele>406.1220608819276</ele>
        <time>2025-11-17T05:01:24.900000Z</time>
        <extensions>
          <gpxtpx:TrackPointExtension>
            <gpxtpx:hr>106</gpxtpx:hr>
          </gpxtpx:TrackPointExtension>
        </extensions>
      </trkpt>
      <trkpt lat="34.217091937516834" lon="108.83238792610642">
        <ele>406.06939755100757</ele>
        <time>2025-11-17T05:01:25.900000Z</time>
        <extensions>
          <gpxtpx:TrackPointExtension>
            <gpxtpx:hr>106</gpxtpx:hr>
          </gpxtpx:TrackPointExtension>
        </extensions>
      </trkpt>
      <trkpt lat="34.21710404634299" lon="108.83238565744334">
        <ele>406.01128530688584</ele>
        <time>2025-11-17T05:01:26.900000Z</time>
        <extensions>
          <gpxtpx:TrackPointExtension>
            <gpxtpx:hr>106</gpxtpx:hr>
          </gpxtpx:TrackPointExtension>
        </extensions>
      </trkpt>
      <trkpt lat="34.2171162054904" lon="108.83238291334231">
        <ele>405.9575345162302</ele>
        <time>2025-11-17T05:01:27.900000Z</time>
        <extensions>
          <gpxtpx:TrackPointExtension>
            <gpxtpx:hr>106</gpxtpx:hr>
          </gpxtpx:TrackPointExtension>
        </extensions>
      </trkpt>
      <trkpt lat="34.21712870348504" lon="108.83237975397857">
        <ele>405.9020345862955</ele>
        <time>2025-11-17T05:01:28.900000Z</time>
        <extensions>
          <gpxtpx:TrackPointExtension>
            <gpxtpx:hr>105</gpxtpx:hr>
          </gpxtpx:TrackPointExtension>
        </extensions>
      </trkpt>
      <trkpt lat="34.21714162518189" lon="108.83237631244458">
        <ele>405.8509463099763</ele>
        <time>2025-11-17T05:01:29.900000Z</time>
        <extensions>
          <gpxtpx:TrackPointExtension>
            <gpxtpx:hr>105</gpxtpx:hr>
          </gpxtpx:TrackPointExtension>
        </extensions>
      </trkpt>
      <trkpt lat="34.217154563818426" lon="108.83237277424674">
        <ele>405.8045882927254</ele>
        <time>2025-11-17T05:01:30.900000Z</time>
        <extensions>
          <gpxtpx:TrackPointExtension>
            <gpxtpx:hr>105</gpxtpx:hr>
          </gpxtpx:TrackPointExtension>
        </extensions>
      </trkpt>
      <trkpt lat="34.21716734264705" lon="108.83236908622955">
        <ele>405.744841539301</ele>
        <time>2025-11-17T05:01:31.900000Z</time>
        <extensions>
          <gpxtpx:TrackPointExtension>
            <gpxtpx:hr>104</gpxtpx:hr>
          </gpxtpx:TrackPointExtension>
        </extensions>
      </trkpt>
      <trkpt lat="34.21718027299072" lon="108.8323648464928">
        <ele>405.69792687147856</ele>
        <time>2025-11-17T05:01:32.900000Z</time>
        <extensions>
          <gpxtpx:TrackPointExtension>
            <gpxtpx:hr>104</gpxtpx:hr>
          </gpxtpx:TrackPointExtension>
        </extensions>
      </trkpt>
      <trkpt lat="34.21719333896522" lon="108.83236008286485">
        <ele>405.6732160234824</ele>
        <time>2025-11-17T05:01:33.900000Z</time>
        <extensions>
          <gpxtpx:TrackPointExtension>
            <gpxtpx:hr>104</gpxtpx:hr>
          </gpxtpx:TrackPointExtension>
        </extensions>
      </trkpt>
      <trkpt lat="34.21720639425495" lon="108.83235540317335">
        <ele>405.65755449514836</ele>
        <time>2025-11-17T05:01:34.900000Z</time>
        <extensions>
          <gpxtpx:TrackPointExtension>
            <gpxtpx:hr>104</gpxtpx:hr>
          </gpxtpx:TrackPointExtension>
        </extensions>
      </trkpt>
      <trkpt lat="34.21721940110116" lon="108.83235099895833">
        <ele>405.64401601813734</ele>
        <time>2025-11-17T05:01:35.900000Z</time>
        <extensions>
          <gpxtpx:TrackPointExtension>
            <gpxtpx:hr>104</gpxtpx:hr>
          </gpxtpx:TrackPointExtension>
        </extensions>
      </trkpt>
      <trkpt lat="34.21723213088708" lon="108.83234648677255">
        <ele>405.6255747079849</ele>
        <time>2025-11-17T05:01:36.900000Z</time>
        <extensions>
          <gpxtpx:TrackPointExtension>
            <gpxtpx:hr>104</gpxtpx:hr>
          </gpxtpx:TrackPointExtension>
        </extensions>
      </trkpt>
      <trkpt lat="34.21724435953151" lon="108.83234188835706">
        <ele>405.61309933662415</ele>
        <time>2025-11-17T05:01:37.900000Z</time>
        <extensions>
          <gpxtpx:TrackPointExtension>
            <gpxtpx:hr>100</gpxtpx:hr>
          </gpxtpx:TrackPointExtension>
        </extensions>
      </trkpt>
      <trkpt lat="34.21725613022691" lon="108.83233773086383">
        <ele>405.60108798742294</ele>
        <time>2025-11-17T05:01:38.900000Z</time>
        <extensions>
          <gpxtpx:TrackPointExtension>
            <gpxtpx:hr>100</gpxtpx:hr>
          </gpxtpx:TrackPointExtension>
        </extensions>
      </trkpt>
      <trkpt lat="34.21726751166479" lon="108.83233392047408">
        <ele>405.5900404667482</ele>
        <time>2025-11-17T05:01:39.900000Z</time>
        <extensions>
          <gpxtpx:TrackPointExtension>
            <gpxtpx:hr>100</gpxtpx:hr>
          </gpxtpx:TrackPointExtension>
        </extensions>
      </trkpt>
      <trkpt lat="34.21727891089306" lon="108.8323298685896">
        <ele>405.5857169004157</ele>
        <time>2025-11-17T05:01:40.900000Z</time>
        <extensions>
          <gpxtpx:TrackPointExtension>
            <gpxtpx:hr>100</gpxtpx:hr>
          </gpxtpx:TrackPointExtension>
        </extensions>
      </trkpt>
      <trkpt lat="34.21729072530533" lon="108.83232557657453">
        <ele>405.56560676917434</ele>
        <time>2025-11-17T05:01:41.900000Z</time>
        <extensions>
          <gpxtpx:TrackPointExtension>
            <gpxtpx:hr>100</gpxtpx:hr>
          </gpxtpx:TrackPointExtension>
        </extensions>
      </trkpt>
      <trkpt lat="34.21730322872797" lon="108.83232123533456">
        <ele>405.5410167090595</ele>
        <time>2025-11-17T05:01:42.900000Z</time>
        <extensions>
          <gpxtpx:TrackPointExtension>
            <gpxtpx:hr>100</gpxtpx:hr>
          </gpxtpx:TrackPointExtension>
        </extensions>
      </trkpt>
      <trkpt lat="34.21731674199727" lon="108.83231719018218">
        <ele>405.54060919303447</ele>
        <time>2025-11-17T05:01:43.900000Z</time>
        <extensions>
          <gpxtpx:TrackPointExtension>
            <gpxtpx:hr>100</gpxtpx:hr>
          </gpxtpx:TrackPointExtension>
        </extensions>
      </trkpt>
      <trkpt lat="34.21733096415877" lon="108.83231397708934">
        <ele>405.5272384257987</ele>
        <time>2025-11-17T05:01:44.900000Z</time>
        <extensions>
          <gpxtpx:TrackPointExtension>
            <gpxtpx:hr>100</gpxtpx:hr>
          </gpxtpx:TrackPointExtension>
        </extensions>
      </trkpt>
      <trkpt lat="34.217344569800964" lon="108.83231127549445">
        <ele>405.51485121715814</ele>
        <time>2025-11-17T05:01:45.900000Z</time>
        <extensions>
          <gpxtpx:TrackPointExtension>
            <gpxtpx:hr>100</gpxtpx:hr>
          </gpxtpx:TrackPointExtension>
        </extensions>
      </trkpt>
      <trkpt lat="34.21735648710422" lon="108.8323083644423">
        <ele>405.48125681933016</ele>
        <time>2025-11-17T05:01:46.900000Z</time>
        <extensions>
          <gpxtpx:TrackPointExtension>
            <gpxtpx:hr>100</gpxtpx:hr>
          </gpxtpx:TrackPointExtension>
        </extensions>
      </trkpt>
      <trkpt lat="34.21736700264601" lon="108.83230464120815">
        <ele>405.445709483698</ele>
        <time>2025-11-17T05:01:47.900000Z</time>
        <extensions>
          <gpxtpx:TrackPointExtension>
            <gpxtpx:hr>100</gpxtpx:hr>
          </gpxtpx:TrackPointExtension>
        </extensions>
      </trkpt>
      <trkpt lat="34.21737722926701" lon="108.83229994065155">
        <ele>405.40990767627954</ele>
        <time>2025-11-17T05:01:48.900000Z</time>
        <extensions>
          <gpxtpx:TrackPointExtension>
            <gpxtpx:hr>100</gpxtpx:hr>
          </gpxtpx:TrackPointExtension>
        </extensions>
      </trkpt>
      <trkpt lat="34.21738742817612" lon="108.83229490977978">
        <ele>405.3711996236816</ele>
        <time>2025-11-17T05:01:49.900000Z</time>
        <extensions>
          <gpxtpx:TrackPointExtension>
            <gpxtpx:hr>99</gpxtpx:hr>
          </gpxtpx:TrackPointExtension>
        </extensions>
      </trkpt>
      <trkpt lat="34.21739772989849" lon="108.83229020735516">
        <ele>405.3208359796554</ele>
        <time>2025-11-17T05:01:50.900000Z</time>
        <extensions>
          <gpxtpx:TrackPointExtension>
            <gpxtpx:hr>99</gpxtpx:hr>
          </gpxtpx:TrackPointExtension>
        </extensions>
      </trkpt>
      <trkpt lat="34.21740881016265" lon="108.83228597209056">
        <ele>405.2793142218143</ele>
        <time>2025-11-17T05:01:51.900000Z</time>
        <extensions>
          <gpxtpx:TrackPointExtension>
            <gpxtpx:hr>99</gpxtpx:hr>
          </gpxtpx:TrackPointExtension>
        </extensions>
      </trkpt>
      <trkpt lat="34.21742071235802" lon="108.83228203090195">
        <ele>405.247309201397</ele>
        <time>2025-11-17T05:01:52.900000Z</time>
        <extensions>
          <gpxtpx:TrackPointExtension>
            <gpxtpx:hr>99</gpxtpx:hr>
          </gpxtpx:TrackPointExtension>
        </extensions>
      </trkpt>
      <trkpt lat="34.21743327231673" lon="108.83227797110568">
        <ele>405.219214791432</ele>
        <time>2025-11-17T05:01:53.900000Z</time>
        <extensions>
          <gpxtpx:TrackPointExtension>
            <gpxtpx:hr>99</gpxtpx:hr>
          </gpxtpx:TrackPointExtension>
        </extensions>
      </trkpt>
      <trkpt lat="34.217445866142924" lon="108.83227398220123">
        <ele>405.179802945815</ele>
        <time>2025-11-17T05:01:54.900000Z</time>
        <extensions>
          <gpxtpx:TrackPointExtension>
            <gpxtpx:hr>99</gpxtpx:hr>
          </gpxtpx:TrackPointExtension>
        </extensions>
      </trkpt>
      <trkpt lat="34.217458113611265" lon="108.83227039678316">
        <ele>405.14266930148005</ele>
        <time>2025-11-17T05:01:55.900000Z</time>
        <extensions>
          <gpxtpx:TrackPointExtension>
            <gpxtpx:hr>99</gpxtpx:hr>
          </gpxtpx:TrackPointExtension>
        </extensions>
      </trkpt>
      <trkpt lat="34.21747032817092" lon="108.83226710605634">
        <ele>405.11401595547795</ele>
        <time>2025-11-17T05:01:56.900000Z</time>
        <extensions>
          <gpxtpx:TrackPointExtension>
            <gpxtpx:hr>99</gpxtpx:hr>
          </gpxtpx:TrackPointExtension>
        </extensions>
      </trkpt>
      <trkpt lat="34.217482333659184" lon="108.83226380529013">
        <ele>405.1074439063668</ele>
        <time>2025-11-17T05:01:57.900000Z</time>
        <extensions>
          <gpxtpx:TrackPointExtension>
            <gpxtpx:hr>99</gpxtpx:hr>
          </gpxtpx:TrackPointExtension>
        </extensions>
      </trkpt>
      <trkpt lat="34.21749339590772" lon="108.83225980805031">
        <ele>405.100652272813</ele>
        <time>2025-11-17T05:01:58.900000Z</time>
        <extensions>
          <gpxtpx:TrackPointExtension>
            <gpxtpx:hr>99</gpxtpx:hr>
          </gpxtpx:TrackPointExtension>
        </extensions>
      </trkpt>
      <trkpt lat="34.21750425420557" lon="108.83225545670122">
        <ele>405.09653113689274</ele>
        <time>2025-11-17T05:01:59.900000Z</time>
        <extensions>
          <gpxtpx:TrackPointExtension>
            <gpxtpx:hr>99</gpxtpx:hr>
          </gpxtpx:TrackPointExtension>
        </extensions>
      </trkpt>
      <trkpt lat="34.21751581063527" lon="108.83225188992142">
        <ele>405.0903232321143</ele>
        <time>2025-11-17T05:02:00.900000Z</time>
        <extensions>
          <gpxtpx:TrackPointExtension>
            <gpxtpx:hr>99</gpxtpx:hr>
          </gpxtpx:TrackPointExtension>
        </extensions>
      </trkpt>
      <trkpt lat="34.21752774910991" lon="108.83224913872017">
        <ele>405.0899835508317</ele>
        <time>2025-11-17T05:02:01.900000Z</time>
        <extensions>
          <gpxtpx:TrackPointExtension>
            <gpxtpx:hr>99</gpxtpx:hr>
          </gpxtpx:TrackPointExtension>
        </extensions>
      </trkpt>
      <trkpt lat="34.21753984331102" lon="108.8322464668223">
        <ele>405.08996284753084</ele>
        <time>2025-11-17T05:02:02.900000Z</time>
        <extensions>
          <gpxtpx:TrackPointExtension>
            <gpxtpx:hr>107</gpxtpx:hr>
          </gpxtpx:TrackPointExtension>
        </extensions>
      </trkpt>
      <trkpt lat="34.21755186953178" lon="108.83224353911021">
        <ele>405.10290883202106</ele>
        <time>2025-11-17T05:02:03.900000Z</time>
        <extensions>
          <gpxtpx:TrackPointExtension>
            <gpxtpx:hr>107</gpxtpx:hr>
          </gpxtpx:TrackPointExtension>
        </extensions>
      </trkpt>
      <trkpt lat="34.217564159815375" lon="108.83224028046992">
        <ele>405.12911171186715</ele>
        <time>2025-11-17T05:02:04.900000Z</time>
        <extensions>
          <gpxtpx:TrackPointExtension>
            <gpxtpx:hr>107</gpxtpx:hr>
          </gpxtpx:TrackPointExtension>
        </extensions>
      </trkpt>
      <trkpt lat="34.217576709534725" lon="108.83223654275612">
        <ele>405.1784008378163</ele>
        <time>2025-11-17T05:02:05.900000Z</time>
        <extensions>
          <gpxtpx:TrackPointExtension>
            <gpxtpx:hr>107</gpxtpx:hr>
          </gpxtpx:TrackPointExtension>
        </extensions>
      </trkpt>
      <trkpt lat="34.217589030290256" lon="108.83223248992302">
        <ele>405.2128415303305</ele>
        <time>2025-11-17T05:02:06.900000Z</time>
        <extensions>
          <gpxtpx:TrackPointExtension>
            <gpxtpx:hr>107</gpxtpx:hr>
          </gpxtpx:TrackPointExtension>
        </extensions>
      </trkpt>
      <trkpt lat="34.21760095384578" lon="108.83222790239037">
        <ele>405.2433223752305</ele>
        <time>2025-11-17T05:02:07.900000Z</time>
        <extensions>
          <gpxtpx:TrackPointExtension>
            <gpxtpx:hr>107</gpxtpx:hr>
          </gpxtpx:TrackPointExtension>
        </extensions>
      </trkpt>
      <trkpt lat="34.21761260730643" lon="108.83222253878833">
        <ele>405.24086917191744</ele>
        <time>2025-11-17T05:02:08.900000Z</time>
        <extensions>
          <gpxtpx:TrackPointExtension>
            <gpxtpx:hr>107</gpxtpx:hr>
          </gpxtpx:TrackPointExtension>
        </extensions>
      </trkpt>
      <trkpt lat="34.21762439736391" lon="108.83221637868937">
        <ele>405.2528134211898</ele>
        <time>2025-11-17T05:02:09.900000Z</time>
        <extensions>
          <gpxtpx:TrackPointExtension>
            <gpxtpx:hr>107</gpxtpx:hr>
          </gpxtpx:TrackPointExtension>
        </extensions>
      </trkpt>
      <trkpt lat="34.21763654115043" lon="108.83220961710143">
        <ele>405.2735761972144</ele>
        <time>2025-11-17T05:02:10.900000Z</time>
        <extensions>
          <gpxtpx:TrackPointExtension>
            <gpxtpx:hr>107</gpxtpx:hr>
          </gpxtpx:TrackPointExtension>
        </extensions>
      </trkpt>
      <trkpt lat="34.21764886345167" lon="108.83220269944428">
        <ele>405.28656544163823</ele>
        <time>2025-11-17T05:02:11.900000Z</time>
        <extensions>
          <gpxtpx:TrackPointExtension>
            <gpxtpx:hr>107</gpxtpx:hr>
          </gpxtpx:TrackPointExtension>
        </extensions>
      </trkpt>
      <trkpt lat="34.2176608686258" lon="108.83219598172585">
        <ele>405.2888565454632</ele>
        <time>2025-11-17T05:02:12.900000Z</time>
        <extensions>
          <gpxtpx:TrackPointExtension>
            <gpxtpx:hr>99</gpxtpx:hr>
          </gpxtpx:TrackPointExtension>
        </extensions>
      </trkpt>
      <trkpt lat="34.21767241012504" lon="108.83218936039059">
        <ele>405.2988984948024</ele>
        <time>2025-11-17T05:02:13.900000Z</time>
        <extensions>
          <gpxtpx:TrackPointExtension>
            <gpxtpx:hr>99</gpxtpx:hr>
          </gpxtpx:TrackPointExtension>
        </extensions>
      </trkpt>
      <trkpt lat="34.21768398085275" lon="108.83218276694403">
        <ele>405.2935270117596</ele>
        <time>2025-11-17T05:02:14.900000Z</time>
        <extensions>
          <gpxtpx:TrackPointExtension>
            <gpxtpx:hr>99</gpxtpx:hr>
          </gpxtpx:TrackPointExtension>
        </extensions>
      </trkpt>
      <trkpt lat="34.21769527244815" lon="108.832176735991">
        <ele>405.2879670318216</ele>
        <time>2025-11-17T05:02:15.900000Z</time>
        <extensions>
          <gpxtpx:TrackPointExtension>
            <gpxtpx:hr>99</gpxtpx:hr>
          </gpxtpx:TrackPointExtension>
        </extensions>
      </trkpt>
      <trkpt lat="34.21770662936005" lon="108.83217187724591">
        <ele>405.2788184154779</ele>
        <time>2025-11-17T05:02:16.900000Z</time>
        <extensions>
          <gpxtpx:TrackPointExtension>
            <gpxtpx:hr>105</gpxtpx:hr>
          </gpxtpx:TrackPointExtension>
        </extensions>
      </trkpt>
      <trkpt lat="34.21771836330876" lon="108.8321679049356">
        <ele>405.29317389894277</ele>
        <time>2025-11-17T05:02:17.900000Z</time>
        <extensions>
          <gpxtpx:TrackPointExtension>
            <gpxtpx:hr>105</gpxtpx:hr>
          </gpxtpx:TrackPointExtension>
        </extensions>
      </trkpt>
      <trkpt lat="34.21772999781546" lon="108.83216401036076">
        <ele>405.29573903791606</ele>
        <time>2025-11-17T05:02:18.900000Z</time>
        <extensions>
          <gpxtpx:TrackPointExtension>
            <gpxtpx:hr>105</gpxtpx:hr>
          </gpxtpx:TrackPointExtension>
        </extensions>
      </trkpt>
      <trkpt lat="34.21774099560616" lon="108.83215993053054">
        <ele>405.2851806655526</ele>
        <time>2025-11-17T05:02:19.900000Z</time>
        <extensions>
          <gpxtpx:TrackPointExtension>
            <gpxtpx:hr>98</gpxtpx:hr>
          </gpxtpx:TrackPointExtension>
        </extensions>
      </trkpt>
      <trkpt lat="34.217751117606554" lon="108.83215575711844">
        <ele>405.2671135831624</ele>
        <time>2025-11-17T05:02:20.900000Z</time>
        <extensions>
          <gpxtpx:TrackPointExtension>
            <gpxtpx:hr>98</gpxtpx:hr>
          </gpxtpx:TrackPointExtension>
        </extensions>
      </trkpt>
      <trkpt lat="34.21776095557565" lon="108.83215189430723">
        <ele>405.252922330983</ele>
        <time>2025-11-17T05:02:21.900000Z</time>
        <extensions>
          <gpxtpx:TrackPointExtension>
            <gpxtpx:hr>98</gpxtpx:hr>
          </gpxtpx:TrackPointExtension>
        </extensions>
      </trkpt>
      <trkpt lat="34.21777081145443" lon="108.83214841200042">
        <ele>405.24017650075257</ele>
        <time>2025-11-17T05:02:22.900000Z</time>
        <extensions>
          <gpxtpx:TrackPointExtension>
            <gpxtpx:hr>98</gpxtpx:hr>
          </gpxtpx:TrackPointExtension>
        </extensions>
      </trkpt>
      <trkpt lat="34.21778018160606" lon="108.83214466845199">
        <ele>405.2293614158407</ele>
        <time>2025-11-17T05:02:23.900000Z</time>
        <extensions>
          <gpxtpx:TrackPointExtension>
            <gpxtpx:hr>98</gpxtpx:hr>
          </gpxtpx:TrackPointExtension>
        </extensions>
      </trkpt>
      <trkpt lat="34.217789037943746" lon="108.83214077997926">
        <ele>405.2174460571259</ele>
        <time>2025-11-17T05:02:24.900000Z</time>
        <extensions>
          <gpxtpx:TrackPointExtension>
            <gpxtpx:hr>98</gpxtpx:hr>
          </gpxtpx:TrackPointExtension>
        </extensions>
      </trkpt>
      <trkpt lat="34.2177975328004" lon="108.8321378080066">
        <ele>405.21035597193986</ele>
        <time>2025-11-17T05:02:25.900000Z</time>
        <extensions>
          <gpxtpx:TrackPointExtension>
            <gpxtpx:hr>98</gpxtpx:hr>
          </gpxtpx:TrackPointExtension>
        </extensions>
      </trkpt>
      <trkpt lat="34.217805841888136" lon="108.83213594911696">
        <ele>405.19582162611187</ele>
        <time>2025-11-17T05:02:26.900000Z</time>
        <extensions>
          <gpxtpx:TrackPointExtension>
            <gpxtpx:hr>99</gpxtpx:hr>
          </gpxtpx:TrackPointExtension>
        </extensions>
      </trkpt>
      <trkpt lat="34.21781441376063" lon="108.83213472975358">
        <ele>405.17930802702904</ele>
        <time>2025-11-17T05:02:27.900000Z</time>
        <extensions>
          <gpxtpx:TrackPointExtension>
            <gpxtpx:hr>99</gpxtpx:hr>
          </gpxtpx:TrackPointExtension>
        </extensions>
      </trkpt>
      <trkpt lat="34.2178225079385" lon="108.832133319449">
        <ele>405.13599617313594</ele>
        <time>2025-11-17T05:02:28.900000Z</time>
        <extensions>
          <gpxtpx:TrackPointExtension>
            <gpxtpx:hr>99</gpxtpx:hr>
          </gpxtpx:TrackPointExtension>
        </extensions>
      </trkpt>
      <trkpt lat="34.217829201104166" lon="108.83213109140277">
        <ele>405.09064122568816</ele>
        <time>2025-11-17T05:02:29.900000Z</time>
        <extensions>
          <gpxtpx:TrackPointExtension>
            <gpxtpx:hr>99</gpxtpx:hr>
          </gpxtpx:TrackPointExtension>
        </extensions>
      </trkpt>
      <trkpt lat="34.21783500331282" lon="108.83212733303796">
        <ele>405.04419117141515</ele>
        <time>2025-11-17T05:02:30.900000Z</time>
        <extensions>
          <gpxtpx:TrackPointExtension>
            <gpxtpx:hr>99</gpxtpx:hr>
          </gpxtpx:TrackPointExtension>
        </extensions>
      </trkpt>
      <trkpt lat="34.21784070992495" lon="108.83212164442205">
        <ele>404.9941629720852</ele>
        <time>2025-11-17T05:02:31.900000Z</time>
        <extensions>
          <gpxtpx:TrackPointExtension>
            <gpxtpx:hr>99</gpxtpx:hr>
          </gpxtpx:TrackPointExtension>
        </extensions>
      </trkpt>
      <trkpt lat="34.21784670345551" lon="108.83211407610233">
        <ele>404.939021599479</ele>
        <time>2025-11-17T05:02:32.900000Z</time>
        <extensions>
          <gpxtpx:TrackPointExtension>
            <gpxtpx:hr>106</gpxtpx:hr>
          </gpxtpx:TrackPointExtension>
        </extensions>
      </trkpt>
      <trkpt lat="34.21785283793086" lon="108.83210483390519">
        <ele>404.88986479118466</ele>
        <time>2025-11-17T05:02:33.900000Z</time>
        <extensions>
          <gpxtpx:TrackPointExtension>
            <gpxtpx:hr>106</gpxtpx:hr>
          </gpxtpx:TrackPointExtension>
        </extensions>
      </trkpt>
      <trkpt lat="34.217858187209266" lon="108.83209549242206">
        <ele>404.83075478486717</ele>
        <time>2025-11-17T05:02:34.900000Z</time>
        <extensions>
          <gpxtpx:TrackPointExtension>
            <gpxtpx:hr>106</gpxtpx:hr>
          </gpxtpx:TrackPointExtension>
        </extensions>
      </trkpt>
      <trkpt lat="34.21786272207745" lon="108.8320862353745">
        <ele>404.7538104271516</ele>
        <time>2025-11-17T05:02:35.900000Z</time>
        <extensions>
          <gpxtpx:TrackPointExtension>
            <gpxtpx:hr>106</gpxtpx:hr>
          </gpxtpx:TrackPointExtension>
        </extensions>
      </trkpt>
      <trkpt lat="34.21786668907406" lon="108.83207678822946">
        <ele>404.6756694931537</ele>
        <time>2025-11-17T05:02:36.900000Z</time>
        <extensions>
          <gpxtpx:TrackPointExtension>
            <gpxtpx:hr>106</gpxtpx:hr>
          </gpxtpx:TrackPointExtension>
        </extensions>
      </trkpt>
      <trkpt lat="34.21786992123163" lon="108.8320691331875">
        <ele>404.5744431121275</ele>
        <time>2025-11-17T05:02:37.900000Z</time>
        <extensions>
          <gpxtpx:TrackPointExtension>
            <gpxtpx:hr>104</gpxtpx:hr>
          </gpxtpx:TrackPointExtension>
        </extensions>
      </trkpt>
      <trkpt lat="34.21787238096057" lon="108.83206460318229">
        <ele>404.46926351543516</ele>
        <time>2025-11-17T05:02:38.900000Z</time>
        <extensions>
          <gpxtpx:TrackPointExtension>
            <gpxtpx:hr>104</gpxtpx:hr>
          </gpxtpx:TrackPointExtension>
        </extensions>
      </trkpt>
      <trkpt lat="34.2178740667032" lon="108.83206312008441">
        <ele>404.3682929351926</ele>
        <time>2025-11-17T05:02:39.900000Z</time>
        <extensions>
          <gpxtpx:TrackPointExtension>
            <gpxtpx:hr>104</gpxtpx:hr>
          </gpxtpx:TrackPointExtension>
        </extensions>
      </trkpt>
      <trkpt lat="34.21787516099147" lon="108.83206425178527">
        <ele>404.26543360296637</ele>
        <time>2025-11-17T05:02:40.900000Z</time>
        <extensions>
          <gpxtpx:TrackPointExtension>
            <gpxtpx:hr>104</gpxtpx:hr>
          </gpxtpx:TrackPointExtension>
        </extensions>
      </trkpt>
      <trkpt lat="34.217875848538156" lon="108.83206712846662">
        <ele>404.16506164707243</ele>
        <time>2025-11-17T05:02:41.900000Z</time>
        <extensions>
          <gpxtpx:TrackPointExtension>
            <gpxtpx:hr>105</gpxtpx:hr>
          </gpxtpx:TrackPointExtension>
        </extensions>
      </trkpt>
      <trkpt lat="34.21787628677887" lon="108.8320710844965">
        <ele>404.06650906056166</ele>
        <time>2025-11-17T05:02:42.900000Z</time>
        <extensions>
          <gpxtpx:TrackPointExtension>
            <gpxtpx:hr>105</gpxtpx:hr>
          </gpxtpx:TrackPointExtension>
        </extensions>
      </trkpt>
      <trkpt lat="34.21787657109036" lon="108.83207575088609">
        <ele>403.9694345248863</ele>
        <time>2025-11-17T05:02:43.900000Z</time>
        <extensions>
          <gpxtpx:TrackPointExtension>
            <gpxtpx:hr>105</gpxtpx:hr>
          </gpxtpx:TrackPointExtension>
        </extensions>
      </trkpt>
      <trkpt lat="34.217876762414086" lon="108.8320808144661">
        <ele>403.874150397256</ele>
        <time>2025-11-17T05:02:44.900000Z</time>
        <extensions>
          <gpxtpx:TrackPointExtension>
            <gpxtpx:hr>105</gpxtpx:hr>
          </gpxtpx:TrackPointExtension>
        </extensions>
      </trkpt>
      <trkpt lat="34.217876840103145" lon="108.83208592925854">
        <ele>403.7873778315261</ele>
        <time>2025-11-17T05:02:45.900000Z</time>
        <extensions>
          <gpxtpx:TrackPointExtension>
            <gpxtpx:hr>105</gpxtpx:hr>
          </gpxtpx:TrackPointExtension>
        </extensions>
      </trkpt>
      <trkpt lat="34.21787673028266" lon="108.83209084648591">
        <ele>403.71156281605363</ele>
        <time>2025-11-17T05:02:46.900000Z</time>
        <extensions>
          <gpxtpx:TrackPointExtension>
            <gpxtpx:hr>105</gpxtpx:hr>
          </gpxtpx:TrackPointExtension>
        </extensions>
      </trkpt>
      <trkpt lat="34.21787641129514" lon="108.83209542387257">
        <ele>403.64886709302664</ele>
        <time>2025-11-17T05:02:47.900000Z</time>
        <extensions>
          <gpxtpx:TrackPointExtension>
            <gpxtpx:hr>105</gpxtpx:hr>
          </gpxtpx:TrackPointExtension>
        </extensions>
      </trkpt>
      <trkpt lat="34.21787588288081" lon="108.83209965554116">
        <ele>403.5974155301228</ele>
        <time>2025-11-17T05:02:48.900000Z</time>
        <extensions>
          <gpxtpx:TrackPointExtension>
            <gpxtpx:hr>105</gpxtpx:hr>
          </gpxtpx:TrackPointExtension>
        </extensions>
      </trkpt>
      <trkpt lat="34.217875168933816" lon="108.8321035243226">
        <ele>403.5572721660137</ele>
        <time>2025-11-17T05:02:49.900000Z</time>
        <extensions>
          <gpxtpx:TrackPointExtension>
            <gpxtpx:hr>105</gpxtpx:hr>
          </gpxtpx:TrackPointExtension>
        </extensions>
      </trkpt>
      <trkpt lat="34.217874326837844" lon="108.83210687883717">
        <ele>403.52177271060646</ele>
        <time>2025-11-17T05:02:50.900000Z</time>
        <extensions>
          <gpxtpx:TrackPointExtension>
            <gpxtpx:hr>105</gpxtpx:hr>
          </gpxtpx:TrackPointExtension>
        </extensions>
      </trkpt>
      <trkpt lat="34.21787337867758" lon="108.83210960740635">
        <ele>403.4975875681266</ele>
        <time>2025-11-17T05:02:51.900000Z</time>
        <extensions>
          <gpxtpx:TrackPointExtension>
            <gpxtpx:hr>104</gpxtpx:hr>
          </gpxtpx:TrackPointExtension>
        </extensions>
      </trkpt>
      <trkpt lat="34.217872315804016" lon="108.83211199455981">
        <ele>403.47959036938846</ele>
        <time>2025-11-17T05:02:52.900000Z</time>
        <extensions>
          <gpxtpx:TrackPointExtension>
            <gpxtpx:hr>104</gpxtpx:hr>
          </gpxtpx:TrackPointExtension>
        </extensions>
      </trkpt>
      <trkpt lat="34.21787111802832" lon="108.83211433190773">
        <ele>403.47410479094833</ele>
        <time>2025-11-17T05:02:53.900000Z</time>
        <extensions>
          <gpxtpx:TrackPointExtension>
            <gpxtpx:hr>104</gpxtpx:hr>
          </gpxtpx:TrackPointExtension>
        </extensions>
      </trkpt>
      <trkpt lat="34.21786980909417" lon="108.83211654480506">
        <ele>403.48339997511357</ele>
        <time>2025-11-17T05:02:54.900000Z</time>
        <extensions>
          <gpxtpx:TrackPointExtension>
            <gpxtpx:hr>104</gpxtpx:hr>
          </gpxtpx:TrackPointExtension>
        </extensions>
      </trkpt>
      <trkpt lat="34.21786853161668" lon="108.83211865957898">
        <ele>403.4960722029209</ele>
        <time>2025-11-17T05:02:55.900000Z</time>
        <extensions>
          <gpxtpx:TrackPointExtension>
            <gpxtpx:hr>104</gpxtpx:hr>
          </gpxtpx:TrackPointExtension>
        </extensions>
      </trkpt>
      <trkpt lat="34.21786748789858" lon="108.83212082980896">
        <ele>403.51512121688575</ele>
        <time>2025-11-17T05:02:56.900000Z</time>
        <extensions>
          <gpxtpx:TrackPointExtension>
            <gpxtpx:hr>104</gpxtpx:hr>
          </gpxtpx:TrackPointExtension>
        </extensions>
      </trkpt>
      <trkpt lat="34.217866849768285" lon="108.83212326371464">
        <ele>403.54383797664195</ele>
        <time>2025-11-17T05:02:57.900000Z</time>
        <extensions>
          <gpxtpx:TrackPointExtension>
            <gpxtpx:hr>104</gpxtpx:hr>
          </gpxtpx:TrackPointExtension>
        </extensions>
      </trkpt>
      <trkpt lat="34.217866733562765" lon="108.83212605207221">
        <ele>403.57997286506</ele>
        <time>2025-11-17T05:02:58.900000Z</time>
        <extensions>
          <gpxtpx:TrackPointExtension>
            <gpxtpx:hr>103</gpxtpx:hr>
          </gpxtpx:TrackPointExtension>
        </extensions>
      </trkpt>
      <trkpt lat="34.21786722517613" lon="108.83212920916903">
        <ele>403.619676229544</ele>
        <time>2025-11-17T05:02:59.900000Z</time>
        <extensions>
          <gpxtpx:TrackPointExtension>
            <gpxtpx:hr>103</gpxtpx:hr>
          </gpxtpx:TrackPointExtension>
        </extensions>
      </trkpt>
      <trkpt lat="34.21786831544329" lon="108.8321327212513">
        <ele>403.66823885124177</ele>
        <time>2025-11-17T05:03:00.900000Z</time>
        <extensions>
          <gpxtpx:TrackPointExtension>
            <gpxtpx:hr>103</gpxtpx:hr>
          </gpxtpx:TrackPointExtension>
        </extensions>
      </trkpt>
      <trkpt lat="34.21786986885668" lon="108.83213642767457">
        <ele>403.72221702802926</ele>
        <time>2025-11-17T05:03:01.900000Z</time>
        <extensions>
          <gpxtpx:TrackPointExtension>
            <gpxtpx:hr>103</gpxtpx:hr>
          </gpxtpx:TrackPointExtension>
        </extensions>
      </trkpt>
      <trkpt lat="34.21787161065192" lon="108.83214007134393">
        <ele>403.7745814733207</ele>
        <time>2025-11-17T05:03:02.900000Z</time>
        <extensions>
          <gpxtpx:TrackPointExtension>
            <gpxtpx:hr>103</gpxtpx:hr>
          </gpxtpx:TrackPointExtension>
        </extensions>
      </trkpt>
      <trkpt lat="34.217873113787995" lon="108.83214356391152">
        <ele>403.83121990412474</ele>
        <time>2025-11-17T05:03:03.900000Z</time>
        <extensions>
          <gpxtpx:TrackPointExtension>
            <gpxtpx:hr>103</gpxtpx:hr>
          </gpxtpx:TrackPointExtension>
        </extensions>
      </trkpt>
      <trkpt lat="34.21787408773251" lon="108.83214651840106">
        <ele>403.89239331893623</ele>
        <time>2025-11-17T05:03:04.900000Z</time>
        <extensions>
          <gpxtpx:TrackPointExtension>
            <gpxtpx:hr>105</gpxtpx:hr>
          </gpxtpx:TrackPointExtension>
        </extensions>
      </trkpt>
      <trkpt lat="34.217874448501" lon="108.83214842896814">
        <ele>403.9737919382751</ele>
        <time>2025-11-17T05:03:05.900000Z</time>
        <extensions>
          <gpxtpx:TrackPointExtension>
            <gpxtpx:hr>105</gpxtpx:hr>
          </gpxtpx:TrackPointExtension>
        </extensions>
      </trkpt>
      <trkpt lat="34.21787430562067" lon="108.83214974029083">
        <ele>404.07943278644234</ele>
        <time>2025-11-17T05:03:06.900000Z</time>
        <extensions>
          <gpxtpx:TrackPointExtension>
            <gpxtpx:hr>105</gpxtpx:hr>
          </gpxtpx:TrackPointExtension>
        </extensions>
      </trkpt>
      <trkpt lat="34.21787385618547" lon="108.83215081096">
        <ele>404.1889902446419</ele>
        <time>2025-11-17T05:03:07.900000Z</time>
        <extensions>
          <gpxtpx:TrackPointExtension>
            <gpxtpx:hr>105</gpxtpx:hr>
          </gpxtpx:TrackPointExtension>
        </extensions>
      </trkpt>
      <trkpt lat="34.217873300982134" lon="108.83215168883643">
        <ele>404.30105225834996</ele>
        <time>2025-11-17T05:03:08.900000Z</time>
        <extensions>
          <gpxtpx:TrackPointExtension>
            <gpxtpx:hr>105</gpxtpx:hr>
          </gpxtpx:TrackPointExtension>
        </extensions>
      </trkpt>
      <trkpt lat="34.217872782939345" lon="108.83215263657691">
        <ele>404.4085153117776</ele>
        <time>2025-11-17T05:03:09.900000Z</time>
        <extensions>
          <gpxtpx:TrackPointExtension>
            <gpxtpx:hr>105</gpxtpx:hr>
          </gpxtpx:TrackPointExtension>
        </extensions>
      </trkpt>
      <trkpt lat="34.21787239435276" lon="108.83215360427258">
        <ele>404.5261100195348</ele>
        <time>2025-11-17T05:03:10.900000Z</time>
        <extensions>
          <gpxtpx:TrackPointExtension>
            <gpxtpx:hr>105</gpxtpx:hr>
          </gpxtpx:TrackPointExtension>
        </extensions>
      </trkpt>
      <trkpt lat="34.21787226779568" lon="108.8321545391787">
        <ele>404.6489774174988</ele>
        <time>2025-11-17T05:03:11.900000Z</time>
        <extensions>
          <gpxtpx:TrackPointExtension>
            <gpxtpx:hr>105</gpxtpx:hr>
          </gpxtpx:TrackPointExtension>
        </extensions>
      </trkpt>
      <trkpt lat="34.21787258409045" lon="108.83215543917088">
        <ele>404.7751551941037</ele>
        <time>2025-11-17T05:03:12.900000Z</time>
        <extensions>
          <gpxtpx:TrackPointExtension>
            <gpxtpx:hr>105</gpxtpx:hr>
          </gpxtpx:TrackPointExtension>
        </extensions>
      </trkpt>
      <trkpt lat="34.21787359457162" lon="108.8321563348732">
        <ele>404.88371552620083</ele>
        <time>2025-11-17T05:03:13.900000Z</time>
        <extensions>
          <gpxtpx:TrackPointExtension>
            <gpxtpx:hr>105</gpxtpx:hr>
          </gpxtpx:TrackPointExtension>
        </extensions>
      </trkpt>
      <trkpt lat="34.217875707707144" lon="108.83215730216304">
        <ele>404.9952230518684</ele>
        <time>2025-11-17T05:03:14.900000Z</time>
        <extensions>
          <gpxtpx:TrackPointExtension>
            <gpxtpx:hr>105</gpxtpx:hr>
          </gpxtpx:TrackPointExtension>
        </extensions>
      </trkpt>
      <trkpt lat="34.2178795599076" lon="108.83215833181276">
        <ele>405.1036093281582</ele>
        <time>2025-11-17T05:03:15.900000Z</time>
        <extensions>
          <gpxtpx:TrackPointExtension>
            <gpxtpx:hr>105</gpxtpx:hr>
          </gpxtpx:TrackPointExtension>
        </extensions>
      </trkpt>
      <trkpt lat="34.21788444404936" lon="108.83215899777962">
        <ele>405.21565460786223</ele>
        <time>2025-11-17T05:03:16.900000Z</time>
        <extensions>
          <gpxtpx:TrackPointExtension>
            <gpxtpx:hr>104</gpxtpx:hr>
          </gpxtpx:TrackPointExtension>
        </extensions>
      </trkpt>
      <trkpt lat="34.21788843321294" lon="108.83215876262503">
        <ele>405.31776674091816</ele>
        <time>2025-11-17T05:03:17.900000Z</time>
        <extensions>
          <gpxtpx:TrackPointExtension>
            <gpxtpx:hr>104</gpxtpx:hr>
          </gpxtpx:TrackPointExtension>
        </extensions>
      </trkpt>
      <trkpt lat="34.21789117461241" lon="108.83215788666082">
        <ele>405.40915138460696</ele>
        <time>2025-11-17T05:03:18.900000Z</time>
        <extensions>
          <gpxtpx:TrackPointExtension>
            <gpxtpx:hr>104</gpxtpx:hr>
          </gpxtpx:TrackPointExtension>
        </extensions>
      </trkpt>
      <trkpt lat="34.21789361557661" lon="108.83215694752961">
        <ele>405.48873624391854</ele>
        <time>2025-11-17T05:03:19.900000Z</time>
        <extensions>
          <gpxtpx:TrackPointExtension>
            <gpxtpx:hr>105</gpxtpx:hr>
          </gpxtpx:TrackPointExtension>
        </extensions>
      </trkpt>
      <trkpt lat="34.217896343046625" lon="108.83215638571251">
        <ele>405.5609978083521</ele>
        <time>2025-11-17T05:03:20.900000Z</time>
        <extensions>
          <gpxtpx:TrackPointExtension>
            <gpxtpx:hr>105</gpxtpx:hr>
          </gpxtpx:TrackPointExtension>
        </extensions>
      </trkpt>
      <trkpt lat="34.21789912054152" lon="108.83215606857127">
        <ele>405.621235803701</ele>
        <time>2025-11-17T05:03:21.900000Z</time>
        <extensions>
          <gpxtpx:TrackPointExtension>
            <gpxtpx:hr>105</gpxtpx:hr>
          </gpxtpx:TrackPointExtension>
        </extensions>
      </trkpt>
      <trkpt lat="34.217901505944674" lon="108.832155310906">
        <ele>405.66865867655724</ele>
        <time>2025-11-17T05:03:22.900000Z</time>
        <extensions>
          <gpxtpx:TrackPointExtension>
            <gpxtpx:hr>105</gpxtpx:hr>
          </gpxtpx:TrackPointExtension>
        </extensions>
      </trkpt>
      <trkpt lat="34.21790342593901" lon="108.83215386155278">
        <ele>405.71162131335586</ele>
        <time>2025-11-17T05:03:23.900000Z</time>
        <extensions>
          <gpxtpx:TrackPointExtension>
            <gpxtpx:hr>105</gpxtpx:hr>
          </gpxtpx:TrackPointExtension>
        </extensions>
      </trkpt>
      <trkpt lat="34.217904786426445" lon="108.83215191611004">
        <ele>405.7413882697001</ele>
        <time>2025-11-17T05:03:24.900000Z</time>
        <extensions>
          <gpxtpx:TrackPointExtension>
            <gpxtpx:hr>105</gpxtpx:hr>
          </gpxtpx:TrackPointExtension>
        </extensions>
      </trkpt>
      <trkpt lat="34.21790591443116" lon="108.8321497444887">
        <ele>405.7620414942503</ele>
        <time>2025-11-17T05:03:25.900000Z</time>
        <extensions>
          <gpxtpx:TrackPointExtension>
            <gpxtpx:hr>105</gpxtpx:hr>
          </gpxtpx:TrackPointExtension>
        </extensions>
      </trkpt>
      <trkpt lat="34.21790780754097" lon="108.8321473152474">
        <ele>405.7835039617494</ele>
        <time>2025-11-17T05:03:26.900000Z</time>
        <extensions>
          <gpxtpx:TrackPointExtension>
            <gpxtpx:hr>102</gpxtpx:hr>
          </gpxtpx:TrackPointExtension>
        </extensions>
      </trkpt>
      <trkpt lat="34.217911154205986" lon="108.83214497828229">
        <ele>405.79709450155497</ele>
        <time>2025-11-17T05:03:27.900000Z</time>
        <extensions>
          <gpxtpx:TrackPointExtension>
            <gpxtpx:hr>102</gpxtpx:hr>
          </gpxtpx:TrackPointExtension>
        </extensions>
      </trkpt>
      <trkpt lat="34.217916287242986" lon="108.83214271446204">
        <ele>405.7915324084461</ele>
        <time>2025-11-17T05:03:28.900000Z</time>
        <extensions>
          <gpxtpx:TrackPointExtension>
            <gpxtpx:hr>102</gpxtpx:hr>
          </gpxtpx:TrackPointExtension>
        </extensions>
      </trkpt>
      <trkpt lat="34.21792346620177" lon="108.83213989091891">
        <ele>405.78473834414035</ele>
        <time>2025-11-17T05:03:29.900000Z</time>
        <extensions>
          <gpxtpx:TrackPointExtension>
            <gpxtpx:hr>102</gpxtpx:hr>
          </gpxtpx:TrackPointExtension>
        </extensions>
      </trkpt>
      <trkpt lat="34.21793254220551" lon="108.832136352718">
        <ele>405.77972565963864</ele>
        <time>2025-11-17T05:03:30.900000Z</time>
        <extensions>
          <gpxtpx:TrackPointExtension>
            <gpxtpx:hr>102</gpxtpx:hr>
          </gpxtpx:TrackPointExtension>
        </extensions>
      </trkpt>
      <trkpt lat="34.21794252753608" lon="108.83213184865403">
        <ele>405.7594645060599</ele>
        <time>2025-11-17T05:03:31.900000Z</time>
        <extensions>
          <gpxtpx:TrackPointExtension>
            <gpxtpx:hr>102</gpxtpx:hr>
          </gpxtpx:TrackPointExtension>
        </extensions>
      </trkpt>
      <trkpt lat="34.21795295654332" lon="108.83212667114141">
        <ele>405.73146795202047</ele>
        <time>2025-11-17T05:03:32.900000Z</time>
        <extensions>
          <gpxtpx:TrackPointExtension>
            <gpxtpx:hr>102</gpxtpx:hr>
          </gpxtpx:TrackPointExtension>
        </extensions>
      </trkpt>
      <trkpt lat="34.217963785990655" lon="108.83212146678571">
        <ele>405.6985964542255</ele>
        <time>2025-11-17T05:03:33.900000Z</time>
        <extensions>
          <gpxtpx:TrackPointExtension>
            <gpxtpx:hr>101</gpxtpx:hr>
          </gpxtpx:TrackPointExtension>
        </extensions>
      </trkpt>
      <trkpt lat="34.21797421811885" lon="108.83211626569364">
        <ele>405.6508955229074</ele>
        <time>2025-11-17T05:03:34.900000Z</time>
        <extensions>
          <gpxtpx:TrackPointExtension>
            <gpxtpx:hr>101</gpxtpx:hr>
          </gpxtpx:TrackPointExtension>
        </extensions>
      </trkpt>
      <trkpt lat="34.21798423703747" lon="108.83211066484147">
        <ele>405.59830593597144</ele>
        <time>2025-11-17T05:03:35.900000Z</time>
        <extensions>
          <gpxtpx:TrackPointExtension>
            <gpxtpx:hr>101</gpxtpx:hr>
          </gpxtpx:TrackPointExtension>
        </extensions>
      </trkpt>
      <trkpt lat="34.21799438562454" lon="108.83210419704955">
        <ele>405.5497153578326</ele>
        <time>2025-11-17T05:03:36.900000Z</time>
        <extensions>
          <gpxtpx:TrackPointExtension>
            <gpxtpx:hr>101</gpxtpx:hr>
          </gpxtpx:TrackPointExtension>
        </extensions>
      </trkpt>
      <trkpt lat="34.218005118086005" lon="108.83209699394776">
        <ele>405.503992495127</ele>
        <time>2025-11-17T05:03:37.900000Z</time>
        <extensions>
          <gpxtpx:TrackPointExtension>
            <gpxtpx:hr>101</gpxtpx:hr>
          </gpxtpx:TrackPointExtension>
        </extensions>
      </trkpt>
      <trkpt lat="34.21801601798336" lon="108.83208946474143">
        <ele>405.46181477978826</ele>
        <time>2025-11-17T05:03:38.900000Z</time>
        <extensions>
          <gpxtpx:TrackPointExtension>
            <gpxtpx:hr>100</gpxtpx:hr>
          </gpxtpx:TrackPointExtension>
        </extensions>
      </trkpt>
      <trkpt lat="34.218026408371" lon="108.83208237269064">
        <ele>405.4207110963762</ele>
        <time>2025-11-17T05:03:39.900000Z</time>
        <extensions>
          <gpxtpx:TrackPointExtension>
            <gpxtpx:hr>100</gpxtpx:hr>
          </gpxtpx:TrackPointExtension>
        </extensions>
      </trkpt>
      <trkpt lat="34.21803671087478" lon="108.83207608787797">
        <ele>405.3838225547224</ele>
        <time>2025-11-17T05:03:40.900000Z</time>
        <extensions>
          <gpxtpx:TrackPointExtension>
            <gpxtpx:hr>100</gpxtpx:hr>
          </gpxtpx:TrackPointExtension>
        </extensions>
      </trkpt>
      <trkpt lat="34.21804749228379" lon="108.83206969901948">
        <ele>405.351570783183</ele>
        <time>2025-11-17T05:03:41.900000Z</time>
        <extensions>
          <gpxtpx:TrackPointExtension>
            <gpxtpx:hr>100</gpxtpx:hr>
          </gpxtpx:TrackPointExtension>
        </extensions>
      </trkpt>
      <trkpt lat="34.21805871208006" lon="108.83206264944602">
        <ele>405.32463499251753</ele>
        <time>2025-11-17T05:03:42.900000Z</time>
        <extensions>
          <gpxtpx:TrackPointExtension>
            <gpxtpx:hr>101</gpxtpx:hr>
          </gpxtpx:TrackPointExtension>
        </extensions>
      </trkpt>
      <trkpt lat="34.21806972725107" lon="108.83205607216112">
        <ele>405.29286567214876</ele>
        <time>2025-11-17T05:03:43.900000Z</time>
        <extensions>
          <gpxtpx:TrackPointExtension>
            <gpxtpx:hr>101</gpxtpx:hr>
          </gpxtpx:TrackPointExtension>
        </extensions>
      </trkpt>
      <trkpt lat="34.21808087436697" lon="108.83205022528705">
        <ele>405.2631689487025</ele>
        <time>2025-11-17T05:03:44.900000Z</time>
        <extensions>
          <gpxtpx:TrackPointExtension>
            <gpxtpx:hr>101</gpxtpx:hr>
          </gpxtpx:TrackPointExtension>
        </extensions>
      </trkpt>
      <trkpt lat="34.21809287525662" lon="108.83204456030005">
        <ele>405.23496808018535</ele>
        <time>2025-11-17T05:03:45.900000Z</time>
        <extensions>
          <gpxtpx:TrackPointExtension>
            <gpxtpx:hr>101</gpxtpx:hr>
          </gpxtpx:TrackPointExtension>
        </extensions>
      </trkpt>
      <trkpt lat="34.21810516494352" lon="108.83203878719462">
        <ele>405.2221707338467</ele>
        <time>2025-11-17T05:03:46.900000Z</time>
        <extensions>
          <gpxtpx:TrackPointExtension>
            <gpxtpx:hr>101</gpxtpx:hr>
          </gpxtpx:TrackPointExtension>
        </extensions>
      </trkpt>
      <trkpt lat="34.218117525817526" lon="108.83203345168916">
        <ele>405.1986921513453</ele>
        <time>2025-11-17T05:03:47.900000Z</time>
        <extensions>
          <gpxtpx:TrackPointExtension>
            <gpxtpx:hr>101</gpxtpx:hr>
          </gpxtpx:TrackPointExtension>
        </extensions>
      </trkpt>
      <trkpt lat="34.21813018902978" lon="108.83202831669482">
        <ele>405.17621321603656</ele>
        <time>2025-11-17T05:03:48.900000Z</time>
        <extensions>
          <gpxtpx:TrackPointExtension>
            <gpxtpx:hr>101</gpxtpx:hr>
          </gpxtpx:TrackPointExtension>
        </extensions>
      </trkpt>
      <trkpt lat="34.21814315529969" lon="108.83202296247029">
        <ele>405.1660030679777</ele>
        <time>2025-11-17T05:03:49.900000Z</time>
        <extensions>
          <gpxtpx:TrackPointExtension>
            <gpxtpx:hr>102</gpxtpx:hr>
          </gpxtpx:TrackPointExtension>
        </extensions>
      </trkpt>
      <trkpt lat="34.21815644239664" lon="108.83201733360887">
        <ele>405.1476732986048</ele>
        <time>2025-11-17T05:03:50.900000Z</time>
        <extensions>
          <gpxtpx:TrackPointExtension>
            <gpxtpx:hr>102</gpxtpx:hr>
          </gpxtpx:TrackPointExtension>
        </extensions>
      </trkpt>
      <trkpt lat="34.218170038433996" lon="108.8320114705305">
        <ele>405.11936049629</ele>
        <time>2025-11-17T05:03:51.900000Z</time>
        <extensions>
          <gpxtpx:TrackPointExtension>
            <gpxtpx:hr>102</gpxtpx:hr>
          </gpxtpx:TrackPointExtension>
        </extensions>
      </trkpt>
      <trkpt lat="34.21818328485868" lon="108.83200513856852">
        <ele>405.0887515041977</ele>
        <time>2025-11-17T05:03:52.900000Z</time>
        <extensions>
          <gpxtpx:TrackPointExtension>
            <gpxtpx:hr>102</gpxtpx:hr>
          </gpxtpx:TrackPointExtension>
        </extensions>
      </trkpt>
      <trkpt lat="34.218194863400036" lon="108.83199787893498">
        <ele>405.0651599029079</ele>
        <time>2025-11-17T05:03:53.900000Z</time>
        <extensions>
          <gpxtpx:TrackPointExtension>
            <gpxtpx:hr>102</gpxtpx:hr>
          </gpxtpx:TrackPointExtension>
        </extensions>
      </trkpt>
      <trkpt lat="34.21820441815382" lon="108.83198912582007">
        <ele>405.06196615379304</ele>
        <time>2025-11-17T05:03:54.900000Z</time>
        <extensions>
          <gpxtpx:TrackPointExtension>
            <gpxtpx:hr>102</gpxtpx:hr>
          </gpxtpx:TrackPointExtension>
        </extensions>
      </trkpt>
      <trkpt lat="34.218212264719185" lon="108.83197899545092">
        <ele>405.0559212025255</ele>
        <time>2025-11-17T05:03:55.900000Z</time>
        <extensions>
          <gpxtpx:TrackPointExtension>
            <gpxtpx:hr>102</gpxtpx:hr>
          </gpxtpx:TrackPointExtension>
        </extensions>
      </trkpt>
      <trkpt lat="34.218218981731745" lon="108.83196711135518">
        <ele>405.00401655305177</ele>
        <time>2025-11-17T05:03:56.900000Z</time>
        <extensions>
          <gpxtpx:TrackPointExtension>
            <gpxtpx:hr>103</gpxtpx:hr>
          </gpxtpx:TrackPointExtension>
        </extensions>
      </trkpt>
      <trkpt lat="34.218224852276066" lon="108.83195348465006">
        <ele>404.92979313153774</ele>
        <time>2025-11-17T05:03:57.900000Z</time>
        <extensions>
          <gpxtpx:TrackPointExtension>
            <gpxtpx:hr>103</gpxtpx:hr>
          </gpxtpx:TrackPointExtension>
        </extensions>
      </trkpt>
      <trkpt lat="34.21822958641803" lon="108.83194012481928">
        <ele>404.87001452222466</ele>
        <time>2025-11-17T05:03:58.900000Z</time>
        <extensions>
          <gpxtpx:TrackPointExtension>
            <gpxtpx:hr>103</gpxtpx:hr>
          </gpxtpx:TrackPointExtension>
        </extensions>
      </trkpt>
      <trkpt lat="34.21823386706207" lon="108.8319265762679">
        <ele>404.8097163392231</ele>
        <time>2025-11-17T05:03:59.900000Z</time>
        <extensions>
          <gpxtpx:TrackPointExtension>
            <gpxtpx:hr>103</gpxtpx:hr>
          </gpxtpx:TrackPointExtension>
        </extensions>
      </trkpt>
      <trkpt lat="34.21823841300502" lon="108.83191168825248">
        <ele>404.74455561488867</ele>
        <time>2025-11-17T05:04:00.900000Z</time>
        <extensions>
          <gpxtpx:TrackPointExtension>
            <gpxtpx:hr>103</gpxtpx:hr>
          </gpxtpx:TrackPointExtension>
        </extensions>
      </trkpt>
      <trkpt lat="34.21824268178396" lon="108.8318969923105">
        <ele>404.6899655107409</ele>
        <time>2025-11-17T05:04:01.900000Z</time>
        <extensions>
          <gpxtpx:TrackPointExtension>
            <gpxtpx:hr>103</gpxtpx:hr>
          </gpxtpx:TrackPointExtension>
        </extensions>
      </trkpt>
      <trkpt lat="34.21824684636914" lon="108.83188285465549">
        <ele>404.63896007929</ele>
        <time>2025-11-17T05:04:02.900000Z</time>
        <extensions>
          <gpxtpx:TrackPointExtension>
            <gpxtpx:hr>103</gpxtpx:hr>
          </gpxtpx:TrackPointExtension>
        </extensions>
      </trkpt>
      <trkpt lat="34.2182515422659" lon="108.83186914056039">
        <ele>404.5750314379111</ele>
        <time>2025-11-17T05:04:03.900000Z</time>
        <extensions>
          <gpxtpx:TrackPointExtension>
            <gpxtpx:hr>103</gpxtpx:hr>
          </gpxtpx:TrackPointExtension>
        </extensions>
      </trkpt>
      <trkpt lat="34.21825708496702" lon="108.83185599428313">
        <ele>404.52628321014345</ele>
        <time>2025-11-17T05:04:04.900000Z</time>
        <extensions>
          <gpxtpx:TrackPointExtension>
            <gpxtpx:hr>103</gpxtpx:hr>
          </gpxtpx:TrackPointExtension>
        </extensions>
      </trkpt>
      <trkpt lat="34.218263462006746" lon="108.83184386854161">
        <ele>404.4872452383861</ele>
        <time>2025-11-17T05:04:05.900000Z</time>
        <extensions>
          <gpxtpx:TrackPointExtension>
            <gpxtpx:hr>103</gpxtpx:hr>
          </gpxtpx:TrackPointExtension>
        </extensions>
      </trkpt>
      <trkpt lat="34.218271074382386" lon="108.83183349590729">
        <ele>404.49040748830885</ele>
        <time>2025-11-17T05:04:06.900000Z</time>
        <extensions>
          <gpxtpx:TrackPointExtension>
            <gpxtpx:hr>103</gpxtpx:hr>
          </gpxtpx:TrackPointExtension>
        </extensions>
      </trkpt>
      <trkpt lat="34.218280174977195" lon="108.83182502407364">
        <ele>404.4521726015955</ele>
        <time>2025-11-17T05:04:07.900000Z</time>
        <extensions>
          <gpxtpx:TrackPointExtension>
            <gpxtpx:hr>104</gpxtpx:hr>
          </gpxtpx:TrackPointExtension>
        </extensions>
      </trkpt>
      <trkpt lat="34.218290120989664" lon="108.83181799328369">
        <ele>404.4063517469913</ele>
        <time>2025-11-17T05:04:08.900000Z</time>
        <extensions>
          <gpxtpx:TrackPointExtension>
            <gpxtpx:hr>104</gpxtpx:hr>
          </gpxtpx:TrackPointExtension>
        </extensions>
      </trkpt>
      <trkpt lat="34.218300242056934" lon="108.83181144156812">
        <ele>404.3734375759959</ele>
        <time>2025-11-17T05:04:09.900000Z</time>
        <extensions>
          <gpxtpx:TrackPointExtension>
            <gpxtpx:hr>104</gpxtpx:hr>
          </gpxtpx:TrackPointExtension>
        </extensions>
      </trkpt>
      <trkpt lat="34.21831026431158" lon="108.83180476092322">
        <ele>404.33787806145847</ele>
        <time>2025-11-17T05:04:10.900000Z</time>
        <extensions>
          <gpxtpx:TrackPointExtension>
            <gpxtpx:hr>104</gpxtpx:hr>
          </gpxtpx:TrackPointExtension>
        </extensions>
      </trkpt>
      <trkpt lat="34.218320438163886" lon="108.83179772702202">
        <ele>404.3055539932102</ele>
        <time>2025-11-17T05:04:11.900000Z</time>
        <extensions>
          <gpxtpx:TrackPointExtension>
            <gpxtpx:hr>104</gpxtpx:hr>
          </gpxtpx:TrackPointExtension>
        </extensions>
      </trkpt>
      <trkpt lat="34.218331100885976" lon="108.83179030971927">
        <ele>404.2732631294057</ele>
        <time>2025-11-17T05:04:12.900000Z</time>
        <extensions>
          <gpxtpx:TrackPointExtension>
            <gpxtpx:hr>107</gpxtpx:hr>
          </gpxtpx:TrackPointExtension>
        </extensions>
      </trkpt>
      <trkpt lat="34.2183414905468" lon="108.83178342071399">
        <ele>404.2524344054982</ele>
        <time>2025-11-17T05:04:13.900000Z</time>
        <extensions>
          <gpxtpx:TrackPointExtension>
            <gpxtpx:hr>107</gpxtpx:hr>
          </gpxtpx:TrackPointExtension>
        </extensions>
      </trkpt>
      <trkpt lat="34.218351580979345" lon="108.83177719452155">
        <ele>404.23376211803406</ele>
        <time>2025-11-17T05:04:14.900000Z</time>
        <extensions>
          <gpxtpx:TrackPointExtension>
            <gpxtpx:hr>107</gpxtpx:hr>
          </gpxtpx:TrackPointExtension>
        </extensions>
      </trkpt>
      <trkpt lat="34.21836203219771" lon="108.83177103503277">
        <ele>404.22269641887397</ele>
        <time>2025-11-17T05:04:15.900000Z</time>
        <extensions>
          <gpxtpx:TrackPointExtension>
            <gpxtpx:hr>107</gpxtpx:hr>
          </gpxtpx:TrackPointExtension>
        </extensions>
      </trkpt>
      <trkpt lat="34.218372638319714" lon="108.8317647275346">
        <ele>404.2100804047659</ele>
        <time>2025-11-17T05:04:16.900000Z</time>
        <extensions>
          <gpxtpx:TrackPointExtension>
            <gpxtpx:hr>107</gpxtpx:hr>
          </gpxtpx:TrackPointExtension>
        </extensions>
      </trkpt>
      <trkpt lat="34.21838346025157" lon="108.83175815605543">
        <ele>404.19117203354836</ele>
        <time>2025-11-17T05:04:17.900000Z</time>
        <extensions>
          <gpxtpx:TrackPointExtension>
            <gpxtpx:hr>107</gpxtpx:hr>
          </gpxtpx:TrackPointExtension>
        </extensions>
      </trkpt>
      <trkpt lat="34.21839476467702" lon="108.8317517507953">
        <ele>404.1889639403671</ele>
        <time>2025-11-17T05:04:18.900000Z</time>
        <extensions>
          <gpxtpx:TrackPointExtension>
            <gpxtpx:hr>107</gpxtpx:hr>
          </gpxtpx:TrackPointExtension>
        </extensions>
      </trkpt>
      <trkpt lat="34.21840584299088" lon="108.83174628239112">
        <ele>404.1917925653979</ele>
        <time>2025-11-17T05:04:19.900000Z</time>
        <extensions>
          <gpxtpx:TrackPointExtension>
            <gpxtpx:hr>107</gpxtpx:hr>
          </gpxtpx:TrackPointExtension>
        </extensions>
      </trkpt>
      <trkpt lat="34.21841613292054" lon="108.83174212142737">
        <ele>404.1998333474621</ele>
        <time>2025-11-17T05:04:20.900000Z</time>
        <extensions>
          <gpxtpx:TrackPointExtension>
            <gpxtpx:hr>107</gpxtpx:hr>
          </gpxtpx:TrackPointExtension>
        </extensions>
      </trkpt>
      <trkpt lat="34.21842606000339" lon="108.83173891010303">
        <ele>404.2038726191968</ele>
        <time>2025-11-17T05:04:21.900000Z</time>
        <extensions>
          <gpxtpx:TrackPointExtension>
            <gpxtpx:hr>107</gpxtpx:hr>
          </gpxtpx:TrackPointExtension>
        </extensions>
      </trkpt>
      <trkpt lat="34.21843641038703" lon="108.83173564743306">
        <ele>404.20676166843623</ele>
        <time>2025-11-17T05:04:22.900000Z</time>
        <extensions>
          <gpxtpx:TrackPointExtension>
            <gpxtpx:hr>107</gpxtpx:hr>
          </gpxtpx:TrackPointExtension>
        </extensions>
      </trkpt>
      <trkpt lat="34.21844756498731" lon="108.83173198073793">
        <ele>404.21386441774666</ele>
        <time>2025-11-17T05:04:23.900000Z</time>
        <extensions>
          <gpxtpx:TrackPointExtension>
            <gpxtpx:hr>107</gpxtpx:hr>
          </gpxtpx:TrackPointExtension>
        </extensions>
      </trkpt>
      <trkpt lat="34.218459318768424" lon="108.8317280191386">
        <ele>404.22566962242126</ele>
        <time>2025-11-17T05:04:24.900000Z</time>
        <extensions>
          <gpxtpx:TrackPointExtension>
            <gpxtpx:hr>107</gpxtpx:hr>
          </gpxtpx:TrackPointExtension>
        </extensions>
      </trkpt>
      <trkpt lat="34.218471523663595" lon="108.8317234739248">
        <ele>404.2376850619912</ele>
        <time>2025-11-17T05:04:25.900000Z</time>
        <extensions>
          <gpxtpx:TrackPointExtension>
            <gpxtpx:hr>108</gpxtpx:hr>
          </gpxtpx:TrackPointExtension>
        </extensions>
      </trkpt>
      <trkpt lat="34.21848433076067" lon="108.83171806424697">
        <ele>404.258066739887</ele>
        <time>2025-11-17T05:04:26.900000Z</time>
        <extensions>
          <gpxtpx:TrackPointExtension>
            <gpxtpx:hr>108</gpxtpx:hr>
          </gpxtpx:TrackPointExtension>
        </extensions>
      </trkpt>
      <trkpt lat="34.218497529816744" lon="108.83171228158247">
        <ele>404.26776995602995</ele>
        <time>2025-11-17T05:04:27.900000Z</time>
        <extensions>
          <gpxtpx:TrackPointExtension>
            <gpxtpx:hr>108</gpxtpx:hr>
          </gpxtpx:TrackPointExtension>
        </extensions>
      </trkpt>
      <trkpt lat="34.218510430421084" lon="108.83170676505517">
        <ele>404.2662285482511</ele>
        <time>2025-11-17T05:04:28.900000Z</time>
        <extensions>
          <gpxtpx:TrackPointExtension>
            <gpxtpx:hr>108</gpxtpx:hr>
          </gpxtpx:TrackPointExtension>
        </extensions>
      </trkpt>
      <trkpt lat="34.218522671593504" lon="108.83170139816501">
        <ele>404.27592677623034</ele>
        <time>2025-11-17T05:04:29.900000Z</time>
        <extensions>
          <gpxtpx:TrackPointExtension>
            <gpxtpx:hr>108</gpxtpx:hr>
          </gpxtpx:TrackPointExtension>
        </extensions>
      </trkpt>
      <trkpt lat="34.21853459900971" lon="108.83169592309424">
        <ele>404.2885038778186</ele>
        <time>2025-11-17T05:04:30.900000Z</time>
        <extensions>
          <gpxtpx:TrackPointExtension>
            <gpxtpx:hr>108</gpxtpx:hr>
          </gpxtpx:TrackPointExtension>
        </extensions>
      </trkpt>
      <trkpt lat="34.21854659977661" lon="108.83169052487213">
        <ele>404.2987365014851</ele>
        <time>2025-11-17T05:04:31.900000Z</time>
        <extensions>
          <gpxtpx:TrackPointExtension>
            <gpxtpx:hr>108</gpxtpx:hr>
          </gpxtpx:TrackPointExtension>
        </extensions>
      </trkpt>
      <trkpt lat="34.218558374290325" lon="108.83168502812752">
        <ele>404.2977802772075</ele>
        <time>2025-11-17T05:04:32.900000Z</time>
        <extensions>
          <gpxtpx:TrackPointExtension>
            <gpxtpx:hr>108</gpxtpx:hr>
          </gpxtpx:TrackPointExtension>
        </extensions>
      </trkpt>
      <trkpt lat="34.21857000565049" lon="108.83167942496594">
        <ele>404.29382091667503</ele>
        <time>2025-11-17T05:04:33.900000Z</time>
        <extensions>
          <gpxtpx:TrackPointExtension>
            <gpxtpx:hr>108</gpxtpx:hr>
          </gpxtpx:TrackPointExtension>
        </extensions>
      </trkpt>
      <trkpt lat="34.218581614703574" lon="108.83167380786495">
        <ele>404.2790074367076</ele>
        <time>2025-11-17T05:04:34.900000Z</time>
        <extensions>
          <gpxtpx:TrackPointExtension>
            <gpxtpx:hr>108</gpxtpx:hr>
          </gpxtpx:TrackPointExtension>
        </extensions>
      </trkpt>
      <trkpt lat="34.2185930881951" lon="108.83166824611233">
        <ele>404.26751675549895</ele>
        <time>2025-11-17T05:04:35.900000Z</time>
        <extensions>
          <gpxtpx:TrackPointExtension>
            <gpxtpx:hr>108</gpxtpx:hr>
          </gpxtpx:TrackPointExtension>
        </extensions>
      </trkpt>
      <trkpt lat="34.21860447241557" lon="108.8316630174768">
        <ele>404.2403250746429</ele>
        <time>2025-11-17T05:04:36.900000Z</time>
        <extensions>
          <gpxtpx:TrackPointExtension>
            <gpxtpx:hr>109</gpxtpx:hr>
          </gpxtpx:TrackPointExtension>
        </extensions>
      </trkpt>
      <trkpt lat="34.21861571347465" lon="108.83165787287018">
        <ele>404.2129392269999</ele>
        <time>2025-11-17T05:04:37.900000Z</time>
        <extensions>
          <gpxtpx:TrackPointExtension>
            <gpxtpx:hr>109</gpxtpx:hr>
          </gpxtpx:TrackPointExtension>
        </extensions>
      </trkpt>
      <trkpt lat="34.21862666389849" lon="108.83165229281629">
        <ele>404.1786740794778</ele>
        <time>2025-11-17T05:04:38.900000Z</time>
        <extensions>
          <gpxtpx:TrackPointExtension>
            <gpxtpx:hr>109</gpxtpx:hr>
          </gpxtpx:TrackPointExtension>
        </extensions>
      </trkpt>
      <trkpt lat="34.21863707964682" lon="108.83164601460088">
        <ele>404.14340646006167</ele>
        <time>2025-11-17T05:04:39.900000Z</time>
        <extensions>
          <gpxtpx:TrackPointExtension>
            <gpxtpx:hr>109</gpxtpx:hr>
          </gpxtpx:TrackPointExtension>
        </extensions>
      </trkpt>
      <trkpt lat="34.218647010655125" lon="108.83163909896513">
        <ele>404.12753512710333</ele>
        <time>2025-11-17T05:04:40.900000Z</time>
        <extensions>
          <gpxtpx:TrackPointExtension>
            <gpxtpx:hr>109</gpxtpx:hr>
          </gpxtpx:TrackPointExtension>
        </extensions>
      </trkpt>
      <trkpt lat="34.21865636092557" lon="108.83163186444804">
        <ele>404.12257411237806</ele>
        <time>2025-11-17T05:04:41.900000Z</time>
        <extensions>
          <gpxtpx:TrackPointExtension>
            <gpxtpx:hr>108</gpxtpx:hr>
          </gpxtpx:TrackPointExtension>
        </extensions>
      </trkpt>
      <trkpt lat="34.21866463423698" lon="108.83162434541438">
        <ele>404.12566552031785</ele>
        <time>2025-11-17T05:04:42.900000Z</time>
        <extensions>
          <gpxtpx:TrackPointExtension>
            <gpxtpx:hr>108</gpxtpx:hr>
          </gpxtpx:TrackPointExtension>
        </extensions>
      </trkpt>
      <trkpt lat="34.2186720101482" lon="108.83161660964116">
        <ele>404.1247611157596</ele>
        <time>2025-11-17T05:04:43.900000Z</time>
        <extensions>
          <gpxtpx:TrackPointExtension>
            <gpxtpx:hr>108</gpxtpx:hr>
          </gpxtpx:TrackPointExtension>
        </extensions>
      </trkpt>
      <trkpt lat="34.21867895076179" lon="108.8316085871721">
        <ele>404.13854457158595</ele>
        <time>2025-11-17T05:04:44.900000Z</time>
        <extensions>
          <gpxtpx:TrackPointExtension>
            <gpxtpx:hr>110</gpxtpx:hr>
          </gpxtpx:TrackPointExtension>
        </extensions>
      </trkpt>
      <trkpt lat="34.21868512371131" lon="108.83159946615315">
        <ele>404.15839461795986</ele>
        <time>2025-11-17T05:04:45.900000Z</time>
        <extensions>
          <gpxtpx:TrackPointExtension>
            <gpxtpx:hr>110</gpxtpx:hr>
          </gpxtpx:TrackPointExtension>
        </extensions>
      </trkpt>
      <trkpt lat="34.21869015191119" lon="108.83158896737697">
        <ele>404.19678817503154</ele>
        <time>2025-11-17T05:04:46.900000Z</time>
        <extensions>
          <gpxtpx:TrackPointExtension>
            <gpxtpx:hr>110</gpxtpx:hr>
          </gpxtpx:TrackPointExtension>
        </extensions>
      </trkpt>
      <trkpt lat="34.218693452447255" lon="108.83157771021193">
        <ele>404.2355389269069</ele>
        <time>2025-11-17T05:04:47.900000Z</time>
        <extensions>
          <gpxtpx:TrackPointExtension>
            <gpxtpx:hr>110</gpxtpx:hr>
          </gpxtpx:TrackPointExtension>
        </extensions>
      </trkpt>
      <trkpt lat="34.21869461586619" lon="108.83156626048992">
        <ele>404.2678062589839</ele>
        <time>2025-11-17T05:04:48.900000Z</time>
        <extensions>
          <gpxtpx:TrackPointExtension>
            <gpxtpx:hr>110</gpxtpx:hr>
          </gpxtpx:TrackPointExtension>
        </extensions>
      </trkpt>
      <trkpt lat="34.21869411217785" lon="108.83155460236763">
        <ele>404.29789092298597</ele>
        <time>2025-11-17T05:04:49.900000Z</time>
        <extensions>
          <gpxtpx:TrackPointExtension>
            <gpxtpx:hr>110</gpxtpx:hr>
          </gpxtpx:TrackPointExtension>
        </extensions>
      </trkpt>
      <trkpt lat="34.218692401934256" lon="108.83154277304415">
        <ele>404.3228010777384</ele>
        <time>2025-11-17T05:04:50.900000Z</time>
        <extensions>
          <gpxtpx:TrackPointExtension>
            <gpxtpx:hr>110</gpxtpx:hr>
          </gpxtpx:TrackPointExtension>
        </extensions>
      </trkpt>
      <trkpt lat="34.21869020979728" lon="108.83153117385439">
        <ele>404.37242860812694</ele>
        <time>2025-11-17T05:04:51.900000Z</time>
        <extensions>
          <gpxtpx:TrackPointExtension>
            <gpxtpx:hr>109</gpxtpx:hr>
          </gpxtpx:TrackPointExtension>
        </extensions>
      </trkpt>
      <trkpt lat="34.218688850479154" lon="108.83152048867231">
        <ele>404.40873858705163</ele>
        <time>2025-11-17T05:04:52.900000Z</time>
        <extensions>
          <gpxtpx:TrackPointExtension>
            <gpxtpx:hr>109</gpxtpx:hr>
          </gpxtpx:TrackPointExtension>
        </extensions>
      </trkpt>
      <trkpt lat="34.21868905361327" lon="108.83151107493441">
        <ele>404.44647968467325</ele>
        <time>2025-11-17T05:04:53.900000Z</time>
        <extensions>
          <gpxtpx:TrackPointExtension>
            <gpxtpx:hr>109</gpxtpx:hr>
          </gpxtpx:TrackPointExtension>
        </extensions>
      </trkpt>
      <trkpt lat="34.21869094881081" lon="108.83150287729426">
        <ele>404.47462854068726</ele>
        <time>2025-11-17T05:04:54.900000Z</time>
        <extensions>
          <gpxtpx:TrackPointExtension>
            <gpxtpx:hr>109</gpxtpx:hr>
          </gpxtpx:TrackPointExtension>
        </extensions>
      </trkpt>
      <trkpt lat="34.218694330254465" lon="108.83149506835899">
        <ele>404.50581694208086</ele>
        <time>2025-11-17T05:04:55.900000Z</time>
        <extensions>
          <gpxtpx:TrackPointExtension>
            <gpxtpx:hr>109</gpxtpx:hr>
          </gpxtpx:TrackPointExtension>
        </extensions>
      </trkpt>
      <trkpt lat="34.21869885662855" lon="108.83148619579666">
        <ele>404.54541413486004</ele>
        <time>2025-11-17T05:04:56.900000Z</time>
        <extensions>
          <gpxtpx:TrackPointExtension>
            <gpxtpx:hr>109</gpxtpx:hr>
          </gpxtpx:TrackPointExtension>
        </extensions>
      </trkpt>
      <trkpt lat="34.21870442298591" lon="108.83147610875416">
        <ele>404.56173283420503</ele>
        <time>2025-11-17T05:04:57.900000Z</time>
        <extensions>
          <gpxtpx:TrackPointExtension>
            <gpxtpx:hr>105</gpxtpx:hr>
          </gpxtpx:TrackPointExtension>
        </extensions>
      </trkpt>
      <trkpt lat="34.218710668568285" lon="108.83146568253477">
        <ele>404.5754040116444</ele>
        <time>2025-11-17T05:04:58.900000Z</time>
        <extensions>
          <gpxtpx:TrackPointExtension>
            <gpxtpx:hr>105</gpxtpx:hr>
          </gpxtpx:TrackPointExtension>
        </extensions>
      </trkpt>
      <trkpt lat="34.21871731054504" lon="108.83145521686934">
        <ele>404.58321728371084</ele>
        <time>2025-11-17T05:04:59.900000Z</time>
        <extensions>
          <gpxtpx:TrackPointExtension>
            <gpxtpx:hr>105</gpxtpx:hr>
          </gpxtpx:TrackPointExtension>
        </extensions>
      </trkpt>
      <trkpt lat="34.218724283298684" lon="108.83144452500319">
        <ele>404.60919562820345</ele>
        <time>2025-11-17T05:05:00.900000Z</time>
        <extensions>
          <gpxtpx:TrackPointExtension>
            <gpxtpx:hr>105</gpxtpx:hr>
          </gpxtpx:TrackPointExtension>
        </extensions>
      </trkpt>
      <trkpt lat="34.21873146907785" lon="108.83143367091452">
        <ele>404.641391989775</ele>
        <time>2025-11-17T05:05:01.900000Z</time>
        <extensions>
          <gpxtpx:TrackPointExtension>
            <gpxtpx:hr>105</gpxtpx:hr>
          </gpxtpx:TrackPointExtension>
        </extensions>
      </trkpt>
      <trkpt lat="34.21873878315143" lon="108.83142295608883">
        <ele>404.6770647391677</ele>
        <time>2025-11-17T05:05:02.900000Z</time>
        <extensions>
          <gpxtpx:TrackPointExtension>
            <gpxtpx:hr>106</gpxtpx:hr>
          </gpxtpx:TrackPointExtension>
        </extensions>
      </trkpt>
      <trkpt lat="34.21874632117376" lon="108.83141218990318">
        <ele>404.71066678036004</ele>
        <time>2025-11-17T05:05:03.900000Z</time>
        <extensions>
          <gpxtpx:TrackPointExtension>
            <gpxtpx:hr>106</gpxtpx:hr>
          </gpxtpx:TrackPointExtension>
        </extensions>
      </trkpt>
      <trkpt lat="34.21875448571567" lon="108.83140120146777">
        <ele>404.75580698251724</ele>
        <time>2025-11-17T05:05:04.900000Z</time>
        <extensions>
          <gpxtpx:TrackPointExtension>
            <gpxtpx:hr>106</gpxtpx:hr>
          </gpxtpx:TrackPointExtension>
        </extensions>
      </trkpt>
      <trkpt lat="34.21876346907011" lon="108.83139018405427">
        <ele>404.81508884672076</ele>
        <time>2025-11-17T05:05:05.900000Z</time>
        <extensions>
          <gpxtpx:TrackPointExtension>
            <gpxtpx:hr>106</gpxtpx:hr>
          </gpxtpx:TrackPointExtension>
        </extensions>
      </trkpt>
      <trkpt lat="34.21877283849793" lon="108.83137962770253">
        <ele>404.8832274135202</ele>
        <time>2025-11-17T05:05:06.900000Z</time>
        <extensions>
          <gpxtpx:TrackPointExtension>
            <gpxtpx:hr>106</gpxtpx:hr>
          </gpxtpx:TrackPointExtension>
        </extensions>
      </trkpt>
      <trkpt lat="34.21878269188731" lon="108.83136964341472">
        <ele>404.95301798637956</ele>
        <time>2025-11-17T05:05:07.900000Z</time>
        <extensions>
          <gpxtpx:TrackPointExtension>
            <gpxtpx:hr>106</gpxtpx:hr>
          </gpxtpx:TrackPointExtension>
        </extensions>
      </trkpt>
      <trkpt lat="34.21879300964744" lon="108.8313598523045">
        <ele>405.036056375131</ele>
        <time>2025-11-17T05:05:08.900000Z</time>
        <extensions>
          <gpxtpx:TrackPointExtension>
            <gpxtpx:hr>106</gpxtpx:hr>
          </gpxtpx:TrackPointExtension>
        </extensions>
      </trkpt>
      <trkpt lat="34.21880301705017" lon="108.83135010864638">
        <ele>405.10009264107794</ele>
        <time>2025-11-17T05:05:09.900000Z</time>
        <extensions>
          <gpxtpx:TrackPointExtension>
            <gpxtpx:hr>105</gpxtpx:hr>
          </gpxtpx:TrackPointExtension>
        </extensions>
      </trkpt>
      <trkpt lat="34.218812675394354" lon="108.8313405570349">
        <ele>405.16715240478516</ele>
        <time>2025-11-17T05:05:10.900000Z</time>
        <extensions>
          <gpxtpx:TrackPointExtension>
            <gpxtpx:hr>105</gpxtpx:hr>
          </gpxtpx:TrackPointExtension>
        </extensions>
      </trkpt>
      <trkpt lat="34.21882197303992" lon="108.8313315065183">
        <ele>405.2289389371872</ele>
        <time>2025-11-17T05:05:11.900000Z</time>
        <extensions>
          <gpxtpx:TrackPointExtension>
            <gpxtpx:hr>105</gpxtpx:hr>
          </gpxtpx:TrackPointExtension>
        </extensions>
      </trkpt>
      <trkpt lat="34.21883116527717" lon="108.8313224417633">
        <ele>405.28804611507803</ele>
        <time>2025-11-17T05:05:12.900000Z</time>
        <extensions>
          <gpxtpx:TrackPointExtension>
            <gpxtpx:hr>105</gpxtpx:hr>
          </gpxtpx:TrackPointExtension>
        </extensions>
      </trkpt>
      <trkpt lat="34.21884067192179" lon="108.8313130262579">
        <ele>405.3439327599481</ele>
        <time>2025-11-17T05:05:13.900000Z</time>
        <extensions>
          <gpxtpx:TrackPointExtension>
            <gpxtpx:hr>105</gpxtpx:hr>
          </gpxtpx:TrackPointExtension>
        </extensions>
      </trkpt>
      <trkpt lat="34.218850121291226" lon="108.83130389423616">
        <ele>405.41100724507123</ele>
        <time>2025-11-17T05:05:14.900000Z</time>
        <extensions>
          <gpxtpx:TrackPointExtension>
            <gpxtpx:hr>105</gpxtpx:hr>
          </gpxtpx:TrackPointExtension>
        </extensions>
      </trkpt>
      <trkpt lat="34.218859435322024" lon="108.83129545397117">
        <ele>405.45384957641363</ele>
        <time>2025-11-17T05:05:15.900000Z</time>
        <extensions>
          <gpxtpx:TrackPointExtension>
            <gpxtpx:hr>105</gpxtpx:hr>
          </gpxtpx:TrackPointExtension>
        </extensions>
      </trkpt>
      <trkpt lat="34.21886906324558" lon="108.83128670700451">
        <ele>405.47320040874183</ele>
        <time>2025-11-17T05:05:16.900000Z</time>
        <extensions>
          <gpxtpx:TrackPointExtension>
            <gpxtpx:hr>108</gpxtpx:hr>
          </gpxtpx:TrackPointExtension>
        </extensions>
      </trkpt>
      <trkpt lat="34.218879544148336" lon="108.83127723929681">
        <ele>405.4861630126834</ele>
        <time>2025-11-17T05:05:17.900000Z</time>
        <extensions>
          <gpxtpx:TrackPointExtension>
            <gpxtpx:hr>108</gpxtpx:hr>
          </gpxtpx:TrackPointExtension>
        </extensions>
      </trkpt>
      <trkpt lat="34.21889083145346" lon="108.83126762329927">
        <ele>405.5071682687849</ele>
        <time>2025-11-17T05:05:18.900000Z</time>
        <extensions>
          <gpxtpx:TrackPointExtension>
            <gpxtpx:hr>108</gpxtpx:hr>
          </gpxtpx:TrackPointExtension>
        </extensions>
      </trkpt>
      <trkpt lat="34.21890193256533" lon="108.83125925940143">
        <ele>405.52049147803336</ele>
        <time>2025-11-17T05:05:19.900000Z</time>
        <extensions>
          <gpxtpx:TrackPointExtension>
            <gpxtpx:hr>108</gpxtpx:hr>
          </gpxtpx:TrackPointExtension>
        </extensions>
      </trkpt>
      <trkpt lat="34.21891315143061" lon="108.83125220134943">
        <ele>405.5266652125865</ele>
        <time>2025-11-17T05:05:20.900000Z</time>
        <extensions>
          <gpxtpx:TrackPointExtension>
            <gpxtpx:hr>108</gpxtpx:hr>
          </gpxtpx:TrackPointExtension>
        </extensions>
      </trkpt>
      <trkpt lat="34.21892502629959" lon="108.83124591190112">
        <ele>405.5293337078765</ele>
        <time>2025-11-17T05:05:21.900000Z</time>
        <extensions>
          <gpxtpx:TrackPointExtension>
            <gpxtpx:hr>108</gpxtpx:hr>
          </gpxtpx:TrackPointExtension>
        </extensions>
      </trkpt>
      <trkpt lat="34.21893753135809" lon="108.83123977852277">
        <ele>405.5306825293228</ele>
        <time>2025-11-17T05:05:22.900000Z</time>
        <extensions>
          <gpxtpx:TrackPointExtension>
            <gpxtpx:hr>108</gpxtpx:hr>
          </gpxtpx:TrackPointExtension>
        </extensions>
      </trkpt>
      <trkpt lat="34.218950462929946" lon="108.83123387517962">
        <ele>405.53779685869813</ele>
        <time>2025-11-17T05:05:23.900000Z</time>
        <extensions>
          <gpxtpx:TrackPointExtension>
            <gpxtpx:hr>108</gpxtpx:hr>
          </gpxtpx:TrackPointExtension>
        </extensions>
      </trkpt>
      <trkpt lat="34.21896396827476" lon="108.83122825769091">
        <ele>405.5033373646438</ele>
        <time>2025-11-17T05:05:24.900000Z</time>
        <extensions>
          <gpxtpx:TrackPointExtension>
            <gpxtpx:hr>108</gpxtpx:hr>
          </gpxtpx:TrackPointExtension>
        </extensions>
      </trkpt>
      <trkpt lat="34.21897765023481" lon="108.8312224443851">
        <ele>405.4551292974502</ele>
        <time>2025-11-17T05:05:25.900000Z</time>
        <extensions>
          <gpxtpx:TrackPointExtension>
            <gpxtpx:hr>107</gpxtpx:hr>
          </gpxtpx:TrackPointExtension>
        </extensions>
      </trkpt>
      <trkpt lat="34.218991546985876" lon="108.83121625334734">
        <ele>405.3821784472093</ele>
        <time>2025-11-17T05:05:26.900000Z</time>
        <extensions>
          <gpxtpx:TrackPointExtension>
            <gpxtpx:hr>107</gpxtpx:hr>
          </gpxtpx:TrackPointExtension>
        </extensions>
      </trkpt>
      <trkpt lat="34.21900591811494" lon="108.83121030377085">
        <ele>405.31754417624325</ele>
        <time>2025-11-17T05:05:27.900000Z</time>
        <extensions>
          <gpxtpx:TrackPointExtension>
            <gpxtpx:hr>107</gpxtpx:hr>
          </gpxtpx:TrackPointExtension>
        </extensions>
      </trkpt>
      <trkpt lat="34.219020514340706" lon="108.8312050977376">
        <ele>405.2395462980494</ele>
        <time>2025-11-17T05:05:28.900000Z</time>
        <extensions>
          <gpxtpx:TrackPointExtension>
            <gpxtpx:hr>107</gpxtpx:hr>
          </gpxtpx:TrackPointExtension>
        </extensions>
      </trkpt>
      <trkpt lat="34.21903495574221" lon="108.83120054708502">
        <ele>405.1670382125303</ele>
        <time>2025-11-17T05:05:29.900000Z</time>
        <extensions>
          <gpxtpx:TrackPointExtension>
            <gpxtpx:hr>107</gpxtpx:hr>
          </gpxtpx:TrackPointExtension>
        </extensions>
      </trkpt>
      <trkpt lat="34.21904913385591" lon="108.83119645193537">
        <ele>405.0838527241722</ele>
        <time>2025-11-17T05:05:30.900000Z</time>
        <extensions>
          <gpxtpx:TrackPointExtension>
            <gpxtpx:hr>107</gpxtpx:hr>
          </gpxtpx:TrackPointExtension>
        </extensions>
      </trkpt>
      <trkpt lat="34.21906211516099" lon="108.83119290886289">
        <ele>405.00067371316254</ele>
        <time>2025-11-17T05:05:31.900000Z</time>
        <extensions>
          <gpxtpx:TrackPointExtension>
            <gpxtpx:hr>107</gpxtpx:hr>
          </gpxtpx:TrackPointExtension>
        </extensions>
      </trkpt>
      <trkpt lat="34.21907452075739" lon="108.83118904906435">
        <ele>404.90391432493925</ele>
        <time>2025-11-17T05:05:32.900000Z</time>
        <extensions>
          <gpxtpx:TrackPointExtension>
            <gpxtpx:hr>107</gpxtpx:hr>
          </gpxtpx:TrackPointExtension>
        </extensions>
      </trkpt>
      <trkpt lat="34.2190880236573" lon="108.83118390136059">
        <ele>404.8302606167272</ele>
        <time>2025-11-17T05:05:33.900000Z</time>
        <extensions>
          <gpxtpx:TrackPointExtension>
            <gpxtpx:hr>107</gpxtpx:hr>
          </gpxtpx:TrackPointExtension>
        </extensions>
      </trkpt>
      <trkpt lat="34.21910229470698" lon="108.8311781255895">
        <ele>404.7729025250301</ele>
        <time>2025-11-17T05:05:34.900000Z</time>
        <extensions>
          <gpxtpx:TrackPointExtension>
            <gpxtpx:hr>107</gpxtpx:hr>
          </gpxtpx:TrackPointExtension>
        </extensions>
      </trkpt>
      <trkpt lat="34.219115959958465" lon="108.83117283123588">
        <ele>404.71978347189724</ele>
        <time>2025-11-17T05:05:35.900000Z</time>
        <extensions>
          <gpxtpx:TrackPointExtension>
            <gpxtpx:hr>108</gpxtpx:hr>
          </gpxtpx:TrackPointExtension>
        </extensions>
      </trkpt>
      <trkpt lat="34.219129462588505" lon="108.83116793876914">
        <ele>404.6740479040891</ele>
        <time>2025-11-17T05:05:36.900000Z</time>
        <extensions>
          <gpxtpx:TrackPointExtension>
            <gpxtpx:hr>108</gpxtpx:hr>
          </gpxtpx:TrackPointExtension>
        </extensions>
      </trkpt>
      <trkpt lat="34.219142688022764" lon="108.8311631710967">
        <ele>404.60599955450743</ele>
        <time>2025-11-17T05:05:37.900000Z</time>
        <extensions>
          <gpxtpx:TrackPointExtension>
            <gpxtpx:hr>108</gpxtpx:hr>
          </gpxtpx:TrackPointExtension>
        </extensions>
      </trkpt>
      <trkpt lat="34.21915534475978" lon="108.83115818266728">
        <ele>404.5502343121916</ele>
        <time>2025-11-17T05:05:38.900000Z</time>
        <extensions>
          <gpxtpx:TrackPointExtension>
            <gpxtpx:hr>108</gpxtpx:hr>
          </gpxtpx:TrackPointExtension>
        </extensions>
      </trkpt>
      <trkpt lat="34.21916768008207" lon="108.83115237005627">
        <ele>404.4971234463155</ele>
        <time>2025-11-17T05:05:39.900000Z</time>
        <extensions>
          <gpxtpx:TrackPointExtension>
            <gpxtpx:hr>108</gpxtpx:hr>
          </gpxtpx:TrackPointExtension>
        </extensions>
      </trkpt>
      <trkpt lat="34.219179592243556" lon="108.8311457778465">
        <ele>404.44765366706997</ele>
        <time>2025-11-17T05:05:40.900000Z</time>
        <extensions>
          <gpxtpx:TrackPointExtension>
            <gpxtpx:hr>108</gpxtpx:hr>
          </gpxtpx:TrackPointExtension>
        </extensions>
      </trkpt>
      <trkpt lat="34.21919180079077" lon="108.83113854467236">
        <ele>404.40844601765275</ele>
        <time>2025-11-17T05:05:41.900000Z</time>
        <extensions>
          <gpxtpx:TrackPointExtension>
            <gpxtpx:hr>108</gpxtpx:hr>
          </gpxtpx:TrackPointExtension>
        </extensions>
      </trkpt>
      <trkpt lat="34.219204070107246" lon="108.83113144446953">
        <ele>404.37160742562264</ele>
        <time>2025-11-17T05:05:42.900000Z</time>
        <extensions>
          <gpxtpx:TrackPointExtension>
            <gpxtpx:hr>108</gpxtpx:hr>
          </gpxtpx:TrackPointExtension>
        </extensions>
      </trkpt>
      <trkpt lat="34.219216151569235" lon="108.83112456849588">
        <ele>404.3342511113733</ele>
        <time>2025-11-17T05:05:43.900000Z</time>
        <extensions>
          <gpxtpx:TrackPointExtension>
            <gpxtpx:hr>108</gpxtpx:hr>
          </gpxtpx:TrackPointExtension>
        </extensions>
      </trkpt>
      <trkpt lat="34.21922717932091" lon="108.83111790716508">
        <ele>404.29865189641714</ele>
        <time>2025-11-17T05:05:44.900000Z</time>
        <extensions>
          <gpxtpx:TrackPointExtension>
            <gpxtpx:hr>108</gpxtpx:hr>
          </gpxtpx:TrackPointExtension>
        </extensions>
      </trkpt>
      <trkpt lat="34.21923765769384" lon="108.83111115624075">
        <ele>404.2641005171463</ele>
        <time>2025-11-17T05:05:45.900000Z</time>
        <extensions>
          <gpxtpx:TrackPointExtension>
            <gpxtpx:hr>108</gpxtpx:hr>
          </gpxtpx:TrackPointExtension>
        </extensions>
      </trkpt>
      <trkpt lat="34.219249231701674" lon="108.83110424008152">
        <ele>404.23727636318654</ele>
        <time>2025-11-17T05:05:46.900000Z</time>
        <extensions>
          <gpxtpx:TrackPointExtension>
            <gpxtpx:hr>108</gpxtpx:hr>
          </gpxtpx:TrackPointExtension>
        </extensions>
      </trkpt>
      <trkpt lat="34.2192615781773" lon="108.83109786011917">
        <ele>404.2042940268293</ele>
        <time>2025-11-17T05:05:47.900000Z</time>
        <extensions>
          <gpxtpx:TrackPointExtension>
            <gpxtpx:hr>108</gpxtpx:hr>
          </gpxtpx:TrackPointExtension>
        </extensions>
      </trkpt>
      <trkpt lat="34.21927317644659" lon="108.83109242869072">
        <ele>404.1800232073292</ele>
        <time>2025-11-17T05:05:48.900000Z</time>
        <extensions>
          <gpxtpx:TrackPointExtension>
            <gpxtpx:hr>108</gpxtpx:hr>
          </gpxtpx:TrackPointExtension>
        </extensions>
      </trkpt>
      <trkpt lat="34.21928428246" lon="108.83108727790048">
        <ele>404.16535747237504</ele>
        <time>2025-11-17T05:05:49.900000Z</time>
        <extensions>
          <gpxtpx:TrackPointExtension>
            <gpxtpx:hr>108</gpxtpx:hr>
          </gpxtpx:TrackPointExtension>
        </extensions>
      </trkpt>
      <trkpt lat="34.21929619543434" lon="108.83108111638656">
        <ele>404.13173382915556</ele>
        <time>2025-11-17T05:05:50.900000Z</time>
        <extensions>
          <gpxtpx:TrackPointExtension>
            <gpxtpx:hr>108</gpxtpx:hr>
          </gpxtpx:TrackPointExtension>
        </extensions>
      </trkpt>
      <trkpt lat="34.219308289523845" lon="108.83107406914854">
        <ele>404.10184056777507</ele>
        <time>2025-11-17T05:05:51.900000Z</time>
        <extensions>
          <gpxtpx:TrackPointExtension>
            <gpxtpx:hr>108</gpxtpx:hr>
          </gpxtpx:TrackPointExtension>
        </extensions>
      </trkpt>
      <trkpt lat="34.21932026810153" lon="108.83106688372838">
        <ele>404.08115512598306</ele>
        <time>2025-11-17T05:05:52.900000Z</time>
        <extensions>
          <gpxtpx:TrackPointExtension>
            <gpxtpx:hr>108</gpxtpx:hr>
          </gpxtpx:TrackPointExtension>
        </extensions>
      </trkpt>
      <trkpt lat="34.21933262470142" lon="108.83105991161526">
        <ele>404.0661593209952</ele>
        <time>2025-11-17T05:05:53.900000Z</time>
        <extensions>
          <gpxtpx:TrackPointExtension>
            <gpxtpx:hr>108</gpxtpx:hr>
          </gpxtpx:TrackPointExtension>
        </extensions>
      </trkpt>
      <trkpt lat="34.21934527886079" lon="108.83105296644202">
        <ele>404.0552804339677</ele>
        <time>2025-11-17T05:05:54.900000Z</time>
        <extensions>
          <gpxtpx:TrackPointExtension>
            <gpxtpx:hr>109</gpxtpx:hr>
          </gpxtpx:TrackPointExtension>
        </extensions>
      </trkpt>
      <trkpt lat="34.219356930733746" lon="108.83104647101055">
        <ele>404.0445265788585</ele>
        <time>2025-11-17T05:05:55.900000Z</time>
        <extensions>
          <gpxtpx:TrackPointExtension>
            <gpxtpx:hr>109</gpxtpx:hr>
          </gpxtpx:TrackPointExtension>
        </extensions>
      </trkpt>
      <trkpt lat="34.219367885526616" lon="108.83103993547837">
        <ele>404.0240623122081</ele>
        <time>2025-11-17T05:05:56.900000Z</time>
        <extensions>
          <gpxtpx:TrackPointExtension>
            <gpxtpx:hr>109</gpxtpx:hr>
          </gpxtpx:TrackPointExtension>
        </extensions>
      </trkpt>
      <trkpt lat="34.2193794584911" lon="108.83103259579158">
        <ele>404.00711481366307</ele>
        <time>2025-11-17T05:05:57.900000Z</time>
        <extensions>
          <gpxtpx:TrackPointExtension>
            <gpxtpx:hr>109</gpxtpx:hr>
          </gpxtpx:TrackPointExtension>
        </extensions>
      </trkpt>
      <trkpt lat="34.21939127172761" lon="108.83102522728935">
        <ele>403.9945760304108</ele>
        <time>2025-11-17T05:05:58.900000Z</time>
        <extensions>
          <gpxtpx:TrackPointExtension>
            <gpxtpx:hr>109</gpxtpx:hr>
          </gpxtpx:TrackPointExtension>
        </extensions>
      </trkpt>
      <trkpt lat="34.219403200218615" lon="108.8310180086362">
        <ele>403.9686777051538</ele>
        <time>2025-11-17T05:05:59.900000Z</time>
        <extensions>
          <gpxtpx:TrackPointExtension>
            <gpxtpx:hr>109</gpxtpx:hr>
          </gpxtpx:TrackPointExtension>
        </extensions>
      </trkpt>
      <trkpt lat="34.219415693876805" lon="108.83101101928933">
        <ele>403.95490579865873</ele>
        <time>2025-11-17T05:06:00.900000Z</time>
        <extensions>
          <gpxtpx:TrackPointExtension>
            <gpxtpx:hr>107</gpxtpx:hr>
          </gpxtpx:TrackPointExtension>
        </extensions>
      </trkpt>
      <trkpt lat="34.21942805918895" lon="108.83100523828374">
        <ele>403.9369478812441</ele>
        <time>2025-11-17T05:06:01.900000Z</time>
        <extensions>
          <gpxtpx:TrackPointExtension>
            <gpxtpx:hr>107</gpxtpx:hr>
          </gpxtpx:TrackPointExtension>
        </extensions>
      </trkpt>
      <trkpt lat="34.21943998293761" lon="108.83100004466785">
        <ele>403.93779740296304</ele>
        <time>2025-11-17T05:06:02.900000Z</time>
        <extensions>
          <gpxtpx:TrackPointExtension>
            <gpxtpx:hr>107</gpxtpx:hr>
          </gpxtpx:TrackPointExtension>
        </extensions>
      </trkpt>
      <trkpt lat="34.219451699084935" lon="108.83099452513434">
        <ele>403.9499396821484</ele>
        <time>2025-11-17T05:06:03.900000Z</time>
        <extensions>
          <gpxtpx:TrackPointExtension>
            <gpxtpx:hr>107</gpxtpx:hr>
          </gpxtpx:TrackPointExtension>
        </extensions>
      </trkpt>
      <trkpt lat="34.21946252513983" lon="108.83098934778172">
        <ele>403.9733146028593</ele>
        <time>2025-11-17T05:06:04.900000Z</time>
        <extensions>
          <gpxtpx:TrackPointExtension>
            <gpxtpx:hr>107</gpxtpx:hr>
          </gpxtpx:TrackPointExtension>
        </extensions>
      </trkpt>
      <trkpt lat="34.21947260140168" lon="108.83098446196043">
        <ele>404.0051695480943</ele>
        <time>2025-11-17T05:06:05.900000Z</time>
        <extensions>
          <gpxtpx:TrackPointExtension>
            <gpxtpx:hr>107</gpxtpx:hr>
          </gpxtpx:TrackPointExtension>
        </extensions>
      </trkpt>
      <trkpt lat="34.21948268688208" lon="108.83097931777304">
        <ele>404.04643781110644</ele>
        <time>2025-11-17T05:06:06.900000Z</time>
        <extensions>
          <gpxtpx:TrackPointExtension>
            <gpxtpx:hr>107</gpxtpx:hr>
          </gpxtpx:TrackPointExtension>
        </extensions>
      </trkpt>
      <trkpt lat="34.2194933971487" lon="108.83097400286007">
        <ele>404.0989987878129</ele>
        <time>2025-11-17T05:06:07.900000Z</time>
        <extensions>
          <gpxtpx:TrackPointExtension>
            <gpxtpx:hr>107</gpxtpx:hr>
          </gpxtpx:TrackPointExtension>
        </extensions>
      </trkpt>
      <trkpt lat="34.21950484296219" lon="108.83096882575386">
        <ele>404.1525182519108</ele>
        <time>2025-11-17T05:06:08.900000Z</time>
        <extensions>
          <gpxtpx:TrackPointExtension>
            <gpxtpx:hr>107</gpxtpx:hr>
          </gpxtpx:TrackPointExtension>
        </extensions>
      </trkpt>
      <trkpt lat="34.219516605140086" lon="108.83096393998382">
        <ele>404.2137369029224</ele>
        <time>2025-11-17T05:06:09.900000Z</time>
        <extensions>
          <gpxtpx:TrackPointExtension>
            <gpxtpx:hr>107</gpxtpx:hr>
          </gpxtpx:TrackPointExtension>
        </extensions>
      </trkpt>
      <trkpt lat="34.219528247213745" lon="108.83095976849414">
        <ele>404.2867484614253</ele>
        <time>2025-11-17T05:06:10.900000Z</time>
        <extensions>
          <gpxtpx:TrackPointExtension>
            <gpxtpx:hr>108</gpxtpx:hr>
          </gpxtpx:TrackPointExtension>
        </extensions>
      </trkpt>
      <trkpt lat="34.219539731496575" lon="108.83095649416457">
        <ele>404.3804165534675</ele>
        <time>2025-11-17T05:06:11.900000Z</time>
        <extensions>
          <gpxtpx:TrackPointExtension>
            <gpxtpx:hr>108</gpxtpx:hr>
          </gpxtpx:TrackPointExtension>
        </extensions>
      </trkpt>
      <trkpt lat="34.219551285661176" lon="108.83095450659872">
        <ele>404.4669358879328</ele>
        <time>2025-11-17T05:06:12.900000Z</time>
        <extensions>
          <gpxtpx:TrackPointExtension>
            <gpxtpx:hr>108</gpxtpx:hr>
          </gpxtpx:TrackPointExtension>
        </extensions>
      </trkpt>
      <trkpt lat="34.21956299554189" lon="108.83095365278787">
        <ele>404.5404477901757</ele>
        <time>2025-11-17T05:06:13.900000Z</time>
        <extensions>
          <gpxtpx:TrackPointExtension>
            <gpxtpx:hr>108</gpxtpx:hr>
          </gpxtpx:TrackPointExtension>
        </extensions>
      </trkpt>
      <trkpt lat="34.21957520961962" lon="108.83095242022432">
        <ele>404.64336082711816</ele>
        <time>2025-11-17T05:06:14.900000Z</time>
        <extensions>
          <gpxtpx:TrackPointExtension>
            <gpxtpx:hr>108</gpxtpx:hr>
          </gpxtpx:TrackPointExtension>
        </extensions>
      </trkpt>
      <trkpt lat="34.21958825675463" lon="108.83095027549689">
        <ele>404.72927286475897</ele>
        <time>2025-11-17T05:06:15.900000Z</time>
        <extensions>
          <gpxtpx:TrackPointExtension>
            <gpxtpx:hr>108</gpxtpx:hr>
          </gpxtpx:TrackPointExtension>
        </extensions>
      </trkpt>
      <trkpt lat="34.21960181342907" lon="108.8309475290387">
        <ele>404.80601461883634</ele>
        <time>2025-11-17T05:06:16.900000Z</time>
        <extensions>
          <gpxtpx:TrackPointExtension>
            <gpxtpx:hr>108</gpxtpx:hr>
          </gpxtpx:TrackPointExtension>
        </extensions>
      </trkpt>
      <trkpt lat="34.2196154856362" lon="108.83094489282277">
        <ele>404.86229958571494</ele>
        <time>2025-11-17T05:06:17.900000Z</time>
        <extensions>
          <gpxtpx:TrackPointExtension>
            <gpxtpx:hr>109</gpxtpx:hr>
          </gpxtpx:TrackPointExtension>
        </extensions>
      </trkpt>
      <trkpt lat="34.219629253401976" lon="108.83094260908057">
        <ele>404.9172108788043</ele>
        <time>2025-11-17T05:06:18.900000Z</time>
        <extensions>
          <gpxtpx:TrackPointExtension>
            <gpxtpx:hr>109</gpxtpx:hr>
          </gpxtpx:TrackPointExtension>
        </extensions>
      </trkpt>
      <trkpt lat="34.21964279325427" lon="108.83093995371992">
        <ele>404.98311404231936</ele>
        <time>2025-11-17T05:06:19.900000Z</time>
        <extensions>
          <gpxtpx:TrackPointExtension>
            <gpxtpx:hr>109</gpxtpx:hr>
          </gpxtpx:TrackPointExtension>
        </extensions>
      </trkpt>
      <trkpt lat="34.21965555941508" lon="108.83093682388846">
        <ele>405.0489753931761</ele>
        <time>2025-11-17T05:06:20.900000Z</time>
        <extensions>
          <gpxtpx:TrackPointExtension>
            <gpxtpx:hr>109</gpxtpx:hr>
          </gpxtpx:TrackPointExtension>
        </extensions>
      </trkpt>
      <trkpt lat="34.2196674968682" lon="108.83093342587622">
        <ele>405.0824410552159</ele>
        <time>2025-11-17T05:06:21.900000Z</time>
        <extensions>
          <gpxtpx:TrackPointExtension>
            <gpxtpx:hr>109</gpxtpx:hr>
          </gpxtpx:TrackPointExtension>
        </extensions>
      </trkpt>
      <trkpt lat="34.21967924749359" lon="108.83092979753445">
        <ele>405.1111626541242</ele>
        <time>2025-11-17T05:06:22.900000Z</time>
        <extensions>
          <gpxtpx:TrackPointExtension>
            <gpxtpx:hr>109</gpxtpx:hr>
          </gpxtpx:TrackPointExtension>
        </extensions>
      </trkpt>
      <trkpt lat="34.21969127721682" lon="108.83092629965337">
        <ele>405.13994813803583</ele>
        <time>2025-11-17T05:06:23.900000Z</time>
        <extensions>
          <gpxtpx:TrackPointExtension>
            <gpxtpx:hr>109</gpxtpx:hr>
          </gpxtpx:TrackPointExtension>
        </extensions>
      </trkpt>
      <trkpt lat="34.21970274776348" lon="108.83092349856337">
        <ele>405.17061550170183</ele>
        <time>2025-11-17T05:06:24.900000Z</time>
        <extensions>
          <gpxtpx:TrackPointExtension>
            <gpxtpx:hr>109</gpxtpx:hr>
          </gpxtpx:TrackPointExtension>
        </extensions>
      </trkpt>
      <trkpt lat="34.21971349447686" lon="108.83092201010264">
        <ele>405.19377917796373</ele>
        <time>2025-11-17T05:06:25.900000Z</time>
        <extensions>
          <gpxtpx:TrackPointExtension>
            <gpxtpx:hr>106</gpxtpx:hr>
          </gpxtpx:TrackPointExtension>
        </extensions>
      </trkpt>
      <trkpt lat="34.219724656132186" lon="108.83092071192031">
        <ele>405.21265439875424</ele>
        <time>2025-11-17T05:06:26.900000Z</time>
        <extensions>
          <gpxtpx:TrackPointExtension>
            <gpxtpx:hr>106</gpxtpx:hr>
          </gpxtpx:TrackPointExtension>
        </extensions>
      </trkpt>
      <trkpt lat="34.21973644743397" lon="108.83091808780766">
        <ele>405.2442660955712</ele>
        <time>2025-11-17T05:06:27.900000Z</time>
        <extensions>
          <gpxtpx:TrackPointExtension>
            <gpxtpx:hr>106</gpxtpx:hr>
          </gpxtpx:TrackPointExtension>
        </extensions>
      </trkpt>
      <trkpt lat="34.21974793703022" lon="108.83091472113446">
        <ele>405.28227162733674</ele>
        <time>2025-11-17T05:06:28.900000Z</time>
        <extensions>
          <gpxtpx:TrackPointExtension>
            <gpxtpx:hr>106</gpxtpx:hr>
          </gpxtpx:TrackPointExtension>
        </extensions>
      </trkpt>
      <trkpt lat="34.219759192460444" lon="108.83091086292194">
        <ele>405.3129057632759</ele>
        <time>2025-11-17T05:06:29.900000Z</time>
        <extensions>
          <gpxtpx:TrackPointExtension>
            <gpxtpx:hr>106</gpxtpx:hr>
          </gpxtpx:TrackPointExtension>
        </extensions>
      </trkpt>
      <trkpt lat="34.21977100508696" lon="108.83090644094916">
        <ele>405.33999632205814</ele>
        <time>2025-11-17T05:06:30.900000Z</time>
        <extensions>
          <gpxtpx:TrackPointExtension>
            <gpxtpx:hr>106</gpxtpx:hr>
          </gpxtpx:TrackPointExtension>
        </extensions>
      </trkpt>
      <trkpt lat="34.219783249412956" lon="108.83090222201876">
        <ele>405.3738494999707</ele>
        <time>2025-11-17T05:06:31.900000Z</time>
        <extensions>
          <gpxtpx:TrackPointExtension>
            <gpxtpx:hr>106</gpxtpx:hr>
          </gpxtpx:TrackPointExtension>
        </extensions>
      </trkpt>
      <trkpt lat="34.21979526268355" lon="108.83089912564472">
        <ele>405.4157940065488</ele>
        <time>2025-11-17T05:06:32.900000Z</time>
        <extensions>
          <gpxtpx:TrackPointExtension>
            <gpxtpx:hr>108</gpxtpx:hr>
          </gpxtpx:TrackPointExtension>
        </extensions>
      </trkpt>
      <trkpt lat="34.21980704189642" lon="108.83089710997815">
        <ele>405.4594922736287</ele>
        <time>2025-11-17T05:06:33.900000Z</time>
        <extensions>
          <gpxtpx:TrackPointExtension>
            <gpxtpx:hr>108</gpxtpx:hr>
          </gpxtpx:TrackPointExtension>
        </extensions>
      </trkpt>
      <trkpt lat="34.21981852024516" lon="108.83089463396026">
        <ele>405.4861288089305</ele>
        <time>2025-11-17T05:06:34.900000Z</time>
        <extensions>
          <gpxtpx:TrackPointExtension>
            <gpxtpx:hr>108</gpxtpx:hr>
          </gpxtpx:TrackPointExtension>
        </extensions>
      </trkpt>
      <trkpt lat="34.219829737848194" lon="108.830891142918">
        <ele>405.502624114044</ele>
        <time>2025-11-17T05:06:35.900000Z</time>
        <extensions>
          <gpxtpx:TrackPointExtension>
            <gpxtpx:hr>108</gpxtpx:hr>
          </gpxtpx:TrackPointExtension>
        </extensions>
      </trkpt>
      <trkpt lat="34.219841749404665" lon="108.8308872524759">
        <ele>405.5084293568507</ele>
        <time>2025-11-17T05:06:36.900000Z</time>
        <extensions>
          <gpxtpx:TrackPointExtension>
            <gpxtpx:hr>107</gpxtpx:hr>
          </gpxtpx:TrackPointExtension>
        </extensions>
      </trkpt>
      <trkpt lat="34.21985405340337" lon="108.8308838258013">
        <ele>405.5127042122185</ele>
        <time>2025-11-17T05:06:37.900000Z</time>
        <extensions>
          <gpxtpx:TrackPointExtension>
            <gpxtpx:hr>107</gpxtpx:hr>
          </gpxtpx:TrackPointExtension>
        </extensions>
      </trkpt>
      <trkpt lat="34.21986702257833" lon="108.83088051365782">
        <ele>405.50272625125945</ele>
        <time>2025-11-17T05:06:38.900000Z</time>
        <extensions>
          <gpxtpx:TrackPointExtension>
            <gpxtpx:hr>107</gpxtpx:hr>
          </gpxtpx:TrackPointExtension>
        </extensions>
      </trkpt>
      <trkpt lat="34.21988055960542" lon="108.83087746201629">
        <ele>405.4717906648293</ele>
        <time>2025-11-17T05:06:39.900000Z</time>
        <extensions>
          <gpxtpx:TrackPointExtension>
            <gpxtpx:hr>107</gpxtpx:hr>
          </gpxtpx:TrackPointExtension>
        </extensions>
      </trkpt>
      <trkpt lat="34.21989429953443" lon="108.83087500937879">
        <ele>405.42928595934063</ele>
        <time>2025-11-17T05:06:40.900000Z</time>
        <extensions>
          <gpxtpx:TrackPointExtension>
            <gpxtpx:hr>107</gpxtpx:hr>
          </gpxtpx:TrackPointExtension>
        </extensions>
      </trkpt>
      <trkpt lat="34.21990845360678" lon="108.830873561271">
        <ele>405.3801768645644</ele>
        <time>2025-11-17T05:06:41.900000Z</time>
        <extensions>
          <gpxtpx:TrackPointExtension>
            <gpxtpx:hr>107</gpxtpx:hr>
          </gpxtpx:TrackPointExtension>
        </extensions>
      </trkpt>
      <trkpt lat="34.21992231049181" lon="108.83087300853948">
        <ele>405.3018066184595</ele>
        <time>2025-11-17T05:06:42.900000Z</time>
        <extensions>
          <gpxtpx:TrackPointExtension>
            <gpxtpx:hr>103</gpxtpx:hr>
          </gpxtpx:TrackPointExtension>
        </extensions>
      </trkpt>
      <trkpt lat="34.21993627448559" lon="108.83087220671528">
        <ele>405.1932125091553</ele>
        <time>2025-11-17T05:06:43.900000Z</time>
        <extensions>
          <gpxtpx:TrackPointExtension>
            <gpxtpx:hr>103</gpxtpx:hr>
          </gpxtpx:TrackPointExtension>
        </extensions>
      </trkpt>
      <trkpt lat="34.21995041509169" lon="108.83086994488569">
        <ele>405.0678098294884</ele>
        <time>2025-11-17T05:06:44.900000Z</time>
        <extensions>
          <gpxtpx:TrackPointExtension>
            <gpxtpx:hr>103</gpxtpx:hr>
          </gpxtpx:TrackPointExtension>
        </extensions>
      </trkpt>
      <trkpt lat="34.219964817328595" lon="108.83086557808221">
        <ele>404.95049809943885</ele>
        <time>2025-11-17T05:06:45.900000Z</time>
        <extensions>
          <gpxtpx:TrackPointExtension>
            <gpxtpx:hr>103</gpxtpx:hr>
          </gpxtpx:TrackPointExtension>
        </extensions>
      </trkpt>
      <trkpt lat="34.2199793201004" lon="108.83085943724015">
        <ele>404.8264637738466</ele>
        <time>2025-11-17T05:06:46.900000Z</time>
        <extensions>
          <gpxtpx:TrackPointExtension>
            <gpxtpx:hr>103</gpxtpx:hr>
          </gpxtpx:TrackPointExtension>
        </extensions>
      </trkpt>
      <trkpt lat="34.21999228570946" lon="108.83085260883617">
        <ele>404.6805410897359</ele>
        <time>2025-11-17T05:06:47.900000Z</time>
        <extensions>
          <gpxtpx:TrackPointExtension>
            <gpxtpx:hr>103</gpxtpx:hr>
          </gpxtpx:TrackPointExtension>
        </extensions>
      </trkpt>
      <trkpt lat="34.22000446358324" lon="108.83084502490452">
        <ele>404.5099519090727</ele>
        <time>2025-11-17T05:06:48.900000Z</time>
        <extensions>
          <gpxtpx:TrackPointExtension>
            <gpxtpx:hr>103</gpxtpx:hr>
          </gpxtpx:TrackPointExtension>
        </extensions>
      </trkpt>
      <trkpt lat="34.220017564736004" lon="108.83083633506891">
        <ele>404.34727145079523</ele>
        <time>2025-11-17T05:06:49.900000Z</time>
        <extensions>
          <gpxtpx:TrackPointExtension>
            <gpxtpx:hr>103</gpxtpx:hr>
          </gpxtpx:TrackPointExtension>
        </extensions>
      </trkpt>
      <trkpt lat="34.220030820847526" lon="108.8308272296717">
        <ele>404.1995893185958</ele>
        <time>2025-11-17T05:06:50.900000Z</time>
        <extensions>
          <gpxtpx:TrackPointExtension>
            <gpxtpx:hr>103</gpxtpx:hr>
          </gpxtpx:TrackPointExtension>
        </extensions>
      </trkpt>
      <trkpt lat="34.220043409173066" lon="108.8308178617356">
        <ele>404.06909056100994</ele>
        <time>2025-11-17T05:06:51.900000Z</time>
        <extensions>
          <gpxtpx:TrackPointExtension>
            <gpxtpx:hr>103</gpxtpx:hr>
          </gpxtpx:TrackPointExtension>
        </extensions>
      </trkpt>
      <trkpt lat="34.2200544841875" lon="108.83080829155632">
        <ele>403.94282614812255</ele>
        <time>2025-11-17T05:06:52.900000Z</time>
        <extensions>
          <gpxtpx:TrackPointExtension>
            <gpxtpx:hr>103</gpxtpx:hr>
          </gpxtpx:TrackPointExtension>
        </extensions>
      </trkpt>
      <trkpt lat="34.22006393798426" lon="108.8307986410733">
        <ele>403.8309293696657</ele>
        <time>2025-11-17T05:06:53.900000Z</time>
        <extensions>
          <gpxtpx:TrackPointExtension>
            <gpxtpx:hr>103</gpxtpx:hr>
          </gpxtpx:TrackPointExtension>
        </extensions>
      </trkpt>
      <trkpt lat="34.22007181334192" lon="108.83078892306894">
        <ele>403.73073943611234</ele>
        <time>2025-11-17T05:06:54.900000Z</time>
        <extensions>
          <gpxtpx:TrackPointExtension>
            <gpxtpx:hr>103</gpxtpx:hr>
          </gpxtpx:TrackPointExtension>
        </extensions>
      </trkpt>
      <trkpt lat="34.220078109206874" lon="108.83077927468874">
        <ele>403.64172184839845</ele>
        <time>2025-11-17T05:06:55.900000Z</time>
        <extensions>
          <gpxtpx:TrackPointExtension>
            <gpxtpx:hr>103</gpxtpx:hr>
          </gpxtpx:TrackPointExtension>
        </extensions>
      </trkpt>
      <trkpt lat="34.22008312283581" lon="108.83076944619735">
        <ele>403.5775686390698</ele>
        <time>2025-11-17T05:06:56.900000Z</time>
        <extensions>
          <gpxtpx:TrackPointExtension>
            <gpxtpx:hr>103</gpxtpx:hr>
          </gpxtpx:TrackPointExtension>
        </extensions>
      </trkpt>
      <trkpt lat="34.2200872714354" lon="108.83075906825053">
        <ele>403.5148920752108</ele>
        <time>2025-11-17T05:06:57.900000Z</time>
      </trkpt>
      <trkpt lat="34.220090886552384" lon="108.830748484207">
        <ele>403.46067883912474</ele>
        <time>2025-11-17T05:06:58.900000Z</time>
      </trkpt>
      <trkpt lat="34.22009413243279" lon="108.83073791197958">
        <ele>403.41440232284367</ele>
        <time>2025-11-17T05:06:59.900000Z</time>
      </trkpt>
      <trkpt lat="34.220096874048515" lon="108.83072730107413">
        <ele>403.38514282833785</ele>
        <time>2025-11-17T05:07:00.900000Z</time>
        <extensions>
          <gpxtpx:TrackPointExtension>
            <gpxtpx:hr>108</gpxtpx:hr>
          </gpxtpx:TrackPointExtension>
        </extensions>
      </trkpt>
      <trkpt lat="34.220099332659345" lon="108.83071717753886">
        <ele>403.36945020314306</ele>
        <time>2025-11-17T05:07:01.900000Z</time>
        <extensions>
          <gpxtpx:TrackPointExtension>
            <gpxtpx:hr>108</gpxtpx:hr>
          </gpxtpx:TrackPointExtension>
        </extensions>
      </trkpt>
      <trkpt lat="34.220101896294814" lon="108.83070773752877">
        <ele>403.36808371543884</ele>
        <time>2025-11-17T05:07:02.900000Z</time>
        <extensions>
          <gpxtpx:TrackPointExtension>
            <gpxtpx:hr>108</gpxtpx:hr>
          </gpxtpx:TrackPointExtension>
        </extensions>
      </trkpt>
      <trkpt lat="34.220105017028594" lon="108.83069911037805">
        <ele>403.392317625694</ele>
        <time>2025-11-17T05:07:03.900000Z</time>
        <extensions>
          <gpxtpx:TrackPointExtension>
            <gpxtpx:hr>108</gpxtpx:hr>
          </gpxtpx:TrackPointExtension>
        </extensions>
      </trkpt>
      <trkpt lat="34.2201086559331" lon="108.8306912490866">
        <ele>403.44779089000076</ele>
        <time>2025-11-17T05:07:04.900000Z</time>
        <extensions>
          <gpxtpx:TrackPointExtension>
            <gpxtpx:hr>108</gpxtpx:hr>
          </gpxtpx:TrackPointExtension>
        </extensions>
      </trkpt>
      <trkpt lat="34.22011232811281" lon="108.83068346913441">
        <ele>403.5118839396164</ele>
        <time>2025-11-17T05:07:05.900000Z</time>
        <extensions>
          <gpxtpx:TrackPointExtension>
            <gpxtpx:hr>108</gpxtpx:hr>
          </gpxtpx:TrackPointExtension>
        </extensions>
      </trkpt>
      <trkpt lat="34.22011587090688" lon="108.83067584075151">
        <ele>403.57937491033226</ele>
        <time>2025-11-17T05:07:06.900000Z</time>
        <extensions>
          <gpxtpx:TrackPointExtension>
            <gpxtpx:hr>108</gpxtpx:hr>
          </gpxtpx:TrackPointExtension>
        </extensions>
      </trkpt>
      <trkpt lat="34.22011956563233" lon="108.83066817367843">
        <ele>403.6548625929281</ele>
        <time>2025-11-17T05:07:07.900000Z</time>
        <extensions>
          <gpxtpx:TrackPointExtension>
            <gpxtpx:hr>108</gpxtpx:hr>
          </gpxtpx:TrackPointExtension>
        </extensions>
      </trkpt>
      <trkpt lat="34.22012335399997" lon="108.83066053491055">
        <ele>403.72971240244806</ele>
        <time>2025-11-17T05:07:08.900000Z</time>
        <extensions>
          <gpxtpx:TrackPointExtension>
            <gpxtpx:hr>108</gpxtpx:hr>
          </gpxtpx:TrackPointExtension>
        </extensions>
      </trkpt>
      <trkpt lat="34.2201273211742" lon="108.83065281040986">
        <ele>403.8180864788592</ele>
        <time>2025-11-17T05:07:09.900000Z</time>
        <extensions>
          <gpxtpx:TrackPointExtension>
            <gpxtpx:hr>108</gpxtpx:hr>
          </gpxtpx:TrackPointExtension>
        </extensions>
      </trkpt>
      <trkpt lat="34.22013185828737" lon="108.83064453698495">
        <ele>403.91114413458854</ele>
        <time>2025-11-17T05:07:10.900000Z</time>
        <extensions>
          <gpxtpx:TrackPointExtension>
            <gpxtpx:hr>108</gpxtpx:hr>
          </gpxtpx:TrackPointExtension>
        </extensions>
      </trkpt>
      <trkpt lat="34.2201371854146" lon="108.83063625137339">
        <ele>404.016261363402</ele>
        <time>2025-11-17T05:07:11.900000Z</time>
        <extensions>
          <gpxtpx:TrackPointExtension>
            <gpxtpx:hr>108</gpxtpx:hr>
          </gpxtpx:TrackPointExtension>
        </extensions>
      </trkpt>
      <trkpt lat="34.22014220174708" lon="108.83062793079587">
        <ele>404.12806089781225</ele>
        <time>2025-11-17T05:07:12.900000Z</time>
        <extensions>
          <gpxtpx:TrackPointExtension>
            <gpxtpx:hr>107</gpxtpx:hr>
          </gpxtpx:TrackPointExtension>
        </extensions>
      </trkpt>
      <trkpt lat="34.220146555919555" lon="108.83061906859939">
        <ele>404.23401639889926</ele>
        <time>2025-11-17T05:07:13.900000Z</time>
        <extensions>
          <gpxtpx:TrackPointExtension>
            <gpxtpx:hr>107</gpxtpx:hr>
          </gpxtpx:TrackPointExtension>
        </extensions>
      </trkpt>
      <trkpt lat="34.22015032244783" lon="108.83060971583954">
        <ele>404.347051714547</ele>
        <time>2025-11-17T05:07:14.900000Z</time>
        <extensions>
          <gpxtpx:TrackPointExtension>
            <gpxtpx:hr>107</gpxtpx:hr>
          </gpxtpx:TrackPointExtension>
        </extensions>
      </trkpt>
      <trkpt lat="34.22015365950908" lon="108.83059993509845">
        <ele>404.42992984782904</ele>
        <time>2025-11-17T05:07:15.900000Z</time>
        <extensions>
          <gpxtpx:TrackPointExtension>
            <gpxtpx:hr>107</gpxtpx:hr>
          </gpxtpx:TrackPointExtension>
        </extensions>
      </trkpt>
      <trkpt lat="34.22015671914686" lon="108.83058947273169">
        <ele>404.50887829065323</ele>
        <time>2025-11-17T05:07:16.900000Z</time>
        <extensions>
          <gpxtpx:TrackPointExtension>
            <gpxtpx:hr>107</gpxtpx:hr>
          </gpxtpx:TrackPointExtension>
        </extensions>
      </trkpt>
      <trkpt lat="34.220159765083324" lon="108.83057813024753">
        <ele>404.57152197603136</ele>
        <time>2025-11-17T05:07:17.900000Z</time>
        <extensions>
          <gpxtpx:TrackPointExtension>
            <gpxtpx:hr>107</gpxtpx:hr>
          </gpxtpx:TrackPointExtension>
        </extensions>
      </trkpt>
      <trkpt lat="34.22016271205203" lon="108.8305664056933">
        <ele>404.6357506448403</ele>
        <time>2025-11-17T05:07:18.900000Z</time>
        <extensions>
          <gpxtpx:TrackPointExtension>
            <gpxtpx:hr>107</gpxtpx:hr>
          </gpxtpx:TrackPointExtension>
        </extensions>
      </trkpt>
      <trkpt lat="34.22016480449282" lon="108.8305553354319">
        <ele>404.69320252444595</ele>
        <time>2025-11-17T05:07:19.900000Z</time>
        <extensions>
          <gpxtpx:TrackPointExtension>
            <gpxtpx:hr>108</gpxtpx:hr>
          </gpxtpx:TrackPointExtension>
        </extensions>
      </trkpt>
      <trkpt lat="34.22016588275294" lon="108.83054525286514">
        <ele>404.7403923748061</ele>
        <time>2025-11-17T05:07:20.900000Z</time>
        <extensions>
          <gpxtpx:TrackPointExtension>
            <gpxtpx:hr>108</gpxtpx:hr>
          </gpxtpx:TrackPointExtension>
        </extensions>
      </trkpt>
      <trkpt lat="34.22016652771261" lon="108.83053611324101">
        <ele>404.7779350252822</ele>
        <time>2025-11-17T05:07:21.900000Z</time>
        <extensions>
          <gpxtpx:TrackPointExtension>
            <gpxtpx:hr>108</gpxtpx:hr>
          </gpxtpx:TrackPointExtension>
        </extensions>
      </trkpt>
      <trkpt lat="34.220167197713494" lon="108.83052727710475">
        <ele>404.80937898065895</ele>
        <time>2025-11-17T05:07:22.900000Z</time>
        <extensions>
          <gpxtpx:TrackPointExtension>
            <gpxtpx:hr>108</gpxtpx:hr>
          </gpxtpx:TrackPointExtension>
        </extensions>
      </trkpt>
      <trkpt lat="34.220168462478895" lon="108.83051788457747">
        <ele>404.83944160304964</ele>
        <time>2025-11-17T05:07:23.900000Z</time>
        <extensions>
          <gpxtpx:TrackPointExtension>
            <gpxtpx:hr>108</gpxtpx:hr>
          </gpxtpx:TrackPointExtension>
        </extensions>
      </trkpt>
      <trkpt lat="34.22017045926113" lon="108.83050865256851">
        <ele>404.8550292328</ele>
        <time>2025-11-17T05:07:24.900000Z</time>
        <extensions>
          <gpxtpx:TrackPointExtension>
            <gpxtpx:hr>108</gpxtpx:hr>
          </gpxtpx:TrackPointExtension>
        </extensions>
      </trkpt>
      <trkpt lat="34.220172860178955" lon="108.83050030617204">
        <ele>404.866718666628</ele>
        <time>2025-11-17T05:07:25.900000Z</time>
        <extensions>
          <gpxtpx:TrackPointExtension>
            <gpxtpx:hr>108</gpxtpx:hr>
          </gpxtpx:TrackPointExtension>
        </extensions>
      </trkpt>
      <trkpt lat="34.220175278743255" lon="108.83049295246522">
        <ele>404.87086362950504</ele>
        <time>2025-11-17T05:07:26.900000Z</time>
        <extensions>
          <gpxtpx:TrackPointExtension>
            <gpxtpx:hr>106</gpxtpx:hr>
          </gpxtpx:TrackPointExtension>
        </extensions>
      </trkpt>
      <trkpt lat="34.22017698126453" lon="108.83048649002133">
        <ele>404.8701803078875</ele>
        <time>2025-11-17T05:07:27.900000Z</time>
        <extensions>
          <gpxtpx:TrackPointExtension>
            <gpxtpx:hr>106</gpxtpx:hr>
          </gpxtpx:TrackPointExtension>
        </extensions>
      </trkpt>
      <trkpt lat="34.22017744754934" lon="108.83048030067216">
        <ele>404.8662275178358</ele>
        <time>2025-11-17T05:07:28.900000Z</time>
        <extensions>
          <gpxtpx:TrackPointExtension>
            <gpxtpx:hr>106</gpxtpx:hr>
          </gpxtpx:TrackPointExtension>
        </extensions>
      </trkpt>
      <trkpt lat="34.220176300043995" lon="108.83047417183201">
        <ele>404.85818533133715</ele>
        <time>2025-11-17T05:07:29.900000Z</time>
        <extensions>
          <gpxtpx:TrackPointExtension>
            <gpxtpx:hr>106</gpxtpx:hr>
          </gpxtpx:TrackPointExtension>
        </extensions>
      </trkpt>
      <trkpt lat="34.220173518900594" lon="108.83046802226269">
        <ele>404.84816278051585</ele>
        <time>2025-11-17T05:07:30.900000Z</time>
        <extensions>
          <gpxtpx:TrackPointExtension>
            <gpxtpx:hr>106</gpxtpx:hr>
          </gpxtpx:TrackPointExtension>
        </extensions>
      </trkpt>
      <trkpt lat="34.220169641101904" lon="108.83046162737215">
        <ele>404.8382883891463</ele>
        <time>2025-11-17T05:07:31.900000Z</time>
        <extensions>
          <gpxtpx:TrackPointExtension>
            <gpxtpx:hr>106</gpxtpx:hr>
          </gpxtpx:TrackPointExtension>
        </extensions>
      </trkpt>
      <trkpt lat="34.22016521758983" lon="108.83045492128606">
        <ele>404.82794907316566</ele>
        <time>2025-11-17T05:07:32.900000Z</time>
        <extensions>
          <gpxtpx:TrackPointExtension>
            <gpxtpx:hr>106</gpxtpx:hr>
          </gpxtpx:TrackPointExtension>
        </extensions>
      </trkpt>
      <trkpt lat="34.22016074446916" lon="108.83044792627743">
        <ele>404.81991886533797</ele>
        <time>2025-11-17T05:07:33.900000Z</time>
        <extensions>
          <gpxtpx:TrackPointExtension>
            <gpxtpx:hr>106</gpxtpx:hr>
          </gpxtpx:TrackPointExtension>
        </extensions>
      </trkpt>
      <trkpt lat="34.220156569936506" lon="108.8304409353183">
        <ele>404.8144244113937</ele>
        <time>2025-11-17T05:07:34.900000Z</time>
        <extensions>
          <gpxtpx:TrackPointExtension>
            <gpxtpx:hr>106</gpxtpx:hr>
          </gpxtpx:TrackPointExtension>
        </extensions>
      </trkpt>
      <trkpt lat="34.22015293271045" lon="108.83043421833993">
        <ele>404.81112485099584</ele>
        <time>2025-11-17T05:07:35.900000Z</time>
        <extensions>
          <gpxtpx:TrackPointExtension>
            <gpxtpx:hr>107</gpxtpx:hr>
          </gpxtpx:TrackPointExtension>
        </extensions>
      </trkpt>
      <trkpt lat="34.22015051380546" lon="108.83042721672064">
        <ele>404.80973386392</ele>
        <time>2025-11-17T05:07:36.900000Z</time>
        <extensions>
          <gpxtpx:TrackPointExtension>
            <gpxtpx:hr>107</gpxtpx:hr>
          </gpxtpx:TrackPointExtension>
        </extensions>
      </trkpt>
      <trkpt lat="34.220149276914825" lon="108.83042020898125">
        <ele>404.8107096515596</ele>
        <time>2025-11-17T05:07:37.900000Z</time>
        <extensions>
          <gpxtpx:TrackPointExtension>
            <gpxtpx:hr>107</gpxtpx:hr>
          </gpxtpx:TrackPointExtension>
        </extensions>
      </trkpt>
      <trkpt lat="34.220149259146034" lon="108.83041315545029">
        <ele>404.81391149386764</ele>
        <time>2025-11-17T05:07:38.900000Z</time>
        <extensions>
          <gpxtpx:TrackPointExtension>
            <gpxtpx:hr>107</gpxtpx:hr>
          </gpxtpx:TrackPointExtension>
        </extensions>
      </trkpt>
      <trkpt lat="34.22014986216607" lon="108.83040638188103">
        <ele>404.81820421572775</ele>
        <time>2025-11-17T05:07:39.900000Z</time>
        <extensions>
          <gpxtpx:TrackPointExtension>
            <gpxtpx:hr>107</gpxtpx:hr>
          </gpxtpx:TrackPointExtension>
        </extensions>
      </trkpt>
      <trkpt lat="34.22015114896548" lon="108.83039994495685">
        <ele>404.8243203954771</ele>
        <time>2025-11-17T05:07:40.900000Z</time>
        <extensions>
          <gpxtpx:TrackPointExtension>
            <gpxtpx:hr>107</gpxtpx:hr>
          </gpxtpx:TrackPointExtension>
        </extensions>
      </trkpt>
      <trkpt lat="34.220152977782696" lon="108.83039400568103">
        <ele>404.8319387882948</ele>
        <time>2025-11-17T05:07:41.900000Z</time>
        <extensions>
          <gpxtpx:TrackPointExtension>
            <gpxtpx:hr>107</gpxtpx:hr>
          </gpxtpx:TrackPointExtension>
        </extensions>
      </trkpt>
      <trkpt lat="34.220155231163105" lon="108.83038864964945">
        <ele>404.8407006151974</ele>
        <time>2025-11-17T05:07:42.900000Z</time>
        <extensions>
          <gpxtpx:TrackPointExtension>
            <gpxtpx:hr>107</gpxtpx:hr>
          </gpxtpx:TrackPointExtension>
        </extensions>
      </trkpt>
      <trkpt lat="34.22015777640546" lon="108.83038391942215">
        <ele>404.85024835634977</ele>
        <time>2025-11-17T05:07:43.900000Z</time>
        <extensions>
          <gpxtpx:TrackPointExtension>
            <gpxtpx:hr>107</gpxtpx:hr>
          </gpxtpx:TrackPointExtension>
        </extensions>
      </trkpt>
      <trkpt lat="34.22016042831187" lon="108.8303798634472">
        <ele>404.86024978291243</ele>
        <time>2025-11-17T05:07:44.900000Z</time>
        <extensions>
          <gpxtpx:TrackPointExtension>
            <gpxtpx:hr>107</gpxtpx:hr>
          </gpxtpx:TrackPointExtension>
        </extensions>
      </trkpt>
      <trkpt lat="34.220162946744075" lon="108.83037655316366">
        <ele>404.87043812219054</ele>
        <time>2025-11-17T05:07:45.900000Z</time>
        <extensions>
          <gpxtpx:TrackPointExtension>
            <gpxtpx:hr>107</gpxtpx:hr>
          </gpxtpx:TrackPointExtension>
        </extensions>
      </trkpt>
      <trkpt lat="34.22016505012402" lon="108.83037408079488">
        <ele>404.88064533285797</ele>
        <time>2025-11-17T05:07:46.900000Z</time>
        <extensions>
          <gpxtpx:TrackPointExtension>
            <gpxtpx:hr>106</gpxtpx:hr>
          </gpxtpx:TrackPointExtension>
        </extensions>
      </trkpt>
      <trkpt lat="34.22016668714887" lon="108.83037230281991">
        <ele>404.8907949645072</ele>
        <time>2025-11-17T05:07:47.900000Z</time>
        <extensions>
          <gpxtpx:TrackPointExtension>
            <gpxtpx:hr>106</gpxtpx:hr>
          </gpxtpx:TrackPointExtension>
        </extensions>
      </trkpt>
      <trkpt lat="34.220168128171004" lon="108.83037080253301">
        <ele>404.90160902030766</ele>
        <time>2025-11-17T05:07:49Z</time>
        <extensions>
          <gpxtpx:TrackPointExtension>
            <gpxtpx:hr>106</gpxtpx:hr>
          </gpxtpx:TrackPointExtension>
        </extensions>
      </trkpt>
    </trkseg>
  </trk>
</gpx>