<?xml version="1.0" encoding="UTF-8"?>
<gpx xmlns="http://www.topografix.com/GPX/1/1" xmlns:gpxtpx="http://www.garmin.com/xmlschemas/TrackPointExtension/v1" xmlns:xsi="http://www.w3.org/2001/XMLSchema-instance" xsi:schemaLocation="http://www.topografix.com/GPX/1/1 http://www.topografix.com/GPX/1/1/gpx.xsd" version="1.1" creator="gpx.py -- https://github.com/tkrajina/gpxpy">
  <trk>
    <name>gpx from keep</name>
    <type>Walk</type>
    <trkseg>
      <trkpt lat="34.22007966667628" lon="108.83067284490889">
        <ele>404.1233745049685</ele>
        <time>2025-11-14T04:28:18Z</time>
        <extensions>
          <gpxtpx:TrackPointExtension>
            <gpxtpx:hr>105</gpxtpx:hr>
          </gpxtpx:TrackPointExtension>
        </extensions>
      </trkpt>
      <trkpt lat="34.22007652206404" lon="108.83068470539345">
        <ele>404.1312767965719</ele>
        <time>2025-11-14T04:28:18.900000Z</time>
        <extensions>
          <gpxtpx:TrackPointExtension>
            <gpxtpx:hr>105</gpxtpx:hr>
          </gpxtpx:TrackPointExtension>
        </extensions>
      </trkpt>
      <trkpt lat="34.220073486319066" lon="108.83069671975765">
        <ele>404.13731096312404</ele>
        <time>2025-11-14T04:28:19.900000Z</time>
        <extensions>
          <gpxtpx:TrackPointExtension>
            <gpxtpx:hr>105</gpxtpx:hr>
          </gpxtpx:TrackPointExtension>
        </extensions>
      </trkpt>
      <trkpt lat="34.22007079588112" lon="108.83070964494426">
        <ele>404.1386528275907</ele>
        <time>2025-11-14T04:28:20.900000Z</time>
        <extensions>
          <gpxtpx:TrackPointExtension>
            <gpxtpx:hr>105</gpxtpx:hr>
          </gpxtpx:TrackPointExtension>
        </extensions>
      </trkpt>
      <trkpt lat="34.22006910197432" lon="108.83072326191508">
        <ele>404.13491474092007</ele>
        <time>2025-11-14T04:28:21.900000Z</time>
        <extensions>
          <gpxtpx:TrackPointExtension>
            <gpxtpx:hr>105</gpxtpx:hr>
          </gpxtpx:TrackPointExtension>
        </extensions>
      </trkpt>
      <trkpt lat="34.22006813160996" lon="108.83073751669771">
        <ele>404.1298913201317</ele>
        <time>2025-11-14T04:28:22.900000Z</time>
        <extensions>
          <gpxtpx:TrackPointExtension>
            <gpxtpx:hr>105</gpxtpx:hr>
          </gpxtpx:TrackPointExtension>
        </extensions>
      </trkpt>
      <trkpt lat="34.22006677443186" lon="108.83075226140173">
        <ele>404.1251146933064</ele>
        <time>2025-11-14T04:28:23.900000Z</time>
        <extensions>
          <gpxtpx:TrackPointExtension>
            <gpxtpx:hr>105</gpxtpx:hr>
          </gpxtpx:TrackPointExtension>
        </extensions>
      </trkpt>
      <trkpt lat="34.22006366920227" lon="108.83076735351658">
        <ele>404.1263797376305</ele>
        <time>2025-11-14T04:28:24.900000Z</time>
        <extensions>
          <gpxtpx:TrackPointExtension>
            <gpxtpx:hr>105</gpxtpx:hr>
          </gpxtpx:TrackPointExtension>
        </extensions>
      </trkpt>
      <trkpt lat="34.220058205323014" lon="108.83078209595791">
        <ele>404.12786447256804</ele>
        <time>2025-11-14T04:28:25.900000Z</time>
        <extensions>
          <gpxtpx:TrackPointExtension>
            <gpxtpx:hr>105</gpxtpx:hr>
          </gpxtpx:TrackPointExtension>
        </extensions>
      </trkpt>
      <trkpt lat="34.22005041682832" lon="108.83079466060411">
        <ele>404.12830964662135</ele>
        <time>2025-11-14T04:28:26.900000Z</time>
        <extensions>
          <gpxtpx:TrackPointExtension>
            <gpxtpx:hr>106</gpxtpx:hr>
          </gpxtpx:TrackPointExtension>
        </extensions>
      </trkpt>
      <trkpt lat="34.220042393144674" lon="108.83080440099137">
        <ele>404.1471847202629</ele>
        <time>2025-11-14T04:28:27.900000Z</time>
        <extensions>
          <gpxtpx:TrackPointExtension>
            <gpxtpx:hr>106</gpxtpx:hr>
          </gpxtpx:TrackPointExtension>
        </extensions>
      </trkpt>
      <trkpt lat="34.22003276633356" lon="108.83081296223907">
        <ele>404.1738936351612</ele>
        <time>2025-11-14T04:28:28.900000Z</time>
        <extensions>
          <gpxtpx:TrackPointExtension>
            <gpxtpx:hr>106</gpxtpx:hr>
          </gpxtpx:TrackPointExtension>
        </extensions>
      </trkpt>
      <trkpt lat="34.22002246484736" lon="108.83082076102858">
        <ele>404.1875948011875</ele>
        <time>2025-11-14T04:28:29.900000Z</time>
        <extensions>
          <gpxtpx:TrackPointExtension>
            <gpxtpx:hr>110</gpxtpx:hr>
          </gpxtpx:TrackPointExtension>
        </extensions>
      </trkpt>
      <trkpt lat="34.220012155331176" lon="108.83082814739828">
        <ele>404.1832809429616</ele>
        <time>2025-11-14T04:28:30.900000Z</time>
        <extensions>
          <gpxtpx:TrackPointExtension>
            <gpxtpx:hr>110</gpxtpx:hr>
          </gpxtpx:TrackPointExtension>
        </extensions>
      </trkpt>
      <trkpt lat="34.22000171373684" lon="108.8308355408169">
        <ele>404.1865541199222</ele>
        <time>2025-11-14T04:28:31.900000Z</time>
        <extensions>
          <gpxtpx:TrackPointExtension>
            <gpxtpx:hr>110</gpxtpx:hr>
          </gpxtpx:TrackPointExtension>
        </extensions>
      </trkpt>
      <trkpt lat="34.2199909632688" lon="108.8308423256781">
        <ele>404.1964237196371</ele>
        <time>2025-11-14T04:28:32.900000Z</time>
        <extensions>
          <gpxtpx:TrackPointExtension>
            <gpxtpx:hr>110</gpxtpx:hr>
          </gpxtpx:TrackPointExtension>
        </extensions>
      </trkpt>
      <trkpt lat="34.21997998011633" lon="108.83084858324376">
        <ele>404.2119561182335</ele>
        <time>2025-11-14T04:28:33.900000Z</time>
        <extensions>
          <gpxtpx:TrackPointExtension>
            <gpxtpx:hr>110</gpxtpx:hr>
          </gpxtpx:TrackPointExtension>
        </extensions>
      </trkpt>
      <trkpt lat="34.219968691574095" lon="108.83085409196099">
        <ele>404.22047288622707</ele>
        <time>2025-11-14T04:28:34.900000Z</time>
        <extensions>
          <gpxtpx:TrackPointExtension>
            <gpxtpx:hr>110</gpxtpx:hr>
          </gpxtpx:TrackPointExtension>
        </extensions>
      </trkpt>
      <trkpt lat="34.21995738702605" lon="108.83085961687077">
        <ele>404.22327800747007</ele>
        <time>2025-11-14T04:28:35.900000Z</time>
        <extensions>
          <gpxtpx:TrackPointExtension>
            <gpxtpx:hr>110</gpxtpx:hr>
          </gpxtpx:TrackPointExtension>
        </extensions>
      </trkpt>
      <trkpt lat="34.21994633030023" lon="108.83086553744754">
        <ele>404.22916717175394</ele>
        <time>2025-11-14T04:28:36.900000Z</time>
        <extensions>
          <gpxtpx:TrackPointExtension>
            <gpxtpx:hr>110</gpxtpx:hr>
          </gpxtpx:TrackPointExtension>
        </extensions>
      </trkpt>
      <trkpt lat="34.21993640398246" lon="108.83087131564731">
        <ele>404.2396211307496</ele>
        <time>2025-11-14T04:28:37.900000Z</time>
        <extensions>
          <gpxtpx:TrackPointExtension>
            <gpxtpx:hr>110</gpxtpx:hr>
          </gpxtpx:TrackPointExtension>
        </extensions>
      </trkpt>
      <trkpt lat="34.21992746877708" lon="108.83087731549928">
        <ele>404.2498966772109</ele>
        <time>2025-11-14T04:28:38.900000Z</time>
        <extensions>
          <gpxtpx:TrackPointExtension>
            <gpxtpx:hr>110</gpxtpx:hr>
          </gpxtpx:TrackPointExtension>
        </extensions>
      </trkpt>
      <trkpt lat="34.219918144283994" lon="108.83088414612466">
        <ele>404.25948429014534</ele>
        <time>2025-11-14T04:28:39.900000Z</time>
        <extensions>
          <gpxtpx:TrackPointExtension>
            <gpxtpx:hr>110</gpxtpx:hr>
          </gpxtpx:TrackPointExtension>
        </extensions>
      </trkpt>
      <trkpt lat="34.21990793245444" lon="108.83089151134934">
        <ele>404.27272275369614</ele>
        <time>2025-11-14T04:28:40.900000Z</time>
        <extensions>
          <gpxtpx:TrackPointExtension>
            <gpxtpx:hr>110</gpxtpx:hr>
          </gpxtpx:TrackPointExtension>
        </extensions>
      </trkpt>
      <trkpt lat="34.21989656211441" lon="108.83089826691814">
        <ele>404.28697841707617</ele>
        <time>2025-11-14T04:28:41.900000Z</time>
        <extensions>
          <gpxtpx:TrackPointExtension>
            <gpxtpx:hr>110</gpxtpx:hr>
          </gpxtpx:TrackPointExtension>
        </extensions>
      </trkpt>
      <trkpt lat="34.21988456964955" lon="108.83090367287409">
        <ele>404.3062245156616</ele>
        <time>2025-11-14T04:28:42.900000Z</time>
      </trkpt>
      <trkpt lat="34.21987314320578" lon="108.8309089666378">
        <ele>404.3347362941131</ele>
        <time>2025-11-14T04:28:43.900000Z</time>
      </trkpt>
      <trkpt lat="34.21986307234225" lon="108.8309154025985">
        <ele>404.3818085389212</ele>
        <time>2025-11-14T04:28:44.900000Z</time>
      </trkpt>
      <trkpt lat="34.21985349857377" lon="108.83092261258115">
        <ele>404.442439340055</ele>
        <time>2025-11-14T04:28:45.900000Z</time>
      </trkpt>
      <trkpt lat="34.219843212488556" lon="108.83092977635117">
        <ele>404.50083753000945</ele>
        <time>2025-11-14T04:28:46.900000Z</time>
      </trkpt>
      <trkpt lat="34.219832324735314" lon="108.83093631380189">
        <ele>404.5685081621632</ele>
        <time>2025-11-14T04:28:47.900000Z</time>
      </trkpt>
      <trkpt lat="34.21982128358794" lon="108.83094237259645">
        <ele>404.63640452641994</ele>
        <time>2025-11-14T04:28:48.900000Z</time>
      </trkpt>
      <trkpt lat="34.21981035388586" lon="108.83094865615377">
        <ele>404.7138448031619</ele>
        <time>2025-11-14T04:28:49.900000Z</time>
      </trkpt>
      <trkpt lat="34.219799486850185" lon="108.83095562210974">
        <ele>404.7967282049358</ele>
        <time>2025-11-14T04:28:50.900000Z</time>
        <extensions>
          <gpxtpx:TrackPointExtension>
            <gpxtpx:hr>110</gpxtpx:hr>
          </gpxtpx:TrackPointExtension>
        </extensions>
      </trkpt>
      <trkpt lat="34.21978855743778" lon="108.83096322800469">
        <ele>404.89161110762507</ele>
        <time>2025-11-14T04:28:51.900000Z</time>
        <extensions>
          <gpxtpx:TrackPointExtension>
            <gpxtpx:hr>110</gpxtpx:hr>
          </gpxtpx:TrackPointExtension>
        </extensions>
      </trkpt>
      <trkpt lat="34.219777544488984" lon="108.83097142319569">
        <ele>405.00868239533156</ele>
        <time>2025-11-14T04:28:52.900000Z</time>
        <extensions>
          <gpxtpx:TrackPointExtension>
            <gpxtpx:hr>110</gpxtpx:hr>
          </gpxtpx:TrackPointExtension>
        </extensions>
      </trkpt>
      <trkpt lat="34.21976662562002" lon="108.83097950270371">
        <ele>405.1308649433777</ele>
        <time>2025-11-14T04:28:53.900000Z</time>
        <extensions>
          <gpxtpx:TrackPointExtension>
            <gpxtpx:hr>110</gpxtpx:hr>
          </gpxtpx:TrackPointExtension>
        </extensions>
      </trkpt>
      <trkpt lat="34.219757416916714" lon="108.8309853811528">
        <ele>405.25264501199126</ele>
        <time>2025-11-14T04:28:54.900000Z</time>
        <extensions>
          <gpxtpx:TrackPointExtension>
            <gpxtpx:hr>110</gpxtpx:hr>
          </gpxtpx:TrackPointExtension>
        </extensions>
      </trkpt>
      <trkpt lat="34.21975107263383" lon="108.83098892812798">
        <ele>405.38244042545557</ele>
        <time>2025-11-14T04:28:55.900000Z</time>
        <extensions>
          <gpxtpx:TrackPointExtension>
            <gpxtpx:hr>110</gpxtpx:hr>
          </gpxtpx:TrackPointExtension>
        </extensions>
      </trkpt>
      <trkpt lat="34.21974670855719" lon="108.83099167017329">
        <ele>405.5115133160725</ele>
        <time>2025-11-14T04:28:56.900000Z</time>
        <extensions>
          <gpxtpx:TrackPointExtension>
            <gpxtpx:hr>110</gpxtpx:hr>
          </gpxtpx:TrackPointExtension>
        </extensions>
      </trkpt>
      <trkpt lat="34.2197437024195" lon="108.83099391098406">
        <ele>405.6405648011714</ele>
        <time>2025-11-14T04:28:57.900000Z</time>
        <extensions>
          <gpxtpx:TrackPointExtension>
            <gpxtpx:hr>110</gpxtpx:hr>
          </gpxtpx:TrackPointExtension>
        </extensions>
      </trkpt>
      <trkpt lat="34.219741243676474" lon="108.83099596813007">
        <ele>405.7634912012145</ele>
        <time>2025-11-14T04:28:58.900000Z</time>
        <extensions>
          <gpxtpx:TrackPointExtension>
            <gpxtpx:hr>110</gpxtpx:hr>
          </gpxtpx:TrackPointExtension>
        </extensions>
      </trkpt>
      <trkpt lat="34.21973766915319" lon="108.83099851941269">
        <ele>405.87957389838994</ele>
        <time>2025-11-14T04:28:59.900000Z</time>
        <extensions>
          <gpxtpx:TrackPointExtension>
            <gpxtpx:hr>110</gpxtpx:hr>
          </gpxtpx:TrackPointExtension>
        </extensions>
      </trkpt>
      <trkpt lat="34.21973182595767" lon="108.83100195052246">
        <ele>405.9944534441456</ele>
        <time>2025-11-14T04:29:00.900000Z</time>
        <extensions>
          <gpxtpx:TrackPointExtension>
            <gpxtpx:hr>110</gpxtpx:hr>
          </gpxtpx:TrackPointExtension>
        </extensions>
      </trkpt>
      <trkpt lat="34.219723771482855" lon="108.83100604591904">
        <ele>406.10992592945695</ele>
        <time>2025-11-14T04:29:01.900000Z</time>
        <extensions>
          <gpxtpx:TrackPointExtension>
            <gpxtpx:hr>110</gpxtpx:hr>
          </gpxtpx:TrackPointExtension>
        </extensions>
      </trkpt>
      <trkpt lat="34.21971414591164" lon="108.83101092646555">
        <ele>406.2215638095513</ele>
        <time>2025-11-14T04:29:02.900000Z</time>
        <extensions>
          <gpxtpx:TrackPointExtension>
            <gpxtpx:hr>110</gpxtpx:hr>
          </gpxtpx:TrackPointExtension>
        </extensions>
      </trkpt>
      <trkpt lat="34.21970363763578" lon="108.83101674722313">
        <ele>406.3279335582629</ele>
        <time>2025-11-14T04:29:03.900000Z</time>
        <extensions>
          <gpxtpx:TrackPointExtension>
            <gpxtpx:hr>99</gpxtpx:hr>
          </gpxtpx:TrackPointExtension>
        </extensions>
      </trkpt>
      <trkpt lat="34.2196929025848" lon="108.83102271289174">
        <ele>406.4213961204514</ele>
        <time>2025-11-14T04:29:04.900000Z</time>
        <extensions>
          <gpxtpx:TrackPointExtension>
            <gpxtpx:hr>99</gpxtpx:hr>
          </gpxtpx:TrackPointExtension>
        </extensions>
      </trkpt>
      <trkpt lat="34.21968211675635" lon="108.83102820366078">
        <ele>406.5011655315757</ele>
        <time>2025-11-14T04:29:05.900000Z</time>
        <extensions>
          <gpxtpx:TrackPointExtension>
            <gpxtpx:hr>99</gpxtpx:hr>
          </gpxtpx:TrackPointExtension>
        </extensions>
      </trkpt>
      <trkpt lat="34.219671116019164" lon="108.83103303998146">
        <ele>406.56471727322787</ele>
        <time>2025-11-14T04:29:06.900000Z</time>
        <extensions>
          <gpxtpx:TrackPointExtension>
            <gpxtpx:hr>99</gpxtpx:hr>
          </gpxtpx:TrackPointExtension>
        </extensions>
      </trkpt>
      <trkpt lat="34.21965991204636" lon="108.8310370960534">
        <ele>406.61208499316126</ele>
        <time>2025-11-14T04:29:07.900000Z</time>
        <extensions>
          <gpxtpx:TrackPointExtension>
            <gpxtpx:hr>98</gpxtpx:hr>
          </gpxtpx:TrackPointExtension>
        </extensions>
      </trkpt>
      <trkpt lat="34.21964860477898" lon="108.8310402691384">
        <ele>406.6506180688739</ele>
        <time>2025-11-14T04:29:08.900000Z</time>
        <extensions>
          <gpxtpx:TrackPointExtension>
            <gpxtpx:hr>98</gpxtpx:hr>
          </gpxtpx:TrackPointExtension>
        </extensions>
      </trkpt>
      <trkpt lat="34.21963711536196" lon="108.83104250100837">
        <ele>406.67805507965386</ele>
        <time>2025-11-14T04:29:09.900000Z</time>
        <extensions>
          <gpxtpx:TrackPointExtension>
            <gpxtpx:hr>98</gpxtpx:hr>
          </gpxtpx:TrackPointExtension>
        </extensions>
      </trkpt>
      <trkpt lat="34.219625530327605" lon="108.83104411044897">
        <ele>406.6946468446404</ele>
        <time>2025-11-14T04:29:10.900000Z</time>
        <extensions>
          <gpxtpx:TrackPointExtension>
            <gpxtpx:hr>98</gpxtpx:hr>
          </gpxtpx:TrackPointExtension>
        </extensions>
      </trkpt>
      <trkpt lat="34.21961407082878" lon="108.83104515142219">
        <ele>406.6956678824499</ele>
        <time>2025-11-14T04:29:11.900000Z</time>
        <extensions>
          <gpxtpx:TrackPointExtension>
            <gpxtpx:hr>98</gpxtpx:hr>
          </gpxtpx:TrackPointExtension>
        </extensions>
      </trkpt>
      <trkpt lat="34.21960278851905" lon="108.83104500176943">
        <ele>406.68959561455995</ele>
        <time>2025-11-14T04:29:12.900000Z</time>
        <extensions>
          <gpxtpx:TrackPointExtension>
            <gpxtpx:hr>98</gpxtpx:hr>
          </gpxtpx:TrackPointExtension>
        </extensions>
      </trkpt>
      <trkpt lat="34.219591688725714" lon="108.8310434825461">
        <ele>406.66891286335886</ele>
        <time>2025-11-14T04:29:13.900000Z</time>
        <extensions>
          <gpxtpx:TrackPointExtension>
            <gpxtpx:hr>98</gpxtpx:hr>
          </gpxtpx:TrackPointExtension>
        </extensions>
      </trkpt>
      <trkpt lat="34.21958052031536" lon="108.83104153989855">
        <ele>406.64120243117213</ele>
        <time>2025-11-14T04:29:14.900000Z</time>
        <extensions>
          <gpxtpx:TrackPointExtension>
            <gpxtpx:hr>98</gpxtpx:hr>
          </gpxtpx:TrackPointExtension>
        </extensions>
      </trkpt>
      <trkpt lat="34.21956925391989" lon="108.83104067089008">
        <ele>406.595516692847</ele>
        <time>2025-11-14T04:29:15.900000Z</time>
        <extensions>
          <gpxtpx:TrackPointExtension>
            <gpxtpx:hr>99</gpxtpx:hr>
          </gpxtpx:TrackPointExtension>
        </extensions>
      </trkpt>
      <trkpt lat="34.21955815246049" lon="108.83104147882183">
        <ele>406.53856658097357</ele>
        <time>2025-11-14T04:29:16.900000Z</time>
        <extensions>
          <gpxtpx:TrackPointExtension>
            <gpxtpx:hr>99</gpxtpx:hr>
          </gpxtpx:TrackPointExtension>
        </extensions>
      </trkpt>
      <trkpt lat="34.21954713412172" lon="108.83104344747733">
        <ele>406.47447047382593</ele>
        <time>2025-11-14T04:29:17.900000Z</time>
        <extensions>
          <gpxtpx:TrackPointExtension>
            <gpxtpx:hr>99</gpxtpx:hr>
          </gpxtpx:TrackPointExtension>
        </extensions>
      </trkpt>
      <trkpt lat="34.21953674126096" lon="108.83104582165487">
        <ele>406.3979313215241</ele>
        <time>2025-11-14T04:29:18.900000Z</time>
        <extensions>
          <gpxtpx:TrackPointExtension>
            <gpxtpx:hr>99</gpxtpx:hr>
          </gpxtpx:TrackPointExtension>
        </extensions>
      </trkpt>
      <trkpt lat="34.21952662816907" lon="108.83104840270487">
        <ele>406.31619414687157</ele>
        <time>2025-11-14T04:29:19.900000Z</time>
        <extensions>
          <gpxtpx:TrackPointExtension>
            <gpxtpx:hr>99</gpxtpx:hr>
          </gpxtpx:TrackPointExtension>
        </extensions>
      </trkpt>
      <trkpt lat="34.21951606654451" lon="108.8310511450217">
        <ele>406.2312089493498</ele>
        <time>2025-11-14T04:29:20.900000Z</time>
        <extensions>
          <gpxtpx:TrackPointExtension>
            <gpxtpx:hr>99</gpxtpx:hr>
          </gpxtpx:TrackPointExtension>
        </extensions>
      </trkpt>
      <trkpt lat="34.2195049128164" lon="108.83105407767414">
        <ele>406.1497667580843</ele>
        <time>2025-11-14T04:29:21.900000Z</time>
        <extensions>
          <gpxtpx:TrackPointExtension>
            <gpxtpx:hr>99</gpxtpx:hr>
          </gpxtpx:TrackPointExtension>
        </extensions>
      </trkpt>
      <trkpt lat="34.219493375730835" lon="108.83105731343429">
        <ele>406.0642864629626</ele>
        <time>2025-11-14T04:29:22.900000Z</time>
        <extensions>
          <gpxtpx:TrackPointExtension>
            <gpxtpx:hr>100</gpxtpx:hr>
          </gpxtpx:TrackPointExtension>
        </extensions>
      </trkpt>
      <trkpt lat="34.21948158496525" lon="108.83106086415731">
        <ele>405.96776548493654</ele>
        <time>2025-11-14T04:29:23.900000Z</time>
        <extensions>
          <gpxtpx:TrackPointExtension>
            <gpxtpx:hr>100</gpxtpx:hr>
          </gpxtpx:TrackPointExtension>
        </extensions>
      </trkpt>
      <trkpt lat="34.219469707134756" lon="108.83106446935307">
        <ele>405.8690882474184</ele>
        <time>2025-11-14T04:29:24.900000Z</time>
        <extensions>
          <gpxtpx:TrackPointExtension>
            <gpxtpx:hr>100</gpxtpx:hr>
          </gpxtpx:TrackPointExtension>
        </extensions>
      </trkpt>
      <trkpt lat="34.219458010875165" lon="108.83106765617437">
        <ele>405.77120056934655</ele>
        <time>2025-11-14T04:29:25.900000Z</time>
        <extensions>
          <gpxtpx:TrackPointExtension>
            <gpxtpx:hr>100</gpxtpx:hr>
          </gpxtpx:TrackPointExtension>
        </extensions>
      </trkpt>
      <trkpt lat="34.21944663311215" lon="108.8310701665923">
        <ele>405.66754562035203</ele>
        <time>2025-11-14T04:29:26.900000Z</time>
        <extensions>
          <gpxtpx:TrackPointExtension>
            <gpxtpx:hr>100</gpxtpx:hr>
          </gpxtpx:TrackPointExtension>
        </extensions>
      </trkpt>
      <trkpt lat="34.21943564249683" lon="108.83107182649923">
        <ele>405.56335957348347</ele>
        <time>2025-11-14T04:29:27.900000Z</time>
        <extensions>
          <gpxtpx:TrackPointExtension>
            <gpxtpx:hr>100</gpxtpx:hr>
          </gpxtpx:TrackPointExtension>
        </extensions>
      </trkpt>
      <trkpt lat="34.2194245667255" lon="108.8310728627231">
        <ele>405.45346807222813</ele>
        <time>2025-11-14T04:29:28.900000Z</time>
        <extensions>
          <gpxtpx:TrackPointExtension>
            <gpxtpx:hr>100</gpxtpx:hr>
          </gpxtpx:TrackPointExtension>
        </extensions>
      </trkpt>
      <trkpt lat="34.21941271439226" lon="108.83107379174223">
        <ele>405.3536971732974</ele>
        <time>2025-11-14T04:29:29.900000Z</time>
        <extensions>
          <gpxtpx:TrackPointExtension>
            <gpxtpx:hr>100</gpxtpx:hr>
          </gpxtpx:TrackPointExtension>
        </extensions>
      </trkpt>
      <trkpt lat="34.21940135573943" lon="108.83107510679686">
        <ele>405.26127533614635</ele>
        <time>2025-11-14T04:29:30.900000Z</time>
        <extensions>
          <gpxtpx:TrackPointExtension>
            <gpxtpx:hr>100</gpxtpx:hr>
          </gpxtpx:TrackPointExtension>
        </extensions>
      </trkpt>
      <trkpt lat="34.219390917425386" lon="108.83107670634637">
        <ele>405.1723602851853</ele>
        <time>2025-11-14T04:29:31.900000Z</time>
        <extensions>
          <gpxtpx:TrackPointExtension>
            <gpxtpx:hr>100</gpxtpx:hr>
          </gpxtpx:TrackPointExtension>
        </extensions>
      </trkpt>
      <trkpt lat="34.21938002804323" lon="108.83107831380897">
        <ele>405.0720050698146</ele>
        <time>2025-11-14T04:29:32.900000Z</time>
        <extensions>
          <gpxtpx:TrackPointExtension>
            <gpxtpx:hr>100</gpxtpx:hr>
          </gpxtpx:TrackPointExtension>
        </extensions>
      </trkpt>
      <trkpt lat="34.21936876820214" lon="108.83107997179995">
        <ele>404.97341121174395</ele>
        <time>2025-11-14T04:29:33.900000Z</time>
        <extensions>
          <gpxtpx:TrackPointExtension>
            <gpxtpx:hr>100</gpxtpx:hr>
          </gpxtpx:TrackPointExtension>
        </extensions>
      </trkpt>
      <trkpt lat="34.219357916117104" lon="108.83108188136391">
        <ele>404.8610541271046</ele>
        <time>2025-11-14T04:29:34.900000Z</time>
        <extensions>
          <gpxtpx:TrackPointExtension>
            <gpxtpx:hr>100</gpxtpx:hr>
          </gpxtpx:TrackPointExtension>
        </extensions>
      </trkpt>
      <trkpt lat="34.219347783259956" lon="108.8310842328193">
        <ele>404.7589128278196</ele>
        <time>2025-11-14T04:29:35.900000Z</time>
        <extensions>
          <gpxtpx:TrackPointExtension>
            <gpxtpx:hr>100</gpxtpx:hr>
          </gpxtpx:TrackPointExtension>
        </extensions>
      </trkpt>
      <trkpt lat="34.219337877875795" lon="108.83108748346557">
        <ele>404.65258573833853</ele>
        <time>2025-11-14T04:29:36.900000Z</time>
        <extensions>
          <gpxtpx:TrackPointExtension>
            <gpxtpx:hr>100</gpxtpx:hr>
          </gpxtpx:TrackPointExtension>
        </extensions>
      </trkpt>
      <trkpt lat="34.21932757533578" lon="108.8310919680279">
        <ele>404.54895941726863</ele>
        <time>2025-11-14T04:29:37.900000Z</time>
        <extensions>
          <gpxtpx:TrackPointExtension>
            <gpxtpx:hr>100</gpxtpx:hr>
          </gpxtpx:TrackPointExtension>
        </extensions>
      </trkpt>
      <trkpt lat="34.21931646429244" lon="108.831097534827">
        <ele>404.45730052050203</ele>
        <time>2025-11-14T04:29:38.900000Z</time>
        <extensions>
          <gpxtpx:TrackPointExtension>
            <gpxtpx:hr>100</gpxtpx:hr>
          </gpxtpx:TrackPointExtension>
        </extensions>
      </trkpt>
      <trkpt lat="34.21930464100685" lon="108.83110378819711">
        <ele>404.37187525536865</ele>
        <time>2025-11-14T04:29:39.900000Z</time>
        <extensions>
          <gpxtpx:TrackPointExtension>
            <gpxtpx:hr>100</gpxtpx:hr>
          </gpxtpx:TrackPointExtension>
        </extensions>
      </trkpt>
      <trkpt lat="34.219292427520166" lon="108.8311099742529">
        <ele>404.29074709676206</ele>
        <time>2025-11-14T04:29:40.900000Z</time>
        <extensions>
          <gpxtpx:TrackPointExtension>
            <gpxtpx:hr>100</gpxtpx:hr>
          </gpxtpx:TrackPointExtension>
        </extensions>
      </trkpt>
      <trkpt lat="34.21928001874009" lon="108.83111611397814">
        <ele>404.2099872333929</ele>
        <time>2025-11-14T04:29:41.900000Z</time>
        <extensions>
          <gpxtpx:TrackPointExtension>
            <gpxtpx:hr>100</gpxtpx:hr>
          </gpxtpx:TrackPointExtension>
        </extensions>
      </trkpt>
      <trkpt lat="34.219267608605364" lon="108.83112274308031">
        <ele>404.1304677622393</ele>
        <time>2025-11-14T04:29:42.900000Z</time>
        <extensions>
          <gpxtpx:TrackPointExtension>
            <gpxtpx:hr>100</gpxtpx:hr>
          </gpxtpx:TrackPointExtension>
        </extensions>
      </trkpt>
      <trkpt lat="34.21925523513554" lon="108.83113028397486">
        <ele>404.047377159819</ele>
        <time>2025-11-14T04:29:43.900000Z</time>
        <extensions>
          <gpxtpx:TrackPointExtension>
            <gpxtpx:hr>100</gpxtpx:hr>
          </gpxtpx:TrackPointExtension>
        </extensions>
      </trkpt>
      <trkpt lat="34.219242886692285" lon="108.83113869195925">
        <ele>403.98326518479735</ele>
        <time>2025-11-14T04:29:44.900000Z</time>
        <extensions>
          <gpxtpx:TrackPointExtension>
            <gpxtpx:hr>101</gpxtpx:hr>
          </gpxtpx:TrackPointExtension>
        </extensions>
      </trkpt>
      <trkpt lat="34.21923083139704" lon="108.83114717883704">
        <ele>403.91389026585966</ele>
        <time>2025-11-14T04:29:45.900000Z</time>
        <extensions>
          <gpxtpx:TrackPointExtension>
            <gpxtpx:hr>101</gpxtpx:hr>
          </gpxtpx:TrackPointExtension>
        </extensions>
      </trkpt>
      <trkpt lat="34.2192190292322" lon="108.83115532349919">
        <ele>403.85420691780746</ele>
        <time>2025-11-14T04:29:46.900000Z</time>
        <extensions>
          <gpxtpx:TrackPointExtension>
            <gpxtpx:hr>101</gpxtpx:hr>
          </gpxtpx:TrackPointExtension>
        </extensions>
      </trkpt>
      <trkpt lat="34.21920733285757" lon="108.83116322809626">
        <ele>403.80210430081934</ele>
        <time>2025-11-14T04:29:47.900000Z</time>
        <extensions>
          <gpxtpx:TrackPointExtension>
            <gpxtpx:hr>101</gpxtpx:hr>
          </gpxtpx:TrackPointExtension>
        </extensions>
      </trkpt>
      <trkpt lat="34.21919596645524" lon="108.83117055798482">
        <ele>403.7596965339035</ele>
        <time>2025-11-14T04:29:48.900000Z</time>
        <extensions>
          <gpxtpx:TrackPointExtension>
            <gpxtpx:hr>101</gpxtpx:hr>
          </gpxtpx:TrackPointExtension>
        </extensions>
      </trkpt>
      <trkpt lat="34.219184452395105" lon="108.83117745239169">
        <ele>403.703831798397</ele>
        <time>2025-11-14T04:29:49.900000Z</time>
        <extensions>
          <gpxtpx:TrackPointExtension>
            <gpxtpx:hr>101</gpxtpx:hr>
          </gpxtpx:TrackPointExtension>
        </extensions>
      </trkpt>
      <trkpt lat="34.21917269271749" lon="108.8311840252504">
        <ele>403.6473921732977</ele>
        <time>2025-11-14T04:29:50.900000Z</time>
        <extensions>
          <gpxtpx:TrackPointExtension>
            <gpxtpx:hr>101</gpxtpx:hr>
          </gpxtpx:TrackPointExtension>
        </extensions>
      </trkpt>
      <trkpt lat="34.219161386693415" lon="108.83118964905799">
        <ele>403.593467220664</ele>
        <time>2025-11-14T04:29:51.900000Z</time>
        <extensions>
          <gpxtpx:TrackPointExtension>
            <gpxtpx:hr>101</gpxtpx:hr>
          </gpxtpx:TrackPointExtension>
        </extensions>
      </trkpt>
      <trkpt lat="34.219150417656834" lon="108.8311945289408">
        <ele>403.55060267355293</ele>
        <time>2025-11-14T04:29:52.900000Z</time>
        <extensions>
          <gpxtpx:TrackPointExtension>
            <gpxtpx:hr>101</gpxtpx:hr>
          </gpxtpx:TrackPointExtension>
        </extensions>
      </trkpt>
      <trkpt lat="34.21913951785954" lon="108.83119895779635">
        <ele>403.50897965952754</ele>
        <time>2025-11-14T04:29:53.900000Z</time>
        <extensions>
          <gpxtpx:TrackPointExtension>
            <gpxtpx:hr>101</gpxtpx:hr>
          </gpxtpx:TrackPointExtension>
        </extensions>
      </trkpt>
      <trkpt lat="34.21912867286071" lon="108.83120308671066">
        <ele>403.4656029306352</ele>
        <time>2025-11-14T04:29:54.900000Z</time>
        <extensions>
          <gpxtpx:TrackPointExtension>
            <gpxtpx:hr>100</gpxtpx:hr>
          </gpxtpx:TrackPointExtension>
        </extensions>
      </trkpt>
      <trkpt lat="34.2191177312477" lon="108.83120776486395">
        <ele>403.4308657068759</ele>
        <time>2025-11-14T04:29:55.900000Z</time>
        <extensions>
          <gpxtpx:TrackPointExtension>
            <gpxtpx:hr>100</gpxtpx:hr>
          </gpxtpx:TrackPointExtension>
        </extensions>
      </trkpt>
      <trkpt lat="34.219107069507636" lon="108.83121308535641">
        <ele>403.38071447238326</ele>
        <time>2025-11-14T04:29:56.900000Z</time>
        <extensions>
          <gpxtpx:TrackPointExtension>
            <gpxtpx:hr>100</gpxtpx:hr>
          </gpxtpx:TrackPointExtension>
        </extensions>
      </trkpt>
      <trkpt lat="34.21909654087961" lon="108.83121939267974">
        <ele>403.3261169148609</ele>
        <time>2025-11-14T04:29:57.900000Z</time>
        <extensions>
          <gpxtpx:TrackPointExtension>
            <gpxtpx:hr>100</gpxtpx:hr>
          </gpxtpx:TrackPointExtension>
        </extensions>
      </trkpt>
      <trkpt lat="34.21908582850584" lon="108.83122669094344">
        <ele>403.2696129111573</ele>
        <time>2025-11-14T04:29:58.900000Z</time>
        <extensions>
          <gpxtpx:TrackPointExtension>
            <gpxtpx:hr>100</gpxtpx:hr>
          </gpxtpx:TrackPointExtension>
        </extensions>
      </trkpt>
      <trkpt lat="34.21907570669004" lon="108.831233404863">
        <ele>403.20477447938174</ele>
        <time>2025-11-14T04:29:59.900000Z</time>
        <extensions>
          <gpxtpx:TrackPointExtension>
            <gpxtpx:hr>100</gpxtpx:hr>
          </gpxtpx:TrackPointExtension>
        </extensions>
      </trkpt>
      <trkpt lat="34.219065876294685" lon="108.83123898651493">
        <ele>403.1339239263907</ele>
        <time>2025-11-14T04:30:00.900000Z</time>
        <extensions>
          <gpxtpx:TrackPointExtension>
            <gpxtpx:hr>100</gpxtpx:hr>
          </gpxtpx:TrackPointExtension>
        </extensions>
      </trkpt>
      <trkpt lat="34.2190548622433" lon="108.83124433344749">
        <ele>403.05794186424464</ele>
        <time>2025-11-14T04:30:01.900000Z</time>
        <extensions>
          <gpxtpx:TrackPointExtension>
            <gpxtpx:hr>100</gpxtpx:hr>
          </gpxtpx:TrackPointExtension>
        </extensions>
      </trkpt>
      <trkpt lat="34.219043461224054" lon="108.83124921786003">
        <ele>402.99227974470705</ele>
        <time>2025-11-14T04:30:02.900000Z</time>
        <extensions>
          <gpxtpx:TrackPointExtension>
            <gpxtpx:hr>100</gpxtpx:hr>
          </gpxtpx:TrackPointExtension>
        </extensions>
      </trkpt>
      <trkpt lat="34.21903169443685" lon="108.83125329087595">
        <ele>402.93747706804425</ele>
        <time>2025-11-14T04:30:03.900000Z</time>
        <extensions>
          <gpxtpx:TrackPointExtension>
            <gpxtpx:hr>100</gpxtpx:hr>
          </gpxtpx:TrackPointExtension>
        </extensions>
      </trkpt>
      <trkpt lat="34.21901939753955" lon="108.831256005723">
        <ele>402.8753423169255</ele>
        <time>2025-11-14T04:30:04.900000Z</time>
        <extensions>
          <gpxtpx:TrackPointExtension>
            <gpxtpx:hr>100</gpxtpx:hr>
          </gpxtpx:TrackPointExtension>
        </extensions>
      </trkpt>
      <trkpt lat="34.2190068646352" lon="108.8312580849669">
        <ele>402.8215381205082</ele>
        <time>2025-11-14T04:30:05.900000Z</time>
        <extensions>
          <gpxtpx:TrackPointExtension>
            <gpxtpx:hr>100</gpxtpx:hr>
          </gpxtpx:TrackPointExtension>
        </extensions>
      </trkpt>
      <trkpt lat="34.21899506647416" lon="108.83126026374178">
        <ele>402.76877293083817</ele>
        <time>2025-11-14T04:30:06.900000Z</time>
        <extensions>
          <gpxtpx:TrackPointExtension>
            <gpxtpx:hr>100</gpxtpx:hr>
          </gpxtpx:TrackPointExtension>
        </extensions>
      </trkpt>
      <trkpt lat="34.218983903373065" lon="108.83126269251558">
        <ele>402.7198633160442</ele>
        <time>2025-11-14T04:30:07.900000Z</time>
        <extensions>
          <gpxtpx:TrackPointExtension>
            <gpxtpx:hr>100</gpxtpx:hr>
          </gpxtpx:TrackPointExtension>
        </extensions>
      </trkpt>
      <trkpt lat="34.21897223286476" lon="108.83126544085997">
        <ele>402.66780225001276</ele>
        <time>2025-11-14T04:30:08.900000Z</time>
        <extensions>
          <gpxtpx:TrackPointExtension>
            <gpxtpx:hr>100</gpxtpx:hr>
          </gpxtpx:TrackPointExtension>
        </extensions>
      </trkpt>
      <trkpt lat="34.21896005562227" lon="108.8312689543112">
        <ele>402.6095176041126</ele>
        <time>2025-11-14T04:30:09.900000Z</time>
        <extensions>
          <gpxtpx:TrackPointExtension>
            <gpxtpx:hr>100</gpxtpx:hr>
          </gpxtpx:TrackPointExtension>
        </extensions>
      </trkpt>
      <trkpt lat="34.21894734248063" lon="108.83127382491217">
        <ele>402.5480585321784</ele>
        <time>2025-11-14T04:30:10.900000Z</time>
        <extensions>
          <gpxtpx:TrackPointExtension>
            <gpxtpx:hr>100</gpxtpx:hr>
          </gpxtpx:TrackPointExtension>
        </extensions>
      </trkpt>
      <trkpt lat="34.218934558711766" lon="108.83127937841601">
        <ele>402.4929233463481</ele>
        <time>2025-11-14T04:30:11.900000Z</time>
        <extensions>
          <gpxtpx:TrackPointExtension>
            <gpxtpx:hr>100</gpxtpx:hr>
          </gpxtpx:TrackPointExtension>
        </extensions>
      </trkpt>
      <trkpt lat="34.21892163347077" lon="108.83128508432125">
        <ele>402.43972794059664</ele>
        <time>2025-11-14T04:30:12.900000Z</time>
        <extensions>
          <gpxtpx:TrackPointExtension>
            <gpxtpx:hr>100</gpxtpx:hr>
          </gpxtpx:TrackPointExtension>
        </extensions>
      </trkpt>
      <trkpt lat="34.218909566544774" lon="108.83129058886253">
        <ele>402.3996627461165</ele>
        <time>2025-11-14T04:30:13.900000Z</time>
        <extensions>
          <gpxtpx:TrackPointExtension>
            <gpxtpx:hr>100</gpxtpx:hr>
          </gpxtpx:TrackPointExtension>
        </extensions>
      </trkpt>
      <trkpt lat="34.21889809562301" lon="108.83129644355196">
        <ele>402.3505823398009</ele>
        <time>2025-11-14T04:30:14.900000Z</time>
        <extensions>
          <gpxtpx:TrackPointExtension>
            <gpxtpx:hr>100</gpxtpx:hr>
          </gpxtpx:TrackPointExtension>
        </extensions>
      </trkpt>
      <trkpt lat="34.21888606222797" lon="108.83130325158666">
        <ele>402.30349774938077</ele>
        <time>2025-11-14T04:30:15.900000Z</time>
        <extensions>
          <gpxtpx:TrackPointExtension>
            <gpxtpx:hr>100</gpxtpx:hr>
          </gpxtpx:TrackPointExtension>
        </extensions>
      </trkpt>
      <trkpt lat="34.21887384468178" lon="108.8313103698767">
        <ele>402.2497863927856</ele>
        <time>2025-11-14T04:30:16.900000Z</time>
        <extensions>
          <gpxtpx:TrackPointExtension>
            <gpxtpx:hr>100</gpxtpx:hr>
          </gpxtpx:TrackPointExtension>
        </extensions>
      </trkpt>
      <trkpt lat="34.218861736965955" lon="108.83131741004264">
        <ele>402.1966476086527</ele>
        <time>2025-11-14T04:30:17.900000Z</time>
        <extensions>
          <gpxtpx:TrackPointExtension>
            <gpxtpx:hr>100</gpxtpx:hr>
          </gpxtpx:TrackPointExtension>
        </extensions>
      </trkpt>
      <trkpt lat="34.21884970104779" lon="108.8313247656749">
        <ele>402.1457692803815</ele>
        <time>2025-11-14T04:30:18.900000Z</time>
        <extensions>
          <gpxtpx:TrackPointExtension>
            <gpxtpx:hr>100</gpxtpx:hr>
          </gpxtpx:TrackPointExtension>
        </extensions>
      </trkpt>
      <trkpt lat="34.218837719163645" lon="108.83133280719719">
        <ele>402.0990612395108</ele>
        <time>2025-11-14T04:30:19.900000Z</time>
        <extensions>
          <gpxtpx:TrackPointExtension>
            <gpxtpx:hr>100</gpxtpx:hr>
          </gpxtpx:TrackPointExtension>
        </extensions>
      </trkpt>
      <trkpt lat="34.21882550421173" lon="108.83134140291006">
        <ele>402.07035901769996</ele>
        <time>2025-11-14T04:30:20.900000Z</time>
        <extensions>
          <gpxtpx:TrackPointExtension>
            <gpxtpx:hr>100</gpxtpx:hr>
          </gpxtpx:TrackPointExtension>
        </extensions>
      </trkpt>
      <trkpt lat="34.218812842830715" lon="108.83135025630445">
        <ele>402.046640294604</ele>
        <time>2025-11-14T04:30:21.900000Z</time>
        <extensions>
          <gpxtpx:TrackPointExtension>
            <gpxtpx:hr>100</gpxtpx:hr>
          </gpxtpx:TrackPointExtension>
        </extensions>
      </trkpt>
      <trkpt lat="34.21879965894192" lon="108.83135917157702">
        <ele>402.0386050064117</ele>
        <time>2025-11-14T04:30:22.900000Z</time>
        <extensions>
          <gpxtpx:TrackPointExtension>
            <gpxtpx:hr>100</gpxtpx:hr>
          </gpxtpx:TrackPointExtension>
        </extensions>
      </trkpt>
      <trkpt lat="34.21878605587518" lon="108.83136748475533">
        <ele>402.0519698355347</ele>
        <time>2025-11-14T04:30:23.900000Z</time>
        <extensions>
          <gpxtpx:TrackPointExtension>
            <gpxtpx:hr>100</gpxtpx:hr>
          </gpxtpx:TrackPointExtension>
        </extensions>
      </trkpt>
      <trkpt lat="34.21877206947531" lon="108.8313749360039">
        <ele>402.068758870475</ele>
        <time>2025-11-14T04:30:24.900000Z</time>
        <extensions>
          <gpxtpx:TrackPointExtension>
            <gpxtpx:hr>100</gpxtpx:hr>
          </gpxtpx:TrackPointExtension>
        </extensions>
      </trkpt>
      <trkpt lat="34.21875824030155" lon="108.83138164977608">
        <ele>402.07735214196146</ele>
        <time>2025-11-14T04:30:25.900000Z</time>
        <extensions>
          <gpxtpx:TrackPointExtension>
            <gpxtpx:hr>100</gpxtpx:hr>
          </gpxtpx:TrackPointExtension>
        </extensions>
      </trkpt>
      <trkpt lat="34.218744995590995" lon="108.8313885999466">
        <ele>402.09702227730304</ele>
        <time>2025-11-14T04:30:26.900000Z</time>
        <extensions>
          <gpxtpx:TrackPointExtension>
            <gpxtpx:hr>100</gpxtpx:hr>
          </gpxtpx:TrackPointExtension>
        </extensions>
      </trkpt>
      <trkpt lat="34.21873253756294" lon="108.83139670744436">
        <ele>402.13656324893236</ele>
        <time>2025-11-14T04:30:27.900000Z</time>
        <extensions>
          <gpxtpx:TrackPointExtension>
            <gpxtpx:hr>99</gpxtpx:hr>
          </gpxtpx:TrackPointExtension>
        </extensions>
      </trkpt>
      <trkpt lat="34.21872153831047" lon="108.83140551951566">
        <ele>402.1845459137112</ele>
        <time>2025-11-14T04:30:28.900000Z</time>
        <extensions>
          <gpxtpx:TrackPointExtension>
            <gpxtpx:hr>99</gpxtpx:hr>
          </gpxtpx:TrackPointExtension>
        </extensions>
      </trkpt>
      <trkpt lat="34.218712208159346" lon="108.83141520617446">
        <ele>402.22953767795116</ele>
        <time>2025-11-14T04:30:29.900000Z</time>
        <extensions>
          <gpxtpx:TrackPointExtension>
            <gpxtpx:hr>99</gpxtpx:hr>
          </gpxtpx:TrackPointExtension>
        </extensions>
      </trkpt>
      <trkpt lat="34.21870367148409" lon="108.83142603556935">
        <ele>402.28682708833367</ele>
        <time>2025-11-14T04:30:30.900000Z</time>
        <extensions>
          <gpxtpx:TrackPointExtension>
            <gpxtpx:hr>99</gpxtpx:hr>
          </gpxtpx:TrackPointExtension>
        </extensions>
      </trkpt>
      <trkpt lat="34.218695167648136" lon="108.83143769155778">
        <ele>402.3389070080593</ele>
        <time>2025-11-14T04:30:31.900000Z</time>
        <extensions>
          <gpxtpx:TrackPointExtension>
            <gpxtpx:hr>99</gpxtpx:hr>
          </gpxtpx:TrackPointExtension>
        </extensions>
      </trkpt>
      <trkpt lat="34.21868706234643" lon="108.83144957135967">
        <ele>402.39807569794357</ele>
        <time>2025-11-14T04:30:32.900000Z</time>
        <extensions>
          <gpxtpx:TrackPointExtension>
            <gpxtpx:hr>99</gpxtpx:hr>
          </gpxtpx:TrackPointExtension>
        </extensions>
      </trkpt>
      <trkpt lat="34.21868001199323" lon="108.83146114599762">
        <ele>402.45603787340224</ele>
        <time>2025-11-14T04:30:33.900000Z</time>
        <extensions>
          <gpxtpx:TrackPointExtension>
            <gpxtpx:hr>99</gpxtpx:hr>
          </gpxtpx:TrackPointExtension>
        </extensions>
      </trkpt>
      <trkpt lat="34.218674806460186" lon="108.83147206805262">
        <ele>402.51259703189135</ele>
        <time>2025-11-14T04:30:34.900000Z</time>
        <extensions>
          <gpxtpx:TrackPointExtension>
            <gpxtpx:hr>99</gpxtpx:hr>
          </gpxtpx:TrackPointExtension>
        </extensions>
      </trkpt>
      <trkpt lat="34.21867302328218" lon="108.83148169503072">
        <ele>402.58434489835054</ele>
        <time>2025-11-14T04:30:35.900000Z</time>
        <extensions>
          <gpxtpx:TrackPointExtension>
            <gpxtpx:hr>98</gpxtpx:hr>
          </gpxtpx:TrackPointExtension>
        </extensions>
      </trkpt>
      <trkpt lat="34.2186747380276" lon="108.83149001498032">
        <ele>402.6649467162788</ele>
        <time>2025-11-14T04:30:36.900000Z</time>
        <extensions>
          <gpxtpx:TrackPointExtension>
            <gpxtpx:hr>98</gpxtpx:hr>
          </gpxtpx:TrackPointExtension>
        </extensions>
      </trkpt>
      <trkpt lat="34.218678256363155" lon="108.83149842311856">
        <ele>402.7646619910374</ele>
        <time>2025-11-14T04:30:37.900000Z</time>
        <extensions>
          <gpxtpx:TrackPointExtension>
            <gpxtpx:hr>98</gpxtpx:hr>
          </gpxtpx:TrackPointExtension>
        </extensions>
      </trkpt>
      <trkpt lat="34.218682207037375" lon="108.83150784111002">
        <ele>402.85723690129817</ele>
        <time>2025-11-14T04:30:38.900000Z</time>
        <extensions>
          <gpxtpx:TrackPointExtension>
            <gpxtpx:hr>98</gpxtpx:hr>
          </gpxtpx:TrackPointExtension>
        </extensions>
      </trkpt>
      <trkpt lat="34.21868569781492" lon="108.83151839046509">
        <ele>402.93883083667606</ele>
        <time>2025-11-14T04:30:39.900000Z</time>
        <extensions>
          <gpxtpx:TrackPointExtension>
            <gpxtpx:hr>98</gpxtpx:hr>
          </gpxtpx:TrackPointExtension>
        </extensions>
      </trkpt>
      <trkpt lat="34.21868808909636" lon="108.8315297895196">
        <ele>403.0187570732087</ele>
        <time>2025-11-14T04:30:40.900000Z</time>
        <extensions>
          <gpxtpx:TrackPointExtension>
            <gpxtpx:hr>98</gpxtpx:hr>
          </gpxtpx:TrackPointExtension>
        </extensions>
      </trkpt>
      <trkpt lat="34.21868980940571" lon="108.83154220058668">
        <ele>403.1018535848707</ele>
        <time>2025-11-14T04:30:41.900000Z</time>
        <extensions>
          <gpxtpx:TrackPointExtension>
            <gpxtpx:hr>98</gpxtpx:hr>
          </gpxtpx:TrackPointExtension>
        </extensions>
      </trkpt>
      <trkpt lat="34.21869129054132" lon="108.8315559218147">
        <ele>403.1834866469726</ele>
        <time>2025-11-14T04:30:42.900000Z</time>
        <extensions>
          <gpxtpx:TrackPointExtension>
            <gpxtpx:hr>98</gpxtpx:hr>
          </gpxtpx:TrackPointExtension>
        </extensions>
      </trkpt>
      <trkpt lat="34.21869233556691" lon="108.83157037104073">
        <ele>403.2511553307995</ele>
        <time>2025-11-14T04:30:43.900000Z</time>
        <extensions>
          <gpxtpx:TrackPointExtension>
            <gpxtpx:hr>98</gpxtpx:hr>
          </gpxtpx:TrackPointExtension>
        </extensions>
      </trkpt>
      <trkpt lat="34.21869244935164" lon="108.831585085182">
        <ele>403.32084260322154</ele>
        <time>2025-11-14T04:30:44.900000Z</time>
        <extensions>
          <gpxtpx:TrackPointExtension>
            <gpxtpx:hr>98</gpxtpx:hr>
          </gpxtpx:TrackPointExtension>
        </extensions>
      </trkpt>
      <trkpt lat="34.218690497815054" lon="108.83159902724945">
        <ele>403.38951962441206</ele>
        <time>2025-11-14T04:30:45.900000Z</time>
        <extensions>
          <gpxtpx:TrackPointExtension>
            <gpxtpx:hr>98</gpxtpx:hr>
          </gpxtpx:TrackPointExtension>
        </extensions>
      </trkpt>
      <trkpt lat="34.218686200169394" lon="108.83161177231821">
        <ele>403.44988423772156</ele>
        <time>2025-11-14T04:30:46.900000Z</time>
        <extensions>
          <gpxtpx:TrackPointExtension>
            <gpxtpx:hr>98</gpxtpx:hr>
          </gpxtpx:TrackPointExtension>
        </extensions>
      </trkpt>
      <trkpt lat="34.218680469563466" lon="108.83162400241388">
        <ele>403.50661625061184</ele>
        <time>2025-11-14T04:30:47.900000Z</time>
        <extensions>
          <gpxtpx:TrackPointExtension>
            <gpxtpx:hr>98</gpxtpx:hr>
          </gpxtpx:TrackPointExtension>
        </extensions>
      </trkpt>
      <trkpt lat="34.21867415875654" lon="108.83163610052246">
        <ele>403.56270325835794</ele>
        <time>2025-11-14T04:30:48.900000Z</time>
        <extensions>
          <gpxtpx:TrackPointExtension>
            <gpxtpx:hr>98</gpxtpx:hr>
          </gpxtpx:TrackPointExtension>
        </extensions>
      </trkpt>
      <trkpt lat="34.218666965734336" lon="108.83164853905913">
        <ele>403.61558299232274</ele>
        <time>2025-11-14T04:30:49.900000Z</time>
        <extensions>
          <gpxtpx:TrackPointExtension>
            <gpxtpx:hr>98</gpxtpx:hr>
          </gpxtpx:TrackPointExtension>
        </extensions>
      </trkpt>
      <trkpt lat="34.21865772592275" lon="108.83166094168534">
        <ele>403.67303776554763</ele>
        <time>2025-11-14T04:30:50.900000Z</time>
        <extensions>
          <gpxtpx:TrackPointExtension>
            <gpxtpx:hr>98</gpxtpx:hr>
          </gpxtpx:TrackPointExtension>
        </extensions>
      </trkpt>
      <trkpt lat="34.2186462352455" lon="108.83167182565674">
        <ele>403.7198981763795</ele>
        <time>2025-11-14T04:30:51.900000Z</time>
        <extensions>
          <gpxtpx:TrackPointExtension>
            <gpxtpx:hr>98</gpxtpx:hr>
          </gpxtpx:TrackPointExtension>
        </extensions>
      </trkpt>
      <trkpt lat="34.21863384073362" lon="108.83168010846244">
        <ele>403.7630353169516</ele>
        <time>2025-11-14T04:30:52.900000Z</time>
        <extensions>
          <gpxtpx:TrackPointExtension>
            <gpxtpx:hr>98</gpxtpx:hr>
          </gpxtpx:TrackPointExtension>
        </extensions>
      </trkpt>
      <trkpt lat="34.21862120656049" lon="108.83168687917505">
        <ele>403.79954827949405</ele>
        <time>2025-11-14T04:30:53.900000Z</time>
        <extensions>
          <gpxtpx:TrackPointExtension>
            <gpxtpx:hr>98</gpxtpx:hr>
          </gpxtpx:TrackPointExtension>
        </extensions>
      </trkpt>
      <trkpt lat="34.21860808647807" lon="108.8316932679622">
        <ele>403.8421047544107</ele>
        <time>2025-11-14T04:30:54.900000Z</time>
        <extensions>
          <gpxtpx:TrackPointExtension>
            <gpxtpx:hr>98</gpxtpx:hr>
          </gpxtpx:TrackPointExtension>
        </extensions>
      </trkpt>
      <trkpt lat="34.218594586222046" lon="108.83169910417811">
        <ele>403.8820816613734</ele>
        <time>2025-11-14T04:30:55.900000Z</time>
        <extensions>
          <gpxtpx:TrackPointExtension>
            <gpxtpx:hr>97</gpxtpx:hr>
          </gpxtpx:TrackPointExtension>
        </extensions>
      </trkpt>
      <trkpt lat="34.21858075492737" lon="108.83170437477501">
        <ele>403.927976956591</ele>
        <time>2025-11-14T04:30:56.900000Z</time>
        <extensions>
          <gpxtpx:TrackPointExtension>
            <gpxtpx:hr>97</gpxtpx:hr>
          </gpxtpx:TrackPointExtension>
        </extensions>
      </trkpt>
      <trkpt lat="34.21856687825023" lon="108.83170957641643">
        <ele>403.97861050162464</ele>
        <time>2025-11-14T04:30:57.900000Z</time>
        <extensions>
          <gpxtpx:TrackPointExtension>
            <gpxtpx:hr>97</gpxtpx:hr>
          </gpxtpx:TrackPointExtension>
        </extensions>
      </trkpt>
      <trkpt lat="34.21855307678918" lon="108.83171516933">
        <ele>404.01856623310596</ele>
        <time>2025-11-14T04:30:58.900000Z</time>
        <extensions>
          <gpxtpx:TrackPointExtension>
            <gpxtpx:hr>97</gpxtpx:hr>
          </gpxtpx:TrackPointExtension>
        </extensions>
      </trkpt>
      <trkpt lat="34.218539623930496" lon="108.83172097854589">
        <ele>404.0785964243114</ele>
        <time>2025-11-14T04:30:59.900000Z</time>
        <extensions>
          <gpxtpx:TrackPointExtension>
            <gpxtpx:hr>98</gpxtpx:hr>
          </gpxtpx:TrackPointExtension>
        </extensions>
      </trkpt>
      <trkpt lat="34.21852659098387" lon="108.83172690956556">
        <ele>404.1350350752473</ele>
        <time>2025-11-14T04:31:00.900000Z</time>
        <extensions>
          <gpxtpx:TrackPointExtension>
            <gpxtpx:hr>98</gpxtpx:hr>
          </gpxtpx:TrackPointExtension>
        </extensions>
      </trkpt>
      <trkpt lat="34.218514094178474" lon="108.83173305984575">
        <ele>404.182106083259</ele>
        <time>2025-11-14T04:31:01.900000Z</time>
        <extensions>
          <gpxtpx:TrackPointExtension>
            <gpxtpx:hr>98</gpxtpx:hr>
          </gpxtpx:TrackPointExtension>
        </extensions>
      </trkpt>
      <trkpt lat="34.21850187489002" lon="108.83173917787376">
        <ele>404.2218153551221</ele>
        <time>2025-11-14T04:31:02.900000Z</time>
        <extensions>
          <gpxtpx:TrackPointExtension>
            <gpxtpx:hr>98</gpxtpx:hr>
          </gpxtpx:TrackPointExtension>
        </extensions>
      </trkpt>
      <trkpt lat="34.21848909381428" lon="108.83174536685286">
        <ele>404.2695923689753</ele>
        <time>2025-11-14T04:31:03.900000Z</time>
        <extensions>
          <gpxtpx:TrackPointExtension>
            <gpxtpx:hr>98</gpxtpx:hr>
          </gpxtpx:TrackPointExtension>
        </extensions>
      </trkpt>
      <trkpt lat="34.21847572614062" lon="108.83175167094049">
        <ele>404.3144324561581</ele>
        <time>2025-11-14T04:31:04.900000Z</time>
        <extensions>
          <gpxtpx:TrackPointExtension>
            <gpxtpx:hr>98</gpxtpx:hr>
          </gpxtpx:TrackPointExtension>
        </extensions>
      </trkpt>
      <trkpt lat="34.218462052737394" lon="108.83175765286929">
        <ele>404.3665464390069</ele>
        <time>2025-11-14T04:31:05.900000Z</time>
        <extensions>
          <gpxtpx:TrackPointExtension>
            <gpxtpx:hr>98</gpxtpx:hr>
          </gpxtpx:TrackPointExtension>
        </extensions>
      </trkpt>
      <trkpt lat="34.218448252886674" lon="108.83176305429382">
        <ele>404.4156520590186</ele>
        <time>2025-11-14T04:31:06.900000Z</time>
        <extensions>
          <gpxtpx:TrackPointExtension>
            <gpxtpx:hr>98</gpxtpx:hr>
          </gpxtpx:TrackPointExtension>
        </extensions>
      </trkpt>
      <trkpt lat="34.218434318150386" lon="108.8317678578758">
        <ele>404.4600653843954</ele>
        <time>2025-11-14T04:31:07.900000Z</time>
        <extensions>
          <gpxtpx:TrackPointExtension>
            <gpxtpx:hr>98</gpxtpx:hr>
          </gpxtpx:TrackPointExtension>
        </extensions>
      </trkpt>
      <trkpt lat="34.218420248838754" lon="108.83177272268536">
        <ele>404.4760864386335</ele>
        <time>2025-11-14T04:31:08.900000Z</time>
        <extensions>
          <gpxtpx:TrackPointExtension>
            <gpxtpx:hr>98</gpxtpx:hr>
          </gpxtpx:TrackPointExtension>
        </extensions>
      </trkpt>
      <trkpt lat="34.218406079701055" lon="108.83177840281115">
        <ele>404.47254936769605</ele>
        <time>2025-11-14T04:31:09.900000Z</time>
        <extensions>
          <gpxtpx:TrackPointExtension>
            <gpxtpx:hr>94</gpxtpx:hr>
          </gpxtpx:TrackPointExtension>
        </extensions>
      </trkpt>
      <trkpt lat="34.21839231992791" lon="108.83178430434475">
        <ele>404.46864968910813</ele>
        <time>2025-11-14T04:31:10.900000Z</time>
        <extensions>
          <gpxtpx:TrackPointExtension>
            <gpxtpx:hr>94</gpxtpx:hr>
          </gpxtpx:TrackPointExtension>
        </extensions>
      </trkpt>
      <trkpt lat="34.21837892236727" lon="108.83179009619718">
        <ele>404.4592638965696</ele>
        <time>2025-11-14T04:31:11.900000Z</time>
        <extensions>
          <gpxtpx:TrackPointExtension>
            <gpxtpx:hr>94</gpxtpx:hr>
          </gpxtpx:TrackPointExtension>
        </extensions>
      </trkpt>
      <trkpt lat="34.218365216344374" lon="108.83179623525093">
        <ele>404.4527664454654</ele>
        <time>2025-11-14T04:31:12.900000Z</time>
        <extensions>
          <gpxtpx:TrackPointExtension>
            <gpxtpx:hr>94</gpxtpx:hr>
          </gpxtpx:TrackPointExtension>
        </extensions>
      </trkpt>
      <trkpt lat="34.218351913196535" lon="108.83180243841605">
        <ele>404.44929861836135</ele>
        <time>2025-11-14T04:31:13.900000Z</time>
        <extensions>
          <gpxtpx:TrackPointExtension>
            <gpxtpx:hr>94</gpxtpx:hr>
          </gpxtpx:TrackPointExtension>
        </extensions>
      </trkpt>
      <trkpt lat="34.218339667523935" lon="108.83180865624084">
        <ele>404.4486176688224</ele>
        <time>2025-11-14T04:31:14.900000Z</time>
        <extensions>
          <gpxtpx:TrackPointExtension>
            <gpxtpx:hr>94</gpxtpx:hr>
          </gpxtpx:TrackPointExtension>
        </extensions>
      </trkpt>
      <trkpt lat="34.21832784591516" lon="108.8318147691706">
        <ele>404.44965028669685</ele>
        <time>2025-11-14T04:31:15.900000Z</time>
        <extensions>
          <gpxtpx:TrackPointExtension>
            <gpxtpx:hr>94</gpxtpx:hr>
          </gpxtpx:TrackPointExtension>
        </extensions>
      </trkpt>
      <trkpt lat="34.21831609192338" lon="108.83182034234935">
        <ele>404.4337037000805</ele>
        <time>2025-11-14T04:31:16.900000Z</time>
        <extensions>
          <gpxtpx:TrackPointExtension>
            <gpxtpx:hr>97</gpxtpx:hr>
          </gpxtpx:TrackPointExtension>
        </extensions>
      </trkpt>
      <trkpt lat="34.21830528927169" lon="108.83182528146779">
        <ele>404.4058682927862</ele>
        <time>2025-11-14T04:31:17.900000Z</time>
        <extensions>
          <gpxtpx:TrackPointExtension>
            <gpxtpx:hr>97</gpxtpx:hr>
          </gpxtpx:TrackPointExtension>
        </extensions>
      </trkpt>
      <trkpt lat="34.21829608023931" lon="108.83182972264147">
        <ele>404.3754957811907</ele>
        <time>2025-11-14T04:31:18.900000Z</time>
        <extensions>
          <gpxtpx:TrackPointExtension>
            <gpxtpx:hr>97</gpxtpx:hr>
          </gpxtpx:TrackPointExtension>
        </extensions>
      </trkpt>
      <trkpt lat="34.21828834026983" lon="108.83183417310823">
        <ele>404.3367065554485</ele>
        <time>2025-11-14T04:31:19.900000Z</time>
        <extensions>
          <gpxtpx:TrackPointExtension>
            <gpxtpx:hr>97</gpxtpx:hr>
          </gpxtpx:TrackPointExtension>
        </extensions>
      </trkpt>
      <trkpt lat="34.218280907720725" lon="108.83183906008247">
        <ele>404.2937932079658</ele>
        <time>2025-11-14T04:31:20.900000Z</time>
        <extensions>
          <gpxtpx:TrackPointExtension>
            <gpxtpx:hr>97</gpxtpx:hr>
          </gpxtpx:TrackPointExtension>
        </extensions>
      </trkpt>
      <trkpt lat="34.218272390968544" lon="108.83184403890758">
        <ele>404.2513576336205</ele>
        <time>2025-11-14T04:31:21.900000Z</time>
        <extensions>
          <gpxtpx:TrackPointExtension>
            <gpxtpx:hr>97</gpxtpx:hr>
          </gpxtpx:TrackPointExtension>
        </extensions>
      </trkpt>
      <trkpt lat="34.218262507417826" lon="108.83184944838604">
        <ele>404.2340256180614</ele>
        <time>2025-11-14T04:31:22.900000Z</time>
        <extensions>
          <gpxtpx:TrackPointExtension>
            <gpxtpx:hr>97</gpxtpx:hr>
          </gpxtpx:TrackPointExtension>
        </extensions>
      </trkpt>
      <trkpt lat="34.21825196469322" lon="108.8318563240773">
        <ele>404.2315770210698</ele>
        <time>2025-11-14T04:31:23.900000Z</time>
        <extensions>
          <gpxtpx:TrackPointExtension>
            <gpxtpx:hr>100</gpxtpx:hr>
          </gpxtpx:TrackPointExtension>
        </extensions>
      </trkpt>
      <trkpt lat="34.21824259109271" lon="108.83186531425537">
        <ele>404.2297873608768</ele>
        <time>2025-11-14T04:31:24.900000Z</time>
        <extensions>
          <gpxtpx:TrackPointExtension>
            <gpxtpx:hr>100</gpxtpx:hr>
          </gpxtpx:TrackPointExtension>
        </extensions>
      </trkpt>
      <trkpt lat="34.21823661171866" lon="108.83187584140735">
        <ele>404.2295118542388</ele>
        <time>2025-11-14T04:31:25.900000Z</time>
        <extensions>
          <gpxtpx:TrackPointExtension>
            <gpxtpx:hr>100</gpxtpx:hr>
          </gpxtpx:TrackPointExtension>
        </extensions>
      </trkpt>
      <trkpt lat="34.21823428272976" lon="108.83188670366395">
        <ele>404.2589687984437</ele>
        <time>2025-11-14T04:31:26.900000Z</time>
        <extensions>
          <gpxtpx:TrackPointExtension>
            <gpxtpx:hr>100</gpxtpx:hr>
          </gpxtpx:TrackPointExtension>
        </extensions>
      </trkpt>
      <trkpt lat="34.218234256496366" lon="108.83189757494723">
        <ele>404.30415837001055</ele>
        <time>2025-11-14T04:31:27.900000Z</time>
        <extensions>
          <gpxtpx:TrackPointExtension>
            <gpxtpx:hr>100</gpxtpx:hr>
          </gpxtpx:TrackPointExtension>
        </extensions>
      </trkpt>
      <trkpt lat="34.218235355404644" lon="108.8319089621697">
        <ele>404.3503629565239</ele>
        <time>2025-11-14T04:31:28.900000Z</time>
        <extensions>
          <gpxtpx:TrackPointExtension>
            <gpxtpx:hr>100</gpxtpx:hr>
          </gpxtpx:TrackPointExtension>
        </extensions>
      </trkpt>
      <trkpt lat="34.21823679505021" lon="108.83192077918119">
        <ele>404.4146251203492</ele>
        <time>2025-11-14T04:31:29.900000Z</time>
        <extensions>
          <gpxtpx:TrackPointExtension>
            <gpxtpx:hr>100</gpxtpx:hr>
          </gpxtpx:TrackPointExtension>
        </extensions>
      </trkpt>
      <trkpt lat="34.21823820585719" lon="108.83193219953654">
        <ele>404.4718716396019</ele>
        <time>2025-11-14T04:31:30.900000Z</time>
        <extensions>
          <gpxtpx:TrackPointExtension>
            <gpxtpx:hr>100</gpxtpx:hr>
          </gpxtpx:TrackPointExtension>
        </extensions>
      </trkpt>
      <trkpt lat="34.218239258344354" lon="108.83194304404299">
        <ele>404.53893936704844</ele>
        <time>2025-11-14T04:31:31.900000Z</time>
        <extensions>
          <gpxtpx:TrackPointExtension>
            <gpxtpx:hr>101</gpxtpx:hr>
          </gpxtpx:TrackPointExtension>
        </extensions>
      </trkpt>
      <trkpt lat="34.21823985542931" lon="108.83195366600992">
        <ele>404.60733416490257</ele>
        <time>2025-11-14T04:31:32.900000Z</time>
        <extensions>
          <gpxtpx:TrackPointExtension>
            <gpxtpx:hr>101</gpxtpx:hr>
          </gpxtpx:TrackPointExtension>
        </extensions>
      </trkpt>
      <trkpt lat="34.21824017188757" lon="108.83196390033437">
        <ele>404.6701673399657</ele>
        <time>2025-11-14T04:31:33.900000Z</time>
        <extensions>
          <gpxtpx:TrackPointExtension>
            <gpxtpx:hr>101</gpxtpx:hr>
          </gpxtpx:TrackPointExtension>
        </extensions>
      </trkpt>
      <trkpt lat="34.2182403788814" lon="108.83197335126529">
        <ele>404.7147339377552</ele>
        <time>2025-11-14T04:31:34.900000Z</time>
        <extensions>
          <gpxtpx:TrackPointExtension>
            <gpxtpx:hr>101</gpxtpx:hr>
          </gpxtpx:TrackPointExtension>
        </extensions>
      </trkpt>
      <trkpt lat="34.21824059919108" lon="108.83198091835652">
        <ele>404.74247469194233</ele>
        <time>2025-11-14T04:31:35.900000Z</time>
        <extensions>
          <gpxtpx:TrackPointExtension>
            <gpxtpx:hr>101</gpxtpx:hr>
          </gpxtpx:TrackPointExtension>
        </extensions>
      </trkpt>
      <trkpt lat="34.2182408485729" lon="108.8319857725986">
        <ele>404.7697867192328</ele>
        <time>2025-11-14T04:31:36.900000Z</time>
        <extensions>
          <gpxtpx:TrackPointExtension>
            <gpxtpx:hr>101</gpxtpx:hr>
          </gpxtpx:TrackPointExtension>
        </extensions>
      </trkpt>
      <trkpt lat="34.21824096237324" lon="108.8319889585646">
        <ele>404.7972793933004</ele>
        <time>2025-11-14T04:31:37.900000Z</time>
        <extensions>
          <gpxtpx:TrackPointExtension>
            <gpxtpx:hr>100</gpxtpx:hr>
          </gpxtpx:TrackPointExtension>
        </extensions>
      </trkpt>
      <trkpt lat="34.218240803848694" lon="108.83199210238783">
        <ele>404.8162797736004</ele>
        <time>2025-11-14T04:31:38.900000Z</time>
        <extensions>
          <gpxtpx:TrackPointExtension>
            <gpxtpx:hr>100</gpxtpx:hr>
          </gpxtpx:TrackPointExtension>
        </extensions>
      </trkpt>
      <trkpt lat="34.21824016325885" lon="108.83199663532878">
        <ele>404.8357022078708</ele>
        <time>2025-11-14T04:31:39.900000Z</time>
        <extensions>
          <gpxtpx:TrackPointExtension>
            <gpxtpx:hr>100</gpxtpx:hr>
          </gpxtpx:TrackPointExtension>
        </extensions>
      </trkpt>
      <trkpt lat="34.218238866299195" lon="108.83200314134763">
        <ele>404.84956696256995</ele>
        <time>2025-11-14T04:31:40.900000Z</time>
        <extensions>
          <gpxtpx:TrackPointExtension>
            <gpxtpx:hr>100</gpxtpx:hr>
          </gpxtpx:TrackPointExtension>
        </extensions>
      </trkpt>
      <trkpt lat="34.218237089057546" lon="108.83201067966624">
        <ele>404.8585003968328</ele>
        <time>2025-11-14T04:31:41.900000Z</time>
        <extensions>
          <gpxtpx:TrackPointExtension>
            <gpxtpx:hr>100</gpxtpx:hr>
          </gpxtpx:TrackPointExtension>
        </extensions>
      </trkpt>
      <trkpt lat="34.21823496931138" lon="108.83201799858075">
        <ele>404.86114553269</ele>
        <time>2025-11-14T04:31:42.900000Z</time>
        <extensions>
          <gpxtpx:TrackPointExtension>
            <gpxtpx:hr>97</gpxtpx:hr>
          </gpxtpx:TrackPointExtension>
        </extensions>
      </trkpt>
      <trkpt lat="34.21823248757145" lon="108.83202413057919">
        <ele>404.8471212023869</ele>
        <time>2025-11-14T04:31:43.900000Z</time>
        <extensions>
          <gpxtpx:TrackPointExtension>
            <gpxtpx:hr>97</gpxtpx:hr>
          </gpxtpx:TrackPointExtension>
        </extensions>
      </trkpt>
      <trkpt lat="34.218230020982354" lon="108.83202847080184">
        <ele>404.8264138298109</ele>
        <time>2025-11-14T04:31:44.900000Z</time>
        <extensions>
          <gpxtpx:TrackPointExtension>
            <gpxtpx:hr>97</gpxtpx:hr>
          </gpxtpx:TrackPointExtension>
        </extensions>
      </trkpt>
      <trkpt lat="34.21822785645541" lon="108.83203112056225">
        <ele>404.7844329625368</ele>
        <time>2025-11-14T04:31:45.900000Z</time>
        <extensions>
          <gpxtpx:TrackPointExtension>
            <gpxtpx:hr>97</gpxtpx:hr>
          </gpxtpx:TrackPointExtension>
        </extensions>
      </trkpt>
      <trkpt lat="34.218226243854005" lon="108.83203239406987">
        <ele>404.7353612734005</ele>
        <time>2025-11-14T04:31:46.900000Z</time>
        <extensions>
          <gpxtpx:TrackPointExtension>
            <gpxtpx:hr>97</gpxtpx:hr>
          </gpxtpx:TrackPointExtension>
        </extensions>
      </trkpt>
      <trkpt lat="34.21822506984765" lon="108.83203291386627">
        <ele>404.6636670054868</ele>
        <time>2025-11-14T04:31:47.900000Z</time>
        <extensions>
          <gpxtpx:TrackPointExtension>
            <gpxtpx:hr>97</gpxtpx:hr>
          </gpxtpx:TrackPointExtension>
        </extensions>
      </trkpt>
      <trkpt lat="34.21822394610046" lon="108.83203328502846">
        <ele>404.57860250677913</ele>
        <time>2025-11-14T04:31:48.900000Z</time>
        <extensions>
          <gpxtpx:TrackPointExtension>
            <gpxtpx:hr>97</gpxtpx:hr>
          </gpxtpx:TrackPointExtension>
        </extensions>
      </trkpt>
      <trkpt lat="34.218222621745994" lon="108.83203387503276">
        <ele>404.4872246570885</ele>
        <time>2025-11-14T04:31:49.900000Z</time>
        <extensions>
          <gpxtpx:TrackPointExtension>
            <gpxtpx:hr>97</gpxtpx:hr>
          </gpxtpx:TrackPointExtension>
        </extensions>
      </trkpt>
      <trkpt lat="34.21822117629064" lon="108.83203458264406">
        <ele>404.3958325525746</ele>
        <time>2025-11-14T04:31:50.900000Z</time>
        <extensions>
          <gpxtpx:TrackPointExtension>
            <gpxtpx:hr>97</gpxtpx:hr>
          </gpxtpx:TrackPointExtension>
        </extensions>
      </trkpt>
      <trkpt lat="34.218219757738865" lon="108.83203514539035">
        <ele>404.29933969303966</ele>
        <time>2025-11-14T04:31:51.900000Z</time>
        <extensions>
          <gpxtpx:TrackPointExtension>
            <gpxtpx:hr>97</gpxtpx:hr>
          </gpxtpx:TrackPointExtension>
        </extensions>
      </trkpt>
      <trkpt lat="34.218218330827156" lon="108.83203551113313">
        <ele>404.1946881301701</ele>
        <time>2025-11-14T04:31:52.900000Z</time>
        <extensions>
          <gpxtpx:TrackPointExtension>
            <gpxtpx:hr>97</gpxtpx:hr>
          </gpxtpx:TrackPointExtension>
        </extensions>
      </trkpt>
      <trkpt lat="34.21821680881116" lon="108.8320358754072">
        <ele>404.0902029024437</ele>
        <time>2025-11-14T04:31:53.900000Z</time>
        <extensions>
          <gpxtpx:TrackPointExtension>
            <gpxtpx:hr>97</gpxtpx:hr>
          </gpxtpx:TrackPointExtension>
        </extensions>
      </trkpt>
      <trkpt lat="34.21821505848101" lon="108.83203650268706">
        <ele>403.9846200803295</ele>
        <time>2025-11-14T04:31:54.900000Z</time>
        <extensions>
          <gpxtpx:TrackPointExtension>
            <gpxtpx:hr>97</gpxtpx:hr>
          </gpxtpx:TrackPointExtension>
        </extensions>
      </trkpt>
      <trkpt lat="34.218211891027586" lon="108.83203816739157">
        <ele>403.87895200867206</ele>
        <time>2025-11-14T04:31:55.900000Z</time>
        <extensions>
          <gpxtpx:TrackPointExtension>
            <gpxtpx:hr>108</gpxtpx:hr>
          </gpxtpx:TrackPointExtension>
        </extensions>
      </trkpt>
      <trkpt lat="34.21820787118178" lon="108.83203991390036">
        <ele>403.7774124396965</ele>
        <time>2025-11-14T04:31:56.900000Z</time>
        <extensions>
          <gpxtpx:TrackPointExtension>
            <gpxtpx:hr>108</gpxtpx:hr>
          </gpxtpx:TrackPointExtension>
        </extensions>
      </trkpt>
      <trkpt lat="34.218205054751515" lon="108.83204030553385">
        <ele>403.6781477294862</ele>
        <time>2025-11-14T04:31:57.900000Z</time>
        <extensions>
          <gpxtpx:TrackPointExtension>
            <gpxtpx:hr>108</gpxtpx:hr>
          </gpxtpx:TrackPointExtension>
        </extensions>
      </trkpt>
      <trkpt lat="34.21820341626863" lon="108.83203984325033">
        <ele>403.58720678370446</ele>
        <time>2025-11-14T04:31:58.900000Z</time>
        <extensions>
          <gpxtpx:TrackPointExtension>
            <gpxtpx:hr>108</gpxtpx:hr>
          </gpxtpx:TrackPointExtension>
        </extensions>
      </trkpt>
      <trkpt lat="34.218202766070576" lon="108.8320388546818">
        <ele>403.5053232908249</ele>
        <time>2025-11-14T04:31:59.900000Z</time>
        <extensions>
          <gpxtpx:TrackPointExtension>
            <gpxtpx:hr>108</gpxtpx:hr>
          </gpxtpx:TrackPointExtension>
        </extensions>
      </trkpt>
      <trkpt lat="34.218203034700515" lon="108.83203753626526">
        <ele>403.4398131836206</ele>
        <time>2025-11-14T04:32:00.900000Z</time>
        <extensions>
          <gpxtpx:TrackPointExtension>
            <gpxtpx:hr>108</gpxtpx:hr>
          </gpxtpx:TrackPointExtension>
        </extensions>
      </trkpt>
      <trkpt lat="34.218203769971545" lon="108.83203613211003">
        <ele>403.380271804519</ele>
        <time>2025-11-14T04:32:01.900000Z</time>
        <extensions>
          <gpxtpx:TrackPointExtension>
            <gpxtpx:hr>108</gpxtpx:hr>
          </gpxtpx:TrackPointExtension>
        </extensions>
      </trkpt>
      <trkpt lat="34.21820477040638" lon="108.83203479937517">
        <ele>403.33640379365534</ele>
        <time>2025-11-14T04:32:02.900000Z</time>
        <extensions>
          <gpxtpx:TrackPointExtension>
            <gpxtpx:hr>105</gpxtpx:hr>
          </gpxtpx:TrackPointExtension>
        </extensions>
      </trkpt>
      <trkpt lat="34.21820594497857" lon="108.83203358928071">
        <ele>403.3092995798215</ele>
        <time>2025-11-14T04:32:03.900000Z</time>
        <extensions>
          <gpxtpx:TrackPointExtension>
            <gpxtpx:hr>105</gpxtpx:hr>
          </gpxtpx:TrackPointExtension>
        </extensions>
      </trkpt>
      <trkpt lat="34.218207157125725" lon="108.83203250312567">
        <ele>403.2982309553772</ele>
        <time>2025-11-14T04:32:04.900000Z</time>
        <extensions>
          <gpxtpx:TrackPointExtension>
            <gpxtpx:hr>105</gpxtpx:hr>
          </gpxtpx:TrackPointExtension>
        </extensions>
      </trkpt>
      <trkpt lat="34.21820817775928" lon="108.83203157826031">
        <ele>403.303637066856</ele>
        <time>2025-11-14T04:32:05.900000Z</time>
        <extensions>
          <gpxtpx:TrackPointExtension>
            <gpxtpx:hr>104</gpxtpx:hr>
          </gpxtpx:TrackPointExtension>
        </extensions>
      </trkpt>
      <trkpt lat="34.218208771327774" lon="108.83203086558593">
        <ele>403.3242026064545</ele>
        <time>2025-11-14T04:32:06.900000Z</time>
        <extensions>
          <gpxtpx:TrackPointExtension>
            <gpxtpx:hr>104</gpxtpx:hr>
          </gpxtpx:TrackPointExtension>
        </extensions>
      </trkpt>
      <trkpt lat="34.218209010054004" lon="108.83203035408035">
        <ele>403.3542006434873</ele>
        <time>2025-11-14T04:32:07.900000Z</time>
        <extensions>
          <gpxtpx:TrackPointExtension>
            <gpxtpx:hr>104</gpxtpx:hr>
          </gpxtpx:TrackPointExtension>
        </extensions>
      </trkpt>
      <trkpt lat="34.21820893167218" lon="108.83203001670836">
        <ele>403.39303609356284</ele>
        <time>2025-11-14T04:32:08.900000Z</time>
        <extensions>
          <gpxtpx:TrackPointExtension>
            <gpxtpx:hr>104</gpxtpx:hr>
          </gpxtpx:TrackPointExtension>
        </extensions>
      </trkpt>
      <trkpt lat="34.21820843806021" lon="108.83202984277231">
        <ele>403.4393761726096</ele>
        <time>2025-11-14T04:32:09.900000Z</time>
        <extensions>
          <gpxtpx:TrackPointExtension>
            <gpxtpx:hr>105</gpxtpx:hr>
          </gpxtpx:TrackPointExtension>
        </extensions>
      </trkpt>
      <trkpt lat="34.21820785744732" lon="108.83202974093142">
        <ele>403.4928227653727</ele>
        <time>2025-11-14T04:32:10.900000Z</time>
        <extensions>
          <gpxtpx:TrackPointExtension>
            <gpxtpx:hr>105</gpxtpx:hr>
          </gpxtpx:TrackPointExtension>
        </extensions>
      </trkpt>
      <trkpt lat="34.21820722607698" lon="108.83202960081786">
        <ele>403.54654446523637</ele>
        <time>2025-11-14T04:32:11.900000Z</time>
        <extensions>
          <gpxtpx:TrackPointExtension>
            <gpxtpx:hr>105</gpxtpx:hr>
          </gpxtpx:TrackPointExtension>
        </extensions>
      </trkpt>
      <trkpt lat="34.21820670924893" lon="108.83202950772184">
        <ele>403.61953124497086</ele>
        <time>2025-11-14T04:32:12.900000Z</time>
        <extensions>
          <gpxtpx:TrackPointExtension>
            <gpxtpx:hr>105</gpxtpx:hr>
          </gpxtpx:TrackPointExtension>
        </extensions>
      </trkpt>
      <trkpt lat="34.218205958770795" lon="108.83202940069802">
        <ele>403.67902982700616</ele>
        <time>2025-11-14T04:32:13.900000Z</time>
        <extensions>
          <gpxtpx:TrackPointExtension>
            <gpxtpx:hr>105</gpxtpx:hr>
          </gpxtpx:TrackPointExtension>
        </extensions>
      </trkpt>
      <trkpt lat="34.218205016153" lon="108.83202922127259">
        <ele>403.73327468149364</ele>
        <time>2025-11-14T04:32:14.900000Z</time>
        <extensions>
          <gpxtpx:TrackPointExtension>
            <gpxtpx:hr>100</gpxtpx:hr>
          </gpxtpx:TrackPointExtension>
        </extensions>
      </trkpt>
      <trkpt lat="34.21820378850334" lon="108.83202897573834">
        <ele>403.79508785530925</ele>
        <time>2025-11-14T04:32:15.900000Z</time>
        <extensions>
          <gpxtpx:TrackPointExtension>
            <gpxtpx:hr>100</gpxtpx:hr>
          </gpxtpx:TrackPointExtension>
        </extensions>
      </trkpt>
      <trkpt lat="34.218202238290424" lon="108.83202866836642">
        <ele>403.86383746098727</ele>
        <time>2025-11-14T04:32:16.900000Z</time>
        <extensions>
          <gpxtpx:TrackPointExtension>
            <gpxtpx:hr>100</gpxtpx:hr>
          </gpxtpx:TrackPointExtension>
        </extensions>
      </trkpt>
      <trkpt lat="34.218200302873505" lon="108.83202824275837">
        <ele>403.9561154525727</ele>
        <time>2025-11-14T04:32:17.900000Z</time>
        <extensions>
          <gpxtpx:TrackPointExtension>
            <gpxtpx:hr>100</gpxtpx:hr>
          </gpxtpx:TrackPointExtension>
        </extensions>
      </trkpt>
      <trkpt lat="34.21819788452919" lon="108.83202788056444">
        <ele>404.01090790331364</ele>
        <time>2025-11-14T04:32:18.900000Z</time>
        <extensions>
          <gpxtpx:TrackPointExtension>
            <gpxtpx:hr>100</gpxtpx:hr>
          </gpxtpx:TrackPointExtension>
        </extensions>
      </trkpt>
      <trkpt lat="34.21819517289394" lon="108.83202746362485">
        <ele>404.03997789882123</ele>
        <time>2025-11-14T04:32:19.900000Z</time>
        <extensions>
          <gpxtpx:TrackPointExtension>
            <gpxtpx:hr>100</gpxtpx:hr>
          </gpxtpx:TrackPointExtension>
        </extensions>
      </trkpt>
      <trkpt lat="34.218192358467604" lon="108.83202700631375">
        <ele>404.04589217621833</ele>
        <time>2025-11-14T04:32:20.900000Z</time>
        <extensions>
          <gpxtpx:TrackPointExtension>
            <gpxtpx:hr>99</gpxtpx:hr>
          </gpxtpx:TrackPointExtension>
        </extensions>
      </trkpt>
      <trkpt lat="34.218190469902225" lon="108.83202640813334">
        <ele>404.0635672612116</ele>
        <time>2025-11-14T04:32:21.900000Z</time>
        <extensions>
          <gpxtpx:TrackPointExtension>
            <gpxtpx:hr>99</gpxtpx:hr>
          </gpxtpx:TrackPointExtension>
        </extensions>
      </trkpt>
      <trkpt lat="34.21818642690907" lon="108.83202671664083">
        <ele>404.0988943343982</ele>
        <time>2025-11-14T04:32:22.900000Z</time>
        <extensions>
          <gpxtpx:TrackPointExtension>
            <gpxtpx:hr>99</gpxtpx:hr>
          </gpxtpx:TrackPointExtension>
        </extensions>
      </trkpt>
      <trkpt lat="34.21817820344044" lon="108.83202842360086">
        <ele>404.1217078277841</ele>
        <time>2025-11-14T04:32:23.900000Z</time>
        <extensions>
          <gpxtpx:TrackPointExtension>
            <gpxtpx:hr>99</gpxtpx:hr>
          </gpxtpx:TrackPointExtension>
        </extensions>
      </trkpt>
      <trkpt lat="34.21816862127353" lon="108.83202993708323">
        <ele>404.1219793567434</ele>
        <time>2025-11-14T04:32:24.900000Z</time>
        <extensions>
          <gpxtpx:TrackPointExtension>
            <gpxtpx:hr>99</gpxtpx:hr>
          </gpxtpx:TrackPointExtension>
        </extensions>
      </trkpt>
      <trkpt lat="34.218158538742465" lon="108.83203080379627">
        <ele>404.110582084395</ele>
        <time>2025-11-14T04:32:25.900000Z</time>
        <extensions>
          <gpxtpx:TrackPointExtension>
            <gpxtpx:hr>97</gpxtpx:hr>
          </gpxtpx:TrackPointExtension>
        </extensions>
      </trkpt>
      <trkpt lat="34.2181477651889" lon="108.83203201968603">
        <ele>404.07265292014927</ele>
        <time>2025-11-14T04:32:26.900000Z</time>
        <extensions>
          <gpxtpx:TrackPointExtension>
            <gpxtpx:hr>97</gpxtpx:hr>
          </gpxtpx:TrackPointExtension>
        </extensions>
      </trkpt>
      <trkpt lat="34.218136134455136" lon="108.83203397195928">
        <ele>404.03756361827254</ele>
        <time>2025-11-14T04:32:27.900000Z</time>
        <extensions>
          <gpxtpx:TrackPointExtension>
            <gpxtpx:hr>97</gpxtpx:hr>
          </gpxtpx:TrackPointExtension>
        </extensions>
      </trkpt>
      <trkpt lat="34.21812365132214" lon="108.83203748962545">
        <ele>404.0116191515699</ele>
        <time>2025-11-14T04:32:28.900000Z</time>
        <extensions>
          <gpxtpx:TrackPointExtension>
            <gpxtpx:hr>97</gpxtpx:hr>
          </gpxtpx:TrackPointExtension>
        </extensions>
      </trkpt>
      <trkpt lat="34.21811215571311" lon="108.83204217091043">
        <ele>403.9911838322878</ele>
        <time>2025-11-14T04:32:29.900000Z</time>
        <extensions>
          <gpxtpx:TrackPointExtension>
            <gpxtpx:hr>97</gpxtpx:hr>
          </gpxtpx:TrackPointExtension>
        </extensions>
      </trkpt>
      <trkpt lat="34.21810177983813" lon="108.83204695100167">
        <ele>403.95976288057864</ele>
        <time>2025-11-14T04:32:30.900000Z</time>
        <extensions>
          <gpxtpx:TrackPointExtension>
            <gpxtpx:hr>99</gpxtpx:hr>
          </gpxtpx:TrackPointExtension>
        </extensions>
      </trkpt>
      <trkpt lat="34.21809101372156" lon="108.83205181060161">
        <ele>403.92788820527494</ele>
        <time>2025-11-14T04:32:31.900000Z</time>
        <extensions>
          <gpxtpx:TrackPointExtension>
            <gpxtpx:hr>99</gpxtpx:hr>
          </gpxtpx:TrackPointExtension>
        </extensions>
      </trkpt>
      <trkpt lat="34.21807899669296" lon="108.83205684609081">
        <ele>403.9007300725207</ele>
        <time>2025-11-14T04:32:32.900000Z</time>
        <extensions>
          <gpxtpx:TrackPointExtension>
            <gpxtpx:hr>99</gpxtpx:hr>
          </gpxtpx:TrackPointExtension>
        </extensions>
      </trkpt>
      <trkpt lat="34.21806640231643" lon="108.83206195549697">
        <ele>403.87017604056746</ele>
        <time>2025-11-14T04:32:33.900000Z</time>
        <extensions>
          <gpxtpx:TrackPointExtension>
            <gpxtpx:hr>99</gpxtpx:hr>
          </gpxtpx:TrackPointExtension>
        </extensions>
      </trkpt>
      <trkpt lat="34.218054645709955" lon="108.83206731887408">
        <ele>403.82600126974285</ele>
        <time>2025-11-14T04:32:34.900000Z</time>
        <extensions>
          <gpxtpx:TrackPointExtension>
            <gpxtpx:hr>99</gpxtpx:hr>
          </gpxtpx:TrackPointExtension>
        </extensions>
      </trkpt>
      <trkpt lat="34.21804355049305" lon="108.83207190884647">
        <ele>403.774014162831</ele>
        <time>2025-11-14T04:32:35.900000Z</time>
        <extensions>
          <gpxtpx:TrackPointExtension>
            <gpxtpx:hr>99</gpxtpx:hr>
          </gpxtpx:TrackPointExtension>
        </extensions>
      </trkpt>
      <trkpt lat="34.21803247718508" lon="108.83207546620964">
        <ele>403.7216045660898</ele>
        <time>2025-11-14T04:32:36.900000Z</time>
        <extensions>
          <gpxtpx:TrackPointExtension>
            <gpxtpx:hr>99</gpxtpx:hr>
          </gpxtpx:TrackPointExtension>
        </extensions>
      </trkpt>
      <trkpt lat="34.21802041264758" lon="108.83207947803768">
        <ele>403.67017765156925</ele>
        <time>2025-11-14T04:32:37.900000Z</time>
        <extensions>
          <gpxtpx:TrackPointExtension>
            <gpxtpx:hr>99</gpxtpx:hr>
          </gpxtpx:TrackPointExtension>
        </extensions>
      </trkpt>
      <trkpt lat="34.21800716024849" lon="108.83208450870463">
        <ele>403.62137464620173</ele>
        <time>2025-11-14T04:32:38.900000Z</time>
        <extensions>
          <gpxtpx:TrackPointExtension>
            <gpxtpx:hr>99</gpxtpx:hr>
          </gpxtpx:TrackPointExtension>
        </extensions>
      </trkpt>
      <trkpt lat="34.21799333124216" lon="108.83209043956538">
        <ele>403.579491302371</ele>
        <time>2025-11-14T04:32:39.900000Z</time>
        <extensions>
          <gpxtpx:TrackPointExtension>
            <gpxtpx:hr>99</gpxtpx:hr>
          </gpxtpx:TrackPointExtension>
        </extensions>
      </trkpt>
      <trkpt lat="34.21797939004355" lon="108.83209710618983">
        <ele>403.5456200391054</ele>
        <time>2025-11-14T04:32:40.900000Z</time>
        <extensions>
          <gpxtpx:TrackPointExtension>
            <gpxtpx:hr>99</gpxtpx:hr>
          </gpxtpx:TrackPointExtension>
        </extensions>
      </trkpt>
      <trkpt lat="34.217965211336164" lon="108.83210416035404">
        <ele>403.5146029088646</ele>
        <time>2025-11-14T04:32:41.900000Z</time>
        <extensions>
          <gpxtpx:TrackPointExtension>
            <gpxtpx:hr>99</gpxtpx:hr>
          </gpxtpx:TrackPointExtension>
        </extensions>
      </trkpt>
      <trkpt lat="34.21795011817918" lon="108.83211125858251">
        <ele>403.4950172426179</ele>
        <time>2025-11-14T04:32:42.900000Z</time>
        <extensions>
          <gpxtpx:TrackPointExtension>
            <gpxtpx:hr>99</gpxtpx:hr>
          </gpxtpx:TrackPointExtension>
        </extensions>
      </trkpt>
      <trkpt lat="34.21793412900809" lon="108.83211752940556">
        <ele>403.47697050496936</ele>
        <time>2025-11-14T04:32:43.900000Z</time>
        <extensions>
          <gpxtpx:TrackPointExtension>
            <gpxtpx:hr>99</gpxtpx:hr>
          </gpxtpx:TrackPointExtension>
        </extensions>
      </trkpt>
      <trkpt lat="34.21791768552421" lon="108.83212202198027">
        <ele>403.4548997655511</ele>
        <time>2025-11-14T04:32:44.900000Z</time>
        <extensions>
          <gpxtpx:TrackPointExtension>
            <gpxtpx:hr>99</gpxtpx:hr>
          </gpxtpx:TrackPointExtension>
        </extensions>
      </trkpt>
      <trkpt lat="34.21790104207044" lon="108.83212453789021">
        <ele>403.45578013639897</ele>
        <time>2025-11-14T04:32:45.900000Z</time>
        <extensions>
          <gpxtpx:TrackPointExtension>
            <gpxtpx:hr>98</gpxtpx:hr>
          </gpxtpx:TrackPointExtension>
        </extensions>
      </trkpt>
      <trkpt lat="34.2178848889073" lon="108.83212564086641">
        <ele>403.47961845528334</ele>
        <time>2025-11-14T04:32:46.900000Z</time>
        <extensions>
          <gpxtpx:TrackPointExtension>
            <gpxtpx:hr>98</gpxtpx:hr>
          </gpxtpx:TrackPointExtension>
        </extensions>
      </trkpt>
      <trkpt lat="34.217870134973296" lon="108.83212570315078">
        <ele>403.49188569840044</ele>
        <time>2025-11-14T04:32:47.900000Z</time>
        <extensions>
          <gpxtpx:TrackPointExtension>
            <gpxtpx:hr>98</gpxtpx:hr>
          </gpxtpx:TrackPointExtension>
        </extensions>
      </trkpt>
      <trkpt lat="34.21785725124139" lon="108.83212509041378">
        <ele>403.5267703635618</ele>
        <time>2025-11-14T04:32:48.900000Z</time>
        <extensions>
          <gpxtpx:TrackPointExtension>
            <gpxtpx:hr>98</gpxtpx:hr>
          </gpxtpx:TrackPointExtension>
        </extensions>
      </trkpt>
      <trkpt lat="34.21784493241724" lon="108.83212420764771">
        <ele>403.5617860974744</ele>
        <time>2025-11-14T04:32:49.900000Z</time>
        <extensions>
          <gpxtpx:TrackPointExtension>
            <gpxtpx:hr>98</gpxtpx:hr>
          </gpxtpx:TrackPointExtension>
        </extensions>
      </trkpt>
      <trkpt lat="34.21783167816918" lon="108.83212339745714">
        <ele>403.6026452044025</ele>
        <time>2025-11-14T04:32:50.900000Z</time>
        <extensions>
          <gpxtpx:TrackPointExtension>
            <gpxtpx:hr>98</gpxtpx:hr>
          </gpxtpx:TrackPointExtension>
        </extensions>
      </trkpt>
      <trkpt lat="34.21781857461311" lon="108.83212311763795">
        <ele>403.6673457780853</ele>
        <time>2025-11-14T04:32:51.900000Z</time>
        <extensions>
          <gpxtpx:TrackPointExtension>
            <gpxtpx:hr>98</gpxtpx:hr>
          </gpxtpx:TrackPointExtension>
        </extensions>
      </trkpt>
      <trkpt lat="34.217806355480434" lon="108.83212343087912">
        <ele>403.75257086660713</ele>
        <time>2025-11-14T04:32:52.900000Z</time>
        <extensions>
          <gpxtpx:TrackPointExtension>
            <gpxtpx:hr>98</gpxtpx:hr>
          </gpxtpx:TrackPointExtension>
        </extensions>
      </trkpt>
      <trkpt lat="34.217794188091894" lon="108.83212463205567">
        <ele>403.8491375185549</ele>
        <time>2025-11-14T04:32:53.900000Z</time>
        <extensions>
          <gpxtpx:TrackPointExtension>
            <gpxtpx:hr>98</gpxtpx:hr>
          </gpxtpx:TrackPointExtension>
        </extensions>
      </trkpt>
      <trkpt lat="34.21778170824696" lon="108.83212751570461">
        <ele>403.9707002779469</ele>
        <time>2025-11-14T04:32:54.900000Z</time>
        <extensions>
          <gpxtpx:TrackPointExtension>
            <gpxtpx:hr>98</gpxtpx:hr>
          </gpxtpx:TrackPointExtension>
        </extensions>
      </trkpt>
      <trkpt lat="34.217768761950126" lon="108.83213186943655">
        <ele>404.0989271104336</ele>
        <time>2025-11-14T04:32:55.900000Z</time>
        <extensions>
          <gpxtpx:TrackPointExtension>
            <gpxtpx:hr>98</gpxtpx:hr>
          </gpxtpx:TrackPointExtension>
        </extensions>
      </trkpt>
      <trkpt lat="34.21775563944788" lon="108.83213710147352">
        <ele>404.2390986829996</ele>
        <time>2025-11-14T04:32:56.900000Z</time>
        <extensions>
          <gpxtpx:TrackPointExtension>
            <gpxtpx:hr>101</gpxtpx:hr>
          </gpxtpx:TrackPointExtension>
        </extensions>
      </trkpt>
      <trkpt lat="34.21774342137199" lon="108.83214273662074">
        <ele>404.3816366298124</ele>
        <time>2025-11-14T04:32:57.900000Z</time>
        <extensions>
          <gpxtpx:TrackPointExtension>
            <gpxtpx:hr>101</gpxtpx:hr>
          </gpxtpx:TrackPointExtension>
        </extensions>
      </trkpt>
      <trkpt lat="34.21773151132356" lon="108.83214836824115">
        <ele>404.5218880455941</ele>
        <time>2025-11-14T04:32:58.900000Z</time>
        <extensions>
          <gpxtpx:TrackPointExtension>
            <gpxtpx:hr>101</gpxtpx:hr>
          </gpxtpx:TrackPointExtension>
        </extensions>
      </trkpt>
      <trkpt lat="34.21771918538356" lon="108.83215397144403">
        <ele>404.6685027787462</ele>
        <time>2025-11-14T04:32:59.900000Z</time>
        <extensions>
          <gpxtpx:TrackPointExtension>
            <gpxtpx:hr>101</gpxtpx:hr>
          </gpxtpx:TrackPointExtension>
        </extensions>
      </trkpt>
      <trkpt lat="34.21770697388355" lon="108.8321596030956">
        <ele>404.8046568427235</ele>
        <time>2025-11-14T04:33:00.900000Z</time>
        <extensions>
          <gpxtpx:TrackPointExtension>
            <gpxtpx:hr>101</gpxtpx:hr>
          </gpxtpx:TrackPointExtension>
        </extensions>
      </trkpt>
      <trkpt lat="34.21769490728649" lon="108.83216563115029">
        <ele>404.92920211609453</ele>
        <time>2025-11-14T04:33:01.900000Z</time>
        <extensions>
          <gpxtpx:TrackPointExtension>
            <gpxtpx:hr>102</gpxtpx:hr>
          </gpxtpx:TrackPointExtension>
        </extensions>
      </trkpt>
      <trkpt lat="34.217682780117414" lon="108.83217215612203">
        <ele>405.04575244989246</ele>
        <time>2025-11-14T04:33:02.900000Z</time>
        <extensions>
          <gpxtpx:TrackPointExtension>
            <gpxtpx:hr>102</gpxtpx:hr>
          </gpxtpx:TrackPointExtension>
        </extensions>
      </trkpt>
      <trkpt lat="34.21767055289687" lon="108.83217889400153">
        <ele>405.1542393360287</ele>
        <time>2025-11-14T04:33:03.900000Z</time>
        <extensions>
          <gpxtpx:TrackPointExtension>
            <gpxtpx:hr>102</gpxtpx:hr>
          </gpxtpx:TrackPointExtension>
        </extensions>
      </trkpt>
      <trkpt lat="34.21765844224475" lon="108.83218542490798">
        <ele>405.2462184568867</ele>
        <time>2025-11-14T04:33:04.900000Z</time>
        <extensions>
          <gpxtpx:TrackPointExtension>
            <gpxtpx:hr>103</gpxtpx:hr>
          </gpxtpx:TrackPointExtension>
        </extensions>
      </trkpt>
      <trkpt lat="34.217646763036264" lon="108.83219143583698">
        <ele>405.32668169029057</ele>
        <time>2025-11-14T04:33:05.900000Z</time>
        <extensions>
          <gpxtpx:TrackPointExtension>
            <gpxtpx:hr>103</gpxtpx:hr>
          </gpxtpx:TrackPointExtension>
        </extensions>
      </trkpt>
      <trkpt lat="34.217636037222384" lon="108.83219692750988">
        <ele>405.3719827616587</ele>
        <time>2025-11-14T04:33:06.900000Z</time>
        <extensions>
          <gpxtpx:TrackPointExtension>
            <gpxtpx:hr>103</gpxtpx:hr>
          </gpxtpx:TrackPointExtension>
        </extensions>
      </trkpt>
      <trkpt lat="34.217625785227554" lon="108.8322024903355">
        <ele>405.4105281867087</ele>
        <time>2025-11-14T04:33:07.900000Z</time>
        <extensions>
          <gpxtpx:TrackPointExtension>
            <gpxtpx:hr>103</gpxtpx:hr>
          </gpxtpx:TrackPointExtension>
        </extensions>
      </trkpt>
      <trkpt lat="34.21761480366868" lon="108.83220841390721">
        <ele>405.4539915258065</ele>
        <time>2025-11-14T04:33:08.900000Z</time>
        <extensions>
          <gpxtpx:TrackPointExtension>
            <gpxtpx:hr>103</gpxtpx:hr>
          </gpxtpx:TrackPointExtension>
        </extensions>
      </trkpt>
      <trkpt lat="34.217602755241344" lon="108.83221462492321">
        <ele>405.4787554917857</ele>
        <time>2025-11-14T04:33:09.900000Z</time>
        <extensions>
          <gpxtpx:TrackPointExtension>
            <gpxtpx:hr>103</gpxtpx:hr>
          </gpxtpx:TrackPointExtension>
        </extensions>
      </trkpt>
      <trkpt lat="34.21759104961475" lon="108.83222063534534">
        <ele>405.4996400568634</ele>
        <time>2025-11-14T04:33:10.900000Z</time>
        <extensions>
          <gpxtpx:TrackPointExtension>
            <gpxtpx:hr>104</gpxtpx:hr>
          </gpxtpx:TrackPointExtension>
        </extensions>
      </trkpt>
      <trkpt lat="34.21758011711965" lon="108.8322263449102">
        <ele>405.512010877952</ele>
        <time>2025-11-14T04:33:11.900000Z</time>
        <extensions>
          <gpxtpx:TrackPointExtension>
            <gpxtpx:hr>104</gpxtpx:hr>
          </gpxtpx:TrackPointExtension>
        </extensions>
      </trkpt>
      <trkpt lat="34.217569200180805" lon="108.8322314017429">
        <ele>405.51277979370207</ele>
        <time>2025-11-14T04:33:12.900000Z</time>
        <extensions>
          <gpxtpx:TrackPointExtension>
            <gpxtpx:hr>104</gpxtpx:hr>
          </gpxtpx:TrackPointExtension>
        </extensions>
      </trkpt>
      <trkpt lat="34.217558466983" lon="108.83223542518347">
        <ele>405.49574395734817</ele>
        <time>2025-11-14T04:33:13.900000Z</time>
        <extensions>
          <gpxtpx:TrackPointExtension>
            <gpxtpx:hr>104</gpxtpx:hr>
          </gpxtpx:TrackPointExtension>
        </extensions>
      </trkpt>
      <trkpt lat="34.21754815933475" lon="108.83223865053911">
        <ele>405.4618773832917</ele>
        <time>2025-11-14T04:33:14.900000Z</time>
        <extensions>
          <gpxtpx:TrackPointExtension>
            <gpxtpx:hr>104</gpxtpx:hr>
          </gpxtpx:TrackPointExtension>
        </extensions>
      </trkpt>
      <trkpt lat="34.217538184247324" lon="108.83224182689209">
        <ele>405.42067512497306</ele>
        <time>2025-11-14T04:33:15.900000Z</time>
        <extensions>
          <gpxtpx:TrackPointExtension>
            <gpxtpx:hr>104</gpxtpx:hr>
          </gpxtpx:TrackPointExtension>
        </extensions>
      </trkpt>
      <trkpt lat="34.21752787767251" lon="108.83224554212075">
        <ele>405.37156632822007</ele>
        <time>2025-11-14T04:33:16.900000Z</time>
        <extensions>
          <gpxtpx:TrackPointExtension>
            <gpxtpx:hr>104</gpxtpx:hr>
          </gpxtpx:TrackPointExtension>
        </extensions>
      </trkpt>
      <trkpt lat="34.21751709175708" lon="108.83224960321535">
        <ele>405.3200239436701</ele>
        <time>2025-11-14T04:33:17.900000Z</time>
        <extensions>
          <gpxtpx:TrackPointExtension>
            <gpxtpx:hr>105</gpxtpx:hr>
          </gpxtpx:TrackPointExtension>
        </extensions>
      </trkpt>
      <trkpt lat="34.21750596514021" lon="108.8322535537295">
        <ele>405.2788374098018</ele>
        <time>2025-11-14T04:33:18.900000Z</time>
        <extensions>
          <gpxtpx:TrackPointExtension>
            <gpxtpx:hr>105</gpxtpx:hr>
          </gpxtpx:TrackPointExtension>
        </extensions>
      </trkpt>
      <trkpt lat="34.217494739516546" lon="108.83225711352706">
        <ele>405.2373099401593</ele>
        <time>2025-11-14T04:33:19.900000Z</time>
        <extensions>
          <gpxtpx:TrackPointExtension>
            <gpxtpx:hr>105</gpxtpx:hr>
          </gpxtpx:TrackPointExtension>
        </extensions>
      </trkpt>
      <trkpt lat="34.21748416821246" lon="108.83226026312214">
        <ele>405.1920387437567</ele>
        <time>2025-11-14T04:33:20.900000Z</time>
        <extensions>
          <gpxtpx:TrackPointExtension>
            <gpxtpx:hr>105</gpxtpx:hr>
          </gpxtpx:TrackPointExtension>
        </extensions>
      </trkpt>
      <trkpt lat="34.2174746784527" lon="108.83226294100855">
        <ele>405.1462807254866</ele>
        <time>2025-11-14T04:33:21.900000Z</time>
        <extensions>
          <gpxtpx:TrackPointExtension>
            <gpxtpx:hr>105</gpxtpx:hr>
          </gpxtpx:TrackPointExtension>
        </extensions>
      </trkpt>
      <trkpt lat="34.21746561642979" lon="108.83226503195198">
        <ele>405.1099507883191</ele>
        <time>2025-11-14T04:33:22.900000Z</time>
        <extensions>
          <gpxtpx:TrackPointExtension>
            <gpxtpx:hr>105</gpxtpx:hr>
          </gpxtpx:TrackPointExtension>
        </extensions>
      </trkpt>
      <trkpt lat="34.217456308532014" lon="108.83226673537288">
        <ele>405.0704250894487</ele>
        <time>2025-11-14T04:33:23.900000Z</time>
        <extensions>
          <gpxtpx:TrackPointExtension>
            <gpxtpx:hr>105</gpxtpx:hr>
          </gpxtpx:TrackPointExtension>
        </extensions>
      </trkpt>
      <trkpt lat="34.21744681627833" lon="108.83226841943295">
        <ele>405.02202560193837</ele>
        <time>2025-11-14T04:33:24.900000Z</time>
        <extensions>
          <gpxtpx:TrackPointExtension>
            <gpxtpx:hr>105</gpxtpx:hr>
          </gpxtpx:TrackPointExtension>
        </extensions>
      </trkpt>
      <trkpt lat="34.217437655815594" lon="108.83227017683018">
        <ele>404.98263634275645</ele>
        <time>2025-11-14T04:33:25.900000Z</time>
        <extensions>
          <gpxtpx:TrackPointExtension>
            <gpxtpx:hr>105</gpxtpx:hr>
          </gpxtpx:TrackPointExtension>
        </extensions>
      </trkpt>
      <trkpt lat="34.2174289683045" lon="108.83227223031774">
        <ele>404.94341139215976</ele>
        <time>2025-11-14T04:33:26.900000Z</time>
        <extensions>
          <gpxtpx:TrackPointExtension>
            <gpxtpx:hr>105</gpxtpx:hr>
          </gpxtpx:TrackPointExtension>
        </extensions>
      </trkpt>
      <trkpt lat="34.21742018312148" lon="108.83227492233618">
        <ele>404.9088244140148</ele>
        <time>2025-11-14T04:33:27.900000Z</time>
        <extensions>
          <gpxtpx:TrackPointExtension>
            <gpxtpx:hr>105</gpxtpx:hr>
          </gpxtpx:TrackPointExtension>
        </extensions>
      </trkpt>
      <trkpt lat="34.21741111248863" lon="108.83227826280368">
        <ele>404.8641495797783</ele>
        <time>2025-11-14T04:33:28.900000Z</time>
        <extensions>
          <gpxtpx:TrackPointExtension>
            <gpxtpx:hr>105</gpxtpx:hr>
          </gpxtpx:TrackPointExtension>
        </extensions>
      </trkpt>
      <trkpt lat="34.21740145860413" lon="108.83228206986415">
        <ele>404.7967017106712</ele>
        <time>2025-11-14T04:33:29.900000Z</time>
        <extensions>
          <gpxtpx:TrackPointExtension>
            <gpxtpx:hr>106</gpxtpx:hr>
          </gpxtpx:TrackPointExtension>
        </extensions>
      </trkpt>
      <trkpt lat="34.21739093037892" lon="108.83228617967391">
        <ele>404.72212916985154</ele>
        <time>2025-11-14T04:33:30.900000Z</time>
        <extensions>
          <gpxtpx:TrackPointExtension>
            <gpxtpx:hr>106</gpxtpx:hr>
          </gpxtpx:TrackPointExtension>
        </extensions>
      </trkpt>
      <trkpt lat="34.21738035574777" lon="108.83229021124791">
        <ele>404.6645309012383</ele>
        <time>2025-11-14T04:33:31.900000Z</time>
        <extensions>
          <gpxtpx:TrackPointExtension>
            <gpxtpx:hr>106</gpxtpx:hr>
          </gpxtpx:TrackPointExtension>
        </extensions>
      </trkpt>
      <trkpt lat="34.21737040894947" lon="108.83229372349226">
        <ele>404.61065502185374</ele>
        <time>2025-11-14T04:33:32.900000Z</time>
        <extensions>
          <gpxtpx:TrackPointExtension>
            <gpxtpx:hr>106</gpxtpx:hr>
          </gpxtpx:TrackPointExtension>
        </extensions>
      </trkpt>
      <trkpt lat="34.21736117112554" lon="108.83229688846178">
        <ele>404.550309647806</ele>
        <time>2025-11-14T04:33:33.900000Z</time>
        <extensions>
          <gpxtpx:TrackPointExtension>
            <gpxtpx:hr>106</gpxtpx:hr>
          </gpxtpx:TrackPointExtension>
        </extensions>
      </trkpt>
      <trkpt lat="34.21735222606066" lon="108.8323002262341">
        <ele>404.48916583973914</ele>
        <time>2025-11-14T04:33:34.900000Z</time>
        <extensions>
          <gpxtpx:TrackPointExtension>
            <gpxtpx:hr>106</gpxtpx:hr>
          </gpxtpx:TrackPointExtension>
        </extensions>
      </trkpt>
      <trkpt lat="34.21734317260705" lon="108.83230378789081">
        <ele>404.439733158797</ele>
        <time>2025-11-14T04:33:35.900000Z</time>
        <extensions>
          <gpxtpx:TrackPointExtension>
            <gpxtpx:hr>106</gpxtpx:hr>
          </gpxtpx:TrackPointExtension>
        </extensions>
      </trkpt>
      <trkpt lat="34.21733390803371" lon="108.8323074598858">
        <ele>404.38772156555206</ele>
        <time>2025-11-14T04:33:36.900000Z</time>
        <extensions>
          <gpxtpx:TrackPointExtension>
            <gpxtpx:hr>105</gpxtpx:hr>
          </gpxtpx:TrackPointExtension>
        </extensions>
      </trkpt>
      <trkpt lat="34.21732467158793" lon="108.83231116821965">
        <ele>404.31868459749967</ele>
        <time>2025-11-14T04:33:37.900000Z</time>
        <extensions>
          <gpxtpx:TrackPointExtension>
            <gpxtpx:hr>105</gpxtpx:hr>
          </gpxtpx:TrackPointExtension>
        </extensions>
      </trkpt>
      <trkpt lat="34.21731529840056" lon="108.83231486017588">
        <ele>404.25126440729946</ele>
        <time>2025-11-14T04:33:38.900000Z</time>
        <extensions>
          <gpxtpx:TrackPointExtension>
            <gpxtpx:hr>105</gpxtpx:hr>
          </gpxtpx:TrackPointExtension>
        </extensions>
      </trkpt>
      <trkpt lat="34.21730558289526" lon="108.83231838437456">
        <ele>404.19044057652354</ele>
        <time>2025-11-14T04:33:39.900000Z</time>
        <extensions>
          <gpxtpx:TrackPointExtension>
            <gpxtpx:hr>105</gpxtpx:hr>
          </gpxtpx:TrackPointExtension>
        </extensions>
      </trkpt>
      <trkpt lat="34.2172956323416" lon="108.83232169127623">
        <ele>404.14723063260317</ele>
        <time>2025-11-14T04:33:40.900000Z</time>
        <extensions>
          <gpxtpx:TrackPointExtension>
            <gpxtpx:hr>105</gpxtpx:hr>
          </gpxtpx:TrackPointExtension>
        </extensions>
      </trkpt>
      <trkpt lat="34.21728524865789" lon="108.83232517744648">
        <ele>404.10851892922074</ele>
        <time>2025-11-14T04:33:41.900000Z</time>
        <extensions>
          <gpxtpx:TrackPointExtension>
            <gpxtpx:hr>104</gpxtpx:hr>
          </gpxtpx:TrackPointExtension>
        </extensions>
      </trkpt>
      <trkpt lat="34.217274531457086" lon="108.83232887595335">
        <ele>404.07448490615934</ele>
        <time>2025-11-14T04:33:42.900000Z</time>
        <extensions>
          <gpxtpx:TrackPointExtension>
            <gpxtpx:hr>104</gpxtpx:hr>
          </gpxtpx:TrackPointExtension>
        </extensions>
      </trkpt>
      <trkpt lat="34.21726361832064" lon="108.83233250264144">
        <ele>404.0547702005133</ele>
        <time>2025-11-14T04:33:43.900000Z</time>
        <extensions>
          <gpxtpx:TrackPointExtension>
            <gpxtpx:hr>104</gpxtpx:hr>
          </gpxtpx:TrackPointExtension>
        </extensions>
      </trkpt>
      <trkpt lat="34.217252572773404" lon="108.83233595244194">
        <ele>404.04416963271797</ele>
        <time>2025-11-14T04:33:44.900000Z</time>
        <extensions>
          <gpxtpx:TrackPointExtension>
            <gpxtpx:hr>104</gpxtpx:hr>
          </gpxtpx:TrackPointExtension>
        </extensions>
      </trkpt>
      <trkpt lat="34.217241452035196" lon="108.83233925015311">
        <ele>404.0522457137704</ele>
        <time>2025-11-14T04:33:45.900000Z</time>
        <extensions>
          <gpxtpx:TrackPointExtension>
            <gpxtpx:hr>104</gpxtpx:hr>
          </gpxtpx:TrackPointExtension>
        </extensions>
      </trkpt>
      <trkpt lat="34.217230451555515" lon="108.8323426051162">
        <ele>404.07744080014527</ele>
        <time>2025-11-14T04:33:46.900000Z</time>
        <extensions>
          <gpxtpx:TrackPointExtension>
            <gpxtpx:hr>104</gpxtpx:hr>
          </gpxtpx:TrackPointExtension>
        </extensions>
      </trkpt>
      <trkpt lat="34.21721965165696" lon="108.83234617748226">
        <ele>404.1154719348997</ele>
        <time>2025-11-14T04:33:47.900000Z</time>
        <extensions>
          <gpxtpx:TrackPointExtension>
            <gpxtpx:hr>104</gpxtpx:hr>
          </gpxtpx:TrackPointExtension>
        </extensions>
      </trkpt>
      <trkpt lat="34.21720891002086" lon="108.83234989937255">
        <ele>404.15866921655834</ele>
        <time>2025-11-14T04:33:48.900000Z</time>
        <extensions>
          <gpxtpx:TrackPointExtension>
            <gpxtpx:hr>104</gpxtpx:hr>
          </gpxtpx:TrackPointExtension>
        </extensions>
      </trkpt>
      <trkpt lat="34.21719806000793" lon="108.83235352597673">
        <ele>404.20679180696607</ele>
        <time>2025-11-14T04:33:49.900000Z</time>
        <extensions>
          <gpxtpx:TrackPointExtension>
            <gpxtpx:hr>104</gpxtpx:hr>
          </gpxtpx:TrackPointExtension>
        </extensions>
      </trkpt>
      <trkpt lat="34.217187040828414" lon="108.83235697273139">
        <ele>404.2902054488659</ele>
        <time>2025-11-14T04:33:50.900000Z</time>
        <extensions>
          <gpxtpx:TrackPointExtension>
            <gpxtpx:hr>104</gpxtpx:hr>
          </gpxtpx:TrackPointExtension>
        </extensions>
      </trkpt>
      <trkpt lat="34.21717620955039" lon="108.83236024123782">
        <ele>404.390324969776</ele>
        <time>2025-11-14T04:33:51.900000Z</time>
        <extensions>
          <gpxtpx:TrackPointExtension>
            <gpxtpx:hr>104</gpxtpx:hr>
          </gpxtpx:TrackPointExtension>
        </extensions>
      </trkpt>
      <trkpt lat="34.21716596030327" lon="108.83236332256465">
        <ele>404.49436067231</ele>
        <time>2025-11-14T04:33:52.900000Z</time>
        <extensions>
          <gpxtpx:TrackPointExtension>
            <gpxtpx:hr>104</gpxtpx:hr>
          </gpxtpx:TrackPointExtension>
        </extensions>
      </trkpt>
      <trkpt lat="34.21715648282139" lon="108.83236618850428">
        <ele>404.60372454021126</ele>
        <time>2025-11-14T04:33:53.900000Z</time>
        <extensions>
          <gpxtpx:TrackPointExtension>
            <gpxtpx:hr>104</gpxtpx:hr>
          </gpxtpx:TrackPointExtension>
        </extensions>
      </trkpt>
      <trkpt lat="34.21714796089203" lon="108.83236890829444">
        <ele>404.7164054643363</ele>
        <time>2025-11-14T04:33:54.900000Z</time>
        <extensions>
          <gpxtpx:TrackPointExtension>
            <gpxtpx:hr>104</gpxtpx:hr>
          </gpxtpx:TrackPointExtension>
        </extensions>
      </trkpt>
      <trkpt lat="34.21714145341532" lon="108.832371526085">
        <ele>404.8308363808319</ele>
        <time>2025-11-14T04:33:55.900000Z</time>
        <extensions>
          <gpxtpx:TrackPointExtension>
            <gpxtpx:hr>103</gpxtpx:hr>
          </gpxtpx:TrackPointExtension>
        </extensions>
      </trkpt>
      <trkpt lat="34.21713791008627" lon="108.83237377923957">
        <ele>404.94592964835465</ele>
        <time>2025-11-14T04:33:56.900000Z</time>
        <extensions>
          <gpxtpx:TrackPointExtension>
            <gpxtpx:hr>103</gpxtpx:hr>
          </gpxtpx:TrackPointExtension>
        </extensions>
      </trkpt>
      <trkpt lat="34.21713637476859" lon="108.83237564665451">
        <ele>405.06047946587205</ele>
        <time>2025-11-14T04:33:57.900000Z</time>
        <extensions>
          <gpxtpx:TrackPointExtension>
            <gpxtpx:hr>103</gpxtpx:hr>
          </gpxtpx:TrackPointExtension>
        </extensions>
      </trkpt>
      <trkpt lat="34.21713554923994" lon="108.83237731307283">
        <ele>405.1639732317999</ele>
        <time>2025-11-14T04:33:58.900000Z</time>
        <extensions>
          <gpxtpx:TrackPointExtension>
            <gpxtpx:hr>103</gpxtpx:hr>
          </gpxtpx:TrackPointExtension>
        </extensions>
      </trkpt>
      <trkpt lat="34.21713476278639" lon="108.83237894753063">
        <ele>405.2647378388792</ele>
        <time>2025-11-14T04:33:59.900000Z</time>
        <extensions>
          <gpxtpx:TrackPointExtension>
            <gpxtpx:hr>101</gpxtpx:hr>
          </gpxtpx:TrackPointExtension>
        </extensions>
      </trkpt>
      <trkpt lat="34.217133550052914" lon="108.83238069678187">
        <ele>405.35637741256505</ele>
        <time>2025-11-14T04:34:00.900000Z</time>
        <extensions>
          <gpxtpx:TrackPointExtension>
            <gpxtpx:hr>101</gpxtpx:hr>
          </gpxtpx:TrackPointExtension>
        </extensions>
      </trkpt>
      <trkpt lat="34.21713210698894" lon="108.83238244375805">
        <ele>405.44687770772725</ele>
        <time>2025-11-14T04:34:01.900000Z</time>
        <extensions>
          <gpxtpx:TrackPointExtension>
            <gpxtpx:hr>101</gpxtpx:hr>
          </gpxtpx:TrackPointExtension>
        </extensions>
      </trkpt>
      <trkpt lat="34.217130843874294" lon="108.83238400135794">
        <ele>405.53625505045056</ele>
        <time>2025-11-14T04:34:02.900000Z</time>
        <extensions>
          <gpxtpx:TrackPointExtension>
            <gpxtpx:hr>101</gpxtpx:hr>
          </gpxtpx:TrackPointExtension>
        </extensions>
      </trkpt>
      <trkpt lat="34.21712979044617" lon="108.83238536252506">
        <ele>405.6158660678193</ele>
        <time>2025-11-14T04:34:03.900000Z</time>
        <extensions>
          <gpxtpx:TrackPointExtension>
            <gpxtpx:hr>101</gpxtpx:hr>
          </gpxtpx:TrackPointExtension>
        </extensions>
      </trkpt>
      <trkpt lat="34.217128857996414" lon="108.83238657458794">
        <ele>405.68549860455096</ele>
        <time>2025-11-14T04:34:04.900000Z</time>
        <extensions>
          <gpxtpx:TrackPointExtension>
            <gpxtpx:hr>101</gpxtpx:hr>
          </gpxtpx:TrackPointExtension>
        </extensions>
      </trkpt>
      <trkpt lat="34.2171277638816" lon="108.83238778535053">
        <ele>405.7411415409297</ele>
        <time>2025-11-14T04:34:05.900000Z</time>
        <extensions>
          <gpxtpx:TrackPointExtension>
            <gpxtpx:hr>100</gpxtpx:hr>
          </gpxtpx:TrackPointExtension>
        </extensions>
      </trkpt>
      <trkpt lat="34.21712606180635" lon="108.83238915683135">
        <ele>405.7928090747446</ele>
        <time>2025-11-14T04:34:06.900000Z</time>
        <extensions>
          <gpxtpx:TrackPointExtension>
            <gpxtpx:hr>100</gpxtpx:hr>
          </gpxtpx:TrackPointExtension>
        </extensions>
      </trkpt>
      <trkpt lat="34.21712316332798" lon="108.83239077856081">
        <ele>405.84651281684637</ele>
        <time>2025-11-14T04:34:07.900000Z</time>
        <extensions>
          <gpxtpx:TrackPointExtension>
            <gpxtpx:hr>100</gpxtpx:hr>
          </gpxtpx:TrackPointExtension>
        </extensions>
      </trkpt>
      <trkpt lat="34.21711826698821" lon="108.83239268333288">
        <ele>405.9079614849761</ele>
        <time>2025-11-14T04:34:08.900000Z</time>
        <extensions>
          <gpxtpx:TrackPointExtension>
            <gpxtpx:hr>100</gpxtpx:hr>
          </gpxtpx:TrackPointExtension>
        </extensions>
      </trkpt>
      <trkpt lat="34.21711131053899" lon="108.83239457879698">
        <ele>405.9508717600256</ele>
        <time>2025-11-14T04:34:09.900000Z</time>
        <extensions>
          <gpxtpx:TrackPointExtension>
            <gpxtpx:hr>100</gpxtpx:hr>
          </gpxtpx:TrackPointExtension>
        </extensions>
      </trkpt>
      <trkpt lat="34.217103119521944" lon="108.83239659306973">
        <ele>405.98541677743196</ele>
        <time>2025-11-14T04:34:10.900000Z</time>
        <extensions>
          <gpxtpx:TrackPointExtension>
            <gpxtpx:hr>99</gpxtpx:hr>
          </gpxtpx:TrackPointExtension>
        </extensions>
      </trkpt>
      <trkpt lat="34.21709471746208" lon="108.83239923801781">
        <ele>406.01886598486453</ele>
        <time>2025-11-14T04:34:11.900000Z</time>
        <extensions>
          <gpxtpx:TrackPointExtension>
            <gpxtpx:hr>99</gpxtpx:hr>
          </gpxtpx:TrackPointExtension>
        </extensions>
      </trkpt>
      <trkpt lat="34.21708610093678" lon="108.83240235149428">
        <ele>406.0585833126679</ele>
        <time>2025-11-14T04:34:12.900000Z</time>
        <extensions>
          <gpxtpx:TrackPointExtension>
            <gpxtpx:hr>99</gpxtpx:hr>
          </gpxtpx:TrackPointExtension>
        </extensions>
      </trkpt>
      <trkpt lat="34.21707661654682" lon="108.8324055095863">
        <ele>406.087762478739</ele>
        <time>2025-11-14T04:34:13.900000Z</time>
        <extensions>
          <gpxtpx:TrackPointExtension>
            <gpxtpx:hr>99</gpxtpx:hr>
          </gpxtpx:TrackPointExtension>
        </extensions>
      </trkpt>
      <trkpt lat="34.217066362807756" lon="108.83240835676311">
        <ele>406.1090467311442</ele>
        <time>2025-11-14T04:34:14.900000Z</time>
        <extensions>
          <gpxtpx:TrackPointExtension>
            <gpxtpx:hr>99</gpxtpx:hr>
          </gpxtpx:TrackPointExtension>
        </extensions>
      </trkpt>
      <trkpt lat="34.217055951720965" lon="108.83241071616756">
        <ele>406.13218748476356</ele>
        <time>2025-11-14T04:34:15.900000Z</time>
        <extensions>
          <gpxtpx:TrackPointExtension>
            <gpxtpx:hr>99</gpxtpx:hr>
          </gpxtpx:TrackPointExtension>
        </extensions>
      </trkpt>
      <trkpt lat="34.217045620053824" lon="108.83241277304573">
        <ele>406.14348926674575</ele>
        <time>2025-11-14T04:34:16.900000Z</time>
        <extensions>
          <gpxtpx:TrackPointExtension>
            <gpxtpx:hr>101</gpxtpx:hr>
          </gpxtpx:TrackPointExtension>
        </extensions>
      </trkpt>
      <trkpt lat="34.21703496723886" lon="108.83241504179162">
        <ele>406.1551188081503</ele>
        <time>2025-11-14T04:34:17.900000Z</time>
        <extensions>
          <gpxtpx:TrackPointExtension>
            <gpxtpx:hr>101</gpxtpx:hr>
          </gpxtpx:TrackPointExtension>
        </extensions>
      </trkpt>
      <trkpt lat="34.2170234456798" lon="108.83241789436471">
        <ele>406.1634641708806</ele>
        <time>2025-11-14T04:34:18.900000Z</time>
        <extensions>
          <gpxtpx:TrackPointExtension>
            <gpxtpx:hr>101</gpxtpx:hr>
          </gpxtpx:TrackPointExtension>
        </extensions>
      </trkpt>
      <trkpt lat="34.21701097379317" lon="108.83242128817685">
        <ele>406.1796851363033</ele>
        <time>2025-11-14T04:34:19.900000Z</time>
        <extensions>
          <gpxtpx:TrackPointExtension>
            <gpxtpx:hr>101</gpxtpx:hr>
          </gpxtpx:TrackPointExtension>
        </extensions>
      </trkpt>
      <trkpt lat="34.216998090662734" lon="108.8324247485901">
        <ele>406.19579425733536</ele>
        <time>2025-11-14T04:34:20.900000Z</time>
        <extensions>
          <gpxtpx:TrackPointExtension>
            <gpxtpx:hr>101</gpxtpx:hr>
          </gpxtpx:TrackPointExtension>
        </extensions>
      </trkpt>
      <trkpt lat="34.216985575436425" lon="108.83242830276126">
        <ele>406.2088728910312</ele>
        <time>2025-11-14T04:34:21.900000Z</time>
        <extensions>
          <gpxtpx:TrackPointExtension>
            <gpxtpx:hr>102</gpxtpx:hr>
          </gpxtpx:TrackPointExtension>
        </extensions>
      </trkpt>
      <trkpt lat="34.21697375682807" lon="108.83243226004264">
        <ele>406.2018870972097</ele>
        <time>2025-11-14T04:34:22.900000Z</time>
        <extensions>
          <gpxtpx:TrackPointExtension>
            <gpxtpx:hr>102</gpxtpx:hr>
          </gpxtpx:TrackPointExtension>
        </extensions>
      </trkpt>
      <trkpt lat="34.21696247992485" lon="108.83243659465673">
        <ele>406.21035116072744</ele>
        <time>2025-11-14T04:34:23.900000Z</time>
        <extensions>
          <gpxtpx:TrackPointExtension>
            <gpxtpx:hr>102</gpxtpx:hr>
          </gpxtpx:TrackPointExtension>
        </extensions>
      </trkpt>
      <trkpt lat="34.21695134458316" lon="108.83244100391951">
        <ele>406.2024990953505</ele>
        <time>2025-11-14T04:34:24.900000Z</time>
        <extensions>
          <gpxtpx:TrackPointExtension>
            <gpxtpx:hr>102</gpxtpx:hr>
          </gpxtpx:TrackPointExtension>
        </extensions>
      </trkpt>
      <trkpt lat="34.21693992429928" lon="108.83244531519448">
        <ele>406.2027013320476</ele>
        <time>2025-11-14T04:34:25.900000Z</time>
        <extensions>
          <gpxtpx:TrackPointExtension>
            <gpxtpx:hr>102</gpxtpx:hr>
          </gpxtpx:TrackPointExtension>
        </extensions>
      </trkpt>
      <trkpt lat="34.21692811849463" lon="108.83244949378461">
        <ele>406.2084036692977</ele>
        <time>2025-11-14T04:34:26.900000Z</time>
        <extensions>
          <gpxtpx:TrackPointExtension>
            <gpxtpx:hr>102</gpxtpx:hr>
          </gpxtpx:TrackPointExtension>
        </extensions>
      </trkpt>
      <trkpt lat="34.21691612473429" lon="108.83245356120707">
        <ele>406.20395781472325</ele>
        <time>2025-11-14T04:34:27.900000Z</time>
        <extensions>
          <gpxtpx:TrackPointExtension>
            <gpxtpx:hr>102</gpxtpx:hr>
          </gpxtpx:TrackPointExtension>
        </extensions>
      </trkpt>
      <trkpt lat="34.21690419849816" lon="108.83245762569939">
        <ele>406.19808607175946</ele>
        <time>2025-11-14T04:34:28.900000Z</time>
        <extensions>
          <gpxtpx:TrackPointExtension>
            <gpxtpx:hr>102</gpxtpx:hr>
          </gpxtpx:TrackPointExtension>
        </extensions>
      </trkpt>
      <trkpt lat="34.21689249268089" lon="108.83246188234196">
        <ele>406.18730772286654</ele>
        <time>2025-11-14T04:34:29.900000Z</time>
        <extensions>
          <gpxtpx:TrackPointExtension>
            <gpxtpx:hr>102</gpxtpx:hr>
          </gpxtpx:TrackPointExtension>
        </extensions>
      </trkpt>
      <trkpt lat="34.21688063215325" lon="108.83246610082806">
        <ele>406.1900762980804</ele>
        <time>2025-11-14T04:34:30.900000Z</time>
        <extensions>
          <gpxtpx:TrackPointExtension>
            <gpxtpx:hr>102</gpxtpx:hr>
          </gpxtpx:TrackPointExtension>
        </extensions>
      </trkpt>
      <trkpt lat="34.21686851519274" lon="108.83246957906358">
        <ele>406.18507064599544</ele>
        <time>2025-11-14T04:34:31.900000Z</time>
        <extensions>
          <gpxtpx:TrackPointExtension>
            <gpxtpx:hr>103</gpxtpx:hr>
          </gpxtpx:TrackPointExtension>
        </extensions>
      </trkpt>
      <trkpt lat="34.2168561622801" lon="108.83247264710626">
        <ele>406.1546947956085</ele>
        <time>2025-11-14T04:34:32.900000Z</time>
        <extensions>
          <gpxtpx:TrackPointExtension>
            <gpxtpx:hr>103</gpxtpx:hr>
          </gpxtpx:TrackPointExtension>
        </extensions>
      </trkpt>
      <trkpt lat="34.216843708511355" lon="108.83247590478122">
        <ele>406.1286366675049</ele>
        <time>2025-11-14T04:34:33.900000Z</time>
        <extensions>
          <gpxtpx:TrackPointExtension>
            <gpxtpx:hr>103</gpxtpx:hr>
          </gpxtpx:TrackPointExtension>
        </extensions>
      </trkpt>
      <trkpt lat="34.21683109499635" lon="108.83247964050025">
        <ele>406.0934766139835</ele>
        <time>2025-11-14T04:34:34.900000Z</time>
        <extensions>
          <gpxtpx:TrackPointExtension>
            <gpxtpx:hr>103</gpxtpx:hr>
          </gpxtpx:TrackPointExtension>
        </extensions>
      </trkpt>
      <trkpt lat="34.21681829466497" lon="108.8324836399664">
        <ele>406.0595185579732</ele>
        <time>2025-11-14T04:34:35.900000Z</time>
        <extensions>
          <gpxtpx:TrackPointExtension>
            <gpxtpx:hr>103</gpxtpx:hr>
          </gpxtpx:TrackPointExtension>
        </extensions>
      </trkpt>
      <trkpt lat="34.21680572331833" lon="108.83248755285857">
        <ele>406.0248496318236</ele>
        <time>2025-11-14T04:34:36.900000Z</time>
        <extensions>
          <gpxtpx:TrackPointExtension>
            <gpxtpx:hr>103</gpxtpx:hr>
          </gpxtpx:TrackPointExtension>
        </extensions>
      </trkpt>
      <trkpt lat="34.2167932753998" lon="108.83249167893385">
        <ele>405.9814114170149</ele>
        <time>2025-11-14T04:34:37.900000Z</time>
        <extensions>
          <gpxtpx:TrackPointExtension>
            <gpxtpx:hr>103</gpxtpx:hr>
          </gpxtpx:TrackPointExtension>
        </extensions>
      </trkpt>
      <trkpt lat="34.21678077542439" lon="108.83249607685241">
        <ele>405.93407067190856</ele>
        <time>2025-11-14T04:34:38.900000Z</time>
        <extensions>
          <gpxtpx:TrackPointExtension>
            <gpxtpx:hr>103</gpxtpx:hr>
          </gpxtpx:TrackPointExtension>
        </extensions>
      </trkpt>
      <trkpt lat="34.216768399577234" lon="108.8325001850681">
        <ele>405.8891814686358</ele>
        <time>2025-11-14T04:34:39.900000Z</time>
        <extensions>
          <gpxtpx:TrackPointExtension>
            <gpxtpx:hr>103</gpxtpx:hr>
          </gpxtpx:TrackPointExtension>
        </extensions>
      </trkpt>
      <trkpt lat="34.21675641972796" lon="108.8325036057555">
        <ele>405.83986445888877</ele>
        <time>2025-11-14T04:34:40.900000Z</time>
        <extensions>
          <gpxtpx:TrackPointExtension>
            <gpxtpx:hr>103</gpxtpx:hr>
          </gpxtpx:TrackPointExtension>
        </extensions>
      </trkpt>
      <trkpt lat="34.21674498591949" lon="108.83250605047678">
        <ele>405.7765476331115</ele>
        <time>2025-11-14T04:34:41.900000Z</time>
        <extensions>
          <gpxtpx:TrackPointExtension>
            <gpxtpx:hr>103</gpxtpx:hr>
          </gpxtpx:TrackPointExtension>
        </extensions>
      </trkpt>
      <trkpt lat="34.216733894294634" lon="108.83250750883944">
        <ele>405.7454109909013</ele>
        <time>2025-11-14T04:34:42.900000Z</time>
        <extensions>
          <gpxtpx:TrackPointExtension>
            <gpxtpx:hr>103</gpxtpx:hr>
          </gpxtpx:TrackPointExtension>
        </extensions>
      </trkpt>
      <trkpt lat="34.21672295142131" lon="108.83250838218358">
        <ele>405.70509310252964</ele>
        <time>2025-11-14T04:34:43.900000Z</time>
        <extensions>
          <gpxtpx:TrackPointExtension>
            <gpxtpx:hr>103</gpxtpx:hr>
          </gpxtpx:TrackPointExtension>
        </extensions>
      </trkpt>
      <trkpt lat="34.21671235212063" lon="108.83250908521201">
        <ele>405.675473309122</ele>
        <time>2025-11-14T04:34:44.900000Z</time>
        <extensions>
          <gpxtpx:TrackPointExtension>
            <gpxtpx:hr>103</gpxtpx:hr>
          </gpxtpx:TrackPointExtension>
        </extensions>
      </trkpt>
      <trkpt lat="34.216702187808885" lon="108.8325099712392">
        <ele>405.64364511705935</ele>
        <time>2025-11-14T04:34:45.900000Z</time>
        <extensions>
          <gpxtpx:TrackPointExtension>
            <gpxtpx:hr>103</gpxtpx:hr>
          </gpxtpx:TrackPointExtension>
        </extensions>
      </trkpt>
      <trkpt lat="34.21669219401812" lon="108.83251126311409">
        <ele>405.60841055959463</ele>
        <time>2025-11-14T04:34:46.900000Z</time>
        <extensions>
          <gpxtpx:TrackPointExtension>
            <gpxtpx:hr>103</gpxtpx:hr>
          </gpxtpx:TrackPointExtension>
        </extensions>
      </trkpt>
      <trkpt lat="34.21668208756508" lon="108.83251279706431">
        <ele>405.5826311958954</ele>
        <time>2025-11-14T04:34:47.900000Z</time>
        <extensions>
          <gpxtpx:TrackPointExtension>
            <gpxtpx:hr>105</gpxtpx:hr>
          </gpxtpx:TrackPointExtension>
        </extensions>
      </trkpt>
      <trkpt lat="34.216671337492215" lon="108.83251430600728">
        <ele>405.56918957363814</ele>
        <time>2025-11-14T04:34:48.900000Z</time>
        <extensions>
          <gpxtpx:TrackPointExtension>
            <gpxtpx:hr>105</gpxtpx:hr>
          </gpxtpx:TrackPointExtension>
        </extensions>
      </trkpt>
      <trkpt lat="34.21665998965961" lon="108.83251552691705">
        <ele>405.5644118236378</ele>
        <time>2025-11-14T04:34:49.900000Z</time>
        <extensions>
          <gpxtpx:TrackPointExtension>
            <gpxtpx:hr>105</gpxtpx:hr>
          </gpxtpx:TrackPointExtension>
        </extensions>
      </trkpt>
      <trkpt lat="34.216648717709" lon="108.8325164369882">
        <ele>405.559133133851</ele>
        <time>2025-11-14T04:34:50.900000Z</time>
        <extensions>
          <gpxtpx:TrackPointExtension>
            <gpxtpx:hr>105</gpxtpx:hr>
          </gpxtpx:TrackPointExtension>
        </extensions>
      </trkpt>
      <trkpt lat="34.2166367034035" lon="108.83251748445541">
        <ele>405.56030724942684</ele>
        <time>2025-11-14T04:34:51.900000Z</time>
        <extensions>
          <gpxtpx:TrackPointExtension>
            <gpxtpx:hr>105</gpxtpx:hr>
          </gpxtpx:TrackPointExtension>
        </extensions>
      </trkpt>
      <trkpt lat="34.21662362839659" lon="108.83251898946304">
        <ele>405.5700963679701</ele>
        <time>2025-11-14T04:34:52.900000Z</time>
        <extensions>
          <gpxtpx:TrackPointExtension>
            <gpxtpx:hr>105</gpxtpx:hr>
          </gpxtpx:TrackPointExtension>
        </extensions>
      </trkpt>
      <trkpt lat="34.216610158826505" lon="108.8325212114956">
        <ele>405.59967275708914</ele>
        <time>2025-11-14T04:34:53.900000Z</time>
        <extensions>
          <gpxtpx:TrackPointExtension>
            <gpxtpx:hr>105</gpxtpx:hr>
          </gpxtpx:TrackPointExtension>
        </extensions>
      </trkpt>
      <trkpt lat="34.216596138945434" lon="108.8325243877769">
        <ele>405.6383248018101</ele>
        <time>2025-11-14T04:34:54.900000Z</time>
        <extensions>
          <gpxtpx:TrackPointExtension>
            <gpxtpx:hr>105</gpxtpx:hr>
          </gpxtpx:TrackPointExtension>
        </extensions>
      </trkpt>
      <trkpt lat="34.2165816693368" lon="108.8325283456635">
        <ele>405.70278550777584</ele>
        <time>2025-11-14T04:34:55.900000Z</time>
        <extensions>
          <gpxtpx:TrackPointExtension>
            <gpxtpx:hr>104</gpxtpx:hr>
          </gpxtpx:TrackPointExtension>
        </extensions>
      </trkpt>
      <trkpt lat="34.216567304695545" lon="108.83253295156406">
        <ele>405.7765843011439</ele>
        <time>2025-11-14T04:34:56.900000Z</time>
        <extensions>
          <gpxtpx:TrackPointExtension>
            <gpxtpx:hr>104</gpxtpx:hr>
          </gpxtpx:TrackPointExtension>
        </extensions>
      </trkpt>
      <trkpt lat="34.2165529843238" lon="108.83253783182992">
        <ele>405.834425188601</ele>
        <time>2025-11-14T04:34:57.900000Z</time>
        <extensions>
          <gpxtpx:TrackPointExtension>
            <gpxtpx:hr>104</gpxtpx:hr>
          </gpxtpx:TrackPointExtension>
        </extensions>
      </trkpt>
      <trkpt lat="34.21653859369937" lon="108.83254230163189">
        <ele>405.90289047639817</ele>
        <time>2025-11-14T04:34:58.900000Z</time>
        <extensions>
          <gpxtpx:TrackPointExtension>
            <gpxtpx:hr>104</gpxtpx:hr>
          </gpxtpx:TrackPointExtension>
        </extensions>
      </trkpt>
      <trkpt lat="34.216524336770874" lon="108.83254620048363">
        <ele>405.9696753388271</ele>
        <time>2025-11-14T04:34:59.900000Z</time>
        <extensions>
          <gpxtpx:TrackPointExtension>
            <gpxtpx:hr>104</gpxtpx:hr>
          </gpxtpx:TrackPointExtension>
        </extensions>
      </trkpt>
      <trkpt lat="34.21651059714961" lon="108.8325496633036">
        <ele>406.05199492443353</ele>
        <time>2025-11-14T04:35:00.900000Z</time>
        <extensions>
          <gpxtpx:TrackPointExtension>
            <gpxtpx:hr>104</gpxtpx:hr>
          </gpxtpx:TrackPointExtension>
        </extensions>
      </trkpt>
      <trkpt lat="34.21649704499781" lon="108.83255330103992">
        <ele>406.12128541618586</ele>
        <time>2025-11-14T04:35:01.900000Z</time>
        <extensions>
          <gpxtpx:TrackPointExtension>
            <gpxtpx:hr>104</gpxtpx:hr>
          </gpxtpx:TrackPointExtension>
        </extensions>
      </trkpt>
      <trkpt lat="34.21648326777352" lon="108.83255760241074">
        <ele>406.1766270501539</ele>
        <time>2025-11-14T04:35:02.900000Z</time>
        <extensions>
          <gpxtpx:TrackPointExtension>
            <gpxtpx:hr>104</gpxtpx:hr>
          </gpxtpx:TrackPointExtension>
        </extensions>
      </trkpt>
      <trkpt lat="34.21646924737582" lon="108.8325624430866">
        <ele>406.2242216542363</ele>
        <time>2025-11-14T04:35:03.900000Z</time>
        <extensions>
          <gpxtpx:TrackPointExtension>
            <gpxtpx:hr>104</gpxtpx:hr>
          </gpxtpx:TrackPointExtension>
        </extensions>
      </trkpt>
      <trkpt lat="34.21645512029631" lon="108.83256749978545">
        <ele>406.28406711667776</ele>
        <time>2025-11-14T04:35:04.900000Z</time>
        <extensions>
          <gpxtpx:TrackPointExtension>
            <gpxtpx:hr>105</gpxtpx:hr>
          </gpxtpx:TrackPointExtension>
        </extensions>
      </trkpt>
      <trkpt lat="34.21644112464239" lon="108.83257239264165">
        <ele>406.3599118553102</ele>
        <time>2025-11-14T04:35:05.900000Z</time>
        <extensions>
          <gpxtpx:TrackPointExtension>
            <gpxtpx:hr>105</gpxtpx:hr>
          </gpxtpx:TrackPointExtension>
        </extensions>
      </trkpt>
      <trkpt lat="34.21642748458932" lon="108.83257712995642">
        <ele>406.4388309251517</ele>
        <time>2025-11-14T04:35:06.900000Z</time>
        <extensions>
          <gpxtpx:TrackPointExtension>
            <gpxtpx:hr>105</gpxtpx:hr>
          </gpxtpx:TrackPointExtension>
        </extensions>
      </trkpt>
      <trkpt lat="34.216414160513224" lon="108.83258201447643">
        <ele>406.5161735918373</ele>
        <time>2025-11-14T04:35:07.900000Z</time>
        <extensions>
          <gpxtpx:TrackPointExtension>
            <gpxtpx:hr>105</gpxtpx:hr>
          </gpxtpx:TrackPointExtension>
        </extensions>
      </trkpt>
      <trkpt lat="34.21640145169262" lon="108.83258709333094">
        <ele>406.5924775954336</ele>
        <time>2025-11-14T04:35:08.900000Z</time>
        <extensions>
          <gpxtpx:TrackPointExtension>
            <gpxtpx:hr>105</gpxtpx:hr>
          </gpxtpx:TrackPointExtension>
        </extensions>
      </trkpt>
      <trkpt lat="34.21639010360752" lon="108.83259236229723">
        <ele>406.6607148684561</ele>
        <time>2025-11-14T04:35:09.900000Z</time>
        <extensions>
          <gpxtpx:TrackPointExtension>
            <gpxtpx:hr>105</gpxtpx:hr>
          </gpxtpx:TrackPointExtension>
        </extensions>
      </trkpt>
      <trkpt lat="34.21637963266177" lon="108.83259775725648">
        <ele>406.7310179984197</ele>
        <time>2025-11-14T04:35:10.900000Z</time>
        <extensions>
          <gpxtpx:TrackPointExtension>
            <gpxtpx:hr>105</gpxtpx:hr>
          </gpxtpx:TrackPointExtension>
        </extensions>
      </trkpt>
      <trkpt lat="34.2163689571131" lon="108.83260323349339">
        <ele>406.8050330542028</ele>
        <time>2025-11-14T04:35:11.900000Z</time>
        <extensions>
          <gpxtpx:TrackPointExtension>
            <gpxtpx:hr>105</gpxtpx:hr>
          </gpxtpx:TrackPointExtension>
        </extensions>
      </trkpt>
      <trkpt lat="34.21635783702271" lon="108.83260875632496">
        <ele>406.8636837499216</ele>
        <time>2025-11-14T04:35:12.900000Z</time>
        <extensions>
          <gpxtpx:TrackPointExtension>
            <gpxtpx:hr>105</gpxtpx:hr>
          </gpxtpx:TrackPointExtension>
        </extensions>
      </trkpt>
      <trkpt lat="34.21634658525266" lon="108.83261409578758">
        <ele>406.91356193460524</ele>
        <time>2025-11-14T04:35:13.900000Z</time>
        <extensions>
          <gpxtpx:TrackPointExtension>
            <gpxtpx:hr>105</gpxtpx:hr>
          </gpxtpx:TrackPointExtension>
        </extensions>
      </trkpt>
      <trkpt lat="34.216335375640874" lon="108.83261908300314">
        <ele>406.95807812176645</ele>
        <time>2025-11-14T04:35:14.900000Z</time>
        <extensions>
          <gpxtpx:TrackPointExtension>
            <gpxtpx:hr>105</gpxtpx:hr>
          </gpxtpx:TrackPointExtension>
        </extensions>
      </trkpt>
      <trkpt lat="34.216323901651805" lon="108.832623465102">
        <ele>406.9904028363526</ele>
        <time>2025-11-14T04:35:15.900000Z</time>
        <extensions>
          <gpxtpx:TrackPointExtension>
            <gpxtpx:hr>105</gpxtpx:hr>
          </gpxtpx:TrackPointExtension>
        </extensions>
      </trkpt>
      <trkpt lat="34.216312059209045" lon="108.83262714610633">
        <ele>407.0292150238529</ele>
        <time>2025-11-14T04:35:16.900000Z</time>
        <extensions>
          <gpxtpx:TrackPointExtension>
            <gpxtpx:hr>105</gpxtpx:hr>
          </gpxtpx:TrackPointExtension>
        </extensions>
      </trkpt>
      <trkpt lat="34.21630111366783" lon="108.8326309785501">
        <ele>407.05948920641094</ele>
        <time>2025-11-14T04:35:17.900000Z</time>
        <extensions>
          <gpxtpx:TrackPointExtension>
            <gpxtpx:hr>105</gpxtpx:hr>
          </gpxtpx:TrackPointExtension>
        </extensions>
      </trkpt>
      <trkpt lat="34.21629101466081" lon="108.83263651556302">
        <ele>407.078354999423</ele>
        <time>2025-11-14T04:35:18.900000Z</time>
        <extensions>
          <gpxtpx:TrackPointExtension>
            <gpxtpx:hr>105</gpxtpx:hr>
          </gpxtpx:TrackPointExtension>
        </extensions>
      </trkpt>
      <trkpt lat="34.21628028113661" lon="108.83264400714107">
        <ele>407.0985742537305</ele>
        <time>2025-11-14T04:35:19.900000Z</time>
        <extensions>
          <gpxtpx:TrackPointExtension>
            <gpxtpx:hr>106</gpxtpx:hr>
          </gpxtpx:TrackPointExtension>
        </extensions>
      </trkpt>
      <trkpt lat="34.21626840288976" lon="108.83265210072683">
        <ele>407.1195488134399</ele>
        <time>2025-11-14T04:35:20.900000Z</time>
        <extensions>
          <gpxtpx:TrackPointExtension>
            <gpxtpx:hr>106</gpxtpx:hr>
          </gpxtpx:TrackPointExtension>
        </extensions>
      </trkpt>
      <trkpt lat="34.216255717700996" lon="108.83266037276593">
        <ele>407.13159057311714</ele>
        <time>2025-11-14T04:35:21.900000Z</time>
        <extensions>
          <gpxtpx:TrackPointExtension>
            <gpxtpx:hr>106</gpxtpx:hr>
          </gpxtpx:TrackPointExtension>
        </extensions>
      </trkpt>
      <trkpt lat="34.21624308884028" lon="108.83266863222005">
        <ele>407.1322596380487</ele>
        <time>2025-11-14T04:35:22.900000Z</time>
        <extensions>
          <gpxtpx:TrackPointExtension>
            <gpxtpx:hr>106</gpxtpx:hr>
          </gpxtpx:TrackPointExtension>
        </extensions>
      </trkpt>
      <trkpt lat="34.216230829372044" lon="108.83267588041389">
        <ele>407.12053460720927</ele>
        <time>2025-11-14T04:35:23.900000Z</time>
        <extensions>
          <gpxtpx:TrackPointExtension>
            <gpxtpx:hr>106</gpxtpx:hr>
          </gpxtpx:TrackPointExtension>
        </extensions>
      </trkpt>
      <trkpt lat="34.21621888080315" lon="108.83268149396842">
        <ele>407.1035568471998</ele>
        <time>2025-11-14T04:35:24.900000Z</time>
        <extensions>
          <gpxtpx:TrackPointExtension>
            <gpxtpx:hr>106</gpxtpx:hr>
          </gpxtpx:TrackPointExtension>
        </extensions>
      </trkpt>
      <trkpt lat="34.21620710559946" lon="108.83268554431233">
        <ele>407.0832264367491</ele>
        <time>2025-11-14T04:35:25.900000Z</time>
        <extensions>
          <gpxtpx:TrackPointExtension>
            <gpxtpx:hr>106</gpxtpx:hr>
          </gpxtpx:TrackPointExtension>
        </extensions>
      </trkpt>
      <trkpt lat="34.216194884773856" lon="108.83268827612531">
        <ele>407.0708589181304</ele>
        <time>2025-11-14T04:35:26.900000Z</time>
        <extensions>
          <gpxtpx:TrackPointExtension>
            <gpxtpx:hr>106</gpxtpx:hr>
          </gpxtpx:TrackPointExtension>
        </extensions>
      </trkpt>
      <trkpt lat="34.21618176406303" lon="108.83268992764083">
        <ele>407.063983050175</ele>
        <time>2025-11-14T04:35:27.900000Z</time>
        <extensions>
          <gpxtpx:TrackPointExtension>
            <gpxtpx:hr>106</gpxtpx:hr>
          </gpxtpx:TrackPointExtension>
        </extensions>
      </trkpt>
      <trkpt lat="34.21616876084668" lon="108.83269078578826">
        <ele>407.0522131929174</ele>
        <time>2025-11-14T04:35:28.900000Z</time>
        <extensions>
          <gpxtpx:TrackPointExtension>
            <gpxtpx:hr>106</gpxtpx:hr>
          </gpxtpx:TrackPointExtension>
        </extensions>
      </trkpt>
      <trkpt lat="34.21615710450155" lon="108.83269133977143">
        <ele>407.0192637210712</ele>
        <time>2025-11-14T04:35:29.900000Z</time>
        <extensions>
          <gpxtpx:TrackPointExtension>
            <gpxtpx:hr>106</gpxtpx:hr>
          </gpxtpx:TrackPointExtension>
        </extensions>
      </trkpt>
      <trkpt lat="34.216145468203194" lon="108.83269168230804">
        <ele>406.9914359226823</ele>
        <time>2025-11-14T04:35:30.900000Z</time>
        <extensions>
          <gpxtpx:TrackPointExtension>
            <gpxtpx:hr>106</gpxtpx:hr>
          </gpxtpx:TrackPointExtension>
        </extensions>
      </trkpt>
      <trkpt lat="34.21613283107159" lon="108.83269137705047">
        <ele>406.9488470274955</ele>
        <time>2025-11-14T04:35:31.900000Z</time>
        <extensions>
          <gpxtpx:TrackPointExtension>
            <gpxtpx:hr>113</gpxtpx:hr>
          </gpxtpx:TrackPointExtension>
        </extensions>
      </trkpt>
      <trkpt lat="34.216119720753376" lon="108.83269032975923">
        <ele>406.88523790612817</ele>
        <time>2025-11-14T04:35:32.900000Z</time>
        <extensions>
          <gpxtpx:TrackPointExtension>
            <gpxtpx:hr>113</gpxtpx:hr>
          </gpxtpx:TrackPointExtension>
        </extensions>
      </trkpt>
      <trkpt lat="34.21610610236861" lon="108.83268880872836">
        <ele>406.81710881367326</ele>
        <time>2025-11-14T04:35:33.900000Z</time>
        <extensions>
          <gpxtpx:TrackPointExtension>
            <gpxtpx:hr>113</gpxtpx:hr>
          </gpxtpx:TrackPointExtension>
        </extensions>
      </trkpt>
      <trkpt lat="34.21609203187416" lon="108.83268744760333">
        <ele>406.7668447997421</ele>
        <time>2025-11-14T04:35:34.900000Z</time>
        <extensions>
          <gpxtpx:TrackPointExtension>
            <gpxtpx:hr>113</gpxtpx:hr>
          </gpxtpx:TrackPointExtension>
        </extensions>
      </trkpt>
      <trkpt lat="34.216078420969886" lon="108.83268648285231">
        <ele>406.72087085060775</ele>
        <time>2025-11-14T04:35:35.900000Z</time>
        <extensions>
          <gpxtpx:TrackPointExtension>
            <gpxtpx:hr>113</gpxtpx:hr>
          </gpxtpx:TrackPointExtension>
        </extensions>
      </trkpt>
      <trkpt lat="34.21606575191837" lon="108.83268592252193">
        <ele>406.65237864572555</ele>
        <time>2025-11-14T04:35:36.900000Z</time>
        <extensions>
          <gpxtpx:TrackPointExtension>
            <gpxtpx:hr>113</gpxtpx:hr>
          </gpxtpx:TrackPointExtension>
        </extensions>
      </trkpt>
      <trkpt lat="34.21605372711824" lon="108.83268531687703">
        <ele>406.5812228070572</ele>
        <time>2025-11-14T04:35:37.900000Z</time>
        <extensions>
          <gpxtpx:TrackPointExtension>
            <gpxtpx:hr>113</gpxtpx:hr>
          </gpxtpx:TrackPointExtension>
        </extensions>
      </trkpt>
      <trkpt lat="34.21604128274919" lon="108.83268422733227">
        <ele>406.51536370720714</ele>
        <time>2025-11-14T04:35:38.900000Z</time>
        <extensions>
          <gpxtpx:TrackPointExtension>
            <gpxtpx:hr>113</gpxtpx:hr>
          </gpxtpx:TrackPointExtension>
        </extensions>
      </trkpt>
      <trkpt lat="34.21602789902225" lon="108.83268272895705">
        <ele>406.4486964242533</ele>
        <time>2025-11-14T04:35:39.900000Z</time>
        <extensions>
          <gpxtpx:TrackPointExtension>
            <gpxtpx:hr>113</gpxtpx:hr>
          </gpxtpx:TrackPointExtension>
        </extensions>
      </trkpt>
      <trkpt lat="34.216014940923436" lon="108.83268100872598">
        <ele>406.37805666960776</ele>
        <time>2025-11-14T04:35:40.900000Z</time>
        <extensions>
          <gpxtpx:TrackPointExtension>
            <gpxtpx:hr>113</gpxtpx:hr>
          </gpxtpx:TrackPointExtension>
        </extensions>
      </trkpt>
      <trkpt lat="34.21600248270765" lon="108.83267926434422">
        <ele>406.306928020902</ele>
        <time>2025-11-14T04:35:41.900000Z</time>
        <extensions>
          <gpxtpx:TrackPointExtension>
            <gpxtpx:hr>112</gpxtpx:hr>
          </gpxtpx:TrackPointExtension>
        </extensions>
      </trkpt>
      <trkpt lat="34.21598920317875" lon="108.83267752240197">
        <ele>406.24352099280804</ele>
        <time>2025-11-14T04:35:42.900000Z</time>
        <extensions>
          <gpxtpx:TrackPointExtension>
            <gpxtpx:hr>112</gpxtpx:hr>
          </gpxtpx:TrackPointExtension>
        </extensions>
      </trkpt>
      <trkpt lat="34.21597559704485" lon="108.83267611628293">
        <ele>406.1823197491467</ele>
        <time>2025-11-14T04:35:43.900000Z</time>
        <extensions>
          <gpxtpx:TrackPointExtension>
            <gpxtpx:hr>112</gpxtpx:hr>
          </gpxtpx:TrackPointExtension>
        </extensions>
      </trkpt>
      <trkpt lat="34.215962299318015" lon="108.83267544546133">
        <ele>406.11892708949745</ele>
        <time>2025-11-14T04:35:44.900000Z</time>
        <extensions>
          <gpxtpx:TrackPointExtension>
            <gpxtpx:hr>112</gpxtpx:hr>
          </gpxtpx:TrackPointExtension>
        </extensions>
      </trkpt>
      <trkpt lat="34.21594943468662" lon="108.83267475586787">
        <ele>406.0608493993059</ele>
        <time>2025-11-14T04:35:45.900000Z</time>
        <extensions>
          <gpxtpx:TrackPointExtension>
            <gpxtpx:hr>112</gpxtpx:hr>
          </gpxtpx:TrackPointExtension>
        </extensions>
      </trkpt>
      <trkpt lat="34.2159362900141" lon="108.83267347897689">
        <ele>406.0010109655559</ele>
        <time>2025-11-14T04:35:46.900000Z</time>
        <extensions>
          <gpxtpx:TrackPointExtension>
            <gpxtpx:hr>112</gpxtpx:hr>
          </gpxtpx:TrackPointExtension>
        </extensions>
      </trkpt>
      <trkpt lat="34.215922292997206" lon="108.83267226099785">
        <ele>405.9532657703385</ele>
        <time>2025-11-14T04:35:47.900000Z</time>
        <extensions>
          <gpxtpx:TrackPointExtension>
            <gpxtpx:hr>112</gpxtpx:hr>
          </gpxtpx:TrackPointExtension>
        </extensions>
      </trkpt>
      <trkpt lat="34.21590777873709" lon="108.83267155642412">
        <ele>405.90141285117716</ele>
        <time>2025-11-14T04:35:48.900000Z</time>
        <extensions>
          <gpxtpx:TrackPointExtension>
            <gpxtpx:hr>112</gpxtpx:hr>
          </gpxtpx:TrackPointExtension>
        </extensions>
      </trkpt>
      <trkpt lat="34.21589341915165" lon="108.83267082835775">
        <ele>405.8498657019809</ele>
        <time>2025-11-14T04:35:49.900000Z</time>
        <extensions>
          <gpxtpx:TrackPointExtension>
            <gpxtpx:hr>111</gpxtpx:hr>
          </gpxtpx:TrackPointExtension>
        </extensions>
      </trkpt>
      <trkpt lat="34.21587934563145" lon="108.83266954426742">
        <ele>405.7969525652006</ele>
        <time>2025-11-14T04:35:50.900000Z</time>
        <extensions>
          <gpxtpx:TrackPointExtension>
            <gpxtpx:hr>111</gpxtpx:hr>
          </gpxtpx:TrackPointExtension>
        </extensions>
      </trkpt>
      <trkpt lat="34.21586528994721" lon="108.83266786405298">
        <ele>405.76081272866577</ele>
        <time>2025-11-14T04:35:51.900000Z</time>
        <extensions>
          <gpxtpx:TrackPointExtension>
            <gpxtpx:hr>111</gpxtpx:hr>
          </gpxtpx:TrackPointExtension>
        </extensions>
      </trkpt>
      <trkpt lat="34.21585126020213" lon="108.83266572169339">
        <ele>405.73563062027097</ele>
        <time>2025-11-14T04:35:52.900000Z</time>
        <extensions>
          <gpxtpx:TrackPointExtension>
            <gpxtpx:hr>111</gpxtpx:hr>
          </gpxtpx:TrackPointExtension>
        </extensions>
      </trkpt>
      <trkpt lat="34.21583766195216" lon="108.83266305196035">
        <ele>405.6945265363902</ele>
        <time>2025-11-14T04:35:53.900000Z</time>
        <extensions>
          <gpxtpx:TrackPointExtension>
            <gpxtpx:hr>111</gpxtpx:hr>
          </gpxtpx:TrackPointExtension>
        </extensions>
      </trkpt>
      <trkpt lat="34.21582456701895" lon="108.83266029705801">
        <ele>405.6491363430396</ele>
        <time>2025-11-14T04:35:54.900000Z</time>
        <extensions>
          <gpxtpx:TrackPointExtension>
            <gpxtpx:hr>111</gpxtpx:hr>
          </gpxtpx:TrackPointExtension>
        </extensions>
      </trkpt>
      <trkpt lat="34.2158117351435" lon="108.83265775092669">
        <ele>405.6124643031508</ele>
        <time>2025-11-14T04:35:55.900000Z</time>
        <extensions>
          <gpxtpx:TrackPointExtension>
            <gpxtpx:hr>111</gpxtpx:hr>
          </gpxtpx:TrackPointExtension>
        </extensions>
      </trkpt>
      <trkpt lat="34.21579860744829" lon="108.83265512083229">
        <ele>405.5618370445445</ele>
        <time>2025-11-14T04:35:56.900000Z</time>
        <extensions>
          <gpxtpx:TrackPointExtension>
            <gpxtpx:hr>111</gpxtpx:hr>
          </gpxtpx:TrackPointExtension>
        </extensions>
      </trkpt>
      <trkpt lat="34.21578494192604" lon="108.83265204657707">
        <ele>405.521377786994</ele>
        <time>2025-11-14T04:35:57.900000Z</time>
        <extensions>
          <gpxtpx:TrackPointExtension>
            <gpxtpx:hr>111</gpxtpx:hr>
          </gpxtpx:TrackPointExtension>
        </extensions>
      </trkpt>
      <trkpt lat="34.21577116314033" lon="108.83264839728">
        <ele>405.4886136604473</ele>
        <time>2025-11-14T04:35:58.900000Z</time>
        <extensions>
          <gpxtpx:TrackPointExtension>
            <gpxtpx:hr>111</gpxtpx:hr>
          </gpxtpx:TrackPointExtension>
        </extensions>
      </trkpt>
      <trkpt lat="34.21575756083022" lon="108.8326444914723">
        <ele>405.4497280139476</ele>
        <time>2025-11-14T04:35:59.900000Z</time>
        <extensions>
          <gpxtpx:TrackPointExtension>
            <gpxtpx:hr>109</gpxtpx:hr>
          </gpxtpx:TrackPointExtension>
        </extensions>
      </trkpt>
      <trkpt lat="34.21574435355001" lon="108.832640523168">
        <ele>405.41995728202164</ele>
        <time>2025-11-14T04:36:00.900000Z</time>
        <extensions>
          <gpxtpx:TrackPointExtension>
            <gpxtpx:hr>109</gpxtpx:hr>
          </gpxtpx:TrackPointExtension>
        </extensions>
      </trkpt>
      <trkpt lat="34.215731533306865" lon="108.83263711409634">
        <ele>405.39009999483824</ele>
        <time>2025-11-14T04:36:01.900000Z</time>
        <extensions>
          <gpxtpx:TrackPointExtension>
            <gpxtpx:hr>109</gpxtpx:hr>
          </gpxtpx:TrackPointExtension>
        </extensions>
      </trkpt>
      <trkpt lat="34.215718956454666" lon="108.83263438970545">
        <ele>405.3573880335316</ele>
        <time>2025-11-14T04:36:02.900000Z</time>
        <extensions>
          <gpxtpx:TrackPointExtension>
            <gpxtpx:hr>109</gpxtpx:hr>
          </gpxtpx:TrackPointExtension>
        </extensions>
      </trkpt>
      <trkpt lat="34.215706460092306" lon="108.83263163613012">
        <ele>405.3316994663328</ele>
        <time>2025-11-14T04:36:03.900000Z</time>
        <extensions>
          <gpxtpx:TrackPointExtension>
            <gpxtpx:hr>109</gpxtpx:hr>
          </gpxtpx:TrackPointExtension>
        </extensions>
      </trkpt>
      <trkpt lat="34.21569409437328" lon="108.83262912532582">
        <ele>405.32065241318196</ele>
        <time>2025-11-14T04:36:04.900000Z</time>
        <extensions>
          <gpxtpx:TrackPointExtension>
            <gpxtpx:hr>109</gpxtpx:hr>
          </gpxtpx:TrackPointExtension>
        </extensions>
      </trkpt>
      <trkpt lat="34.2156813166687" lon="108.83262674334921">
        <ele>405.31918672379106</ele>
        <time>2025-11-14T04:36:05.900000Z</time>
        <extensions>
          <gpxtpx:TrackPointExtension>
            <gpxtpx:hr>109</gpxtpx:hr>
          </gpxtpx:TrackPointExtension>
        </extensions>
      </trkpt>
      <trkpt lat="34.21566802209988" lon="108.83262408794276">
        <ele>405.3122124467045</ele>
        <time>2025-11-14T04:36:06.900000Z</time>
        <extensions>
          <gpxtpx:TrackPointExtension>
            <gpxtpx:hr>108</gpxtpx:hr>
          </gpxtpx:TrackPointExtension>
        </extensions>
      </trkpt>
      <trkpt lat="34.21565553571075" lon="108.83262138266574">
        <ele>405.3040412738919</ele>
        <time>2025-11-14T04:36:07.900000Z</time>
        <extensions>
          <gpxtpx:TrackPointExtension>
            <gpxtpx:hr>108</gpxtpx:hr>
          </gpxtpx:TrackPointExtension>
        </extensions>
      </trkpt>
      <trkpt lat="34.21564286350486" lon="108.83261882712527">
        <ele>405.30186424031854</ele>
        <time>2025-11-14T04:36:08.900000Z</time>
        <extensions>
          <gpxtpx:TrackPointExtension>
            <gpxtpx:hr>108</gpxtpx:hr>
          </gpxtpx:TrackPointExtension>
        </extensions>
      </trkpt>
      <trkpt lat="34.21562991517989" lon="108.83261659641342">
        <ele>405.31406737305224</ele>
        <time>2025-11-14T04:36:09.900000Z</time>
        <extensions>
          <gpxtpx:TrackPointExtension>
            <gpxtpx:hr>108</gpxtpx:hr>
          </gpxtpx:TrackPointExtension>
        </extensions>
      </trkpt>
      <trkpt lat="34.21561715788107" lon="108.83261430619588">
        <ele>405.3498147800565</ele>
        <time>2025-11-14T04:36:10.900000Z</time>
        <extensions>
          <gpxtpx:TrackPointExtension>
            <gpxtpx:hr>108</gpxtpx:hr>
          </gpxtpx:TrackPointExtension>
        </extensions>
      </trkpt>
      <trkpt lat="34.21560441173038" lon="108.83261172629388">
        <ele>405.38339307531714</ele>
        <time>2025-11-14T04:36:11.900000Z</time>
        <extensions>
          <gpxtpx:TrackPointExtension>
            <gpxtpx:hr>108</gpxtpx:hr>
          </gpxtpx:TrackPointExtension>
        </extensions>
      </trkpt>
      <trkpt lat="34.215592032399265" lon="108.83260911469249">
        <ele>405.4205828560516</ele>
        <time>2025-11-14T04:36:12.900000Z</time>
        <extensions>
          <gpxtpx:TrackPointExtension>
            <gpxtpx:hr>108</gpxtpx:hr>
          </gpxtpx:TrackPointExtension>
        </extensions>
      </trkpt>
      <trkpt lat="34.21557931078526" lon="108.83260625117096">
        <ele>405.4581058304757</ele>
        <time>2025-11-14T04:36:13.900000Z</time>
        <extensions>
          <gpxtpx:TrackPointExtension>
            <gpxtpx:hr>108</gpxtpx:hr>
          </gpxtpx:TrackPointExtension>
        </extensions>
      </trkpt>
      <trkpt lat="34.215566163742395" lon="108.83260333879456">
        <ele>405.4745394801721</ele>
        <time>2025-11-14T04:36:14.900000Z</time>
        <extensions>
          <gpxtpx:TrackPointExtension>
            <gpxtpx:hr>108</gpxtpx:hr>
          </gpxtpx:TrackPointExtension>
        </extensions>
      </trkpt>
      <trkpt lat="34.21555242526758" lon="108.83260037939199">
        <ele>405.4857224589214</ele>
        <time>2025-11-14T04:36:15.900000Z</time>
        <extensions>
          <gpxtpx:TrackPointExtension>
            <gpxtpx:hr>109</gpxtpx:hr>
          </gpxtpx:TrackPointExtension>
        </extensions>
      </trkpt>
      <trkpt lat="34.21553854877563" lon="108.83259700618952">
        <ele>405.4971222607419</ele>
        <time>2025-11-14T04:36:16.900000Z</time>
        <extensions>
          <gpxtpx:TrackPointExtension>
            <gpxtpx:hr>109</gpxtpx:hr>
          </gpxtpx:TrackPointExtension>
        </extensions>
      </trkpt>
      <trkpt lat="34.21552504804662" lon="108.83259237845535">
        <ele>405.4998440472409</ele>
        <time>2025-11-14T04:36:17.900000Z</time>
        <extensions>
          <gpxtpx:TrackPointExtension>
            <gpxtpx:hr>109</gpxtpx:hr>
          </gpxtpx:TrackPointExtension>
        </extensions>
      </trkpt>
      <trkpt lat="34.21551174558152" lon="108.83258668131307">
        <ele>405.48310828208923</ele>
        <time>2025-11-14T04:36:18.900000Z</time>
        <extensions>
          <gpxtpx:TrackPointExtension>
            <gpxtpx:hr>109</gpxtpx:hr>
          </gpxtpx:TrackPointExtension>
        </extensions>
      </trkpt>
      <trkpt lat="34.21549861318722" lon="108.8325810893919">
        <ele>405.43176381103694</ele>
        <time>2025-11-14T04:36:19.900000Z</time>
        <extensions>
          <gpxtpx:TrackPointExtension>
            <gpxtpx:hr>109</gpxtpx:hr>
          </gpxtpx:TrackPointExtension>
        </extensions>
      </trkpt>
      <trkpt lat="34.215485738217716" lon="108.83257550213229">
        <ele>405.37400714773685</ele>
        <time>2025-11-14T04:36:20.900000Z</time>
        <extensions>
          <gpxtpx:TrackPointExtension>
            <gpxtpx:hr>109</gpxtpx:hr>
          </gpxtpx:TrackPointExtension>
        </extensions>
      </trkpt>
      <trkpt lat="34.215473872266756" lon="108.8325698839507">
        <ele>405.2992974612862</ele>
        <time>2025-11-14T04:36:21.900000Z</time>
        <extensions>
          <gpxtpx:TrackPointExtension>
            <gpxtpx:hr>109</gpxtpx:hr>
          </gpxtpx:TrackPointExtension>
        </extensions>
      </trkpt>
      <trkpt lat="34.21546208106117" lon="108.83256468033457">
        <ele>405.2126361001283</ele>
        <time>2025-11-14T04:36:22.900000Z</time>
        <extensions>
          <gpxtpx:TrackPointExtension>
            <gpxtpx:hr>109</gpxtpx:hr>
          </gpxtpx:TrackPointExtension>
        </extensions>
      </trkpt>
      <trkpt lat="34.21544925788118" lon="108.83255993012332">
        <ele>405.1052480908111</ele>
        <time>2025-11-14T04:36:23.900000Z</time>
        <extensions>
          <gpxtpx:TrackPointExtension>
            <gpxtpx:hr>109</gpxtpx:hr>
          </gpxtpx:TrackPointExtension>
        </extensions>
      </trkpt>
      <trkpt lat="34.21543708230531" lon="108.83255570451965">
        <ele>404.9839264890179</ele>
        <time>2025-11-14T04:36:24.900000Z</time>
        <extensions>
          <gpxtpx:TrackPointExtension>
            <gpxtpx:hr>109</gpxtpx:hr>
          </gpxtpx:TrackPointExtension>
        </extensions>
      </trkpt>
      <trkpt lat="34.21542598410653" lon="108.83255169684926">
        <ele>404.8545449189842</ele>
        <time>2025-11-14T04:36:25.900000Z</time>
        <extensions>
          <gpxtpx:TrackPointExtension>
            <gpxtpx:hr>109</gpxtpx:hr>
          </gpxtpx:TrackPointExtension>
        </extensions>
      </trkpt>
      <trkpt lat="34.215414434120376" lon="108.83254728944034">
        <ele>404.7278813738376</ele>
        <time>2025-11-14T04:36:26.900000Z</time>
        <extensions>
          <gpxtpx:TrackPointExtension>
            <gpxtpx:hr>109</gpxtpx:hr>
          </gpxtpx:TrackPointExtension>
        </extensions>
      </trkpt>
      <trkpt lat="34.21540201038788" lon="108.8325425341772">
        <ele>404.6109119653702</ele>
        <time>2025-11-14T04:36:27.900000Z</time>
        <extensions>
          <gpxtpx:TrackPointExtension>
            <gpxtpx:hr>109</gpxtpx:hr>
          </gpxtpx:TrackPointExtension>
        </extensions>
      </trkpt>
      <trkpt lat="34.215389265765914" lon="108.83253788323987">
        <ele>404.48700157459825</ele>
        <time>2025-11-14T04:36:28.900000Z</time>
        <extensions>
          <gpxtpx:TrackPointExtension>
            <gpxtpx:hr>109</gpxtpx:hr>
          </gpxtpx:TrackPointExtension>
        </extensions>
      </trkpt>
      <trkpt lat="34.21537644675309" lon="108.83253338422821">
        <ele>404.37140637636185</ele>
        <time>2025-11-14T04:36:29.900000Z</time>
        <extensions>
          <gpxtpx:TrackPointExtension>
            <gpxtpx:hr>109</gpxtpx:hr>
          </gpxtpx:TrackPointExtension>
        </extensions>
      </trkpt>
      <trkpt lat="34.21536380669734" lon="108.83252890761025">
        <ele>404.2664298294112</ele>
        <time>2025-11-14T04:36:30.900000Z</time>
        <extensions>
          <gpxtpx:TrackPointExtension>
            <gpxtpx:hr>109</gpxtpx:hr>
          </gpxtpx:TrackPointExtension>
        </extensions>
      </trkpt>
      <trkpt lat="34.21535141230845" lon="108.83252462156663">
        <ele>404.1785972965881</ele>
        <time>2025-11-14T04:36:31.900000Z</time>
        <extensions>
          <gpxtpx:TrackPointExtension>
            <gpxtpx:hr>109</gpxtpx:hr>
          </gpxtpx:TrackPointExtension>
        </extensions>
      </trkpt>
      <trkpt lat="34.21533850306453" lon="108.83252078130387">
        <ele>404.11165157239884</ele>
        <time>2025-11-14T04:36:32.900000Z</time>
        <extensions>
          <gpxtpx:TrackPointExtension>
            <gpxtpx:hr>109</gpxtpx:hr>
          </gpxtpx:TrackPointExtension>
        </extensions>
      </trkpt>
      <trkpt lat="34.2153246584904" lon="108.8325178034542">
        <ele>404.0542904669419</ele>
        <time>2025-11-14T04:36:33.900000Z</time>
        <extensions>
          <gpxtpx:TrackPointExtension>
            <gpxtpx:hr>109</gpxtpx:hr>
          </gpxtpx:TrackPointExtension>
        </extensions>
      </trkpt>
      <trkpt lat="34.21530996914476" lon="108.83251579752559">
        <ele>404.0070685921237</ele>
        <time>2025-11-14T04:36:34.900000Z</time>
        <extensions>
          <gpxtpx:TrackPointExtension>
            <gpxtpx:hr>109</gpxtpx:hr>
          </gpxtpx:TrackPointExtension>
        </extensions>
      </trkpt>
      <trkpt lat="34.215294635276244" lon="108.83251450217564">
        <ele>403.9767501624301</ele>
        <time>2025-11-14T04:36:35.900000Z</time>
        <extensions>
          <gpxtpx:TrackPointExtension>
            <gpxtpx:hr>108</gpxtpx:hr>
          </gpxtpx:TrackPointExtension>
        </extensions>
      </trkpt>
      <trkpt lat="34.215279203700725" lon="108.83251370989483">
        <ele>403.95168791431934</ele>
        <time>2025-11-14T04:36:36.900000Z</time>
        <extensions>
          <gpxtpx:TrackPointExtension>
            <gpxtpx:hr>108</gpxtpx:hr>
          </gpxtpx:TrackPointExtension>
        </extensions>
      </trkpt>
      <trkpt lat="34.21526446186754" lon="108.83251313407503">
        <ele>403.8922516005114</ele>
        <time>2025-11-14T04:36:37.900000Z</time>
        <extensions>
          <gpxtpx:TrackPointExtension>
            <gpxtpx:hr>108</gpxtpx:hr>
          </gpxtpx:TrackPointExtension>
        </extensions>
      </trkpt>
      <trkpt lat="34.21525052043149" lon="108.8325121129801">
        <ele>403.8372757639736</ele>
        <time>2025-11-14T04:36:38.900000Z</time>
        <extensions>
          <gpxtpx:TrackPointExtension>
            <gpxtpx:hr>108</gpxtpx:hr>
          </gpxtpx:TrackPointExtension>
        </extensions>
      </trkpt>
      <trkpt lat="34.215236773946266" lon="108.83251097282884">
        <ele>403.79867269285023</ele>
        <time>2025-11-14T04:36:39.900000Z</time>
        <extensions>
          <gpxtpx:TrackPointExtension>
            <gpxtpx:hr>107</gpxtpx:hr>
          </gpxtpx:TrackPointExtension>
        </extensions>
      </trkpt>
      <trkpt lat="34.215222795524674" lon="108.83251049860687">
        <ele>403.7690318413079</ele>
        <time>2025-11-14T04:36:40.900000Z</time>
        <extensions>
          <gpxtpx:TrackPointExtension>
            <gpxtpx:hr>107</gpxtpx:hr>
          </gpxtpx:TrackPointExtension>
        </extensions>
      </trkpt>
      <trkpt lat="34.21520842098674" lon="108.83251039433019">
        <ele>403.74062290787697</ele>
        <time>2025-11-14T04:36:41.900000Z</time>
        <extensions>
          <gpxtpx:TrackPointExtension>
            <gpxtpx:hr>107</gpxtpx:hr>
          </gpxtpx:TrackPointExtension>
        </extensions>
      </trkpt>
      <trkpt lat="34.21519378684298" lon="108.83251008382314">
        <ele>403.72072436939925</ele>
        <time>2025-11-14T04:36:42.900000Z</time>
        <extensions>
          <gpxtpx:TrackPointExtension>
            <gpxtpx:hr>107</gpxtpx:hr>
          </gpxtpx:TrackPointExtension>
        </extensions>
      </trkpt>
      <trkpt lat="34.21518015758041" lon="108.83250917233532">
        <ele>403.7113085575402</ele>
        <time>2025-11-14T04:36:43.900000Z</time>
        <extensions>
          <gpxtpx:TrackPointExtension>
            <gpxtpx:hr>107</gpxtpx:hr>
          </gpxtpx:TrackPointExtension>
        </extensions>
      </trkpt>
      <trkpt lat="34.215167371574545" lon="108.83250797394655">
        <ele>403.7118396367878</ele>
        <time>2025-11-14T04:36:44.900000Z</time>
        <extensions>
          <gpxtpx:TrackPointExtension>
            <gpxtpx:hr>107</gpxtpx:hr>
          </gpxtpx:TrackPointExtension>
        </extensions>
      </trkpt>
      <trkpt lat="34.215154188806885" lon="108.83250679026905">
        <ele>403.7019229596481</ele>
        <time>2025-11-14T04:36:45.900000Z</time>
        <extensions>
          <gpxtpx:TrackPointExtension>
            <gpxtpx:hr>107</gpxtpx:hr>
          </gpxtpx:TrackPointExtension>
        </extensions>
      </trkpt>
      <trkpt lat="34.215140943277554" lon="108.83250557397729">
        <ele>403.69456918537617</ele>
        <time>2025-11-14T04:36:46.900000Z</time>
        <extensions>
          <gpxtpx:TrackPointExtension>
            <gpxtpx:hr>107</gpxtpx:hr>
          </gpxtpx:TrackPointExtension>
        </extensions>
      </trkpt>
      <trkpt lat="34.215128563643034" lon="108.8325045102485">
        <ele>403.6891763443127</ele>
        <time>2025-11-14T04:36:47.900000Z</time>
        <extensions>
          <gpxtpx:TrackPointExtension>
            <gpxtpx:hr>107</gpxtpx:hr>
          </gpxtpx:TrackPointExtension>
        </extensions>
      </trkpt>
      <trkpt lat="34.215116927599496" lon="108.83250317934898">
        <ele>403.6981201944873</ele>
        <time>2025-11-14T04:36:48.900000Z</time>
        <extensions>
          <gpxtpx:TrackPointExtension>
            <gpxtpx:hr>107</gpxtpx:hr>
          </gpxtpx:TrackPointExtension>
        </extensions>
      </trkpt>
      <trkpt lat="34.21510502754814" lon="108.8325005459543">
        <ele>403.6991614056751</ele>
        <time>2025-11-14T04:36:49.900000Z</time>
        <extensions>
          <gpxtpx:TrackPointExtension>
            <gpxtpx:hr>107</gpxtpx:hr>
          </gpxtpx:TrackPointExtension>
        </extensions>
      </trkpt>
      <trkpt lat="34.21509283387392" lon="108.83249655988223">
        <ele>403.70701693277806</ele>
        <time>2025-11-14T04:36:50.900000Z</time>
        <extensions>
          <gpxtpx:TrackPointExtension>
            <gpxtpx:hr>107</gpxtpx:hr>
          </gpxtpx:TrackPointExtension>
        </extensions>
      </trkpt>
      <trkpt lat="34.215080568784614" lon="108.83249168085393">
        <ele>403.7223649555817</ele>
        <time>2025-11-14T04:36:51.900000Z</time>
        <extensions>
          <gpxtpx:TrackPointExtension>
            <gpxtpx:hr>107</gpxtpx:hr>
          </gpxtpx:TrackPointExtension>
        </extensions>
      </trkpt>
      <trkpt lat="34.21506823498099" lon="108.83248668545616">
        <ele>403.7493842439726</ele>
        <time>2025-11-14T04:36:52.900000Z</time>
        <extensions>
          <gpxtpx:TrackPointExtension>
            <gpxtpx:hr>107</gpxtpx:hr>
          </gpxtpx:TrackPointExtension>
        </extensions>
      </trkpt>
      <trkpt lat="34.215055313639006" lon="108.83248243152516">
        <ele>403.78404675237834</ele>
        <time>2025-11-14T04:36:53.900000Z</time>
        <extensions>
          <gpxtpx:TrackPointExtension>
            <gpxtpx:hr>107</gpxtpx:hr>
          </gpxtpx:TrackPointExtension>
        </extensions>
      </trkpt>
      <trkpt lat="34.21504172893682" lon="108.83247866985332">
        <ele>403.8251212053001</ele>
        <time>2025-11-14T04:36:54.900000Z</time>
        <extensions>
          <gpxtpx:TrackPointExtension>
            <gpxtpx:hr>107</gpxtpx:hr>
          </gpxtpx:TrackPointExtension>
        </extensions>
      </trkpt>
      <trkpt lat="34.21502824743602" lon="108.83247510161851">
        <ele>403.8795679397881</ele>
        <time>2025-11-14T04:36:55.900000Z</time>
        <extensions>
          <gpxtpx:TrackPointExtension>
            <gpxtpx:hr>107</gpxtpx:hr>
          </gpxtpx:TrackPointExtension>
        </extensions>
      </trkpt>
      <trkpt lat="34.215015853692655" lon="108.83247184616424">
        <ele>403.93705645389855</ele>
        <time>2025-11-14T04:36:56.900000Z</time>
        <extensions>
          <gpxtpx:TrackPointExtension>
            <gpxtpx:hr>107</gpxtpx:hr>
          </gpxtpx:TrackPointExtension>
        </extensions>
      </trkpt>
      <trkpt lat="34.21500422665385" lon="108.8324685876438">
        <ele>403.99479205161333</ele>
        <time>2025-11-14T04:36:57.900000Z</time>
        <extensions>
          <gpxtpx:TrackPointExtension>
            <gpxtpx:hr>107</gpxtpx:hr>
          </gpxtpx:TrackPointExtension>
        </extensions>
      </trkpt>
      <trkpt lat="34.214992293104544" lon="108.8324650759261">
        <ele>404.06255495827645</ele>
        <time>2025-11-14T04:36:58.900000Z</time>
        <extensions>
          <gpxtpx:TrackPointExtension>
            <gpxtpx:hr>107</gpxtpx:hr>
          </gpxtpx:TrackPointExtension>
        </extensions>
      </trkpt>
      <trkpt lat="34.21497970534084" lon="108.83246139843425">
        <ele>404.1332664983347</ele>
        <time>2025-11-14T04:36:59.900000Z</time>
        <extensions>
          <gpxtpx:TrackPointExtension>
            <gpxtpx:hr>107</gpxtpx:hr>
          </gpxtpx:TrackPointExtension>
        </extensions>
      </trkpt>
      <trkpt lat="34.214966214591044" lon="108.83245763088765">
        <ele>404.2048418363556</ele>
        <time>2025-11-14T04:37:00.900000Z</time>
        <extensions>
          <gpxtpx:TrackPointExtension>
            <gpxtpx:hr>107</gpxtpx:hr>
          </gpxtpx:TrackPointExtension>
        </extensions>
      </trkpt>
      <trkpt lat="34.21495321182603" lon="108.83245431163041">
        <ele>404.27490347623825</ele>
        <time>2025-11-14T04:37:01.900000Z</time>
        <extensions>
          <gpxtpx:TrackPointExtension>
            <gpxtpx:hr>107</gpxtpx:hr>
          </gpxtpx:TrackPointExtension>
        </extensions>
      </trkpt>
      <trkpt lat="34.21494059950395" lon="108.832451284182">
        <ele>404.35018990933895</ele>
        <time>2025-11-14T04:37:02.900000Z</time>
        <extensions>
          <gpxtpx:TrackPointExtension>
            <gpxtpx:hr>107</gpxtpx:hr>
          </gpxtpx:TrackPointExtension>
        </extensions>
      </trkpt>
      <trkpt lat="34.21492727716887" lon="108.83244747777368">
        <ele>404.43634903337806</ele>
        <time>2025-11-14T04:37:03.900000Z</time>
        <extensions>
          <gpxtpx:TrackPointExtension>
            <gpxtpx:hr>107</gpxtpx:hr>
          </gpxtpx:TrackPointExtension>
        </extensions>
      </trkpt>
      <trkpt lat="34.214913744553726" lon="108.83244264218038">
        <ele>404.51579857058823</ele>
        <time>2025-11-14T04:37:04.900000Z</time>
        <extensions>
          <gpxtpx:TrackPointExtension>
            <gpxtpx:hr>107</gpxtpx:hr>
          </gpxtpx:TrackPointExtension>
        </extensions>
      </trkpt>
      <trkpt lat="34.21490026680375" lon="108.83243734192251">
        <ele>404.59189886413515</ele>
        <time>2025-11-14T04:37:05.900000Z</time>
        <extensions>
          <gpxtpx:TrackPointExtension>
            <gpxtpx:hr>107</gpxtpx:hr>
          </gpxtpx:TrackPointExtension>
        </extensions>
      </trkpt>
      <trkpt lat="34.214886895712375" lon="108.83243201941728">
        <ele>404.67321467772126</ele>
        <time>2025-11-14T04:37:06.900000Z</time>
        <extensions>
          <gpxtpx:TrackPointExtension>
            <gpxtpx:hr>107</gpxtpx:hr>
          </gpxtpx:TrackPointExtension>
        </extensions>
      </trkpt>
      <trkpt lat="34.214873828003086" lon="108.83242673747215">
        <ele>404.76355042494833</ele>
        <time>2025-11-14T04:37:07.900000Z</time>
        <extensions>
          <gpxtpx:TrackPointExtension>
            <gpxtpx:hr>107</gpxtpx:hr>
          </gpxtpx:TrackPointExtension>
        </extensions>
      </trkpt>
      <trkpt lat="34.21486135440296" lon="108.83242143805758">
        <ele>404.8430347731337</ele>
        <time>2025-11-14T04:37:08.900000Z</time>
        <extensions>
          <gpxtpx:TrackPointExtension>
            <gpxtpx:hr>107</gpxtpx:hr>
          </gpxtpx:TrackPointExtension>
        </extensions>
      </trkpt>
      <trkpt lat="34.2148499596822" lon="108.83241699647421">
        <ele>404.90597991552204</ele>
        <time>2025-11-14T04:37:09.900000Z</time>
        <extensions>
          <gpxtpx:TrackPointExtension>
            <gpxtpx:hr>107</gpxtpx:hr>
          </gpxtpx:TrackPointExtension>
        </extensions>
      </trkpt>
      <trkpt lat="34.214838788871546" lon="108.83241292855308">
        <ele>404.9808835843578</ele>
        <time>2025-11-14T04:37:10.900000Z</time>
        <extensions>
          <gpxtpx:TrackPointExtension>
            <gpxtpx:hr>106</gpxtpx:hr>
          </gpxtpx:TrackPointExtension>
        </extensions>
      </trkpt>
      <trkpt lat="34.214827138361585" lon="108.83240805191375">
        <ele>405.0634578457102</ele>
        <time>2025-11-14T04:37:11.900000Z</time>
        <extensions>
          <gpxtpx:TrackPointExtension>
            <gpxtpx:hr>106</gpxtpx:hr>
          </gpxtpx:TrackPointExtension>
        </extensions>
      </trkpt>
      <trkpt lat="34.214815635316675" lon="108.83240259978">
        <ele>405.1421966291964</ele>
        <time>2025-11-14T04:37:12.900000Z</time>
        <extensions>
          <gpxtpx:TrackPointExtension>
            <gpxtpx:hr>106</gpxtpx:hr>
          </gpxtpx:TrackPointExtension>
        </extensions>
      </trkpt>
      <trkpt lat="34.21480473667672" lon="108.8323972203704">
        <ele>405.2142259646207</ele>
        <time>2025-11-14T04:37:13.900000Z</time>
        <extensions>
          <gpxtpx:TrackPointExtension>
            <gpxtpx:hr>106</gpxtpx:hr>
          </gpxtpx:TrackPointExtension>
        </extensions>
      </trkpt>
      <trkpt lat="34.214795044453645" lon="108.83239245963158">
        <ele>405.26898626983166</ele>
        <time>2025-11-14T04:37:14.900000Z</time>
        <extensions>
          <gpxtpx:TrackPointExtension>
            <gpxtpx:hr>106</gpxtpx:hr>
          </gpxtpx:TrackPointExtension>
        </extensions>
      </trkpt>
      <trkpt lat="34.21478612156035" lon="108.83238836999983">
        <ele>405.32437925226986</ele>
        <time>2025-11-14T04:37:15.900000Z</time>
        <extensions>
          <gpxtpx:TrackPointExtension>
            <gpxtpx:hr>106</gpxtpx:hr>
          </gpxtpx:TrackPointExtension>
        </extensions>
      </trkpt>
      <trkpt lat="34.21477663128609" lon="108.8323846198157">
        <ele>405.3554034391418</ele>
        <time>2025-11-14T04:37:16.900000Z</time>
        <extensions>
          <gpxtpx:TrackPointExtension>
            <gpxtpx:hr>107</gpxtpx:hr>
          </gpxtpx:TrackPointExtension>
        </extensions>
      </trkpt>
      <trkpt lat="34.21476574304071" lon="108.8323805610429">
        <ele>405.39186924882233</ele>
        <time>2025-11-14T04:37:17.900000Z</time>
        <extensions>
          <gpxtpx:TrackPointExtension>
            <gpxtpx:hr>107</gpxtpx:hr>
          </gpxtpx:TrackPointExtension>
        </extensions>
      </trkpt>
      <trkpt lat="34.21475350883787" lon="108.83237634577421">
        <ele>405.43038088455796</ele>
        <time>2025-11-14T04:37:18.900000Z</time>
        <extensions>
          <gpxtpx:TrackPointExtension>
            <gpxtpx:hr>107</gpxtpx:hr>
          </gpxtpx:TrackPointExtension>
        </extensions>
      </trkpt>
      <trkpt lat="34.2147411793484" lon="108.83237271619636">
        <ele>405.4763381360099</ele>
        <time>2025-11-14T04:37:19.900000Z</time>
        <extensions>
          <gpxtpx:TrackPointExtension>
            <gpxtpx:hr>107</gpxtpx:hr>
          </gpxtpx:TrackPointExtension>
        </extensions>
      </trkpt>
      <trkpt lat="34.21472980973324" lon="108.83236943155585">
        <ele>405.5118828602135</ele>
        <time>2025-11-14T04:37:20.900000Z</time>
        <extensions>
          <gpxtpx:TrackPointExtension>
            <gpxtpx:hr>107</gpxtpx:hr>
          </gpxtpx:TrackPointExtension>
        </extensions>
      </trkpt>
      <trkpt lat="34.214718625361456" lon="108.83236597507292">
        <ele>405.5570958983153</ele>
        <time>2025-11-14T04:37:21.900000Z</time>
        <extensions>
          <gpxtpx:TrackPointExtension>
            <gpxtpx:hr>107</gpxtpx:hr>
          </gpxtpx:TrackPointExtension>
        </extensions>
      </trkpt>
      <trkpt lat="34.214707018879494" lon="108.83236256634044">
        <ele>405.58992863539606</ele>
        <time>2025-11-14T04:37:22.900000Z</time>
        <extensions>
          <gpxtpx:TrackPointExtension>
            <gpxtpx:hr>107</gpxtpx:hr>
          </gpxtpx:TrackPointExtension>
        </extensions>
      </trkpt>
      <trkpt lat="34.2146946989231" lon="108.83235903267698">
        <ele>405.61974261142313</ele>
        <time>2025-11-14T04:37:23.900000Z</time>
        <extensions>
          <gpxtpx:TrackPointExtension>
            <gpxtpx:hr>107</gpxtpx:hr>
          </gpxtpx:TrackPointExtension>
        </extensions>
      </trkpt>
      <trkpt lat="34.21468158744518" lon="108.83235509032124">
        <ele>405.6426640637219</ele>
        <time>2025-11-14T04:37:24.900000Z</time>
        <extensions>
          <gpxtpx:TrackPointExtension>
            <gpxtpx:hr>107</gpxtpx:hr>
          </gpxtpx:TrackPointExtension>
        </extensions>
      </trkpt>
      <trkpt lat="34.214668000312685" lon="108.83235079889042">
        <ele>405.65539843961596</ele>
        <time>2025-11-14T04:37:25.900000Z</time>
        <extensions>
          <gpxtpx:TrackPointExtension>
            <gpxtpx:hr>107</gpxtpx:hr>
          </gpxtpx:TrackPointExtension>
        </extensions>
      </trkpt>
      <trkpt lat="34.21465500009095" lon="108.83234711038433">
        <ele>405.6689831921831</ele>
        <time>2025-11-14T04:37:26.900000Z</time>
        <extensions>
          <gpxtpx:TrackPointExtension>
            <gpxtpx:hr>106</gpxtpx:hr>
          </gpxtpx:TrackPointExtension>
        </extensions>
      </trkpt>
      <trkpt lat="34.214642644024686" lon="108.83234463435161">
        <ele>405.6946096122265</ele>
        <time>2025-11-14T04:37:27.900000Z</time>
        <extensions>
          <gpxtpx:TrackPointExtension>
            <gpxtpx:hr>106</gpxtpx:hr>
          </gpxtpx:TrackPointExtension>
        </extensions>
      </trkpt>
      <trkpt lat="34.21462935328083" lon="108.83234269822411">
        <ele>405.7222403297201</ele>
        <time>2025-11-14T04:37:28.900000Z</time>
        <extensions>
          <gpxtpx:TrackPointExtension>
            <gpxtpx:hr>106</gpxtpx:hr>
          </gpxtpx:TrackPointExtension>
        </extensions>
      </trkpt>
      <trkpt lat="34.21461519189586" lon="108.83234058870217">
        <ele>405.74446699023247</ele>
        <time>2025-11-14T04:37:29.900000Z</time>
        <extensions>
          <gpxtpx:TrackPointExtension>
            <gpxtpx:hr>106</gpxtpx:hr>
          </gpxtpx:TrackPointExtension>
        </extensions>
      </trkpt>
      <trkpt lat="34.21460153769301" lon="108.83233759378254">
        <ele>405.75988417025656</ele>
        <time>2025-11-14T04:37:30.900000Z</time>
        <extensions>
          <gpxtpx:TrackPointExtension>
            <gpxtpx:hr>106</gpxtpx:hr>
          </gpxtpx:TrackPointExtension>
        </extensions>
      </trkpt>
      <trkpt lat="34.21458832317308" lon="108.83233409774866">
        <ele>405.7742783324793</ele>
        <time>2025-11-14T04:37:31.900000Z</time>
        <extensions>
          <gpxtpx:TrackPointExtension>
            <gpxtpx:hr>106</gpxtpx:hr>
          </gpxtpx:TrackPointExtension>
        </extensions>
      </trkpt>
      <trkpt lat="34.214574819081264" lon="108.83233040441252">
        <ele>405.775029649958</ele>
        <time>2025-11-14T04:37:32.900000Z</time>
        <extensions>
          <gpxtpx:TrackPointExtension>
            <gpxtpx:hr>106</gpxtpx:hr>
          </gpxtpx:TrackPointExtension>
        </extensions>
      </trkpt>
      <trkpt lat="34.21456122835149" lon="108.83232627612804">
        <ele>405.76518249791116</ele>
        <time>2025-11-14T04:37:33.900000Z</time>
        <extensions>
          <gpxtpx:TrackPointExtension>
            <gpxtpx:hr>106</gpxtpx:hr>
          </gpxtpx:TrackPointExtension>
        </extensions>
      </trkpt>
      <trkpt lat="34.21454805371796" lon="108.83232199600937">
        <ele>405.75093220360577</ele>
        <time>2025-11-14T04:37:34.900000Z</time>
        <extensions>
          <gpxtpx:TrackPointExtension>
            <gpxtpx:hr>106</gpxtpx:hr>
          </gpxtpx:TrackPointExtension>
        </extensions>
      </trkpt>
      <trkpt lat="34.2145352319173" lon="108.83231788597313">
        <ele>405.733131499961</ele>
        <time>2025-11-14T04:37:35.900000Z</time>
        <extensions>
          <gpxtpx:TrackPointExtension>
            <gpxtpx:hr>106</gpxtpx:hr>
          </gpxtpx:TrackPointExtension>
        </extensions>
      </trkpt>
      <trkpt lat="34.214522253866356" lon="108.83231378963465">
        <ele>405.69914221484214</ele>
        <time>2025-11-14T04:37:36.900000Z</time>
        <extensions>
          <gpxtpx:TrackPointExtension>
            <gpxtpx:hr>106</gpxtpx:hr>
          </gpxtpx:TrackPointExtension>
        </extensions>
      </trkpt>
      <trkpt lat="34.21450912080783" lon="108.83230967498217">
        <ele>405.6441443422809</ele>
        <time>2025-11-14T04:37:37.900000Z</time>
        <extensions>
          <gpxtpx:TrackPointExtension>
            <gpxtpx:hr>106</gpxtpx:hr>
          </gpxtpx:TrackPointExtension>
        </extensions>
      </trkpt>
      <trkpt lat="34.214495951906244" lon="108.83230546968547">
        <ele>405.5844275280833</ele>
        <time>2025-11-14T04:37:38.900000Z</time>
        <extensions>
          <gpxtpx:TrackPointExtension>
            <gpxtpx:hr>106</gpxtpx:hr>
          </gpxtpx:TrackPointExtension>
        </extensions>
      </trkpt>
      <trkpt lat="34.21448348740739" lon="108.83230099278758">
        <ele>405.50108416285366</ele>
        <time>2025-11-14T04:37:39.900000Z</time>
        <extensions>
          <gpxtpx:TrackPointExtension>
            <gpxtpx:hr>106</gpxtpx:hr>
          </gpxtpx:TrackPointExtension>
        </extensions>
      </trkpt>
      <trkpt lat="34.21447145073428" lon="108.83229597340367">
        <ele>405.40432453528047</ele>
        <time>2025-11-14T04:37:40.900000Z</time>
        <extensions>
          <gpxtpx:TrackPointExtension>
            <gpxtpx:hr>106</gpxtpx:hr>
          </gpxtpx:TrackPointExtension>
        </extensions>
      </trkpt>
      <trkpt lat="34.214459064906194" lon="108.83229072206292">
        <ele>405.29769855644554</ele>
        <time>2025-11-14T04:37:41.900000Z</time>
        <extensions>
          <gpxtpx:TrackPointExtension>
            <gpxtpx:hr>106</gpxtpx:hr>
          </gpxtpx:TrackPointExtension>
        </extensions>
      </trkpt>
      <trkpt lat="34.21444653282854" lon="108.83228601917537">
        <ele>405.1855392633006</ele>
        <time>2025-11-14T04:37:42.900000Z</time>
        <extensions>
          <gpxtpx:TrackPointExtension>
            <gpxtpx:hr>106</gpxtpx:hr>
          </gpxtpx:TrackPointExtension>
        </extensions>
      </trkpt>
      <trkpt lat="34.21443385359903" lon="108.83228188136378">
        <ele>405.07381738256663</ele>
        <time>2025-11-14T04:37:43.900000Z</time>
        <extensions>
          <gpxtpx:TrackPointExtension>
            <gpxtpx:hr>106</gpxtpx:hr>
          </gpxtpx:TrackPointExtension>
        </extensions>
      </trkpt>
      <trkpt lat="34.21442133440776" lon="108.83227828444595">
        <ele>404.9467733716592</ele>
        <time>2025-11-14T04:37:44.900000Z</time>
        <extensions>
          <gpxtpx:TrackPointExtension>
            <gpxtpx:hr>106</gpxtpx:hr>
          </gpxtpx:TrackPointExtension>
        </extensions>
      </trkpt>
      <trkpt lat="34.21440913301069" lon="108.83227472861351">
        <ele>404.8236812222749</ele>
        <time>2025-11-14T04:37:45.900000Z</time>
        <extensions>
          <gpxtpx:TrackPointExtension>
            <gpxtpx:hr>106</gpxtpx:hr>
          </gpxtpx:TrackPointExtension>
        </extensions>
      </trkpt>
      <trkpt lat="34.214397710110724" lon="108.83227093296794">
        <ele>404.70296628400683</ele>
        <time>2025-11-14T04:37:46.900000Z</time>
        <extensions>
          <gpxtpx:TrackPointExtension>
            <gpxtpx:hr>106</gpxtpx:hr>
          </gpxtpx:TrackPointExtension>
        </extensions>
      </trkpt>
      <trkpt lat="34.214386865642304" lon="108.83226728464444">
        <ele>404.6070930538699</ele>
        <time>2025-11-14T04:37:47.900000Z</time>
        <extensions>
          <gpxtpx:TrackPointExtension>
            <gpxtpx:hr>106</gpxtpx:hr>
          </gpxtpx:TrackPointExtension>
        </extensions>
      </trkpt>
      <trkpt lat="34.214375791826626" lon="108.83226326673477">
        <ele>404.526096672751</ele>
        <time>2025-11-14T04:37:48.900000Z</time>
        <extensions>
          <gpxtpx:TrackPointExtension>
            <gpxtpx:hr>106</gpxtpx:hr>
          </gpxtpx:TrackPointExtension>
        </extensions>
      </trkpt>
      <trkpt lat="34.214364059938134" lon="108.83225849583626">
        <ele>404.4462704099715</ele>
        <time>2025-11-14T04:37:49.900000Z</time>
        <extensions>
          <gpxtpx:TrackPointExtension>
            <gpxtpx:hr>106</gpxtpx:hr>
          </gpxtpx:TrackPointExtension>
        </extensions>
      </trkpt>
      <trkpt lat="34.21435130253026" lon="108.83225360909387">
        <ele>404.3772033499554</ele>
        <time>2025-11-14T04:37:50.900000Z</time>
        <extensions>
          <gpxtpx:TrackPointExtension>
            <gpxtpx:hr>106</gpxtpx:hr>
          </gpxtpx:TrackPointExtension>
        </extensions>
      </trkpt>
      <trkpt lat="34.214337782774024" lon="108.8322491474622">
        <ele>404.33035244233906</ele>
        <time>2025-11-14T04:37:51.900000Z</time>
        <extensions>
          <gpxtpx:TrackPointExtension>
            <gpxtpx:hr>106</gpxtpx:hr>
          </gpxtpx:TrackPointExtension>
        </extensions>
      </trkpt>
      <trkpt lat="34.214323710853165" lon="108.83224471247863">
        <ele>404.3083503190428</ele>
        <time>2025-11-14T04:37:52.900000Z</time>
        <extensions>
          <gpxtpx:TrackPointExtension>
            <gpxtpx:hr>106</gpxtpx:hr>
          </gpxtpx:TrackPointExtension>
        </extensions>
      </trkpt>
      <trkpt lat="34.21430947747278" lon="108.83223995756785">
        <ele>404.2951741646975</ele>
        <time>2025-11-14T04:37:53.900000Z</time>
        <extensions>
          <gpxtpx:TrackPointExtension>
            <gpxtpx:hr>106</gpxtpx:hr>
          </gpxtpx:TrackPointExtension>
        </extensions>
      </trkpt>
      <trkpt lat="34.214295421826655" lon="108.83223559332552">
        <ele>404.2967657465488</ele>
        <time>2025-11-14T04:37:54.900000Z</time>
        <extensions>
          <gpxtpx:TrackPointExtension>
            <gpxtpx:hr>106</gpxtpx:hr>
          </gpxtpx:TrackPointExtension>
        </extensions>
      </trkpt>
      <trkpt lat="34.214281645130185" lon="108.83223205739509">
        <ele>404.3163796579465</ele>
        <time>2025-11-14T04:37:55.900000Z</time>
        <extensions>
          <gpxtpx:TrackPointExtension>
            <gpxtpx:hr>106</gpxtpx:hr>
          </gpxtpx:TrackPointExtension>
        </extensions>
      </trkpt>
      <trkpt lat="34.21426819968397" lon="108.83222921084703">
        <ele>404.35595997422934</ele>
        <time>2025-11-14T04:37:56.900000Z</time>
        <extensions>
          <gpxtpx:TrackPointExtension>
            <gpxtpx:hr>106</gpxtpx:hr>
          </gpxtpx:TrackPointExtension>
        </extensions>
      </trkpt>
      <trkpt lat="34.21425467590083" lon="108.83222698551795">
        <ele>404.4218829125166</ele>
        <time>2025-11-14T04:37:57.900000Z</time>
        <extensions>
          <gpxtpx:TrackPointExtension>
            <gpxtpx:hr>106</gpxtpx:hr>
          </gpxtpx:TrackPointExtension>
        </extensions>
      </trkpt>
      <trkpt lat="34.21424093719898" lon="108.83222551678574">
        <ele>404.5086514679715</ele>
        <time>2025-11-14T04:37:58.900000Z</time>
        <extensions>
          <gpxtpx:TrackPointExtension>
            <gpxtpx:hr>106</gpxtpx:hr>
          </gpxtpx:TrackPointExtension>
        </extensions>
      </trkpt>
      <trkpt lat="34.214226956487714" lon="108.83222380289841">
        <ele>404.606568868272</ele>
        <time>2025-11-14T04:37:59.900000Z</time>
        <extensions>
          <gpxtpx:TrackPointExtension>
            <gpxtpx:hr>106</gpxtpx:hr>
          </gpxtpx:TrackPointExtension>
        </extensions>
      </trkpt>
      <trkpt lat="34.214212792187986" lon="108.83222113741853">
        <ele>404.72570728417486</ele>
        <time>2025-11-14T04:38:00.900000Z</time>
        <extensions>
          <gpxtpx:TrackPointExtension>
            <gpxtpx:hr>107</gpxtpx:hr>
          </gpxtpx:TrackPointExtension>
        </extensions>
      </trkpt>
      <trkpt lat="34.21419933883516" lon="108.83221749657788">
        <ele>404.86776652373374</ele>
        <time>2025-11-14T04:38:01.900000Z</time>
        <extensions>
          <gpxtpx:TrackPointExtension>
            <gpxtpx:hr>107</gpxtpx:hr>
          </gpxtpx:TrackPointExtension>
        </extensions>
      </trkpt>
      <trkpt lat="34.21418680952091" lon="108.83221298566576">
        <ele>405.01428207196295</ele>
        <time>2025-11-14T04:38:02.900000Z</time>
        <extensions>
          <gpxtpx:TrackPointExtension>
            <gpxtpx:hr>107</gpxtpx:hr>
          </gpxtpx:TrackPointExtension>
        </extensions>
      </trkpt>
      <trkpt lat="34.214174135731746" lon="108.83220775196001">
        <ele>405.16219424735755</ele>
        <time>2025-11-14T04:38:03.900000Z</time>
        <extensions>
          <gpxtpx:TrackPointExtension>
            <gpxtpx:hr>107</gpxtpx:hr>
          </gpxtpx:TrackPointExtension>
        </extensions>
      </trkpt>
      <trkpt lat="34.21416162579093" lon="108.83220226715486">
        <ele>405.32072974648327</ele>
        <time>2025-11-14T04:38:04.900000Z</time>
        <extensions>
          <gpxtpx:TrackPointExtension>
            <gpxtpx:hr>107</gpxtpx:hr>
          </gpxtpx:TrackPointExtension>
        </extensions>
      </trkpt>
      <trkpt lat="34.2141497720575" lon="108.83219664561847">
        <ele>405.4922913406044</ele>
        <time>2025-11-14T04:38:05.900000Z</time>
        <extensions>
          <gpxtpx:TrackPointExtension>
            <gpxtpx:hr>107</gpxtpx:hr>
          </gpxtpx:TrackPointExtension>
        </extensions>
      </trkpt>
      <trkpt lat="34.21413873785421" lon="108.83219095046945">
        <ele>405.67146990355104</ele>
        <time>2025-11-14T04:38:06.900000Z</time>
        <extensions>
          <gpxtpx:TrackPointExtension>
            <gpxtpx:hr>107</gpxtpx:hr>
          </gpxtpx:TrackPointExtension>
        </extensions>
      </trkpt>
      <trkpt lat="34.214128679451456" lon="108.83218539181544">
        <ele>405.8561357911676</ele>
        <time>2025-11-14T04:38:07.900000Z</time>
        <extensions>
          <gpxtpx:TrackPointExtension>
            <gpxtpx:hr>106</gpxtpx:hr>
          </gpxtpx:TrackPointExtension>
        </extensions>
      </trkpt>
      <trkpt lat="34.214118540336635" lon="108.83218052860222">
        <ele>406.04216697532684</ele>
        <time>2025-11-14T04:38:08.900000Z</time>
        <extensions>
          <gpxtpx:TrackPointExtension>
            <gpxtpx:hr>106</gpxtpx:hr>
          </gpxtpx:TrackPointExtension>
        </extensions>
      </trkpt>
      <trkpt lat="34.21410713140291" lon="108.83217659938354">
        <ele>406.23878563195467</ele>
        <time>2025-11-14T04:38:09.900000Z</time>
        <extensions>
          <gpxtpx:TrackPointExtension>
            <gpxtpx:hr>106</gpxtpx:hr>
          </gpxtpx:TrackPointExtension>
        </extensions>
      </trkpt>
      <trkpt lat="34.21409461503829" lon="108.83217313200784">
        <ele>406.45677722990513</ele>
        <time>2025-11-14T04:38:10.900000Z</time>
        <extensions>
          <gpxtpx:TrackPointExtension>
            <gpxtpx:hr>106</gpxtpx:hr>
          </gpxtpx:TrackPointExtension>
        </extensions>
      </trkpt>
      <trkpt lat="34.21408223553518" lon="108.8321698322649">
        <ele>406.68645251262933</ele>
        <time>2025-11-14T04:38:11.900000Z</time>
        <extensions>
          <gpxtpx:TrackPointExtension>
            <gpxtpx:hr>106</gpxtpx:hr>
          </gpxtpx:TrackPointExtension>
        </extensions>
      </trkpt>
      <trkpt lat="34.2140709018909" lon="108.83216643648747">
        <ele>406.9451054818928</ele>
        <time>2025-11-14T04:38:12.900000Z</time>
        <extensions>
          <gpxtpx:TrackPointExtension>
            <gpxtpx:hr>106</gpxtpx:hr>
          </gpxtpx:TrackPointExtension>
        </extensions>
      </trkpt>
      <trkpt lat="34.214060679081626" lon="108.8321631448729">
        <ele>407.1622463008389</ele>
        <time>2025-11-14T04:38:13.900000Z</time>
        <extensions>
          <gpxtpx:TrackPointExtension>
            <gpxtpx:hr>106</gpxtpx:hr>
          </gpxtpx:TrackPointExtension>
        </extensions>
      </trkpt>
      <trkpt lat="34.2140505791452" lon="108.83215976170247">
        <ele>407.3567451182753</ele>
        <time>2025-11-14T04:38:14.900000Z</time>
        <extensions>
          <gpxtpx:TrackPointExtension>
            <gpxtpx:hr>106</gpxtpx:hr>
          </gpxtpx:TrackPointExtension>
        </extensions>
      </trkpt>
      <trkpt lat="34.21404014557785" lon="108.83215597965746">
        <ele>407.54426777828485</ele>
        <time>2025-11-14T04:38:15.900000Z</time>
        <extensions>
          <gpxtpx:TrackPointExtension>
            <gpxtpx:hr>105</gpxtpx:hr>
          </gpxtpx:TrackPointExtension>
        </extensions>
      </trkpt>
      <trkpt lat="34.214029776030436" lon="108.83215206398599">
        <ele>407.7463497631252</ele>
        <time>2025-11-14T04:38:16.900000Z</time>
        <extensions>
          <gpxtpx:TrackPointExtension>
            <gpxtpx:hr>105</gpxtpx:hr>
          </gpxtpx:TrackPointExtension>
        </extensions>
      </trkpt>
      <trkpt lat="34.214019591280426" lon="108.8321482243503">
        <ele>407.94660946913064</ele>
        <time>2025-11-14T04:38:17.900000Z</time>
        <extensions>
          <gpxtpx:TrackPointExtension>
            <gpxtpx:hr>105</gpxtpx:hr>
          </gpxtpx:TrackPointExtension>
        </extensions>
      </trkpt>
      <trkpt lat="34.214009478322474" lon="108.83214435650956">
        <ele>408.1517513161525</ele>
        <time>2025-11-14T04:38:18.900000Z</time>
        <extensions>
          <gpxtpx:TrackPointExtension>
            <gpxtpx:hr>105</gpxtpx:hr>
          </gpxtpx:TrackPointExtension>
        </extensions>
      </trkpt>
      <trkpt lat="34.213998785072846" lon="108.83214048842572">
        <ele>408.3622641339898</ele>
        <time>2025-11-14T04:38:19.900000Z</time>
        <extensions>
          <gpxtpx:TrackPointExtension>
            <gpxtpx:hr>105</gpxtpx:hr>
          </gpxtpx:TrackPointExtension>
        </extensions>
      </trkpt>
      <trkpt lat="34.21398719512809" lon="108.83213674196512">
        <ele>408.5487451804802</ele>
        <time>2025-11-14T04:38:20.900000Z</time>
        <extensions>
          <gpxtpx:TrackPointExtension>
            <gpxtpx:hr>105</gpxtpx:hr>
          </gpxtpx:TrackPointExtension>
        </extensions>
      </trkpt>
      <trkpt lat="34.213975422382504" lon="108.83213293065299">
        <ele>408.73037106730044</ele>
        <time>2025-11-14T04:38:21.900000Z</time>
        <extensions>
          <gpxtpx:TrackPointExtension>
            <gpxtpx:hr>105</gpxtpx:hr>
          </gpxtpx:TrackPointExtension>
        </extensions>
      </trkpt>
      <trkpt lat="34.21396392054188" lon="108.83212914554232">
        <ele>408.91340274736285</ele>
        <time>2025-11-14T04:38:22.900000Z</time>
        <extensions>
          <gpxtpx:TrackPointExtension>
            <gpxtpx:hr>105</gpxtpx:hr>
          </gpxtpx:TrackPointExtension>
        </extensions>
      </trkpt>
      <trkpt lat="34.21395326106836" lon="108.83212566464648">
        <ele>409.08177796564996</ele>
        <time>2025-11-14T04:38:23.900000Z</time>
        <extensions>
          <gpxtpx:TrackPointExtension>
            <gpxtpx:hr>105</gpxtpx:hr>
          </gpxtpx:TrackPointExtension>
        </extensions>
      </trkpt>
      <trkpt lat="34.21394289966792" lon="108.83212222724498">
        <ele>409.2313384078443</ele>
        <time>2025-11-14T04:38:24.900000Z</time>
        <extensions>
          <gpxtpx:TrackPointExtension>
            <gpxtpx:hr>105</gpxtpx:hr>
          </gpxtpx:TrackPointExtension>
        </extensions>
      </trkpt>
      <trkpt lat="34.21393170663222" lon="108.83211848428328">
        <ele>409.37904543988407</ele>
        <time>2025-11-14T04:38:25.900000Z</time>
        <extensions>
          <gpxtpx:TrackPointExtension>
            <gpxtpx:hr>105</gpxtpx:hr>
          </gpxtpx:TrackPointExtension>
        </extensions>
      </trkpt>
      <trkpt lat="34.21391963203512" lon="108.83211478386164">
        <ele>409.5175874941051</ele>
        <time>2025-11-14T04:38:26.900000Z</time>
        <extensions>
          <gpxtpx:TrackPointExtension>
            <gpxtpx:hr>105</gpxtpx:hr>
          </gpxtpx:TrackPointExtension>
        </extensions>
      </trkpt>
      <trkpt lat="34.21390692861741" lon="108.83211136629774">
        <ele>409.6467168852687</ele>
        <time>2025-11-14T04:38:27.900000Z</time>
      </trkpt>
      <trkpt lat="34.213893830498314" lon="108.83210802359997">
        <ele>409.7546711182222</ele>
        <time>2025-11-14T04:38:28.900000Z</time>
      </trkpt>
      <trkpt lat="34.21388078224432" lon="108.83210473824825">
        <ele>409.8512353301048</ele>
        <time>2025-11-14T04:38:29.900000Z</time>
      </trkpt>
      <trkpt lat="34.213868502375085" lon="108.83210171032185">
        <ele>409.9275383967906</ele>
        <time>2025-11-14T04:38:30.900000Z</time>
      </trkpt>
      <trkpt lat="34.21385716572337" lon="108.83209897480916">
        <ele>409.9896072037518</ele>
        <time>2025-11-14T04:38:31.900000Z</time>
      </trkpt>
      <trkpt lat="34.213846301405944" lon="108.83209643331591">
        <ele>410.0309288511053</ele>
        <time>2025-11-14T04:38:32.900000Z</time>
      </trkpt>
      <trkpt lat="34.21383589685253" lon="108.83209373883707">
        <ele>410.05887023359537</ele>
        <time>2025-11-14T04:38:33.900000Z</time>
      </trkpt>
      <trkpt lat="34.21382652842493" lon="108.83209112027643">
        <ele>410.07787385582924</ele>
        <time>2025-11-14T04:38:34.900000Z</time>
      </trkpt>
      <trkpt lat="34.213817679975705" lon="108.83208929946629">
        <ele>410.08404388371855</ele>
        <time>2025-11-14T04:38:35.900000Z</time>
      </trkpt>
      <trkpt lat="34.21380932858947" lon="108.83208943300907">
        <ele>410.071830580011</ele>
        <time>2025-11-14T04:38:36.900000Z</time>
      </trkpt>
      <trkpt lat="34.213802644371974" lon="108.83209304480371">
        <ele>410.0426507284865</ele>
        <time>2025-11-14T04:38:37.900000Z</time>
      </trkpt>
      <trkpt lat="34.2137976656888" lon="108.83210062909384">
        <ele>410.00795122329146</ele>
        <time>2025-11-14T04:38:38.900000Z</time>
      </trkpt>
      <trkpt lat="34.21379411123555" lon="108.83211156719092">
        <ele>409.9746391084045</ele>
        <time>2025-11-14T04:38:39.900000Z</time>
      </trkpt>
      <trkpt lat="34.21379149849608" lon="108.83212595360884">
        <ele>409.9252136647701</ele>
        <time>2025-11-14T04:38:40.900000Z</time>
      </trkpt>
      <trkpt lat="34.213789064695696" lon="108.83214207201267">
        <ele>409.8794657466933</ele>
        <time>2025-11-14T04:38:41.900000Z</time>
      </trkpt>
      <trkpt lat="34.213786560970426" lon="108.83215811860376">
        <ele>409.82617960870266</ele>
        <time>2025-11-14T04:38:42.900000Z</time>
      </trkpt>
      <trkpt lat="34.213783843869784" lon="108.83217399926494">
        <ele>409.7648248039186</ele>
        <time>2025-11-14T04:38:43.900000Z</time>
      </trkpt>
      <trkpt lat="34.213780849565" lon="108.83218971654509">
        <ele>409.69550276361406</ele>
        <time>2025-11-14T04:38:44.900000Z</time>
      </trkpt>
      <trkpt lat="34.21377775826795" lon="108.83220518850425">
        <ele>409.6304536666721</ele>
        <time>2025-11-14T04:38:45.900000Z</time>
      </trkpt>
      <trkpt lat="34.21377494408073" lon="108.83222032668054">
        <ele>409.5589502360672</ele>
        <time>2025-11-14T04:38:46.900000Z</time>
      </trkpt>
      <trkpt lat="34.21377226242611" lon="108.83223515142895">
        <ele>409.48853750992566</ele>
        <time>2025-11-14T04:38:47.900000Z</time>
      </trkpt>
      <trkpt lat="34.21376937726521" lon="108.83224992497257">
        <ele>409.4153719889</ele>
        <time>2025-11-14T04:38:48.900000Z</time>
      </trkpt>
      <trkpt lat="34.213766154927534" lon="108.83226475955597">
        <ele>409.34542510285974</ele>
        <time>2025-11-14T04:38:49.900000Z</time>
      </trkpt>
      <trkpt lat="34.21376228528716" lon="108.83227939898782">
        <ele>409.2639290140942</ele>
        <time>2025-11-14T04:38:50.900000Z</time>
      </trkpt>
      <trkpt lat="34.21375749178896" lon="108.83229361504686">
        <ele>409.19500090461224</ele>
        <time>2025-11-14T04:38:51.900000Z</time>
      </trkpt>
      <trkpt lat="34.213752347040256" lon="108.83230754111062">
        <ele>409.125015839003</ele>
        <time>2025-11-14T04:38:52.900000Z</time>
      </trkpt>
      <trkpt lat="34.21374773338226" lon="108.83232166989622">
        <ele>409.0673948833719</ele>
        <time>2025-11-14T04:38:53.900000Z</time>
      </trkpt>
      <trkpt lat="34.213744000243274" lon="108.83233598890611">
        <ele>409.0155790038407</ele>
        <time>2025-11-14T04:38:54.900000Z</time>
      </trkpt>
      <trkpt lat="34.21374101334065" lon="108.83234993963683">
        <ele>408.9657489126548</ele>
        <time>2025-11-14T04:38:55.900000Z</time>
      </trkpt>
      <trkpt lat="34.21373874116223" lon="108.83236397153712">
        <ele>408.91766209248453</ele>
        <time>2025-11-14T04:38:56.900000Z</time>
      </trkpt>
      <trkpt lat="34.213736911367164" lon="108.83237870947289">
        <ele>408.8731896514073</ele>
        <time>2025-11-14T04:38:57.900000Z</time>
      </trkpt>
      <trkpt lat="34.21373489950686" lon="108.83239378560327">
        <ele>408.83877678681165</ele>
        <time>2025-11-14T04:38:58.900000Z</time>
      </trkpt>
      <trkpt lat="34.21373245426511" lon="108.83240906531762">
        <ele>408.810223672539</ele>
        <time>2025-11-14T04:38:59.900000Z</time>
      </trkpt>
      <trkpt lat="34.21372989533067" lon="108.83242441655406">
        <ele>408.7728234222159</ele>
        <time>2025-11-14T04:39:00.900000Z</time>
      </trkpt>
      <trkpt lat="34.21372691219674" lon="108.8324394769616">
        <ele>408.7085885107517</ele>
        <time>2025-11-14T04:39:01.900000Z</time>
      </trkpt>
      <trkpt lat="34.21372306957826" lon="108.83245430385197">
        <ele>408.65722528938204</ele>
        <time>2025-11-14T04:39:02.900000Z</time>
      </trkpt>
      <trkpt lat="34.213718389090765" lon="108.8324689910455">
        <ele>408.60793116129935</ele>
        <time>2025-11-14T04:39:03.900000Z</time>
      </trkpt>
      <trkpt lat="34.21371309217185" lon="108.83248332887047">
        <ele>408.55459612607956</ele>
        <time>2025-11-14T04:39:04.900000Z</time>
      </trkpt>
      <trkpt lat="34.21370736132389" lon="108.83249715434897">
        <ele>408.5350608434528</ele>
        <time>2025-11-14T04:39:05.900000Z</time>
      </trkpt>
      <trkpt lat="34.21370132313023" lon="108.83251094208673">
        <ele>408.5026187254116</ele>
        <time>2025-11-14T04:39:06.900000Z</time>
      </trkpt>
      <trkpt lat="34.21369515334215" lon="108.83252480927509">
        <ele>408.46445959061384</ele>
        <time>2025-11-14T04:39:07.900000Z</time>
      </trkpt>
      <trkpt lat="34.21368879237246" lon="108.83253872718326">
        <ele>408.4248201381415</ele>
        <time>2025-11-14T04:39:08.900000Z</time>
      </trkpt>
      <trkpt lat="34.21368208083206" lon="108.83255232128606">
        <ele>408.36761401500553</ele>
        <time>2025-11-14T04:39:09.900000Z</time>
      </trkpt>
      <trkpt lat="34.213674805748745" lon="108.83256485963386">
        <ele>408.3214602265507</ele>
        <time>2025-11-14T04:39:10.900000Z</time>
      </trkpt>
      <trkpt lat="34.213666987359204" lon="108.83257686034544">
        <ele>408.274409186095</ele>
        <time>2025-11-14T04:39:11.900000Z</time>
      </trkpt>
      <trkpt lat="34.2136589970166" lon="108.8325893454881">
        <ele>408.2342628557235</ele>
        <time>2025-11-14T04:39:12.900000Z</time>
      </trkpt>
      <trkpt lat="34.213651296906754" lon="108.83260225232769">
        <ele>408.1956417243928</ele>
        <time>2025-11-14T04:39:13.900000Z</time>
      </trkpt>
      <trkpt lat="34.21364352751239" lon="108.8326150123427">
        <ele>408.16780480276793</ele>
        <time>2025-11-14T04:39:14.900000Z</time>
      </trkpt>
      <trkpt lat="34.21363509628435" lon="108.83262711398433">
        <ele>408.1406697947532</ele>
        <time>2025-11-14T04:39:15.900000Z</time>
      </trkpt>
      <trkpt lat="34.21362624999518" lon="108.83263830989046">
        <ele>408.112218615599</ele>
        <time>2025-11-14T04:39:16.900000Z</time>
      </trkpt>
      <trkpt lat="34.21361736122161" lon="108.83264858758926">
        <ele>408.0916616683826</ele>
        <time>2025-11-14T04:39:17.900000Z</time>
      </trkpt>
      <trkpt lat="34.21360847870535" lon="108.83265807441175">
        <ele>408.0843826532364</ele>
        <time>2025-11-14T04:39:18.900000Z</time>
      </trkpt>
      <trkpt lat="34.213598759340854" lon="108.8326676144629">
        <ele>408.07767600752413</ele>
        <time>2025-11-14T04:39:19.900000Z</time>
      </trkpt>
      <trkpt lat="34.21358801369164" lon="108.83267660731102">
        <ele>408.0728852842003</ele>
        <time>2025-11-14T04:39:20.900000Z</time>
      </trkpt>
      <trkpt lat="34.21357655897073" lon="108.83268442676024">
        <ele>408.0717194098979</ele>
        <time>2025-11-14T04:39:21.900000Z</time>
      </trkpt>
      <trkpt lat="34.21356459614092" lon="108.8326920442517">
        <ele>408.08083632867783</ele>
        <time>2025-11-14T04:39:22.900000Z</time>
      </trkpt>
      <trkpt lat="34.21355259973867" lon="108.83269920641892">
        <ele>408.08949400950223</ele>
        <time>2025-11-14T04:39:23.900000Z</time>
        <extensions>
          <gpxtpx:TrackPointExtension>
            <gpxtpx:hr>105</gpxtpx:hr>
          </gpxtpx:TrackPointExtension>
        </extensions>
      </trkpt>
      <trkpt lat="34.213540279232184" lon="108.83270512564022">
        <ele>408.09750098828226</ele>
        <time>2025-11-14T04:39:24.900000Z</time>
        <extensions>
          <gpxtpx:TrackPointExtension>
            <gpxtpx:hr>105</gpxtpx:hr>
          </gpxtpx:TrackPointExtension>
        </extensions>
      </trkpt>
      <trkpt lat="34.21352755485824" lon="108.83270989024787">
        <ele>408.1048303479329</ele>
        <time>2025-11-14T04:39:25.900000Z</time>
        <extensions>
          <gpxtpx:TrackPointExtension>
            <gpxtpx:hr>105</gpxtpx:hr>
          </gpxtpx:TrackPointExtension>
        </extensions>
      </trkpt>
      <trkpt lat="34.21351436739693" lon="108.83271372652673">
        <ele>408.11085236258805</ele>
        <time>2025-11-14T04:39:26.900000Z</time>
        <extensions>
          <gpxtpx:TrackPointExtension>
            <gpxtpx:hr>105</gpxtpx:hr>
          </gpxtpx:TrackPointExtension>
        </extensions>
      </trkpt>
      <trkpt lat="34.213500618423254" lon="108.83271698378265">
        <ele>408.1193024106324</ele>
        <time>2025-11-14T04:39:27.900000Z</time>
        <extensions>
          <gpxtpx:TrackPointExtension>
            <gpxtpx:hr>105</gpxtpx:hr>
          </gpxtpx:TrackPointExtension>
        </extensions>
      </trkpt>
      <trkpt lat="34.213487076327226" lon="108.83271957057646">
        <ele>408.13010891340673</ele>
        <time>2025-11-14T04:39:28.900000Z</time>
        <extensions>
          <gpxtpx:TrackPointExtension>
            <gpxtpx:hr>105</gpxtpx:hr>
          </gpxtpx:TrackPointExtension>
        </extensions>
      </trkpt>
      <trkpt lat="34.21347411697742" lon="108.83272191189769">
        <ele>408.1440061144531</ele>
        <time>2025-11-14T04:39:29.900000Z</time>
        <extensions>
          <gpxtpx:TrackPointExtension>
            <gpxtpx:hr>105</gpxtpx:hr>
          </gpxtpx:TrackPointExtension>
        </extensions>
      </trkpt>
      <trkpt lat="34.21346105081273" lon="108.83272440448766">
        <ele>408.1524637825787</ele>
        <time>2025-11-14T04:39:30.900000Z</time>
        <extensions>
          <gpxtpx:TrackPointExtension>
            <gpxtpx:hr>105</gpxtpx:hr>
          </gpxtpx:TrackPointExtension>
        </extensions>
      </trkpt>
      <trkpt lat="34.213448030038315" lon="108.83272720930096">
        <ele>408.158014241606</ele>
        <time>2025-11-14T04:39:31.900000Z</time>
        <extensions>
          <gpxtpx:TrackPointExtension>
            <gpxtpx:hr>105</gpxtpx:hr>
          </gpxtpx:TrackPointExtension>
        </extensions>
      </trkpt>
      <trkpt lat="34.21343557387378" lon="108.83273064708494">
        <ele>408.1691442001611</ele>
        <time>2025-11-14T04:39:32.900000Z</time>
        <extensions>
          <gpxtpx:TrackPointExtension>
            <gpxtpx:hr>105</gpxtpx:hr>
          </gpxtpx:TrackPointExtension>
        </extensions>
      </trkpt>
      <trkpt lat="34.21342355527769" lon="108.83273457926543">
        <ele>408.176227202639</ele>
        <time>2025-11-14T04:39:33.900000Z</time>
        <extensions>
          <gpxtpx:TrackPointExtension>
            <gpxtpx:hr>105</gpxtpx:hr>
          </gpxtpx:TrackPointExtension>
        </extensions>
      </trkpt>
      <trkpt lat="34.21341208581614" lon="108.8327384155034">
        <ele>408.1791311074048</ele>
        <time>2025-11-14T04:39:34.900000Z</time>
        <extensions>
          <gpxtpx:TrackPointExtension>
            <gpxtpx:hr>105</gpxtpx:hr>
          </gpxtpx:TrackPointExtension>
        </extensions>
      </trkpt>
      <trkpt lat="34.2134011754449" lon="108.83274214200874">
        <ele>408.190617733635</ele>
        <time>2025-11-14T04:39:35.900000Z</time>
        <extensions>
          <gpxtpx:TrackPointExtension>
            <gpxtpx:hr>105</gpxtpx:hr>
          </gpxtpx:TrackPointExtension>
        </extensions>
      </trkpt>
      <trkpt lat="34.21339062931188" lon="108.83274594068423">
        <ele>408.1950396094471</ele>
        <time>2025-11-14T04:39:36.900000Z</time>
        <extensions>
          <gpxtpx:TrackPointExtension>
            <gpxtpx:hr>105</gpxtpx:hr>
          </gpxtpx:TrackPointExtension>
        </extensions>
      </trkpt>
      <trkpt lat="34.21338100491724" lon="108.83274917851206">
        <ele>408.1890955036506</ele>
        <time>2025-11-14T04:39:37.900000Z</time>
        <extensions>
          <gpxtpx:TrackPointExtension>
            <gpxtpx:hr>104</gpxtpx:hr>
          </gpxtpx:TrackPointExtension>
        </extensions>
      </trkpt>
      <trkpt lat="34.213373139073234" lon="108.83275104901288">
        <ele>408.17178632318974</ele>
        <time>2025-11-14T04:39:38.900000Z</time>
        <extensions>
          <gpxtpx:TrackPointExtension>
            <gpxtpx:hr>104</gpxtpx:hr>
          </gpxtpx:TrackPointExtension>
        </extensions>
      </trkpt>
      <trkpt lat="34.21336780622603" lon="108.83275148907074">
        <ele>408.145402232185</ele>
        <time>2025-11-14T04:39:39.900000Z</time>
        <extensions>
          <gpxtpx:TrackPointExtension>
            <gpxtpx:hr>104</gpxtpx:hr>
          </gpxtpx:TrackPointExtension>
        </extensions>
      </trkpt>
      <trkpt lat="34.21336396240224" lon="108.8327513030526">
        <ele>408.1314099188894</ele>
        <time>2025-11-14T04:39:40.900000Z</time>
        <extensions>
          <gpxtpx:TrackPointExtension>
            <gpxtpx:hr>104</gpxtpx:hr>
          </gpxtpx:TrackPointExtension>
        </extensions>
      </trkpt>
      <trkpt lat="34.21335905081792" lon="108.83275116327762">
        <ele>408.11085760127753</ele>
        <time>2025-11-14T04:39:41.900000Z</time>
        <extensions>
          <gpxtpx:TrackPointExtension>
            <gpxtpx:hr>104</gpxtpx:hr>
          </gpxtpx:TrackPointExtension>
        </extensions>
      </trkpt>
      <trkpt lat="34.21335152553075" lon="108.83275157057315">
        <ele>408.0933657027781</ele>
        <time>2025-11-14T04:39:42.900000Z</time>
        <extensions>
          <gpxtpx:TrackPointExtension>
            <gpxtpx:hr>103</gpxtpx:hr>
          </gpxtpx:TrackPointExtension>
        </extensions>
      </trkpt>
      <trkpt lat="34.21334101200554" lon="108.83275296416983">
        <ele>408.0846217125654</ele>
        <time>2025-11-14T04:39:43.900000Z</time>
        <extensions>
          <gpxtpx:TrackPointExtension>
            <gpxtpx:hr>103</gpxtpx:hr>
          </gpxtpx:TrackPointExtension>
        </extensions>
      </trkpt>
      <trkpt lat="34.213328442037934" lon="108.8327551343621">
        <ele>408.06027171667665</ele>
        <time>2025-11-14T04:39:44.900000Z</time>
        <extensions>
          <gpxtpx:TrackPointExtension>
            <gpxtpx:hr>103</gpxtpx:hr>
          </gpxtpx:TrackPointExtension>
        </extensions>
      </trkpt>
      <trkpt lat="34.21331526540415" lon="108.83275728461558">
        <ele>408.0299987066537</ele>
        <time>2025-11-14T04:39:45.900000Z</time>
        <extensions>
          <gpxtpx:TrackPointExtension>
            <gpxtpx:hr>103</gpxtpx:hr>
          </gpxtpx:TrackPointExtension>
        </extensions>
      </trkpt>
      <trkpt lat="34.21330257566175" lon="108.83275862425673">
        <ele>407.9989228695631</ele>
        <time>2025-11-14T04:39:46.900000Z</time>
        <extensions>
          <gpxtpx:TrackPointExtension>
            <gpxtpx:hr>103</gpxtpx:hr>
          </gpxtpx:TrackPointExtension>
        </extensions>
      </trkpt>
      <trkpt lat="34.213290619976156" lon="108.83275905495299">
        <ele>407.9725348893553</ele>
        <time>2025-11-14T04:39:47.900000Z</time>
        <extensions>
          <gpxtpx:TrackPointExtension>
            <gpxtpx:hr>103</gpxtpx:hr>
          </gpxtpx:TrackPointExtension>
        </extensions>
      </trkpt>
      <trkpt lat="34.2132788776946" lon="108.83275914201394">
        <ele>407.94810007698834</ele>
        <time>2025-11-14T04:39:48.900000Z</time>
        <extensions>
          <gpxtpx:TrackPointExtension>
            <gpxtpx:hr>103</gpxtpx:hr>
          </gpxtpx:TrackPointExtension>
        </extensions>
      </trkpt>
      <trkpt lat="34.21326680929516" lon="108.83275933302293">
        <ele>407.91865887399763</ele>
        <time>2025-11-14T04:39:49.900000Z</time>
        <extensions>
          <gpxtpx:TrackPointExtension>
            <gpxtpx:hr>103</gpxtpx:hr>
          </gpxtpx:TrackPointExtension>
        </extensions>
      </trkpt>
      <trkpt lat="34.21325477835355" lon="108.83275982828623">
        <ele>407.88786616548896</ele>
        <time>2025-11-14T04:39:50.900000Z</time>
        <extensions>
          <gpxtpx:TrackPointExtension>
            <gpxtpx:hr>103</gpxtpx:hr>
          </gpxtpx:TrackPointExtension>
        </extensions>
      </trkpt>
      <trkpt lat="34.213243299903404" lon="108.83276007778593">
        <ele>407.8584917485714</ele>
        <time>2025-11-14T04:39:51.900000Z</time>
        <extensions>
          <gpxtpx:TrackPointExtension>
            <gpxtpx:hr>105</gpxtpx:hr>
          </gpxtpx:TrackPointExtension>
        </extensions>
      </trkpt>
      <trkpt lat="34.21323146150135" lon="108.83276012948426">
        <ele>407.83173131011426</ele>
        <time>2025-11-14T04:39:52.900000Z</time>
        <extensions>
          <gpxtpx:TrackPointExtension>
            <gpxtpx:hr>105</gpxtpx:hr>
          </gpxtpx:TrackPointExtension>
        </extensions>
      </trkpt>
      <trkpt lat="34.21321878345994" lon="108.83276079419409">
        <ele>407.8066303273663</ele>
        <time>2025-11-14T04:39:53.900000Z</time>
        <extensions>
          <gpxtpx:TrackPointExtension>
            <gpxtpx:hr>105</gpxtpx:hr>
          </gpxtpx:TrackPointExtension>
        </extensions>
      </trkpt>
      <trkpt lat="34.213205884005795" lon="108.83276195328443">
        <ele>407.8032237738371</ele>
        <time>2025-11-14T04:39:54.900000Z</time>
        <extensions>
          <gpxtpx:TrackPointExtension>
            <gpxtpx:hr>105</gpxtpx:hr>
          </gpxtpx:TrackPointExtension>
        </extensions>
      </trkpt>
      <trkpt lat="34.21319294767298" lon="108.83276284003111">
        <ele>407.80953689944</ele>
        <time>2025-11-14T04:39:55.900000Z</time>
        <extensions>
          <gpxtpx:TrackPointExtension>
            <gpxtpx:hr>105</gpxtpx:hr>
          </gpxtpx:TrackPointExtension>
        </extensions>
      </trkpt>
      <trkpt lat="34.21318000826463" lon="108.83276336865316">
        <ele>407.8207335341722</ele>
        <time>2025-11-14T04:39:56.900000Z</time>
        <extensions>
          <gpxtpx:TrackPointExtension>
            <gpxtpx:hr>105</gpxtpx:hr>
          </gpxtpx:TrackPointExtension>
        </extensions>
      </trkpt>
      <trkpt lat="34.213167362400824" lon="108.83276353092471">
        <ele>407.83911300916225</ele>
        <time>2025-11-14T04:39:57.900000Z</time>
        <extensions>
          <gpxtpx:TrackPointExtension>
            <gpxtpx:hr>105</gpxtpx:hr>
          </gpxtpx:TrackPointExtension>
        </extensions>
      </trkpt>
      <trkpt lat="34.21315532080854" lon="108.83276397585017">
        <ele>407.8632410848513</ele>
        <time>2025-11-14T04:39:58.900000Z</time>
        <extensions>
          <gpxtpx:TrackPointExtension>
            <gpxtpx:hr>105</gpxtpx:hr>
          </gpxtpx:TrackPointExtension>
        </extensions>
      </trkpt>
      <trkpt lat="34.21314267962784" lon="108.83276500258887">
        <ele>407.87552664335817</ele>
        <time>2025-11-14T04:39:59.900000Z</time>
        <extensions>
          <gpxtpx:TrackPointExtension>
            <gpxtpx:hr>105</gpxtpx:hr>
          </gpxtpx:TrackPointExtension>
        </extensions>
      </trkpt>
      <trkpt lat="34.21312916348174" lon="108.83276526184956">
        <ele>407.89413940161467</ele>
        <time>2025-11-14T04:40:00.900000Z</time>
        <extensions>
          <gpxtpx:TrackPointExtension>
            <gpxtpx:hr>105</gpxtpx:hr>
          </gpxtpx:TrackPointExtension>
        </extensions>
      </trkpt>
      <trkpt lat="34.21311582238083" lon="108.83276447832483">
        <ele>407.9379914039746</ele>
        <time>2025-11-14T04:40:01.900000Z</time>
        <extensions>
          <gpxtpx:TrackPointExtension>
            <gpxtpx:hr>105</gpxtpx:hr>
          </gpxtpx:TrackPointExtension>
        </extensions>
      </trkpt>
      <trkpt lat="34.21310256612116" lon="108.83276385398416">
        <ele>407.97872953955084</ele>
        <time>2025-11-14T04:40:02.900000Z</time>
        <extensions>
          <gpxtpx:TrackPointExtension>
            <gpxtpx:hr>105</gpxtpx:hr>
          </gpxtpx:TrackPointExtension>
        </extensions>
      </trkpt>
      <trkpt lat="34.21308933039343" lon="108.83276412744763">
        <ele>408.00808552931994</ele>
        <time>2025-11-14T04:40:03.900000Z</time>
        <extensions>
          <gpxtpx:TrackPointExtension>
            <gpxtpx:hr>105</gpxtpx:hr>
          </gpxtpx:TrackPointExtension>
        </extensions>
      </trkpt>
      <trkpt lat="34.21307649986252" lon="108.83276357364768">
        <ele>408.02021781913936</ele>
        <time>2025-11-14T04:40:04.900000Z</time>
        <extensions>
          <gpxtpx:TrackPointExtension>
            <gpxtpx:hr>105</gpxtpx:hr>
          </gpxtpx:TrackPointExtension>
        </extensions>
      </trkpt>
      <trkpt lat="34.213063912549416" lon="108.83276151748329">
        <ele>408.0189959984273</ele>
        <time>2025-11-14T04:40:05.900000Z</time>
        <extensions>
          <gpxtpx:TrackPointExtension>
            <gpxtpx:hr>105</gpxtpx:hr>
          </gpxtpx:TrackPointExtension>
        </extensions>
      </trkpt>
      <trkpt lat="34.21305130349191" lon="108.83275982231994">
        <ele>408.0079302964732</ele>
        <time>2025-11-14T04:40:06.900000Z</time>
        <extensions>
          <gpxtpx:TrackPointExtension>
            <gpxtpx:hr>106</gpxtpx:hr>
          </gpxtpx:TrackPointExtension>
        </extensions>
      </trkpt>
      <trkpt lat="34.213038663750844" lon="108.8327593530986">
        <ele>407.9952134247869</ele>
        <time>2025-11-14T04:40:07.900000Z</time>
        <extensions>
          <gpxtpx:TrackPointExtension>
            <gpxtpx:hr>106</gpxtpx:hr>
          </gpxtpx:TrackPointExtension>
        </extensions>
      </trkpt>
      <trkpt lat="34.21302599912997" lon="108.8327601219549">
        <ele>407.9763600984588</ele>
        <time>2025-11-14T04:40:08.900000Z</time>
        <extensions>
          <gpxtpx:TrackPointExtension>
            <gpxtpx:hr>106</gpxtpx:hr>
          </gpxtpx:TrackPointExtension>
        </extensions>
      </trkpt>
      <trkpt lat="34.21301327990877" lon="108.83276176504482">
        <ele>407.9593942137435</ele>
        <time>2025-11-14T04:40:09.900000Z</time>
        <extensions>
          <gpxtpx:TrackPointExtension>
            <gpxtpx:hr>106</gpxtpx:hr>
          </gpxtpx:TrackPointExtension>
        </extensions>
      </trkpt>
      <trkpt lat="34.2130005133853" lon="108.83276316287005">
        <ele>407.94562900066376</ele>
        <time>2025-11-14T04:40:10.900000Z</time>
        <extensions>
          <gpxtpx:TrackPointExtension>
            <gpxtpx:hr>106</gpxtpx:hr>
          </gpxtpx:TrackPointExtension>
        </extensions>
      </trkpt>
      <trkpt lat="34.212988102635784" lon="108.83276419671722">
        <ele>407.91895991563797</ele>
        <time>2025-11-14T04:40:11.900000Z</time>
        <extensions>
          <gpxtpx:TrackPointExtension>
            <gpxtpx:hr>106</gpxtpx:hr>
          </gpxtpx:TrackPointExtension>
        </extensions>
      </trkpt>
      <trkpt lat="34.21297693285409" lon="108.8327661269804">
        <ele>407.8873467380181</ele>
        <time>2025-11-14T04:40:12.900000Z</time>
        <extensions>
          <gpxtpx:TrackPointExtension>
            <gpxtpx:hr>106</gpxtpx:hr>
          </gpxtpx:TrackPointExtension>
        </extensions>
      </trkpt>
      <trkpt lat="34.21296820409347" lon="108.8327700984403">
        <ele>407.86812110617757</ele>
        <time>2025-11-14T04:40:13.900000Z</time>
        <extensions>
          <gpxtpx:TrackPointExtension>
            <gpxtpx:hr>106</gpxtpx:hr>
          </gpxtpx:TrackPointExtension>
        </extensions>
      </trkpt>
      <trkpt lat="34.21296377598986" lon="108.83277638382015">
        <ele>407.84493320342153</ele>
        <time>2025-11-14T04:40:14.900000Z</time>
        <extensions>
          <gpxtpx:TrackPointExtension>
            <gpxtpx:hr>106</gpxtpx:hr>
          </gpxtpx:TrackPointExtension>
        </extensions>
      </trkpt>
      <trkpt lat="34.212963170383276" lon="108.83278484980032">
        <ele>407.8053489830345</ele>
        <time>2025-11-14T04:40:15.900000Z</time>
        <extensions>
          <gpxtpx:TrackPointExtension>
            <gpxtpx:hr>105</gpxtpx:hr>
          </gpxtpx:TrackPointExtension>
        </extensions>
      </trkpt>
      <trkpt lat="34.21296404124989" lon="108.83279543409877">
        <ele>407.74791837576777</ele>
        <time>2025-11-14T04:40:16.900000Z</time>
        <extensions>
          <gpxtpx:TrackPointExtension>
            <gpxtpx:hr>105</gpxtpx:hr>
          </gpxtpx:TrackPointExtension>
        </extensions>
      </trkpt>
      <trkpt lat="34.212965281912744" lon="108.83280716232072">
        <ele>407.67535902094096</ele>
        <time>2025-11-14T04:40:17.900000Z</time>
        <extensions>
          <gpxtpx:TrackPointExtension>
            <gpxtpx:hr>105</gpxtpx:hr>
          </gpxtpx:TrackPointExtension>
        </extensions>
      </trkpt>
      <trkpt lat="34.212966135469" lon="108.83281921915265">
        <ele>407.6140621751547</ele>
        <time>2025-11-14T04:40:18.900000Z</time>
        <extensions>
          <gpxtpx:TrackPointExtension>
            <gpxtpx:hr>105</gpxtpx:hr>
          </gpxtpx:TrackPointExtension>
        </extensions>
      </trkpt>
      <trkpt lat="34.21296673801912" lon="108.83283106326667">
        <ele>407.55958877224475</ele>
        <time>2025-11-14T04:40:19.900000Z</time>
        <extensions>
          <gpxtpx:TrackPointExtension>
            <gpxtpx:hr>105</gpxtpx:hr>
          </gpxtpx:TrackPointExtension>
        </extensions>
      </trkpt>
      <trkpt lat="34.21296782179504" lon="108.83284183554956">
        <ele>407.511099495925</ele>
        <time>2025-11-14T04:40:20.900000Z</time>
        <extensions>
          <gpxtpx:TrackPointExtension>
            <gpxtpx:hr>105</gpxtpx:hr>
          </gpxtpx:TrackPointExtension>
        </extensions>
      </trkpt>
      <trkpt lat="34.21296941801036" lon="108.8328520147883">
        <ele>407.4606782197952</ele>
        <time>2025-11-14T04:40:21.900000Z</time>
        <extensions>
          <gpxtpx:TrackPointExtension>
            <gpxtpx:hr>105</gpxtpx:hr>
          </gpxtpx:TrackPointExtension>
        </extensions>
      </trkpt>
      <trkpt lat="34.21297127491335" lon="108.83286203617034">
        <ele>407.4143061861396</ele>
        <time>2025-11-14T04:40:22.900000Z</time>
        <extensions>
          <gpxtpx:TrackPointExtension>
            <gpxtpx:hr>106</gpxtpx:hr>
          </gpxtpx:TrackPointExtension>
        </extensions>
      </trkpt>
      <trkpt lat="34.21297329173381" lon="108.8328715722828">
        <ele>407.3539784234017</ele>
        <time>2025-11-14T04:40:23.900000Z</time>
        <extensions>
          <gpxtpx:TrackPointExtension>
            <gpxtpx:hr>106</gpxtpx:hr>
          </gpxtpx:TrackPointExtension>
        </extensions>
      </trkpt>
      <trkpt lat="34.212975201746296" lon="108.83288137542051">
        <ele>407.28345569130033</ele>
        <time>2025-11-14T04:40:24.900000Z</time>
        <extensions>
          <gpxtpx:TrackPointExtension>
            <gpxtpx:hr>106</gpxtpx:hr>
          </gpxtpx:TrackPointExtension>
        </extensions>
      </trkpt>
      <trkpt lat="34.21297650531051" lon="108.8328923764432">
        <ele>407.20707259420305</ele>
        <time>2025-11-14T04:40:25.900000Z</time>
        <extensions>
          <gpxtpx:TrackPointExtension>
            <gpxtpx:hr>106</gpxtpx:hr>
          </gpxtpx:TrackPointExtension>
        </extensions>
      </trkpt>
      <trkpt lat="34.21297690583995" lon="108.83290445872396">
        <ele>407.12242847308517</ele>
        <time>2025-11-14T04:40:26.900000Z</time>
        <extensions>
          <gpxtpx:TrackPointExtension>
            <gpxtpx:hr>107</gpxtpx:hr>
          </gpxtpx:TrackPointExtension>
        </extensions>
      </trkpt>
      <trkpt lat="34.21297661849036" lon="108.83291724878838">
        <ele>407.0440311059356</ele>
        <time>2025-11-14T04:40:27.900000Z</time>
        <extensions>
          <gpxtpx:TrackPointExtension>
            <gpxtpx:hr>107</gpxtpx:hr>
          </gpxtpx:TrackPointExtension>
        </extensions>
      </trkpt>
      <trkpt lat="34.21297572561023" lon="108.83293010058536">
        <ele>406.9780812431127</ele>
        <time>2025-11-14T04:40:28.900000Z</time>
        <extensions>
          <gpxtpx:TrackPointExtension>
            <gpxtpx:hr>107</gpxtpx:hr>
          </gpxtpx:TrackPointExtension>
        </extensions>
      </trkpt>
      <trkpt lat="34.21297451132196" lon="108.83294191384296">
        <ele>406.9130105096847</ele>
        <time>2025-11-14T04:40:29.900000Z</time>
        <extensions>
          <gpxtpx:TrackPointExtension>
            <gpxtpx:hr>107</gpxtpx:hr>
          </gpxtpx:TrackPointExtension>
        </extensions>
      </trkpt>
      <trkpt lat="34.212973412970776" lon="108.83295282025996">
        <ele>406.84869569540024</ele>
        <time>2025-11-14T04:40:30.900000Z</time>
        <extensions>
          <gpxtpx:TrackPointExtension>
            <gpxtpx:hr>107</gpxtpx:hr>
          </gpxtpx:TrackPointExtension>
        </extensions>
      </trkpt>
      <trkpt lat="34.21297249213678" lon="108.83296404254132">
        <ele>406.7817286029458</ele>
        <time>2025-11-14T04:40:31.900000Z</time>
        <extensions>
          <gpxtpx:TrackPointExtension>
            <gpxtpx:hr>108</gpxtpx:hr>
          </gpxtpx:TrackPointExtension>
        </extensions>
      </trkpt>
      <trkpt lat="34.2129716736774" lon="108.83297612961867">
        <ele>406.70207327976823</ele>
        <time>2025-11-14T04:40:32.900000Z</time>
        <extensions>
          <gpxtpx:TrackPointExtension>
            <gpxtpx:hr>108</gpxtpx:hr>
          </gpxtpx:TrackPointExtension>
        </extensions>
      </trkpt>
      <trkpt lat="34.212970956080504" lon="108.83298904460496">
        <ele>406.63332757446915</ele>
        <time>2025-11-14T04:40:33.900000Z</time>
        <extensions>
          <gpxtpx:TrackPointExtension>
            <gpxtpx:hr>108</gpxtpx:hr>
          </gpxtpx:TrackPointExtension>
        </extensions>
      </trkpt>
      <trkpt lat="34.21297043714879" lon="108.8330024092201">
        <ele>406.5878744330257</ele>
        <time>2025-11-14T04:40:34.900000Z</time>
        <extensions>
          <gpxtpx:TrackPointExtension>
            <gpxtpx:hr>108</gpxtpx:hr>
          </gpxtpx:TrackPointExtension>
        </extensions>
      </trkpt>
      <trkpt lat="34.212970009221564" lon="108.83301574739082">
        <ele>406.54952341970056</ele>
        <time>2025-11-14T04:40:35.900000Z</time>
        <extensions>
          <gpxtpx:TrackPointExtension>
            <gpxtpx:hr>108</gpxtpx:hr>
          </gpxtpx:TrackPointExtension>
        </extensions>
      </trkpt>
      <trkpt lat="34.21296919631355" lon="108.83302887717632">
        <ele>406.5101091163233</ele>
        <time>2025-11-14T04:40:36.900000Z</time>
        <extensions>
          <gpxtpx:TrackPointExtension>
            <gpxtpx:hr>108</gpxtpx:hr>
          </gpxtpx:TrackPointExtension>
        </extensions>
      </trkpt>
      <trkpt lat="34.21296773575831" lon="108.83304172085337">
        <ele>406.4764512870461</ele>
        <time>2025-11-14T04:40:37.900000Z</time>
        <extensions>
          <gpxtpx:TrackPointExtension>
            <gpxtpx:hr>108</gpxtpx:hr>
          </gpxtpx:TrackPointExtension>
        </extensions>
      </trkpt>
      <trkpt lat="34.21296603958874" lon="108.83305408385088">
        <ele>406.46279583964497</ele>
        <time>2025-11-14T04:40:38.900000Z</time>
        <extensions>
          <gpxtpx:TrackPointExtension>
            <gpxtpx:hr>108</gpxtpx:hr>
          </gpxtpx:TrackPointExtension>
        </extensions>
      </trkpt>
      <trkpt lat="34.212964541574436" lon="108.8330658347388">
        <ele>406.4493699874729</ele>
        <time>2025-11-14T04:40:39.900000Z</time>
        <extensions>
          <gpxtpx:TrackPointExtension>
            <gpxtpx:hr>108</gpxtpx:hr>
          </gpxtpx:TrackPointExtension>
        </extensions>
      </trkpt>
      <trkpt lat="34.212962881013766" lon="108.83307699195811">
        <ele>406.4309717928991</ele>
        <time>2025-11-14T04:40:40.900000Z</time>
        <extensions>
          <gpxtpx:TrackPointExtension>
            <gpxtpx:hr>108</gpxtpx:hr>
          </gpxtpx:TrackPointExtension>
        </extensions>
      </trkpt>
      <trkpt lat="34.212960345549035" lon="108.83308742729659">
        <ele>406.4059656737372</ele>
        <time>2025-11-14T04:40:41.900000Z</time>
        <extensions>
          <gpxtpx:TrackPointExtension>
            <gpxtpx:hr>108</gpxtpx:hr>
          </gpxtpx:TrackPointExtension>
        </extensions>
      </trkpt>
      <trkpt lat="34.21295626754603" lon="108.8330970772779">
        <ele>406.37442857120186</ele>
        <time>2025-11-14T04:40:42.900000Z</time>
        <extensions>
          <gpxtpx:TrackPointExtension>
            <gpxtpx:hr>108</gpxtpx:hr>
          </gpxtpx:TrackPointExtension>
        </extensions>
      </trkpt>
      <trkpt lat="34.21295020961252" lon="108.83310561511807">
        <ele>406.3424408938736</ele>
        <time>2025-11-14T04:40:43.900000Z</time>
        <extensions>
          <gpxtpx:TrackPointExtension>
            <gpxtpx:hr>108</gpxtpx:hr>
          </gpxtpx:TrackPointExtension>
        </extensions>
      </trkpt>
      <trkpt lat="34.21294220528163" lon="108.83311272672584">
        <ele>406.31613034103066</ele>
        <time>2025-11-14T04:40:44.900000Z</time>
        <extensions>
          <gpxtpx:TrackPointExtension>
            <gpxtpx:hr>108</gpxtpx:hr>
          </gpxtpx:TrackPointExtension>
        </extensions>
      </trkpt>
      <trkpt lat="34.212932932029965" lon="108.83311902710189">
        <ele>406.2676166286692</ele>
        <time>2025-11-14T04:40:45.900000Z</time>
        <extensions>
          <gpxtpx:TrackPointExtension>
            <gpxtpx:hr>108</gpxtpx:hr>
          </gpxtpx:TrackPointExtension>
        </extensions>
      </trkpt>
      <trkpt lat="34.212923614436846" lon="108.8331252490233">
        <ele>406.2097825407982</ele>
        <time>2025-11-14T04:40:46.900000Z</time>
        <extensions>
          <gpxtpx:TrackPointExtension>
            <gpxtpx:hr>108</gpxtpx:hr>
          </gpxtpx:TrackPointExtension>
        </extensions>
      </trkpt>
      <trkpt lat="34.21291495942755" lon="108.83313228067554">
        <ele>406.14066866226494</ele>
        <time>2025-11-14T04:40:47.900000Z</time>
        <extensions>
          <gpxtpx:TrackPointExtension>
            <gpxtpx:hr>108</gpxtpx:hr>
          </gpxtpx:TrackPointExtension>
        </extensions>
      </trkpt>
      <trkpt lat="34.21290731661159" lon="108.83314096580416">
        <ele>406.0696708858013</ele>
        <time>2025-11-14T04:40:48.900000Z</time>
        <extensions>
          <gpxtpx:TrackPointExtension>
            <gpxtpx:hr>108</gpxtpx:hr>
          </gpxtpx:TrackPointExtension>
        </extensions>
      </trkpt>
      <trkpt lat="34.212901251849274" lon="108.83315150985125">
        <ele>405.9964204877615</ele>
        <time>2025-11-14T04:40:49.900000Z</time>
        <extensions>
          <gpxtpx:TrackPointExtension>
            <gpxtpx:hr>108</gpxtpx:hr>
          </gpxtpx:TrackPointExtension>
        </extensions>
      </trkpt>
      <trkpt lat="34.212896672976505" lon="108.83316372688661">
        <ele>405.92553071305156</ele>
        <time>2025-11-14T04:40:50.900000Z</time>
        <extensions>
          <gpxtpx:TrackPointExtension>
            <gpxtpx:hr>108</gpxtpx:hr>
          </gpxtpx:TrackPointExtension>
        </extensions>
      </trkpt>
      <trkpt lat="34.21289333352531" lon="108.83317678209615">
        <ele>405.8596088094637</ele>
        <time>2025-11-14T04:40:51.900000Z</time>
        <extensions>
          <gpxtpx:TrackPointExtension>
            <gpxtpx:hr>108</gpxtpx:hr>
          </gpxtpx:TrackPointExtension>
        </extensions>
      </trkpt>
      <trkpt lat="34.21289121633056" lon="108.83319014184357">
        <ele>405.76216784119606</ele>
        <time>2025-11-14T04:40:52.900000Z</time>
        <extensions>
          <gpxtpx:TrackPointExtension>
            <gpxtpx:hr>108</gpxtpx:hr>
          </gpxtpx:TrackPointExtension>
        </extensions>
      </trkpt>
      <trkpt lat="34.21288981380059" lon="108.83320411746594">
        <ele>405.63891671132296</ele>
        <time>2025-11-14T04:40:53.900000Z</time>
        <extensions>
          <gpxtpx:TrackPointExtension>
            <gpxtpx:hr>108</gpxtpx:hr>
          </gpxtpx:TrackPointExtension>
        </extensions>
      </trkpt>
      <trkpt lat="34.212888568204136" lon="108.83321849615864">
        <ele>405.53233984299004</ele>
        <time>2025-11-14T04:40:54.900000Z</time>
        <extensions>
          <gpxtpx:TrackPointExtension>
            <gpxtpx:hr>108</gpxtpx:hr>
          </gpxtpx:TrackPointExtension>
        </extensions>
      </trkpt>
      <trkpt lat="34.21288691403003" lon="108.83323309924648">
        <ele>405.43607349228114</ele>
        <time>2025-11-14T04:40:55.900000Z</time>
        <extensions>
          <gpxtpx:TrackPointExtension>
            <gpxtpx:hr>108</gpxtpx:hr>
          </gpxtpx:TrackPointExtension>
        </extensions>
      </trkpt>
      <trkpt lat="34.21288413042013" lon="108.83324731627249">
        <ele>405.35449041984975</ele>
        <time>2025-11-14T04:40:56.900000Z</time>
        <extensions>
          <gpxtpx:TrackPointExtension>
            <gpxtpx:hr>107</gpxtpx:hr>
          </gpxtpx:TrackPointExtension>
        </extensions>
      </trkpt>
      <trkpt lat="34.212879707855095" lon="108.83326026147515">
        <ele>405.26990388147533</ele>
        <time>2025-11-14T04:40:57.900000Z</time>
        <extensions>
          <gpxtpx:TrackPointExtension>
            <gpxtpx:hr>107</gpxtpx:hr>
          </gpxtpx:TrackPointExtension>
        </extensions>
      </trkpt>
      <trkpt lat="34.21287367451342" lon="108.83327143426862">
        <ele>405.22478304523975</ele>
        <time>2025-11-14T04:40:58.900000Z</time>
        <extensions>
          <gpxtpx:TrackPointExtension>
            <gpxtpx:hr>107</gpxtpx:hr>
          </gpxtpx:TrackPointExtension>
        </extensions>
      </trkpt>
      <trkpt lat="34.21286705978812" lon="108.83327958098474">
        <ele>405.1862297896296</ele>
        <time>2025-11-14T04:40:59.900000Z</time>
        <extensions>
          <gpxtpx:TrackPointExtension>
            <gpxtpx:hr>107</gpxtpx:hr>
          </gpxtpx:TrackPointExtension>
        </extensions>
      </trkpt>
      <trkpt lat="34.21286129500533" lon="108.83328397747185">
        <ele>405.1623242329806</ele>
        <time>2025-11-14T04:41:00.900000Z</time>
        <extensions>
          <gpxtpx:TrackPointExtension>
            <gpxtpx:hr>107</gpxtpx:hr>
          </gpxtpx:TrackPointExtension>
        </extensions>
      </trkpt>
      <trkpt lat="34.212856924357574" lon="108.83328587973165">
        <ele>405.1483561322093</ele>
        <time>2025-11-14T04:41:01.900000Z</time>
        <extensions>
          <gpxtpx:TrackPointExtension>
            <gpxtpx:hr>107</gpxtpx:hr>
          </gpxtpx:TrackPointExtension>
        </extensions>
      </trkpt>
      <trkpt lat="34.21285320904204" lon="108.83328670110862">
        <ele>405.147243373096</ele>
        <time>2025-11-14T04:41:02.900000Z</time>
        <extensions>
          <gpxtpx:TrackPointExtension>
            <gpxtpx:hr>106</gpxtpx:hr>
          </gpxtpx:TrackPointExtension>
        </extensions>
      </trkpt>
      <trkpt lat="34.21284932363931" lon="108.8332870354349">
        <ele>405.1594893746078</ele>
        <time>2025-11-14T04:41:03.900000Z</time>
        <extensions>
          <gpxtpx:TrackPointExtension>
            <gpxtpx:hr>106</gpxtpx:hr>
          </gpxtpx:TrackPointExtension>
        </extensions>
      </trkpt>
      <trkpt lat="34.212845353413" lon="108.83328727170174">
        <ele>405.1739411856979</ele>
        <time>2025-11-14T04:41:04.900000Z</time>
        <extensions>
          <gpxtpx:TrackPointExtension>
            <gpxtpx:hr>106</gpxtpx:hr>
          </gpxtpx:TrackPointExtension>
        </extensions>
      </trkpt>
      <trkpt lat="34.21284111623115" lon="108.83328773503457">
        <ele>405.1922084381804</ele>
        <time>2025-11-14T04:41:05.900000Z</time>
        <extensions>
          <gpxtpx:TrackPointExtension>
            <gpxtpx:hr>106</gpxtpx:hr>
          </gpxtpx:TrackPointExtension>
        </extensions>
      </trkpt>
      <trkpt lat="34.21283661728978" lon="108.83328851379895">
        <ele>405.2182696564123</ele>
        <time>2025-11-14T04:41:06.900000Z</time>
        <extensions>
          <gpxtpx:TrackPointExtension>
            <gpxtpx:hr>106</gpxtpx:hr>
          </gpxtpx:TrackPointExtension>
        </extensions>
      </trkpt>
      <trkpt lat="34.21283186507591" lon="108.83328947841838">
        <ele>405.2540820958093</ele>
        <time>2025-11-14T04:41:07.900000Z</time>
        <extensions>
          <gpxtpx:TrackPointExtension>
            <gpxtpx:hr>106</gpxtpx:hr>
          </gpxtpx:TrackPointExtension>
        </extensions>
      </trkpt>
      <trkpt lat="34.212826930861425" lon="108.8332907852095">
        <ele>405.29160948935896</ele>
        <time>2025-11-14T04:41:08.900000Z</time>
        <extensions>
          <gpxtpx:TrackPointExtension>
            <gpxtpx:hr>106</gpxtpx:hr>
          </gpxtpx:TrackPointExtension>
        </extensions>
      </trkpt>
      <trkpt lat="34.2128213535579" lon="108.83329207121376">
        <ele>405.3294345140457</ele>
        <time>2025-11-14T04:41:09.900000Z</time>
        <extensions>
          <gpxtpx:TrackPointExtension>
            <gpxtpx:hr>106</gpxtpx:hr>
          </gpxtpx:TrackPointExtension>
        </extensions>
      </trkpt>
      <trkpt lat="34.21281451849342" lon="108.83329323376813">
        <ele>405.3621908072382</ele>
        <time>2025-11-14T04:41:10.900000Z</time>
        <extensions>
          <gpxtpx:TrackPointExtension>
            <gpxtpx:hr>106</gpxtpx:hr>
          </gpxtpx:TrackPointExtension>
        </extensions>
      </trkpt>
      <trkpt lat="34.21280701559832" lon="108.83329473650387">
        <ele>405.39556268416345</ele>
        <time>2025-11-14T04:41:11.900000Z</time>
        <extensions>
          <gpxtpx:TrackPointExtension>
            <gpxtpx:hr>107</gpxtpx:hr>
          </gpxtpx:TrackPointExtension>
        </extensions>
      </trkpt>
      <trkpt lat="34.21279981116845" lon="108.83329726313251">
        <ele>405.429910980165</ele>
        <time>2025-11-14T04:41:12.900000Z</time>
        <extensions>
          <gpxtpx:TrackPointExtension>
            <gpxtpx:hr>107</gpxtpx:hr>
          </gpxtpx:TrackPointExtension>
        </extensions>
      </trkpt>
      <trkpt lat="34.212792739213036" lon="108.8333014618711">
        <ele>405.4451261200011</ele>
        <time>2025-11-14T04:41:13.900000Z</time>
        <extensions>
          <gpxtpx:TrackPointExtension>
            <gpxtpx:hr>107</gpxtpx:hr>
          </gpxtpx:TrackPointExtension>
        </extensions>
      </trkpt>
      <trkpt lat="34.2127853727336" lon="108.83330722030433">
        <ele>405.45226992387325</ele>
        <time>2025-11-14T04:41:14.900000Z</time>
        <extensions>
          <gpxtpx:TrackPointExtension>
            <gpxtpx:hr>107</gpxtpx:hr>
          </gpxtpx:TrackPointExtension>
        </extensions>
      </trkpt>
      <trkpt lat="34.2127772854559" lon="108.83331436301135">
        <ele>405.46013025939465</ele>
        <time>2025-11-14T04:41:15.900000Z</time>
        <extensions>
          <gpxtpx:TrackPointExtension>
            <gpxtpx:hr>105</gpxtpx:hr>
          </gpxtpx:TrackPointExtension>
        </extensions>
      </trkpt>
      <trkpt lat="34.21276854166742" lon="108.8333230020189">
        <ele>405.4748979900032</ele>
        <time>2025-11-14T04:41:16.900000Z</time>
        <extensions>
          <gpxtpx:TrackPointExtension>
            <gpxtpx:hr>105</gpxtpx:hr>
          </gpxtpx:TrackPointExtension>
        </extensions>
      </trkpt>
      <trkpt lat="34.21276010488364" lon="108.83333363461239">
        <ele>405.5011912463233</ele>
        <time>2025-11-14T04:41:17.900000Z</time>
        <extensions>
          <gpxtpx:TrackPointExtension>
            <gpxtpx:hr>105</gpxtpx:hr>
          </gpxtpx:TrackPointExtension>
        </extensions>
      </trkpt>
      <trkpt lat="34.212752722148316" lon="108.83334599792306">
        <ele>405.52655121777207</ele>
        <time>2025-11-14T04:41:18.900000Z</time>
        <extensions>
          <gpxtpx:TrackPointExtension>
            <gpxtpx:hr>105</gpxtpx:hr>
          </gpxtpx:TrackPointExtension>
        </extensions>
      </trkpt>
      <trkpt lat="34.2127456600652" lon="108.8333585722376">
        <ele>405.5446933442727</ele>
        <time>2025-11-14T04:41:19.900000Z</time>
        <extensions>
          <gpxtpx:TrackPointExtension>
            <gpxtpx:hr>105</gpxtpx:hr>
          </gpxtpx:TrackPointExtension>
        </extensions>
      </trkpt>
      <trkpt lat="34.21273819832118" lon="108.83337000488973">
        <ele>405.55338571220636</ele>
        <time>2025-11-14T04:41:20.900000Z</time>
        <extensions>
          <gpxtpx:TrackPointExtension>
            <gpxtpx:hr>106</gpxtpx:hr>
          </gpxtpx:TrackPointExtension>
        </extensions>
      </trkpt>
      <trkpt lat="34.21273011115616" lon="108.83338095066242">
        <ele>405.53993893787265</ele>
        <time>2025-11-14T04:41:21.900000Z</time>
        <extensions>
          <gpxtpx:TrackPointExtension>
            <gpxtpx:hr>106</gpxtpx:hr>
          </gpxtpx:TrackPointExtension>
        </extensions>
      </trkpt>
      <trkpt lat="34.212721224835825" lon="108.83339210161711">
        <ele>405.5033946316689</ele>
        <time>2025-11-14T04:41:22.900000Z</time>
        <extensions>
          <gpxtpx:TrackPointExtension>
            <gpxtpx:hr>106</gpxtpx:hr>
          </gpxtpx:TrackPointExtension>
        </extensions>
      </trkpt>
      <trkpt lat="34.212711618938094" lon="108.83340319673334">
        <ele>405.459885366261</ele>
        <time>2025-11-14T04:41:23.900000Z</time>
        <extensions>
          <gpxtpx:TrackPointExtension>
            <gpxtpx:hr>106</gpxtpx:hr>
          </gpxtpx:TrackPointExtension>
        </extensions>
      </trkpt>
      <trkpt lat="34.212700736391824" lon="108.83341389459625">
        <ele>405.4271421795711</ele>
        <time>2025-11-14T04:41:24.900000Z</time>
        <extensions>
          <gpxtpx:TrackPointExtension>
            <gpxtpx:hr>106</gpxtpx:hr>
          </gpxtpx:TrackPointExtension>
        </extensions>
      </trkpt>
      <trkpt lat="34.2126891351012" lon="108.83342330417742">
        <ele>405.4078411050141</ele>
        <time>2025-11-14T04:41:25.900000Z</time>
        <extensions>
          <gpxtpx:TrackPointExtension>
            <gpxtpx:hr>106</gpxtpx:hr>
          </gpxtpx:TrackPointExtension>
        </extensions>
      </trkpt>
      <trkpt lat="34.21267745441023" lon="108.83343120567">
        <ele>405.38991063833237</ele>
        <time>2025-11-14T04:41:26.900000Z</time>
        <extensions>
          <gpxtpx:TrackPointExtension>
            <gpxtpx:hr>106</gpxtpx:hr>
          </gpxtpx:TrackPointExtension>
        </extensions>
      </trkpt>
      <trkpt lat="34.212665890086775" lon="108.83343840489917">
        <ele>405.37908259872347</ele>
        <time>2025-11-14T04:41:27.900000Z</time>
        <extensions>
          <gpxtpx:TrackPointExtension>
            <gpxtpx:hr>106</gpxtpx:hr>
          </gpxtpx:TrackPointExtension>
        </extensions>
      </trkpt>
      <trkpt lat="34.212655177856654" lon="108.83344589716773">
        <ele>405.3747401861474</ele>
        <time>2025-11-14T04:41:28.900000Z</time>
        <extensions>
          <gpxtpx:TrackPointExtension>
            <gpxtpx:hr>106</gpxtpx:hr>
          </gpxtpx:TrackPointExtension>
        </extensions>
      </trkpt>
      <trkpt lat="34.212645848782806" lon="108.83345459532782">
        <ele>405.37510084174573</ele>
        <time>2025-11-14T04:41:29.900000Z</time>
        <extensions>
          <gpxtpx:TrackPointExtension>
            <gpxtpx:hr>106</gpxtpx:hr>
          </gpxtpx:TrackPointExtension>
        </extensions>
      </trkpt>
      <trkpt lat="34.212637883632496" lon="108.83346492973162">
        <ele>405.3771495074034</ele>
        <time>2025-11-14T04:41:30.900000Z</time>
        <extensions>
          <gpxtpx:TrackPointExtension>
            <gpxtpx:hr>106</gpxtpx:hr>
          </gpxtpx:TrackPointExtension>
        </extensions>
      </trkpt>
      <trkpt lat="34.21263144156361" lon="108.83347583915219">
        <ele>405.3783081676811</ele>
        <time>2025-11-14T04:41:31.900000Z</time>
        <extensions>
          <gpxtpx:TrackPointExtension>
            <gpxtpx:hr>105</gpxtpx:hr>
          </gpxtpx:TrackPointExtension>
        </extensions>
      </trkpt>
      <trkpt lat="34.21262658519773" lon="108.83348634085145">
        <ele>405.37957950495183</ele>
        <time>2025-11-14T04:41:32.900000Z</time>
        <extensions>
          <gpxtpx:TrackPointExtension>
            <gpxtpx:hr>105</gpxtpx:hr>
          </gpxtpx:TrackPointExtension>
        </extensions>
      </trkpt>
      <trkpt lat="34.21262278818953" lon="108.83349607598545">
        <ele>405.37710201274604</ele>
        <time>2025-11-14T04:41:33.900000Z</time>
        <extensions>
          <gpxtpx:TrackPointExtension>
            <gpxtpx:hr>105</gpxtpx:hr>
          </gpxtpx:TrackPointExtension>
        </extensions>
      </trkpt>
      <trkpt lat="34.212618925586185" lon="108.83350519946694">
        <ele>405.37269005551934</ele>
        <time>2025-11-14T04:41:34.900000Z</time>
        <extensions>
          <gpxtpx:TrackPointExtension>
            <gpxtpx:hr>105</gpxtpx:hr>
          </gpxtpx:TrackPointExtension>
        </extensions>
      </trkpt>
      <trkpt lat="34.21261404302057" lon="108.83351351285879">
        <ele>405.3741288483143</ele>
        <time>2025-11-14T04:41:35.900000Z</time>
        <extensions>
          <gpxtpx:TrackPointExtension>
            <gpxtpx:hr>105</gpxtpx:hr>
          </gpxtpx:TrackPointExtension>
        </extensions>
      </trkpt>
      <trkpt lat="34.212607868824044" lon="108.8335213896238">
        <ele>405.3699220297858</ele>
        <time>2025-11-14T04:41:36.900000Z</time>
        <extensions>
          <gpxtpx:TrackPointExtension>
            <gpxtpx:hr>105</gpxtpx:hr>
          </gpxtpx:TrackPointExtension>
        </extensions>
      </trkpt>
      <trkpt lat="34.21260051512073" lon="108.8335296629698">
        <ele>405.37515959423035</ele>
        <time>2025-11-14T04:41:37.900000Z</time>
        <extensions>
          <gpxtpx:TrackPointExtension>
            <gpxtpx:hr>105</gpxtpx:hr>
          </gpxtpx:TrackPointExtension>
        </extensions>
      </trkpt>
      <trkpt lat="34.212592134538795" lon="108.83353850398285">
        <ele>405.3814566889778</ele>
        <time>2025-11-14T04:41:38.900000Z</time>
        <extensions>
          <gpxtpx:TrackPointExtension>
            <gpxtpx:hr>105</gpxtpx:hr>
          </gpxtpx:TrackPointExtension>
        </extensions>
      </trkpt>
      <trkpt lat="34.212582684245874" lon="108.83354771423829">
        <ele>405.38231569249183</ele>
        <time>2025-11-14T04:41:39.900000Z</time>
        <extensions>
          <gpxtpx:TrackPointExtension>
            <gpxtpx:hr>105</gpxtpx:hr>
          </gpxtpx:TrackPointExtension>
        </extensions>
      </trkpt>
      <trkpt lat="34.21257261588111" lon="108.83355569629812">
        <ele>405.37569351214916</ele>
        <time>2025-11-14T04:41:40.900000Z</time>
        <extensions>
          <gpxtpx:TrackPointExtension>
            <gpxtpx:hr>105</gpxtpx:hr>
          </gpxtpx:TrackPointExtension>
        </extensions>
      </trkpt>
      <trkpt lat="34.21256229064697" lon="108.83356192126217">
        <ele>405.3442066414282</ele>
        <time>2025-11-14T04:41:41.900000Z</time>
        <extensions>
          <gpxtpx:TrackPointExtension>
            <gpxtpx:hr>105</gpxtpx:hr>
          </gpxtpx:TrackPointExtension>
        </extensions>
      </trkpt>
      <trkpt lat="34.21255180006535" lon="108.8335669891699">
        <ele>405.3206280786544</ele>
        <time>2025-11-14T04:41:42.900000Z</time>
        <extensions>
          <gpxtpx:TrackPointExtension>
            <gpxtpx:hr>105</gpxtpx:hr>
          </gpxtpx:TrackPointExtension>
        </extensions>
      </trkpt>
      <trkpt lat="34.212541573026634" lon="108.83357107789162">
        <ele>405.306828356348</ele>
        <time>2025-11-14T04:41:43.900000Z</time>
        <extensions>
          <gpxtpx:TrackPointExtension>
            <gpxtpx:hr>105</gpxtpx:hr>
          </gpxtpx:TrackPointExtension>
        </extensions>
      </trkpt>
      <trkpt lat="34.212531635071855" lon="108.83357440085246">
        <ele>405.30175590049475</ele>
        <time>2025-11-14T04:41:44.900000Z</time>
        <extensions>
          <gpxtpx:TrackPointExtension>
            <gpxtpx:hr>105</gpxtpx:hr>
          </gpxtpx:TrackPointExtension>
        </extensions>
      </trkpt>
      <trkpt lat="34.21252212540166" lon="108.8335774669187">
        <ele>405.2796988617629</ele>
        <time>2025-11-14T04:41:45.900000Z</time>
        <extensions>
          <gpxtpx:TrackPointExtension>
            <gpxtpx:hr>105</gpxtpx:hr>
          </gpxtpx:TrackPointExtension>
        </extensions>
      </trkpt>
      <trkpt lat="34.21251301145571" lon="108.83358013624968">
        <ele>405.2663704045117</ele>
        <time>2025-11-14T04:41:46.900000Z</time>
        <extensions>
          <gpxtpx:TrackPointExtension>
            <gpxtpx:hr>105</gpxtpx:hr>
          </gpxtpx:TrackPointExtension>
        </extensions>
      </trkpt>
      <trkpt lat="34.21250362183829" lon="108.83358277441603">
        <ele>405.2549780923873</ele>
        <time>2025-11-14T04:41:47.900000Z</time>
        <extensions>
          <gpxtpx:TrackPointExtension>
            <gpxtpx:hr>105</gpxtpx:hr>
          </gpxtpx:TrackPointExtension>
        </extensions>
      </trkpt>
      <trkpt lat="34.21249339045829" lon="108.83358613383012">
        <ele>405.23348380997777</ele>
        <time>2025-11-14T04:41:48.900000Z</time>
        <extensions>
          <gpxtpx:TrackPointExtension>
            <gpxtpx:hr>105</gpxtpx:hr>
          </gpxtpx:TrackPointExtension>
        </extensions>
      </trkpt>
      <trkpt lat="34.21248232397058" lon="108.83358998361773">
        <ele>405.2332514906302</ele>
        <time>2025-11-14T04:41:49.900000Z</time>
        <extensions>
          <gpxtpx:TrackPointExtension>
            <gpxtpx:hr>105</gpxtpx:hr>
          </gpxtpx:TrackPointExtension>
        </extensions>
      </trkpt>
      <trkpt lat="34.21247029283351" lon="108.83359387422288">
        <ele>405.24900717288256</ele>
        <time>2025-11-14T04:41:50.900000Z</time>
        <extensions>
          <gpxtpx:TrackPointExtension>
            <gpxtpx:hr>105</gpxtpx:hr>
          </gpxtpx:TrackPointExtension>
        </extensions>
      </trkpt>
      <trkpt lat="34.21245732113814" lon="108.8335981420116">
        <ele>405.28845528978854</ele>
        <time>2025-11-14T04:41:51.900000Z</time>
        <extensions>
          <gpxtpx:TrackPointExtension>
            <gpxtpx:hr>105</gpxtpx:hr>
          </gpxtpx:TrackPointExtension>
        </extensions>
      </trkpt>
      <trkpt lat="34.21244390039954" lon="108.83360309093189">
        <ele>405.3257145676762</ele>
        <time>2025-11-14T04:41:52.900000Z</time>
        <extensions>
          <gpxtpx:TrackPointExtension>
            <gpxtpx:hr>105</gpxtpx:hr>
          </gpxtpx:TrackPointExtension>
        </extensions>
      </trkpt>
      <trkpt lat="34.212430827047655" lon="108.83360794529635">
        <ele>405.3635233733803</ele>
        <time>2025-11-14T04:41:53.900000Z</time>
        <extensions>
          <gpxtpx:TrackPointExtension>
            <gpxtpx:hr>105</gpxtpx:hr>
          </gpxtpx:TrackPointExtension>
        </extensions>
      </trkpt>
      <trkpt lat="34.21241772023439" lon="108.83361277285093">
        <ele>405.40137091092765</ele>
        <time>2025-11-14T04:41:54.900000Z</time>
        <extensions>
          <gpxtpx:TrackPointExtension>
            <gpxtpx:hr>105</gpxtpx:hr>
          </gpxtpx:TrackPointExtension>
        </extensions>
      </trkpt>
      <trkpt lat="34.212404434395275" lon="108.83361788016944">
        <ele>405.45867340266705</ele>
        <time>2025-11-14T04:41:55.900000Z</time>
        <extensions>
          <gpxtpx:TrackPointExtension>
            <gpxtpx:hr>105</gpxtpx:hr>
          </gpxtpx:TrackPointExtension>
        </extensions>
      </trkpt>
      <trkpt lat="34.21239218660475" lon="108.8336232438075">
        <ele>405.5435189772397</ele>
        <time>2025-11-14T04:41:56.900000Z</time>
        <extensions>
          <gpxtpx:TrackPointExtension>
            <gpxtpx:hr>106</gpxtpx:hr>
          </gpxtpx:TrackPointExtension>
        </extensions>
      </trkpt>
      <trkpt lat="34.212381696537996" lon="108.83363011107716">
        <ele>405.6475530471653</ele>
        <time>2025-11-14T04:41:57.900000Z</time>
        <extensions>
          <gpxtpx:TrackPointExtension>
            <gpxtpx:hr>106</gpxtpx:hr>
          </gpxtpx:TrackPointExtension>
        </extensions>
      </trkpt>
      <trkpt lat="34.212372633525185" lon="108.83363923899186">
        <ele>405.70178334321827</ele>
        <time>2025-11-14T04:41:58.900000Z</time>
        <extensions>
          <gpxtpx:TrackPointExtension>
            <gpxtpx:hr>106</gpxtpx:hr>
          </gpxtpx:TrackPointExtension>
        </extensions>
      </trkpt>
      <trkpt lat="34.21236487221373" lon="108.83365004892843">
        <ele>405.73834124486893</ele>
        <time>2025-11-14T04:41:59.900000Z</time>
        <extensions>
          <gpxtpx:TrackPointExtension>
            <gpxtpx:hr>106</gpxtpx:hr>
          </gpxtpx:TrackPointExtension>
        </extensions>
      </trkpt>
      <trkpt lat="34.21235822875443" lon="108.83366231491252">
        <ele>405.7951360428706</ele>
        <time>2025-11-14T04:42:00.900000Z</time>
        <extensions>
          <gpxtpx:TrackPointExtension>
            <gpxtpx:hr>106</gpxtpx:hr>
          </gpxtpx:TrackPointExtension>
        </extensions>
      </trkpt>
      <trkpt lat="34.21235233347048" lon="108.83367582829136">
        <ele>405.84864204283804</ele>
        <time>2025-11-14T04:42:01.900000Z</time>
        <extensions>
          <gpxtpx:TrackPointExtension>
            <gpxtpx:hr>106</gpxtpx:hr>
          </gpxtpx:TrackPointExtension>
        </extensions>
      </trkpt>
      <trkpt lat="34.21234695681486" lon="108.83369004927398">
        <ele>405.8874347982928</ele>
        <time>2025-11-14T04:42:02.900000Z</time>
        <extensions>
          <gpxtpx:TrackPointExtension>
            <gpxtpx:hr>106</gpxtpx:hr>
          </gpxtpx:TrackPointExtension>
        </extensions>
      </trkpt>
      <trkpt lat="34.212341963294115" lon="108.83370447961575">
        <ele>405.915758353658</ele>
        <time>2025-11-14T04:42:03.900000Z</time>
        <extensions>
          <gpxtpx:TrackPointExtension>
            <gpxtpx:hr>106</gpxtpx:hr>
          </gpxtpx:TrackPointExtension>
        </extensions>
      </trkpt>
      <trkpt lat="34.21233714232432" lon="108.83371900791417">
        <ele>405.9373136507347</ele>
        <time>2025-11-14T04:42:04.900000Z</time>
        <extensions>
          <gpxtpx:TrackPointExtension>
            <gpxtpx:hr>106</gpxtpx:hr>
          </gpxtpx:TrackPointExtension>
        </extensions>
      </trkpt>
      <trkpt lat="34.21233267455187" lon="108.83373399396577">
        <ele>405.9764661183581</ele>
        <time>2025-11-14T04:42:05.900000Z</time>
        <extensions>
          <gpxtpx:TrackPointExtension>
            <gpxtpx:hr>108</gpxtpx:hr>
          </gpxtpx:TrackPointExtension>
        </extensions>
      </trkpt>
      <trkpt lat="34.21232872135709" lon="108.83374974580751">
        <ele>406.02049214951694</ele>
        <time>2025-11-14T04:42:06.900000Z</time>
        <extensions>
          <gpxtpx:TrackPointExtension>
            <gpxtpx:hr>108</gpxtpx:hr>
          </gpxtpx:TrackPointExtension>
        </extensions>
      </trkpt>
      <trkpt lat="34.21232506065752" lon="108.83376566022763">
        <ele>406.047932960093</ele>
        <time>2025-11-14T04:42:07.900000Z</time>
        <extensions>
          <gpxtpx:TrackPointExtension>
            <gpxtpx:hr>108</gpxtpx:hr>
          </gpxtpx:TrackPointExtension>
        </extensions>
      </trkpt>
      <trkpt lat="34.21232129009353" lon="108.83378191422103">
        <ele>406.0771835288033</ele>
        <time>2025-11-14T04:42:08.900000Z</time>
        <extensions>
          <gpxtpx:TrackPointExtension>
            <gpxtpx:hr>108</gpxtpx:hr>
          </gpxtpx:TrackPointExtension>
        </extensions>
      </trkpt>
      <trkpt lat="34.212317225523" lon="108.83379903614042">
        <ele>406.10097502171993</ele>
        <time>2025-11-14T04:42:09.900000Z</time>
        <extensions>
          <gpxtpx:TrackPointExtension>
            <gpxtpx:hr>108</gpxtpx:hr>
          </gpxtpx:TrackPointExtension>
        </extensions>
      </trkpt>
      <trkpt lat="34.21231342558425" lon="108.83381607703492">
        <ele>406.14298766478896</ele>
        <time>2025-11-14T04:42:10.900000Z</time>
        <extensions>
          <gpxtpx:TrackPointExtension>
            <gpxtpx:hr>108</gpxtpx:hr>
          </gpxtpx:TrackPointExtension>
        </extensions>
      </trkpt>
      <trkpt lat="34.2123100234723" lon="108.83383268986245">
        <ele>406.1666924348101</ele>
        <time>2025-11-14T04:42:11.900000Z</time>
        <extensions>
          <gpxtpx:TrackPointExtension>
            <gpxtpx:hr>108</gpxtpx:hr>
          </gpxtpx:TrackPointExtension>
        </extensions>
      </trkpt>
      <trkpt lat="34.21230657362741" lon="108.83384910820374">
        <ele>406.1837729206309</ele>
        <time>2025-11-14T04:42:12.900000Z</time>
        <extensions>
          <gpxtpx:TrackPointExtension>
            <gpxtpx:hr>108</gpxtpx:hr>
          </gpxtpx:TrackPointExtension>
        </extensions>
      </trkpt>
      <trkpt lat="34.212302736721014" lon="108.83386534887934">
        <ele>406.19435375835747</ele>
        <time>2025-11-14T04:42:13.900000Z</time>
        <extensions>
          <gpxtpx:TrackPointExtension>
            <gpxtpx:hr>108</gpxtpx:hr>
          </gpxtpx:TrackPointExtension>
        </extensions>
      </trkpt>
      <trkpt lat="34.21229800749459" lon="108.83388155606194">
        <ele>406.20213601365685</ele>
        <time>2025-11-14T04:42:14.900000Z</time>
        <extensions>
          <gpxtpx:TrackPointExtension>
            <gpxtpx:hr>108</gpxtpx:hr>
          </gpxtpx:TrackPointExtension>
        </extensions>
      </trkpt>
      <trkpt lat="34.21229258505153" lon="108.8338978171783">
        <ele>406.19109746068716</ele>
        <time>2025-11-14T04:42:15.900000Z</time>
        <extensions>
          <gpxtpx:TrackPointExtension>
            <gpxtpx:hr>108</gpxtpx:hr>
          </gpxtpx:TrackPointExtension>
        </extensions>
      </trkpt>
      <trkpt lat="34.212287266520214" lon="108.83391381858821">
        <ele>406.16841226629913</ele>
        <time>2025-11-14T04:42:16.900000Z</time>
        <extensions>
          <gpxtpx:TrackPointExtension>
            <gpxtpx:hr>108</gpxtpx:hr>
          </gpxtpx:TrackPointExtension>
        </extensions>
      </trkpt>
      <trkpt lat="34.212282761305396" lon="108.83393005586962">
        <ele>406.1469875751063</ele>
        <time>2025-11-14T04:42:17.900000Z</time>
        <extensions>
          <gpxtpx:TrackPointExtension>
            <gpxtpx:hr>108</gpxtpx:hr>
          </gpxtpx:TrackPointExtension>
        </extensions>
      </trkpt>
      <trkpt lat="34.2122794711985" lon="108.83394692654102">
        <ele>406.14683762472123</ele>
        <time>2025-11-14T04:42:18.900000Z</time>
        <extensions>
          <gpxtpx:TrackPointExtension>
            <gpxtpx:hr>108</gpxtpx:hr>
          </gpxtpx:TrackPointExtension>
        </extensions>
      </trkpt>
      <trkpt lat="34.212277555092214" lon="108.83396407304389">
        <ele>406.1652533588931</ele>
        <time>2025-11-14T04:42:19.900000Z</time>
        <extensions>
          <gpxtpx:TrackPointExtension>
            <gpxtpx:hr>108</gpxtpx:hr>
          </gpxtpx:TrackPointExtension>
        </extensions>
      </trkpt>
      <trkpt lat="34.21227715711802" lon="108.83398065682606">
        <ele>406.1629369119182</ele>
        <time>2025-11-14T04:42:20.900000Z</time>
        <extensions>
          <gpxtpx:TrackPointExtension>
            <gpxtpx:hr>108</gpxtpx:hr>
          </gpxtpx:TrackPointExtension>
        </extensions>
      </trkpt>
      <trkpt lat="34.2122776967659" lon="108.83399645047255">
        <ele>406.1531721893698</ele>
        <time>2025-11-14T04:42:21.900000Z</time>
        <extensions>
          <gpxtpx:TrackPointExtension>
            <gpxtpx:hr>108</gpxtpx:hr>
          </gpxtpx:TrackPointExtension>
        </extensions>
      </trkpt>
      <trkpt lat="34.21227817467947" lon="108.83401175617472">
        <ele>406.1695734001696</ele>
        <time>2025-11-14T04:42:22.900000Z</time>
        <extensions>
          <gpxtpx:TrackPointExtension>
            <gpxtpx:hr>108</gpxtpx:hr>
          </gpxtpx:TrackPointExtension>
        </extensions>
      </trkpt>
      <trkpt lat="34.212278283037826" lon="108.83402696324042">
        <ele>406.1913137855008</ele>
        <time>2025-11-14T04:42:23.900000Z</time>
        <extensions>
          <gpxtpx:TrackPointExtension>
            <gpxtpx:hr>108</gpxtpx:hr>
          </gpxtpx:TrackPointExtension>
        </extensions>
      </trkpt>
      <trkpt lat="34.21227842790193" lon="108.83404237045474">
        <ele>406.2760729761794</ele>
        <time>2025-11-14T04:42:24.900000Z</time>
        <extensions>
          <gpxtpx:TrackPointExtension>
            <gpxtpx:hr>108</gpxtpx:hr>
          </gpxtpx:TrackPointExtension>
        </extensions>
      </trkpt>
      <trkpt lat="34.2122787994272" lon="108.83405914560576">
        <ele>406.3549690786749</ele>
        <time>2025-11-14T04:42:25.900000Z</time>
        <extensions>
          <gpxtpx:TrackPointExtension>
            <gpxtpx:hr>108</gpxtpx:hr>
          </gpxtpx:TrackPointExtension>
        </extensions>
      </trkpt>
      <trkpt lat="34.212278785289136" lon="108.83407819485772">
        <ele>406.4105468066409</ele>
        <time>2025-11-14T04:42:26.900000Z</time>
        <extensions>
          <gpxtpx:TrackPointExtension>
            <gpxtpx:hr>108</gpxtpx:hr>
          </gpxtpx:TrackPointExtension>
        </extensions>
      </trkpt>
      <trkpt lat="34.212277893810175" lon="108.83409776363389">
        <ele>406.4548158030957</ele>
        <time>2025-11-14T04:42:27.900000Z</time>
        <extensions>
          <gpxtpx:TrackPointExtension>
            <gpxtpx:hr>108</gpxtpx:hr>
          </gpxtpx:TrackPointExtension>
        </extensions>
      </trkpt>
      <trkpt lat="34.21227697172382" lon="108.83411692407566">
        <ele>406.49159906525165</ele>
        <time>2025-11-14T04:42:28.900000Z</time>
        <extensions>
          <gpxtpx:TrackPointExtension>
            <gpxtpx:hr>108</gpxtpx:hr>
          </gpxtpx:TrackPointExtension>
        </extensions>
      </trkpt>
      <trkpt lat="34.212277656687455" lon="108.83413620657416">
        <ele>406.5185535736382</ele>
        <time>2025-11-14T04:42:29.900000Z</time>
        <extensions>
          <gpxtpx:TrackPointExtension>
            <gpxtpx:hr>108</gpxtpx:hr>
          </gpxtpx:TrackPointExtension>
        </extensions>
      </trkpt>
      <trkpt lat="34.21228019923595" lon="108.83415525069861">
        <ele>406.53406555671245</ele>
        <time>2025-11-14T04:42:30.900000Z</time>
        <extensions>
          <gpxtpx:TrackPointExtension>
            <gpxtpx:hr>108</gpxtpx:hr>
          </gpxtpx:TrackPointExtension>
        </extensions>
      </trkpt>
      <trkpt lat="34.21228402602489" lon="108.83417380841605">
        <ele>406.5402691727504</ele>
        <time>2025-11-14T04:42:31.900000Z</time>
        <extensions>
          <gpxtpx:TrackPointExtension>
            <gpxtpx:hr>108</gpxtpx:hr>
          </gpxtpx:TrackPointExtension>
        </extensions>
      </trkpt>
      <trkpt lat="34.21228871140747" lon="108.83419129810073">
        <ele>406.54632490035146</ele>
        <time>2025-11-14T04:42:32.900000Z</time>
        <extensions>
          <gpxtpx:TrackPointExtension>
            <gpxtpx:hr>108</gpxtpx:hr>
          </gpxtpx:TrackPointExtension>
        </extensions>
      </trkpt>
      <trkpt lat="34.21229365288938" lon="108.83420771490638">
        <ele>406.5510746361688</ele>
        <time>2025-11-14T04:42:33.900000Z</time>
        <extensions>
          <gpxtpx:TrackPointExtension>
            <gpxtpx:hr>108</gpxtpx:hr>
          </gpxtpx:TrackPointExtension>
        </extensions>
      </trkpt>
      <trkpt lat="34.21229857931276" lon="108.83422411097982">
        <ele>406.54731021262705</ele>
        <time>2025-11-14T04:42:34.900000Z</time>
        <extensions>
          <gpxtpx:TrackPointExtension>
            <gpxtpx:hr>108</gpxtpx:hr>
          </gpxtpx:TrackPointExtension>
        </extensions>
      </trkpt>
      <trkpt lat="34.21230315887787" lon="108.8342408599889">
        <ele>406.54126238357276</ele>
        <time>2025-11-14T04:42:35.900000Z</time>
        <extensions>
          <gpxtpx:TrackPointExtension>
            <gpxtpx:hr>108</gpxtpx:hr>
          </gpxtpx:TrackPointExtension>
        </extensions>
      </trkpt>
      <trkpt lat="34.21230697841283" lon="108.83425794125016">
        <ele>406.53529560845345</ele>
        <time>2025-11-14T04:42:36.900000Z</time>
        <extensions>
          <gpxtpx:TrackPointExtension>
            <gpxtpx:hr>107</gpxtpx:hr>
          </gpxtpx:TrackPointExtension>
        </extensions>
      </trkpt>
      <trkpt lat="34.212310274805944" lon="108.83427528133545">
        <ele>406.52729986514896</ele>
        <time>2025-11-14T04:42:37.900000Z</time>
        <extensions>
          <gpxtpx:TrackPointExtension>
            <gpxtpx:hr>107</gpxtpx:hr>
          </gpxtpx:TrackPointExtension>
        </extensions>
      </trkpt>
      <trkpt lat="34.2123129656733" lon="108.83429264138672">
        <ele>406.5124206626788</ele>
        <time>2025-11-14T04:42:38.900000Z</time>
        <extensions>
          <gpxtpx:TrackPointExtension>
            <gpxtpx:hr>107</gpxtpx:hr>
          </gpxtpx:TrackPointExtension>
        </extensions>
      </trkpt>
      <trkpt lat="34.21231518199961" lon="108.83430949257145">
        <ele>406.4941313555464</ele>
        <time>2025-11-14T04:42:39.900000Z</time>
        <extensions>
          <gpxtpx:TrackPointExtension>
            <gpxtpx:hr>107</gpxtpx:hr>
          </gpxtpx:TrackPointExtension>
        </extensions>
      </trkpt>
      <trkpt lat="34.212317150560544" lon="108.83432569772299">
        <ele>406.4738156395033</ele>
        <time>2025-11-14T04:42:40.900000Z</time>
        <extensions>
          <gpxtpx:TrackPointExtension>
            <gpxtpx:hr>107</gpxtpx:hr>
          </gpxtpx:TrackPointExtension>
        </extensions>
      </trkpt>
      <trkpt lat="34.21231895969271" lon="108.83434275821536">
        <ele>406.4557480569929</ele>
        <time>2025-11-14T04:42:41.900000Z</time>
        <extensions>
          <gpxtpx:TrackPointExtension>
            <gpxtpx:hr>107</gpxtpx:hr>
          </gpxtpx:TrackPointExtension>
        </extensions>
      </trkpt>
      <trkpt lat="34.212320346434566" lon="108.83436112132462">
        <ele>406.4306757412851</ele>
        <time>2025-11-14T04:42:42.900000Z</time>
        <extensions>
          <gpxtpx:TrackPointExtension>
            <gpxtpx:hr>107</gpxtpx:hr>
          </gpxtpx:TrackPointExtension>
        </extensions>
      </trkpt>
      <trkpt lat="34.212321232040146" lon="108.83437908783077">
        <ele>406.41877332516015</ele>
        <time>2025-11-14T04:42:43.900000Z</time>
        <extensions>
          <gpxtpx:TrackPointExtension>
            <gpxtpx:hr>107</gpxtpx:hr>
          </gpxtpx:TrackPointExtension>
        </extensions>
      </trkpt>
      <trkpt lat="34.21232208849562" lon="108.83439607186394">
        <ele>406.4502627570182</ele>
        <time>2025-11-14T04:42:44.900000Z</time>
        <extensions>
          <gpxtpx:TrackPointExtension>
            <gpxtpx:hr>107</gpxtpx:hr>
          </gpxtpx:TrackPointExtension>
        </extensions>
      </trkpt>
      <trkpt lat="34.2123232179695" lon="108.83441159279877">
        <ele>406.4972700178623</ele>
        <time>2025-11-14T04:42:45.900000Z</time>
        <extensions>
          <gpxtpx:TrackPointExtension>
            <gpxtpx:hr>107</gpxtpx:hr>
          </gpxtpx:TrackPointExtension>
        </extensions>
      </trkpt>
      <trkpt lat="34.21232412989795" lon="108.83442604480713">
        <ele>406.5663913683966</ele>
        <time>2025-11-14T04:42:46.900000Z</time>
        <extensions>
          <gpxtpx:TrackPointExtension>
            <gpxtpx:hr>107</gpxtpx:hr>
          </gpxtpx:TrackPointExtension>
        </extensions>
      </trkpt>
      <trkpt lat="34.21232460623661" lon="108.83444008231946">
        <ele>406.6464586602524</ele>
        <time>2025-11-14T04:42:47.900000Z</time>
        <extensions>
          <gpxtpx:TrackPointExtension>
            <gpxtpx:hr>107</gpxtpx:hr>
          </gpxtpx:TrackPointExtension>
        </extensions>
      </trkpt>
      <trkpt lat="34.21232465231325" lon="108.8344550721546">
        <ele>406.72880530543625</ele>
        <time>2025-11-14T04:42:48.900000Z</time>
        <extensions>
          <gpxtpx:TrackPointExtension>
            <gpxtpx:hr>107</gpxtpx:hr>
          </gpxtpx:TrackPointExtension>
        </extensions>
      </trkpt>
      <trkpt lat="34.21232389170194" lon="108.83447174540797">
        <ele>406.8214267510921</ele>
        <time>2025-11-14T04:42:49.900000Z</time>
        <extensions>
          <gpxtpx:TrackPointExtension>
            <gpxtpx:hr>107</gpxtpx:hr>
          </gpxtpx:TrackPointExtension>
        </extensions>
      </trkpt>
      <trkpt lat="34.2123222280381" lon="108.83448821439895">
        <ele>406.94777193199843</ele>
        <time>2025-11-14T04:42:50.900000Z</time>
        <extensions>
          <gpxtpx:TrackPointExtension>
            <gpxtpx:hr>107</gpxtpx:hr>
          </gpxtpx:TrackPointExtension>
        </extensions>
      </trkpt>
      <trkpt lat="34.21232023621353" lon="108.83450353698854">
        <ele>407.0831315871328</ele>
        <time>2025-11-14T04:42:51.900000Z</time>
        <extensions>
          <gpxtpx:TrackPointExtension>
            <gpxtpx:hr>106</gpxtpx:hr>
          </gpxtpx:TrackPointExtension>
        </extensions>
      </trkpt>
      <trkpt lat="34.212318635483285" lon="108.83451760981089">
        <ele>407.24693750590086</ele>
        <time>2025-11-14T04:42:52.900000Z</time>
        <extensions>
          <gpxtpx:TrackPointExtension>
            <gpxtpx:hr>106</gpxtpx:hr>
          </gpxtpx:TrackPointExtension>
        </extensions>
      </trkpt>
      <trkpt lat="34.212317172226385" lon="108.83452973988629">
        <ele>407.4083678377792</ele>
        <time>2025-11-14T04:42:53.900000Z</time>
        <extensions>
          <gpxtpx:TrackPointExtension>
            <gpxtpx:hr>106</gpxtpx:hr>
          </gpxtpx:TrackPointExtension>
        </extensions>
      </trkpt>
      <trkpt lat="34.21231621331435" lon="108.83454116599964">
        <ele>407.59681313391775</ele>
        <time>2025-11-14T04:42:54.900000Z</time>
        <extensions>
          <gpxtpx:TrackPointExtension>
            <gpxtpx:hr>106</gpxtpx:hr>
          </gpxtpx:TrackPointExtension>
        </extensions>
      </trkpt>
      <trkpt lat="34.21231626843389" lon="108.83455416634746">
        <ele>407.8125864509493</ele>
        <time>2025-11-14T04:42:55.900000Z</time>
        <extensions>
          <gpxtpx:TrackPointExtension>
            <gpxtpx:hr>106</gpxtpx:hr>
          </gpxtpx:TrackPointExtension>
        </extensions>
      </trkpt>
      <trkpt lat="34.21231651348468" lon="108.83456921863839">
        <ele>408.0626952042803</ele>
        <time>2025-11-14T04:42:56.900000Z</time>
        <extensions>
          <gpxtpx:TrackPointExtension>
            <gpxtpx:hr>105</gpxtpx:hr>
          </gpxtpx:TrackPointExtension>
        </extensions>
      </trkpt>
      <trkpt lat="34.212316317647236" lon="108.83458563981327">
        <ele>408.3049606690183</ele>
        <time>2025-11-14T04:42:57.900000Z</time>
        <extensions>
          <gpxtpx:TrackPointExtension>
            <gpxtpx:hr>105</gpxtpx:hr>
          </gpxtpx:TrackPointExtension>
        </extensions>
      </trkpt>
      <trkpt lat="34.21231555316176" lon="108.83460204411794">
        <ele>408.5224500996992</ele>
        <time>2025-11-14T04:42:58.900000Z</time>
        <extensions>
          <gpxtpx:TrackPointExtension>
            <gpxtpx:hr>105</gpxtpx:hr>
          </gpxtpx:TrackPointExtension>
        </extensions>
      </trkpt>
      <trkpt lat="34.21231412923557" lon="108.83461744653005">
        <ele>408.72166238259524</ele>
        <time>2025-11-14T04:42:59.900000Z</time>
        <extensions>
          <gpxtpx:TrackPointExtension>
            <gpxtpx:hr>105</gpxtpx:hr>
          </gpxtpx:TrackPointExtension>
        </extensions>
      </trkpt>
      <trkpt lat="34.21231167958542" lon="108.83463103443088">
        <ele>408.8993526697159</ele>
        <time>2025-11-14T04:43:00.900000Z</time>
        <extensions>
          <gpxtpx:TrackPointExtension>
            <gpxtpx:hr>105</gpxtpx:hr>
          </gpxtpx:TrackPointExtension>
        </extensions>
      </trkpt>
      <trkpt lat="34.21230814071979" lon="108.83464266837935">
        <ele>409.0580713497475</ele>
        <time>2025-11-14T04:43:01.900000Z</time>
        <extensions>
          <gpxtpx:TrackPointExtension>
            <gpxtpx:hr>105</gpxtpx:hr>
          </gpxtpx:TrackPointExtension>
        </extensions>
      </trkpt>
      <trkpt lat="34.212304359792185" lon="108.8346544223019">
        <ele>409.17188947461545</ele>
        <time>2025-11-14T04:43:02.900000Z</time>
        <extensions>
          <gpxtpx:TrackPointExtension>
            <gpxtpx:hr>106</gpxtpx:hr>
          </gpxtpx:TrackPointExtension>
        </extensions>
      </trkpt>
      <trkpt lat="34.212301329104584" lon="108.83466670004061">
        <ele>409.2493563266471</ele>
        <time>2025-11-14T04:43:03.900000Z</time>
        <extensions>
          <gpxtpx:TrackPointExtension>
            <gpxtpx:hr>106</gpxtpx:hr>
          </gpxtpx:TrackPointExtension>
        </extensions>
      </trkpt>
      <trkpt lat="34.21229931680858" lon="108.83467785716527">
        <ele>409.3288450613618</ele>
        <time>2025-11-14T04:43:04.900000Z</time>
        <extensions>
          <gpxtpx:TrackPointExtension>
            <gpxtpx:hr>106</gpxtpx:hr>
          </gpxtpx:TrackPointExtension>
        </extensions>
      </trkpt>
      <trkpt lat="34.212298066927694" lon="108.83468732545496">
        <ele>409.36796024721116</ele>
        <time>2025-11-14T04:43:05.900000Z</time>
        <extensions>
          <gpxtpx:TrackPointExtension>
            <gpxtpx:hr>106</gpxtpx:hr>
          </gpxtpx:TrackPointExtension>
        </extensions>
      </trkpt>
      <trkpt lat="34.21229717353631" lon="108.83469654103169">
        <ele>409.38829503115267</ele>
        <time>2025-11-14T04:43:06.900000Z</time>
        <extensions>
          <gpxtpx:TrackPointExtension>
            <gpxtpx:hr>106</gpxtpx:hr>
          </gpxtpx:TrackPointExtension>
        </extensions>
      </trkpt>
      <trkpt lat="34.212296443171105" lon="108.83470821042766">
        <ele>409.38247635029256</ele>
        <time>2025-11-14T04:43:07.900000Z</time>
        <extensions>
          <gpxtpx:TrackPointExtension>
            <gpxtpx:hr>106</gpxtpx:hr>
          </gpxtpx:TrackPointExtension>
        </extensions>
      </trkpt>
      <trkpt lat="34.212295829201906" lon="108.83472252685476">
        <ele>409.3505947422236</ele>
        <time>2025-11-14T04:43:08.900000Z</time>
        <extensions>
          <gpxtpx:TrackPointExtension>
            <gpxtpx:hr>106</gpxtpx:hr>
          </gpxtpx:TrackPointExtension>
        </extensions>
      </trkpt>
      <trkpt lat="34.21229501608012" lon="108.83473774603755">
        <ele>409.29886265005916</ele>
        <time>2025-11-14T04:43:09.900000Z</time>
        <extensions>
          <gpxtpx:TrackPointExtension>
            <gpxtpx:hr>106</gpxtpx:hr>
          </gpxtpx:TrackPointExtension>
        </extensions>
      </trkpt>
      <trkpt lat="34.212293828413216" lon="108.83475319464216">
        <ele>409.2185292271897</ele>
        <time>2025-11-14T04:43:10.900000Z</time>
        <extensions>
          <gpxtpx:TrackPointExtension>
            <gpxtpx:hr>106</gpxtpx:hr>
          </gpxtpx:TrackPointExtension>
        </extensions>
      </trkpt>
      <trkpt lat="34.21229249224718" lon="108.83476878289598">
        <ele>409.1152423368767</ele>
        <time>2025-11-14T04:43:11.900000Z</time>
        <extensions>
          <gpxtpx:TrackPointExtension>
            <gpxtpx:hr>106</gpxtpx:hr>
          </gpxtpx:TrackPointExtension>
        </extensions>
      </trkpt>
      <trkpt lat="34.21229117500475" lon="108.83478480759864">
        <ele>409.0114173516631</ele>
        <time>2025-11-14T04:43:12.900000Z</time>
        <extensions>
          <gpxtpx:TrackPointExtension>
            <gpxtpx:hr>106</gpxtpx:hr>
          </gpxtpx:TrackPointExtension>
        </extensions>
      </trkpt>
      <trkpt lat="34.212290041361555" lon="108.83480126324592">
        <ele>408.9000153178349</ele>
        <time>2025-11-14T04:43:13.900000Z</time>
        <extensions>
          <gpxtpx:TrackPointExtension>
            <gpxtpx:hr>106</gpxtpx:hr>
          </gpxtpx:TrackPointExtension>
        </extensions>
      </trkpt>
      <trkpt lat="34.21228902252893" lon="108.8348178496334">
        <ele>408.7571472097188</ele>
        <time>2025-11-14T04:43:14.900000Z</time>
        <extensions>
          <gpxtpx:TrackPointExtension>
            <gpxtpx:hr>106</gpxtpx:hr>
          </gpxtpx:TrackPointExtension>
        </extensions>
      </trkpt>
      <trkpt lat="34.21228774190722" lon="108.83483443856771">
        <ele>408.61433675326407</ele>
        <time>2025-11-14T04:43:15.900000Z</time>
        <extensions>
          <gpxtpx:TrackPointExtension>
            <gpxtpx:hr>106</gpxtpx:hr>
          </gpxtpx:TrackPointExtension>
        </extensions>
      </trkpt>
      <trkpt lat="34.21228604914538" lon="108.83485027960661">
        <ele>408.48174634575844</ele>
        <time>2025-11-14T04:43:16.900000Z</time>
        <extensions>
          <gpxtpx:TrackPointExtension>
            <gpxtpx:hr>106</gpxtpx:hr>
          </gpxtpx:TrackPointExtension>
        </extensions>
      </trkpt>
      <trkpt lat="34.21228421647609" lon="108.83486551503306">
        <ele>408.3575194692239</ele>
        <time>2025-11-14T04:43:17.900000Z</time>
        <extensions>
          <gpxtpx:TrackPointExtension>
            <gpxtpx:hr>107</gpxtpx:hr>
          </gpxtpx:TrackPointExtension>
        </extensions>
      </trkpt>
      <trkpt lat="34.212282531227466" lon="108.83488094809954">
        <ele>408.22186160087585</ele>
        <time>2025-11-14T04:43:18.900000Z</time>
        <extensions>
          <gpxtpx:TrackPointExtension>
            <gpxtpx:hr>107</gpxtpx:hr>
          </gpxtpx:TrackPointExtension>
        </extensions>
      </trkpt>
      <trkpt lat="34.21228118218688" lon="108.83489701892748">
        <ele>408.088231918402</ele>
        <time>2025-11-14T04:43:19.900000Z</time>
        <extensions>
          <gpxtpx:TrackPointExtension>
            <gpxtpx:hr>107</gpxtpx:hr>
          </gpxtpx:TrackPointExtension>
        </extensions>
      </trkpt>
      <trkpt lat="34.21227993055282" lon="108.8349139894913">
        <ele>407.96251796372235</ele>
        <time>2025-11-14T04:43:20.900000Z</time>
        <extensions>
          <gpxtpx:TrackPointExtension>
            <gpxtpx:hr>107</gpxtpx:hr>
          </gpxtpx:TrackPointExtension>
        </extensions>
      </trkpt>
      <trkpt lat="34.21227858974361" lon="108.83493150938635">
        <ele>407.8613952482119</ele>
        <time>2025-11-14T04:43:21.900000Z</time>
        <extensions>
          <gpxtpx:TrackPointExtension>
            <gpxtpx:hr>104</gpxtpx:hr>
          </gpxtpx:TrackPointExtension>
        </extensions>
      </trkpt>
      <trkpt lat="34.21227750145716" lon="108.83494942213626">
        <ele>407.78446306753904</ele>
        <time>2025-11-14T04:43:22.900000Z</time>
        <extensions>
          <gpxtpx:TrackPointExtension>
            <gpxtpx:hr>104</gpxtpx:hr>
          </gpxtpx:TrackPointExtension>
        </extensions>
      </trkpt>
      <trkpt lat="34.212276838126684" lon="108.83496717001131">
        <ele>407.74596634786576</ele>
        <time>2025-11-14T04:43:23.900000Z</time>
        <extensions>
          <gpxtpx:TrackPointExtension>
            <gpxtpx:hr>104</gpxtpx:hr>
          </gpxtpx:TrackPointExtension>
        </extensions>
      </trkpt>
      <trkpt lat="34.21227658207093" lon="108.8349840664089">
        <ele>407.72078364063054</ele>
        <time>2025-11-14T04:43:24.900000Z</time>
        <extensions>
          <gpxtpx:TrackPointExtension>
            <gpxtpx:hr>104</gpxtpx:hr>
          </gpxtpx:TrackPointExtension>
        </extensions>
      </trkpt>
      <trkpt lat="34.212276283711496" lon="108.83499969461367">
        <ele>407.69307924993336</ele>
        <time>2025-11-14T04:43:25.900000Z</time>
        <extensions>
          <gpxtpx:TrackPointExtension>
            <gpxtpx:hr>104</gpxtpx:hr>
          </gpxtpx:TrackPointExtension>
        </extensions>
      </trkpt>
      <trkpt lat="34.212275312447694" lon="108.83501433963323">
        <ele>407.6744427783415</ele>
        <time>2025-11-14T04:43:26.900000Z</time>
        <extensions>
          <gpxtpx:TrackPointExtension>
            <gpxtpx:hr>104</gpxtpx:hr>
          </gpxtpx:TrackPointExtension>
        </extensions>
      </trkpt>
      <trkpt lat="34.21227337373785" lon="108.8350283057825">
        <ele>407.66268479358405</ele>
        <time>2025-11-14T04:43:27.900000Z</time>
        <extensions>
          <gpxtpx:TrackPointExtension>
            <gpxtpx:hr>104</gpxtpx:hr>
          </gpxtpx:TrackPointExtension>
        </extensions>
      </trkpt>
      <trkpt lat="34.212270433395084" lon="108.83504232872508">
        <ele>407.6620160462335</ele>
        <time>2025-11-14T04:43:28.900000Z</time>
        <extensions>
          <gpxtpx:TrackPointExtension>
            <gpxtpx:hr>104</gpxtpx:hr>
          </gpxtpx:TrackPointExtension>
        </extensions>
      </trkpt>
      <trkpt lat="34.212266535166115" lon="108.83505644709089">
        <ele>407.67076749540865</ele>
        <time>2025-11-14T04:43:29.900000Z</time>
        <extensions>
          <gpxtpx:TrackPointExtension>
            <gpxtpx:hr>104</gpxtpx:hr>
          </gpxtpx:TrackPointExtension>
        </extensions>
      </trkpt>
      <trkpt lat="34.212261533777365" lon="108.83506981309118">
        <ele>407.70601478405297</ele>
        <time>2025-11-14T04:43:30.900000Z</time>
        <extensions>
          <gpxtpx:TrackPointExtension>
            <gpxtpx:hr>104</gpxtpx:hr>
          </gpxtpx:TrackPointExtension>
        </extensions>
      </trkpt>
      <trkpt lat="34.212254712715364" lon="108.83508263353133">
        <ele>407.7284807590768</ele>
        <time>2025-11-14T04:43:31.900000Z</time>
        <extensions>
          <gpxtpx:TrackPointExtension>
            <gpxtpx:hr>104</gpxtpx:hr>
          </gpxtpx:TrackPointExtension>
        </extensions>
      </trkpt>
      <trkpt lat="34.21224619165404" lon="108.83509553976127">
        <ele>407.75602350383997</ele>
        <time>2025-11-14T04:43:32.900000Z</time>
        <extensions>
          <gpxtpx:TrackPointExtension>
            <gpxtpx:hr>104</gpxtpx:hr>
          </gpxtpx:TrackPointExtension>
        </extensions>
      </trkpt>
      <trkpt lat="34.21223718151153" lon="108.83510845397845">
        <ele>407.75793441571295</ele>
        <time>2025-11-14T04:43:33.900000Z</time>
        <extensions>
          <gpxtpx:TrackPointExtension>
            <gpxtpx:hr>104</gpxtpx:hr>
          </gpxtpx:TrackPointExtension>
        </extensions>
      </trkpt>
      <trkpt lat="34.21222902363638" lon="108.83512095907929">
        <ele>407.7489534197375</ele>
        <time>2025-11-14T04:43:34.900000Z</time>
        <extensions>
          <gpxtpx:TrackPointExtension>
            <gpxtpx:hr>104</gpxtpx:hr>
          </gpxtpx:TrackPointExtension>
        </extensions>
      </trkpt>
      <trkpt lat="34.212221816323854" lon="108.83513351420025">
        <ele>407.7319962773472</ele>
        <time>2025-11-14T04:43:35.900000Z</time>
        <extensions>
          <gpxtpx:TrackPointExtension>
            <gpxtpx:hr>104</gpxtpx:hr>
          </gpxtpx:TrackPointExtension>
        </extensions>
      </trkpt>
      <trkpt lat="34.21221489775051" lon="108.83514667747427">
        <ele>407.7157241785899</ele>
        <time>2025-11-14T04:43:36.900000Z</time>
        <extensions>
          <gpxtpx:TrackPointExtension>
            <gpxtpx:hr>104</gpxtpx:hr>
          </gpxtpx:TrackPointExtension>
        </extensions>
      </trkpt>
      <trkpt lat="34.21220862904824" lon="108.83516022637433">
        <ele>407.67314943205565</ele>
        <time>2025-11-14T04:43:37.900000Z</time>
        <extensions>
          <gpxtpx:TrackPointExtension>
            <gpxtpx:hr>104</gpxtpx:hr>
          </gpxtpx:TrackPointExtension>
        </extensions>
      </trkpt>
      <trkpt lat="34.212203354880074" lon="108.83517449377749">
        <ele>407.6151968948543</ele>
        <time>2025-11-14T04:43:38.900000Z</time>
        <extensions>
          <gpxtpx:TrackPointExtension>
            <gpxtpx:hr>105</gpxtpx:hr>
          </gpxtpx:TrackPointExtension>
        </extensions>
      </trkpt>
      <trkpt lat="34.21219838817393" lon="108.83519055290472">
        <ele>407.55946446955204</ele>
        <time>2025-11-14T04:43:39.900000Z</time>
        <extensions>
          <gpxtpx:TrackPointExtension>
            <gpxtpx:hr>105</gpxtpx:hr>
          </gpxtpx:TrackPointExtension>
        </extensions>
      </trkpt>
      <trkpt lat="34.212193447239834" lon="108.83520790725132">
        <ele>407.5030131516978</ele>
        <time>2025-11-14T04:43:40.900000Z</time>
        <extensions>
          <gpxtpx:TrackPointExtension>
            <gpxtpx:hr>105</gpxtpx:hr>
          </gpxtpx:TrackPointExtension>
        </extensions>
      </trkpt>
      <trkpt lat="34.21218833296123" lon="108.83522506580887">
        <ele>407.4328707046807</ele>
        <time>2025-11-14T04:43:41.900000Z</time>
        <extensions>
          <gpxtpx:TrackPointExtension>
            <gpxtpx:hr>105</gpxtpx:hr>
          </gpxtpx:TrackPointExtension>
        </extensions>
      </trkpt>
      <trkpt lat="34.21218291906127" lon="108.83524218845605">
        <ele>407.3703072760254</ele>
        <time>2025-11-14T04:43:42.900000Z</time>
        <extensions>
          <gpxtpx:TrackPointExtension>
            <gpxtpx:hr>105</gpxtpx:hr>
          </gpxtpx:TrackPointExtension>
        </extensions>
      </trkpt>
      <trkpt lat="34.2121773704936" lon="108.83526012587278">
        <ele>407.3071776740253</ele>
        <time>2025-11-14T04:43:43.900000Z</time>
        <extensions>
          <gpxtpx:TrackPointExtension>
            <gpxtpx:hr>105</gpxtpx:hr>
          </gpxtpx:TrackPointExtension>
        </extensions>
      </trkpt>
      <trkpt lat="34.212172159166094" lon="108.83527701487195">
        <ele>407.24728287849575</ele>
        <time>2025-11-14T04:43:44.900000Z</time>
        <extensions>
          <gpxtpx:TrackPointExtension>
            <gpxtpx:hr>105</gpxtpx:hr>
          </gpxtpx:TrackPointExtension>
        </extensions>
      </trkpt>
      <trkpt lat="34.2121667930515" lon="108.83529325114347">
        <ele>407.2082284549251</ele>
        <time>2025-11-14T04:43:45.900000Z</time>
        <extensions>
          <gpxtpx:TrackPointExtension>
            <gpxtpx:hr>105</gpxtpx:hr>
          </gpxtpx:TrackPointExtension>
        </extensions>
      </trkpt>
      <trkpt lat="34.21216092855039" lon="108.83530921160958">
        <ele>407.202040925622</ele>
        <time>2025-11-14T04:43:46.900000Z</time>
        <extensions>
          <gpxtpx:TrackPointExtension>
            <gpxtpx:hr>105</gpxtpx:hr>
          </gpxtpx:TrackPointExtension>
        </extensions>
      </trkpt>
      <trkpt lat="34.21215495938796" lon="108.83532473959193">
        <ele>407.23703657556325</ele>
        <time>2025-11-14T04:43:47.900000Z</time>
        <extensions>
          <gpxtpx:TrackPointExtension>
            <gpxtpx:hr>105</gpxtpx:hr>
          </gpxtpx:TrackPointExtension>
        </extensions>
      </trkpt>
      <trkpt lat="34.21214898883838" lon="108.8353397251172">
        <ele>407.2735881935805</ele>
        <time>2025-11-14T04:43:48.900000Z</time>
        <extensions>
          <gpxtpx:TrackPointExtension>
            <gpxtpx:hr>105</gpxtpx:hr>
          </gpxtpx:TrackPointExtension>
        </extensions>
      </trkpt>
      <trkpt lat="34.212142591026236" lon="108.83535412536794">
        <ele>407.31980295386165</ele>
        <time>2025-11-14T04:43:49.900000Z</time>
        <extensions>
          <gpxtpx:TrackPointExtension>
            <gpxtpx:hr>105</gpxtpx:hr>
          </gpxtpx:TrackPointExtension>
        </extensions>
      </trkpt>
      <trkpt lat="34.21213596136032" lon="108.83536839063697">
        <ele>407.3620442422107</ele>
        <time>2025-11-14T04:43:50.900000Z</time>
        <extensions>
          <gpxtpx:TrackPointExtension>
            <gpxtpx:hr>105</gpxtpx:hr>
          </gpxtpx:TrackPointExtension>
        </extensions>
      </trkpt>
      <trkpt lat="34.21212941988148" lon="108.83538272170766">
        <ele>407.40005384292454</ele>
        <time>2025-11-14T04:43:51.900000Z</time>
        <extensions>
          <gpxtpx:TrackPointExtension>
            <gpxtpx:hr>105</gpxtpx:hr>
          </gpxtpx:TrackPointExtension>
        </extensions>
      </trkpt>
      <trkpt lat="34.21212308706555" lon="108.83539710312084">
        <ele>407.45682199206203</ele>
        <time>2025-11-14T04:43:52.900000Z</time>
        <extensions>
          <gpxtpx:TrackPointExtension>
            <gpxtpx:hr>104</gpxtpx:hr>
          </gpxtpx:TrackPointExtension>
        </extensions>
      </trkpt>
      <trkpt lat="34.212116931006875" lon="108.83541051256425">
        <ele>407.53127073775977</ele>
        <time>2025-11-14T04:43:53.900000Z</time>
        <extensions>
          <gpxtpx:TrackPointExtension>
            <gpxtpx:hr>104</gpxtpx:hr>
          </gpxtpx:TrackPointExtension>
        </extensions>
      </trkpt>
      <trkpt lat="34.21211039028793" lon="108.83542216897139">
        <ele>407.60197805054486</ele>
        <time>2025-11-14T04:43:54.900000Z</time>
        <extensions>
          <gpxtpx:TrackPointExtension>
            <gpxtpx:hr>104</gpxtpx:hr>
          </gpxtpx:TrackPointExtension>
        </extensions>
      </trkpt>
      <trkpt lat="34.21210427523824" lon="108.83543231116882">
        <ele>407.6708402801305</ele>
        <time>2025-11-14T04:43:55.900000Z</time>
        <extensions>
          <gpxtpx:TrackPointExtension>
            <gpxtpx:hr>104</gpxtpx:hr>
          </gpxtpx:TrackPointExtension>
        </extensions>
      </trkpt>
      <trkpt lat="34.21209871128517" lon="108.83544266794308">
        <ele>407.7176191266626</ele>
        <time>2025-11-14T04:43:56.900000Z</time>
        <extensions>
          <gpxtpx:TrackPointExtension>
            <gpxtpx:hr>104</gpxtpx:hr>
          </gpxtpx:TrackPointExtension>
        </extensions>
      </trkpt>
      <trkpt lat="34.21209291340218" lon="108.83545402193099">
        <ele>407.7730649439618</ele>
        <time>2025-11-14T04:43:57.900000Z</time>
        <extensions>
          <gpxtpx:TrackPointExtension>
            <gpxtpx:hr>104</gpxtpx:hr>
          </gpxtpx:TrackPointExtension>
        </extensions>
      </trkpt>
      <trkpt lat="34.21208633917843" lon="108.83546658859423">
        <ele>407.8233762923628</ele>
        <time>2025-11-14T04:43:58.900000Z</time>
        <extensions>
          <gpxtpx:TrackPointExtension>
            <gpxtpx:hr>104</gpxtpx:hr>
          </gpxtpx:TrackPointExtension>
        </extensions>
      </trkpt>
      <trkpt lat="34.21207872898358" lon="108.83547956193239">
        <ele>407.8640911243856</ele>
        <time>2025-11-14T04:43:59.900000Z</time>
        <extensions>
          <gpxtpx:TrackPointExtension>
            <gpxtpx:hr>104</gpxtpx:hr>
          </gpxtpx:TrackPointExtension>
        </extensions>
      </trkpt>
      <trkpt lat="34.21207030861507" lon="108.83549222479493">
        <ele>407.8722235262394</ele>
        <time>2025-11-14T04:44:00.900000Z</time>
        <extensions>
          <gpxtpx:TrackPointExtension>
            <gpxtpx:hr>104</gpxtpx:hr>
          </gpxtpx:TrackPointExtension>
        </extensions>
      </trkpt>
      <trkpt lat="34.21206168387425" lon="108.83550531137342">
        <ele>407.8845593482256</ele>
        <time>2025-11-14T04:44:01.900000Z</time>
        <extensions>
          <gpxtpx:TrackPointExtension>
            <gpxtpx:hr>104</gpxtpx:hr>
          </gpxtpx:TrackPointExtension>
        </extensions>
      </trkpt>
      <trkpt lat="34.21205319055332" lon="108.83551940413473">
        <ele>407.8896683808416</ele>
        <time>2025-11-14T04:44:02.900000Z</time>
        <extensions>
          <gpxtpx:TrackPointExtension>
            <gpxtpx:hr>104</gpxtpx:hr>
          </gpxtpx:TrackPointExtension>
        </extensions>
      </trkpt>
      <trkpt lat="34.21204508635503" lon="108.8355340818172">
        <ele>407.87735175713897</ele>
        <time>2025-11-14T04:44:03.900000Z</time>
        <extensions>
          <gpxtpx:TrackPointExtension>
            <gpxtpx:hr>104</gpxtpx:hr>
          </gpxtpx:TrackPointExtension>
        </extensions>
      </trkpt>
      <trkpt lat="34.21203805723287" lon="108.83554815541154">
        <ele>407.86660779453814</ele>
        <time>2025-11-14T04:44:04.900000Z</time>
        <extensions>
          <gpxtpx:TrackPointExtension>
            <gpxtpx:hr>104</gpxtpx:hr>
          </gpxtpx:TrackPointExtension>
        </extensions>
      </trkpt>
      <trkpt lat="34.21203150083391" lon="108.83556243212807">
        <ele>407.83833111450076</ele>
        <time>2025-11-14T04:44:05.900000Z</time>
        <extensions>
          <gpxtpx:TrackPointExtension>
            <gpxtpx:hr>104</gpxtpx:hr>
          </gpxtpx:TrackPointExtension>
        </extensions>
      </trkpt>
      <trkpt lat="34.21202424715804" lon="108.8355780177847">
        <ele>407.79435953777283</ele>
        <time>2025-11-14T04:44:06.900000Z</time>
        <extensions>
          <gpxtpx:TrackPointExtension>
            <gpxtpx:hr>104</gpxtpx:hr>
          </gpxtpx:TrackPointExtension>
        </extensions>
      </trkpt>
      <trkpt lat="34.21201673025593" lon="108.83559244199903">
        <ele>407.73844681400806</ele>
        <time>2025-11-14T04:44:07.900000Z</time>
        <extensions>
          <gpxtpx:TrackPointExtension>
            <gpxtpx:hr>104</gpxtpx:hr>
          </gpxtpx:TrackPointExtension>
        </extensions>
      </trkpt>
      <trkpt lat="34.21200866409437" lon="108.835606044498">
        <ele>407.66060669347644</ele>
        <time>2025-11-14T04:44:08.900000Z</time>
        <extensions>
          <gpxtpx:TrackPointExtension>
            <gpxtpx:hr>104</gpxtpx:hr>
          </gpxtpx:TrackPointExtension>
        </extensions>
      </trkpt>
      <trkpt lat="34.21199999844741" lon="108.83562063406433">
        <ele>407.5854302486405</ele>
        <time>2025-11-14T04:44:09.900000Z</time>
        <extensions>
          <gpxtpx:TrackPointExtension>
            <gpxtpx:hr>104</gpxtpx:hr>
          </gpxtpx:TrackPointExtension>
        </extensions>
      </trkpt>
      <trkpt lat="34.21199148138953" lon="108.83563545005694">
        <ele>407.50286180432886</ele>
        <time>2025-11-14T04:44:10.900000Z</time>
        <extensions>
          <gpxtpx:TrackPointExtension>
            <gpxtpx:hr>104</gpxtpx:hr>
          </gpxtpx:TrackPointExtension>
        </extensions>
      </trkpt>
      <trkpt lat="34.21198341178227" lon="108.83564969460669">
        <ele>407.42136685177684</ele>
        <time>2025-11-14T04:44:11.900000Z</time>
        <extensions>
          <gpxtpx:TrackPointExtension>
            <gpxtpx:hr>104</gpxtpx:hr>
          </gpxtpx:TrackPointExtension>
        </extensions>
      </trkpt>
      <trkpt lat="34.21197605773559" lon="108.83566288650195">
        <ele>407.3261855673045</ele>
        <time>2025-11-14T04:44:12.900000Z</time>
        <extensions>
          <gpxtpx:TrackPointExtension>
            <gpxtpx:hr>104</gpxtpx:hr>
          </gpxtpx:TrackPointExtension>
        </extensions>
      </trkpt>
      <trkpt lat="34.21196919462882" lon="108.83567569228815">
        <ele>407.2502427911386</ele>
        <time>2025-11-14T04:44:13.900000Z</time>
      </trkpt>
      <trkpt lat="34.211962542402134" lon="108.8356888577536">
        <ele>407.1750416615978</ele>
        <time>2025-11-14T04:44:14.900000Z</time>
      </trkpt>
      <trkpt lat="34.211955786276356" lon="108.83570274759116">
        <ele>407.10956432670355</ele>
        <time>2025-11-14T04:44:15.900000Z</time>
      </trkpt>
      <trkpt lat="34.2119487450406" lon="108.83571734535329">
        <ele>407.0573702137917</ele>
        <time>2025-11-14T04:44:16.900000Z</time>
      </trkpt>
      <trkpt lat="34.211941586042656" lon="108.83573225625332">
        <ele>407.02299731131643</ele>
        <time>2025-11-14T04:44:17.900000Z</time>
      </trkpt>
      <trkpt lat="34.21193407779202" lon="108.8357469278605">
        <ele>406.98551205173135</ele>
        <time>2025-11-14T04:44:18.900000Z</time>
      </trkpt>
      <trkpt lat="34.21192612726625" lon="108.83576092054055">
        <ele>406.9456786531955</ele>
        <time>2025-11-14T04:44:19.900000Z</time>
      </trkpt>
      <trkpt lat="34.21191808742774" lon="108.83577424305753">
        <ele>406.9180620564148</ele>
        <time>2025-11-14T04:44:20.900000Z</time>
      </trkpt>
      <trkpt lat="34.2119103335927" lon="108.83578716269844">
        <ele>406.90894750133157</ele>
        <time>2025-11-14T04:44:21.900000Z</time>
      </trkpt>
      <trkpt lat="34.211903212114166" lon="108.83580018873256">
        <ele>406.91282775904983</ele>
        <time>2025-11-14T04:44:22.900000Z</time>
      </trkpt>
      <trkpt lat="34.2118967181406" lon="108.83581353528362">
        <ele>406.9174653356895</ele>
        <time>2025-11-14T04:44:23.900000Z</time>
      </trkpt>
      <trkpt lat="34.2118902774543" lon="108.83582691346876">
        <ele>406.91676396597177</ele>
        <time>2025-11-14T04:44:24.900000Z</time>
      </trkpt>
      <trkpt lat="34.211883503842" lon="108.83584007844719">
        <ele>406.93589803949</ele>
        <time>2025-11-14T04:44:25.900000Z</time>
      </trkpt>
      <trkpt lat="34.21187657948938" lon="108.83585310355987">
        <ele>406.9621032886207</ele>
        <time>2025-11-14T04:44:26.900000Z</time>
      </trkpt>
      <trkpt lat="34.21186910544216" lon="108.83586588984775">
        <ele>407.00714308582246</ele>
        <time>2025-11-14T04:44:27.900000Z</time>
      </trkpt>
      <trkpt lat="34.21186053209123" lon="108.83587782897159">
        <ele>407.07270413450897</ele>
        <time>2025-11-14T04:44:28.900000Z</time>
      </trkpt>
      <trkpt lat="34.21185050547983" lon="108.83588920750982">
        <ele>407.1555255865678</ele>
        <time>2025-11-14T04:44:29.900000Z</time>
        <extensions>
          <gpxtpx:TrackPointExtension>
            <gpxtpx:hr>104</gpxtpx:hr>
          </gpxtpx:TrackPointExtension>
        </extensions>
      </trkpt>
      <trkpt lat="34.21183914485603" lon="108.83590047878174">
        <ele>407.2444929452613</ele>
        <time>2025-11-14T04:44:30.900000Z</time>
        <extensions>
          <gpxtpx:TrackPointExtension>
            <gpxtpx:hr>104</gpxtpx:hr>
          </gpxtpx:TrackPointExtension>
        </extensions>
      </trkpt>
      <trkpt lat="34.21182711591492" lon="108.83591115790122">
        <ele>407.3314645085484</ele>
        <time>2025-11-14T04:44:31.900000Z</time>
        <extensions>
          <gpxtpx:TrackPointExtension>
            <gpxtpx:hr>104</gpxtpx:hr>
          </gpxtpx:TrackPointExtension>
        </extensions>
      </trkpt>
      <trkpt lat="34.21181512724111" lon="108.83592099113199">
        <ele>407.4149327715859</ele>
        <time>2025-11-14T04:44:32.900000Z</time>
        <extensions>
          <gpxtpx:TrackPointExtension>
            <gpxtpx:hr>104</gpxtpx:hr>
          </gpxtpx:TrackPointExtension>
        </extensions>
      </trkpt>
      <trkpt lat="34.21180345586407" lon="108.83592982326743">
        <ele>407.5180262848735</ele>
        <time>2025-11-14T04:44:33.900000Z</time>
        <extensions>
          <gpxtpx:TrackPointExtension>
            <gpxtpx:hr>104</gpxtpx:hr>
          </gpxtpx:TrackPointExtension>
        </extensions>
      </trkpt>
      <trkpt lat="34.211792340147234" lon="108.83593769284421">
        <ele>407.62195374816656</ele>
        <time>2025-11-14T04:44:34.900000Z</time>
        <extensions>
          <gpxtpx:TrackPointExtension>
            <gpxtpx:hr>104</gpxtpx:hr>
          </gpxtpx:TrackPointExtension>
        </extensions>
      </trkpt>
      <trkpt lat="34.211781800655565" lon="108.83594499199559">
        <ele>407.71555555891246</ele>
        <time>2025-11-14T04:44:35.900000Z</time>
        <extensions>
          <gpxtpx:TrackPointExtension>
            <gpxtpx:hr>104</gpxtpx:hr>
          </gpxtpx:TrackPointExtension>
        </extensions>
      </trkpt>
      <trkpt lat="34.21177133978666" lon="108.83595166806576">
        <ele>407.808191861026</ele>
        <time>2025-11-14T04:44:36.900000Z</time>
        <extensions>
          <gpxtpx:TrackPointExtension>
            <gpxtpx:hr>104</gpxtpx:hr>
          </gpxtpx:TrackPointExtension>
        </extensions>
      </trkpt>
      <trkpt lat="34.21176035830753" lon="108.83595787582716">
        <ele>407.90690590441227</ele>
        <time>2025-11-14T04:44:37.900000Z</time>
        <extensions>
          <gpxtpx:TrackPointExtension>
            <gpxtpx:hr>104</gpxtpx:hr>
          </gpxtpx:TrackPointExtension>
        </extensions>
      </trkpt>
      <trkpt lat="34.21174886755743" lon="108.83596360193731">
        <ele>408.0123242707923</ele>
        <time>2025-11-14T04:44:38.900000Z</time>
        <extensions>
          <gpxtpx:TrackPointExtension>
            <gpxtpx:hr>104</gpxtpx:hr>
          </gpxtpx:TrackPointExtension>
        </extensions>
      </trkpt>
      <trkpt lat="34.21173694593563" lon="108.83596902979949">
        <ele>408.10869308002293</ele>
        <time>2025-11-14T04:44:39.900000Z</time>
        <extensions>
          <gpxtpx:TrackPointExtension>
            <gpxtpx:hr>104</gpxtpx:hr>
          </gpxtpx:TrackPointExtension>
        </extensions>
      </trkpt>
      <trkpt lat="34.21172471443149" lon="108.8359744933106">
        <ele>408.1890400769189</ele>
        <time>2025-11-14T04:44:40.900000Z</time>
        <extensions>
          <gpxtpx:TrackPointExtension>
            <gpxtpx:hr>104</gpxtpx:hr>
          </gpxtpx:TrackPointExtension>
        </extensions>
      </trkpt>
      <trkpt lat="34.211713304317584" lon="108.83597989568123">
        <ele>408.27350503206253</ele>
        <time>2025-11-14T04:44:41.900000Z</time>
        <extensions>
          <gpxtpx:TrackPointExtension>
            <gpxtpx:hr>104</gpxtpx:hr>
          </gpxtpx:TrackPointExtension>
        </extensions>
      </trkpt>
      <trkpt lat="34.2117032881499" lon="108.83598555552658">
        <ele>408.36596142407507</ele>
        <time>2025-11-14T04:44:42.900000Z</time>
        <extensions>
          <gpxtpx:TrackPointExtension>
            <gpxtpx:hr>104</gpxtpx:hr>
          </gpxtpx:TrackPointExtension>
        </extensions>
      </trkpt>
      <trkpt lat="34.21169430244208" lon="108.83599203300543">
        <ele>408.452847241424</ele>
        <time>2025-11-14T04:44:43.900000Z</time>
        <extensions>
          <gpxtpx:TrackPointExtension>
            <gpxtpx:hr>104</gpxtpx:hr>
          </gpxtpx:TrackPointExtension>
        </extensions>
      </trkpt>
      <trkpt lat="34.21168642033793" lon="108.83599964927599">
        <ele>408.54540286026895</ele>
        <time>2025-11-14T04:44:44.900000Z</time>
        <extensions>
          <gpxtpx:TrackPointExtension>
            <gpxtpx:hr>104</gpxtpx:hr>
          </gpxtpx:TrackPointExtension>
        </extensions>
      </trkpt>
      <trkpt lat="34.211679586438905" lon="108.83600933021751">
        <ele>408.6188098285347</ele>
        <time>2025-11-14T04:44:45.900000Z</time>
        <extensions>
          <gpxtpx:TrackPointExtension>
            <gpxtpx:hr>104</gpxtpx:hr>
          </gpxtpx:TrackPointExtension>
        </extensions>
      </trkpt>
      <trkpt lat="34.21167409488773" lon="108.83602176195345">
        <ele>408.6650445498526</ele>
        <time>2025-11-14T04:44:46.900000Z</time>
        <extensions>
          <gpxtpx:TrackPointExtension>
            <gpxtpx:hr>104</gpxtpx:hr>
          </gpxtpx:TrackPointExtension>
        </extensions>
      </trkpt>
      <trkpt lat="34.21167132414915" lon="108.83603612253825">
        <ele>408.69906044751406</ele>
        <time>2025-11-14T04:44:47.900000Z</time>
        <extensions>
          <gpxtpx:TrackPointExtension>
            <gpxtpx:hr>104</gpxtpx:hr>
          </gpxtpx:TrackPointExtension>
        </extensions>
      </trkpt>
      <trkpt lat="34.21167077329629" lon="108.83605050836846">
        <ele>408.7127150213346</ele>
        <time>2025-11-14T04:44:48.900000Z</time>
        <extensions>
          <gpxtpx:TrackPointExtension>
            <gpxtpx:hr>104</gpxtpx:hr>
          </gpxtpx:TrackPointExtension>
        </extensions>
      </trkpt>
      <trkpt lat="34.211669926665294" lon="108.83606350839563">
        <ele>408.7011618241668</ele>
        <time>2025-11-14T04:44:49.900000Z</time>
      </trkpt>
      <trkpt lat="34.211667565127854" lon="108.8360756151565">
        <ele>408.6773792542517</ele>
        <time>2025-11-14T04:44:50.900000Z</time>
      </trkpt>
      <trkpt lat="34.21166440623255" lon="108.83608818456884">
        <ele>408.64524777792394</ele>
        <time>2025-11-14T04:44:51.900000Z</time>
      </trkpt>
      <trkpt lat="34.21166093653517" lon="108.83610250407604">
        <ele>408.5940892929211</ele>
        <time>2025-11-14T04:44:52.900000Z</time>
      </trkpt>
      <trkpt lat="34.21165732419206" lon="108.83611849880793">
        <ele>408.5279033826664</ele>
        <time>2025-11-14T04:44:53.900000Z</time>
      </trkpt>
      <trkpt lat="34.211654007456715" lon="108.83613509719486">
        <ele>408.4551554340869</ele>
        <time>2025-11-14T04:44:54.900000Z</time>
      </trkpt>
      <trkpt lat="34.21165123837357" lon="108.83615102828418">
        <ele>408.36721369065344</ele>
        <time>2025-11-14T04:44:55.900000Z</time>
      </trkpt>
      <trkpt lat="34.21164836740231" lon="108.83616566659705">
        <ele>408.28005144838244</ele>
        <time>2025-11-14T04:44:56.900000Z</time>
        <extensions>
          <gpxtpx:TrackPointExtension>
            <gpxtpx:hr>105</gpxtpx:hr>
          </gpxtpx:TrackPointExtension>
        </extensions>
      </trkpt>
      <trkpt lat="34.211645220826576" lon="108.8361797781496">
        <ele>408.1830544024706</ele>
        <time>2025-11-14T04:44:57.900000Z</time>
        <extensions>
          <gpxtpx:TrackPointExtension>
            <gpxtpx:hr>105</gpxtpx:hr>
          </gpxtpx:TrackPointExtension>
        </extensions>
      </trkpt>
      <trkpt lat="34.211642534581586" lon="108.83619385012916">
        <ele>408.07530235219747</ele>
        <time>2025-11-14T04:44:58.900000Z</time>
        <extensions>
          <gpxtpx:TrackPointExtension>
            <gpxtpx:hr>105</gpxtpx:hr>
          </gpxtpx:TrackPointExtension>
        </extensions>
      </trkpt>
      <trkpt lat="34.21164044178618" lon="108.8362079579069">
        <ele>407.97680798731744</ele>
        <time>2025-11-14T04:44:59.900000Z</time>
        <extensions>
          <gpxtpx:TrackPointExtension>
            <gpxtpx:hr>105</gpxtpx:hr>
          </gpxtpx:TrackPointExtension>
        </extensions>
      </trkpt>
      <trkpt lat="34.211638740952445" lon="108.83622220639334">
        <ele>407.88707427773625</ele>
        <time>2025-11-14T04:45:00.900000Z</time>
        <extensions>
          <gpxtpx:TrackPointExtension>
            <gpxtpx:hr>105</gpxtpx:hr>
          </gpxtpx:TrackPointExtension>
        </extensions>
      </trkpt>
      <trkpt lat="34.21163718541244" lon="108.83623642843558">
        <ele>407.81253128964454</ele>
        <time>2025-11-14T04:45:01.900000Z</time>
        <extensions>
          <gpxtpx:TrackPointExtension>
            <gpxtpx:hr>105</gpxtpx:hr>
          </gpxtpx:TrackPointExtension>
        </extensions>
      </trkpt>
      <trkpt lat="34.2116358260565" lon="108.83625011227464">
        <ele>407.7551133297384</ele>
        <time>2025-11-14T04:45:02.900000Z</time>
        <extensions>
          <gpxtpx:TrackPointExtension>
            <gpxtpx:hr>105</gpxtpx:hr>
          </gpxtpx:TrackPointExtension>
        </extensions>
      </trkpt>
      <trkpt lat="34.21163464697813" lon="108.83626368576755">
        <ele>407.68356928788126</ele>
        <time>2025-11-14T04:45:03.900000Z</time>
        <extensions>
          <gpxtpx:TrackPointExtension>
            <gpxtpx:hr>105</gpxtpx:hr>
          </gpxtpx:TrackPointExtension>
        </extensions>
      </trkpt>
      <trkpt lat="34.21163357105211" lon="108.83627749613903">
        <ele>407.62630005646497</ele>
        <time>2025-11-14T04:45:04.900000Z</time>
        <extensions>
          <gpxtpx:TrackPointExtension>
            <gpxtpx:hr>105</gpxtpx:hr>
          </gpxtpx:TrackPointExtension>
        </extensions>
      </trkpt>
      <trkpt lat="34.21163248189604" lon="108.83629169745565">
        <ele>407.573477149941</ele>
        <time>2025-11-14T04:45:05.900000Z</time>
        <extensions>
          <gpxtpx:TrackPointExtension>
            <gpxtpx:hr>105</gpxtpx:hr>
          </gpxtpx:TrackPointExtension>
        </extensions>
      </trkpt>
      <trkpt lat="34.21163147171757" lon="108.83630650641523">
        <ele>407.52938089333475</ele>
        <time>2025-11-14T04:45:06.900000Z</time>
        <extensions>
          <gpxtpx:TrackPointExtension>
            <gpxtpx:hr>105</gpxtpx:hr>
          </gpxtpx:TrackPointExtension>
        </extensions>
      </trkpt>
      <trkpt lat="34.211630898406334" lon="108.83632208892215">
        <ele>407.4972348148003</ele>
        <time>2025-11-14T04:45:07.900000Z</time>
        <extensions>
          <gpxtpx:TrackPointExtension>
            <gpxtpx:hr>108</gpxtpx:hr>
          </gpxtpx:TrackPointExtension>
        </extensions>
      </trkpt>
      <trkpt lat="34.21163050165996" lon="108.83633765575149">
        <ele>407.47559677716345</ele>
        <time>2025-11-14T04:45:08.900000Z</time>
        <extensions>
          <gpxtpx:TrackPointExtension>
            <gpxtpx:hr>108</gpxtpx:hr>
          </gpxtpx:TrackPointExtension>
        </extensions>
      </trkpt>
      <trkpt lat="34.21162982723334" lon="108.83635245642614">
        <ele>407.473918533884</ele>
        <time>2025-11-14T04:45:09.900000Z</time>
        <extensions>
          <gpxtpx:TrackPointExtension>
            <gpxtpx:hr>108</gpxtpx:hr>
          </gpxtpx:TrackPointExtension>
        </extensions>
      </trkpt>
      <trkpt lat="34.21162909600385" lon="108.8363670847046">
        <ele>407.4777307258919</ele>
        <time>2025-11-14T04:45:10.900000Z</time>
        <extensions>
          <gpxtpx:TrackPointExtension>
            <gpxtpx:hr>108</gpxtpx:hr>
          </gpxtpx:TrackPointExtension>
        </extensions>
      </trkpt>
      <trkpt lat="34.21162854704101" lon="108.83638194596932">
        <ele>407.47722238022834</ele>
        <time>2025-11-14T04:45:11.900000Z</time>
        <extensions>
          <gpxtpx:TrackPointExtension>
            <gpxtpx:hr>107</gpxtpx:hr>
          </gpxtpx:TrackPointExtension>
        </extensions>
      </trkpt>
      <trkpt lat="34.21162822938956" lon="108.83639660652194">
        <ele>407.4641635371372</ele>
        <time>2025-11-14T04:45:12.900000Z</time>
        <extensions>
          <gpxtpx:TrackPointExtension>
            <gpxtpx:hr>107</gpxtpx:hr>
          </gpxtpx:TrackPointExtension>
        </extensions>
      </trkpt>
      <trkpt lat="34.21162818973252" lon="108.83640985525531">
        <ele>407.46703238319606</ele>
        <time>2025-11-14T04:45:13.900000Z</time>
        <extensions>
          <gpxtpx:TrackPointExtension>
            <gpxtpx:hr>107</gpxtpx:hr>
          </gpxtpx:TrackPointExtension>
        </extensions>
      </trkpt>
      <trkpt lat="34.21162814016315" lon="108.83642267652138">
        <ele>407.4762073457241</ele>
        <time>2025-11-14T04:45:14.900000Z</time>
        <extensions>
          <gpxtpx:TrackPointExtension>
            <gpxtpx:hr>107</gpxtpx:hr>
          </gpxtpx:TrackPointExtension>
        </extensions>
      </trkpt>
      <trkpt lat="34.21162775602094" lon="108.83643588916301">
        <ele>407.4848685497418</ele>
        <time>2025-11-14T04:45:15.900000Z</time>
        <extensions>
          <gpxtpx:TrackPointExtension>
            <gpxtpx:hr>107</gpxtpx:hr>
          </gpxtpx:TrackPointExtension>
        </extensions>
      </trkpt>
      <trkpt lat="34.211627313150295" lon="108.83644986361539">
        <ele>407.48620771989226</ele>
        <time>2025-11-14T04:45:16.900000Z</time>
        <extensions>
          <gpxtpx:TrackPointExtension>
            <gpxtpx:hr>107</gpxtpx:hr>
          </gpxtpx:TrackPointExtension>
        </extensions>
      </trkpt>
      <trkpt lat="34.21162719036184" lon="108.83646531409676">
        <ele>407.47900652792305</ele>
        <time>2025-11-14T04:45:17.900000Z</time>
        <extensions>
          <gpxtpx:TrackPointExtension>
            <gpxtpx:hr>107</gpxtpx:hr>
          </gpxtpx:TrackPointExtension>
        </extensions>
      </trkpt>
      <trkpt lat="34.211627294726966" lon="108.83648164758485">
        <ele>407.49458032567054</ele>
        <time>2025-11-14T04:45:18.900000Z</time>
        <extensions>
          <gpxtpx:TrackPointExtension>
            <gpxtpx:hr>107</gpxtpx:hr>
          </gpxtpx:TrackPointExtension>
        </extensions>
      </trkpt>
      <trkpt lat="34.21162766500893" lon="108.83649874910678">
        <ele>407.503804394044</ele>
        <time>2025-11-14T04:45:19.900000Z</time>
        <extensions>
          <gpxtpx:TrackPointExtension>
            <gpxtpx:hr>107</gpxtpx:hr>
          </gpxtpx:TrackPointExtension>
        </extensions>
      </trkpt>
      <trkpt lat="34.211628739978366" lon="108.8365155107238">
        <ele>407.5016530826688</ele>
        <time>2025-11-14T04:45:20.900000Z</time>
        <extensions>
          <gpxtpx:TrackPointExtension>
            <gpxtpx:hr>107</gpxtpx:hr>
          </gpxtpx:TrackPointExtension>
        </extensions>
      </trkpt>
      <trkpt lat="34.21163047741955" lon="108.83653182842883">
        <ele>407.48918524663895</ele>
        <time>2025-11-14T04:45:21.900000Z</time>
        <extensions>
          <gpxtpx:TrackPointExtension>
            <gpxtpx:hr>107</gpxtpx:hr>
          </gpxtpx:TrackPointExtension>
        </extensions>
      </trkpt>
      <trkpt lat="34.211632068070145" lon="108.83654835991018">
        <ele>407.46873219590634</ele>
        <time>2025-11-14T04:45:22.900000Z</time>
        <extensions>
          <gpxtpx:TrackPointExtension>
            <gpxtpx:hr>107</gpxtpx:hr>
          </gpxtpx:TrackPointExtension>
        </extensions>
      </trkpt>
      <trkpt lat="34.21163327717677" lon="108.83656503041664">
        <ele>407.43475617747754</ele>
        <time>2025-11-14T04:45:23.900000Z</time>
        <extensions>
          <gpxtpx:TrackPointExtension>
            <gpxtpx:hr>107</gpxtpx:hr>
          </gpxtpx:TrackPointExtension>
        </extensions>
      </trkpt>
      <trkpt lat="34.211634133302375" lon="108.83658145026665">
        <ele>407.3677975963801</ele>
        <time>2025-11-14T04:45:24.900000Z</time>
        <extensions>
          <gpxtpx:TrackPointExtension>
            <gpxtpx:hr>107</gpxtpx:hr>
          </gpxtpx:TrackPointExtension>
        </extensions>
      </trkpt>
      <trkpt lat="34.21163439578521" lon="108.83659806498179">
        <ele>407.3090116214007</ele>
        <time>2025-11-14T04:45:25.900000Z</time>
        <extensions>
          <gpxtpx:TrackPointExtension>
            <gpxtpx:hr>107</gpxtpx:hr>
          </gpxtpx:TrackPointExtension>
        </extensions>
      </trkpt>
      <trkpt lat="34.211634067921025" lon="108.8366134083679">
        <ele>407.2510982202366</ele>
        <time>2025-11-14T04:45:26.900000Z</time>
        <extensions>
          <gpxtpx:TrackPointExtension>
            <gpxtpx:hr>106</gpxtpx:hr>
          </gpxtpx:TrackPointExtension>
        </extensions>
      </trkpt>
      <trkpt lat="34.21163371194393" lon="108.83662776447527">
        <ele>407.1790304109454</ele>
        <time>2025-11-14T04:45:27.900000Z</time>
        <extensions>
          <gpxtpx:TrackPointExtension>
            <gpxtpx:hr>106</gpxtpx:hr>
          </gpxtpx:TrackPointExtension>
        </extensions>
      </trkpt>
      <trkpt lat="34.21163383508343" lon="108.83664329674252">
        <ele>407.0901099322364</ele>
        <time>2025-11-14T04:45:28.900000Z</time>
        <extensions>
          <gpxtpx:TrackPointExtension>
            <gpxtpx:hr>106</gpxtpx:hr>
          </gpxtpx:TrackPointExtension>
        </extensions>
      </trkpt>
      <trkpt lat="34.21163445245504" lon="108.83666002902645">
        <ele>406.99885524157435</ele>
        <time>2025-11-14T04:45:29.900000Z</time>
        <extensions>
          <gpxtpx:TrackPointExtension>
            <gpxtpx:hr>106</gpxtpx:hr>
          </gpxtpx:TrackPointExtension>
        </extensions>
      </trkpt>
      <trkpt lat="34.2116351728561" lon="108.8366774839388">
        <ele>406.9203945361078</ele>
        <time>2025-11-14T04:45:30.900000Z</time>
        <extensions>
          <gpxtpx:TrackPointExtension>
            <gpxtpx:hr>107</gpxtpx:hr>
          </gpxtpx:TrackPointExtension>
        </extensions>
      </trkpt>
      <trkpt lat="34.21163544001692" lon="108.83669520095566">
        <ele>406.84416297543794</ele>
        <time>2025-11-14T04:45:31.900000Z</time>
        <extensions>
          <gpxtpx:TrackPointExtension>
            <gpxtpx:hr>107</gpxtpx:hr>
          </gpxtpx:TrackPointExtension>
        </extensions>
      </trkpt>
      <trkpt lat="34.21163516213185" lon="108.83671269092541">
        <ele>406.7627784004435</ele>
        <time>2025-11-14T04:45:32.900000Z</time>
        <extensions>
          <gpxtpx:TrackPointExtension>
            <gpxtpx:hr>107</gpxtpx:hr>
          </gpxtpx:TrackPointExtension>
        </extensions>
      </trkpt>
      <trkpt lat="34.211635024863845" lon="108.83672945997574">
        <ele>406.6727490341291</ele>
        <time>2025-11-14T04:45:33.900000Z</time>
        <extensions>
          <gpxtpx:TrackPointExtension>
            <gpxtpx:hr>107</gpxtpx:hr>
          </gpxtpx:TrackPointExtension>
        </extensions>
      </trkpt>
      <trkpt lat="34.21163550507722" lon="108.8367457814821">
        <ele>406.56700062565506</ele>
        <time>2025-11-14T04:45:34.900000Z</time>
        <extensions>
          <gpxtpx:TrackPointExtension>
            <gpxtpx:hr>107</gpxtpx:hr>
          </gpxtpx:TrackPointExtension>
        </extensions>
      </trkpt>
      <trkpt lat="34.211636021511026" lon="108.8367607606597">
        <ele>406.4694290300831</ele>
        <time>2025-11-14T04:45:35.900000Z</time>
        <extensions>
          <gpxtpx:TrackPointExtension>
            <gpxtpx:hr>107</gpxtpx:hr>
          </gpxtpx:TrackPointExtension>
        </extensions>
      </trkpt>
      <trkpt lat="34.211636462267144" lon="108.83677583818927">
        <ele>406.38547908887267</ele>
        <time>2025-11-14T04:45:36.900000Z</time>
        <extensions>
          <gpxtpx:TrackPointExtension>
            <gpxtpx:hr>107</gpxtpx:hr>
          </gpxtpx:TrackPointExtension>
        </extensions>
      </trkpt>
      <trkpt lat="34.21163715739081" lon="108.83679314982999">
        <ele>406.317488768138</ele>
        <time>2025-11-14T04:45:37.900000Z</time>
        <extensions>
          <gpxtpx:TrackPointExtension>
            <gpxtpx:hr>107</gpxtpx:hr>
          </gpxtpx:TrackPointExtension>
        </extensions>
      </trkpt>
      <trkpt lat="34.21163774482632" lon="108.83681158938765">
        <ele>406.25894185435027</ele>
        <time>2025-11-14T04:45:38.900000Z</time>
        <extensions>
          <gpxtpx:TrackPointExtension>
            <gpxtpx:hr>107</gpxtpx:hr>
          </gpxtpx:TrackPointExtension>
        </extensions>
      </trkpt>
      <trkpt lat="34.21163759770347" lon="108.83682965635508">
        <ele>406.2165880398825</ele>
        <time>2025-11-14T04:45:39.900000Z</time>
        <extensions>
          <gpxtpx:TrackPointExtension>
            <gpxtpx:hr>107</gpxtpx:hr>
          </gpxtpx:TrackPointExtension>
        </extensions>
      </trkpt>
      <trkpt lat="34.2116367840827" lon="108.83684662745631">
        <ele>406.19653237517923</ele>
        <time>2025-11-14T04:45:40.900000Z</time>
        <extensions>
          <gpxtpx:TrackPointExtension>
            <gpxtpx:hr>107</gpxtpx:hr>
          </gpxtpx:TrackPointExtension>
        </extensions>
      </trkpt>
      <trkpt lat="34.211635335849095" lon="108.83686267381712">
        <ele>406.19089633319527</ele>
        <time>2025-11-14T04:45:41.900000Z</time>
        <extensions>
          <gpxtpx:TrackPointExtension>
            <gpxtpx:hr>107</gpxtpx:hr>
          </gpxtpx:TrackPointExtension>
        </extensions>
      </trkpt>
      <trkpt lat="34.21163262511884" lon="108.83687708792345">
        <ele>406.1920754760504</ele>
        <time>2025-11-14T04:45:42.900000Z</time>
        <extensions>
          <gpxtpx:TrackPointExtension>
            <gpxtpx:hr>107</gpxtpx:hr>
          </gpxtpx:TrackPointExtension>
        </extensions>
      </trkpt>
      <trkpt lat="34.211627975130085" lon="108.83689037121755">
        <ele>406.2040328774601</ele>
        <time>2025-11-14T04:45:43.900000Z</time>
        <extensions>
          <gpxtpx:TrackPointExtension>
            <gpxtpx:hr>107</gpxtpx:hr>
          </gpxtpx:TrackPointExtension>
        </extensions>
      </trkpt>
      <trkpt lat="34.211621219115564" lon="108.83690382248821">
        <ele>406.21904633753</ele>
        <time>2025-11-14T04:45:44.900000Z</time>
        <extensions>
          <gpxtpx:TrackPointExtension>
            <gpxtpx:hr>107</gpxtpx:hr>
          </gpxtpx:TrackPointExtension>
        </extensions>
      </trkpt>
      <trkpt lat="34.211613035204834" lon="108.83691731513132">
        <ele>406.26112439949065</ele>
        <time>2025-11-14T04:45:45.900000Z</time>
        <extensions>
          <gpxtpx:TrackPointExtension>
            <gpxtpx:hr>107</gpxtpx:hr>
          </gpxtpx:TrackPointExtension>
        </extensions>
      </trkpt>
      <trkpt lat="34.21160396215023" lon="108.83692999249723">
        <ele>406.3002279084176</ele>
        <time>2025-11-14T04:45:46.900000Z</time>
        <extensions>
          <gpxtpx:TrackPointExtension>
            <gpxtpx:hr>108</gpxtpx:hr>
          </gpxtpx:TrackPointExtension>
        </extensions>
      </trkpt>
      <trkpt lat="34.21159337101782" lon="108.83694133414552">
        <ele>406.3450925787911</ele>
        <time>2025-11-14T04:45:47.900000Z</time>
        <extensions>
          <gpxtpx:TrackPointExtension>
            <gpxtpx:hr>108</gpxtpx:hr>
          </gpxtpx:TrackPointExtension>
        </extensions>
      </trkpt>
      <trkpt lat="34.21158107468132" lon="108.83695139258525">
        <ele>406.39756844751537</ele>
        <time>2025-11-14T04:45:48.900000Z</time>
        <extensions>
          <gpxtpx:TrackPointExtension>
            <gpxtpx:hr>108</gpxtpx:hr>
          </gpxtpx:TrackPointExtension>
        </extensions>
      </trkpt>
      <trkpt lat="34.2115685228312" lon="108.83695923641892">
        <ele>406.4630736922845</ele>
        <time>2025-11-14T04:45:49.900000Z</time>
        <extensions>
          <gpxtpx:TrackPointExtension>
            <gpxtpx:hr>108</gpxtpx:hr>
          </gpxtpx:TrackPointExtension>
        </extensions>
      </trkpt>
      <trkpt lat="34.21155580312317" lon="108.8369651481865">
        <ele>406.52460744045675</ele>
        <time>2025-11-14T04:45:50.900000Z</time>
        <extensions>
          <gpxtpx:TrackPointExtension>
            <gpxtpx:hr>108</gpxtpx:hr>
          </gpxtpx:TrackPointExtension>
        </extensions>
      </trkpt>
      <trkpt lat="34.21154206775549" lon="108.83697009848918">
        <ele>406.5968638928607</ele>
        <time>2025-11-14T04:45:51.900000Z</time>
        <extensions>
          <gpxtpx:TrackPointExtension>
            <gpxtpx:hr>108</gpxtpx:hr>
          </gpxtpx:TrackPointExtension>
        </extensions>
      </trkpt>
      <trkpt lat="34.2115291658087" lon="108.83697348102052">
        <ele>406.6695486214012</ele>
        <time>2025-11-14T04:45:52.900000Z</time>
        <extensions>
          <gpxtpx:TrackPointExtension>
            <gpxtpx:hr>108</gpxtpx:hr>
          </gpxtpx:TrackPointExtension>
        </extensions>
      </trkpt>
      <trkpt lat="34.211516635844575" lon="108.83697604941086">
        <ele>406.7511833468452</ele>
        <time>2025-11-14T04:45:53.900000Z</time>
        <extensions>
          <gpxtpx:TrackPointExtension>
            <gpxtpx:hr>108</gpxtpx:hr>
          </gpxtpx:TrackPointExtension>
        </extensions>
      </trkpt>
      <trkpt lat="34.21150301559072" lon="108.83697898046717">
        <ele>406.8320674300194</ele>
        <time>2025-11-14T04:45:54.900000Z</time>
        <extensions>
          <gpxtpx:TrackPointExtension>
            <gpxtpx:hr>108</gpxtpx:hr>
          </gpxtpx:TrackPointExtension>
        </extensions>
      </trkpt>
      <trkpt lat="34.2114889339389" lon="108.83698228055842">
        <ele>406.9097568569705</ele>
        <time>2025-11-14T04:45:55.900000Z</time>
        <extensions>
          <gpxtpx:TrackPointExtension>
            <gpxtpx:hr>108</gpxtpx:hr>
          </gpxtpx:TrackPointExtension>
        </extensions>
      </trkpt>
      <trkpt lat="34.21147486875626" lon="108.83698586306322">
        <ele>406.98202630039304</ele>
        <time>2025-11-14T04:45:56.900000Z</time>
        <extensions>
          <gpxtpx:TrackPointExtension>
            <gpxtpx:hr>108</gpxtpx:hr>
          </gpxtpx:TrackPointExtension>
        </extensions>
      </trkpt>
      <trkpt lat="34.21146055105184" lon="108.83698933596988">
        <ele>407.0470268977806</ele>
        <time>2025-11-14T04:45:57.900000Z</time>
        <extensions>
          <gpxtpx:TrackPointExtension>
            <gpxtpx:hr>108</gpxtpx:hr>
          </gpxtpx:TrackPointExtension>
        </extensions>
      </trkpt>
      <trkpt lat="34.21144556740542" lon="108.83699253001882">
        <ele>407.09931881539524</ele>
        <time>2025-11-14T04:45:58.900000Z</time>
        <extensions>
          <gpxtpx:TrackPointExtension>
            <gpxtpx:hr>108</gpxtpx:hr>
          </gpxtpx:TrackPointExtension>
        </extensions>
      </trkpt>
      <trkpt lat="34.21143045689841" lon="108.8369952881329">
        <ele>407.1482330886647</ele>
        <time>2025-11-14T04:45:59.900000Z</time>
        <extensions>
          <gpxtpx:TrackPointExtension>
            <gpxtpx:hr>108</gpxtpx:hr>
          </gpxtpx:TrackPointExtension>
        </extensions>
      </trkpt>
      <trkpt lat="34.21141571117048" lon="108.83699745802015">
        <ele>407.19381758291274</ele>
        <time>2025-11-14T04:46:00.900000Z</time>
        <extensions>
          <gpxtpx:TrackPointExtension>
            <gpxtpx:hr>108</gpxtpx:hr>
          </gpxtpx:TrackPointExtension>
        </extensions>
      </trkpt>
      <trkpt lat="34.21140086960631" lon="108.83699921341764">
        <ele>407.23199632950127</ele>
        <time>2025-11-14T04:46:01.900000Z</time>
        <extensions>
          <gpxtpx:TrackPointExtension>
            <gpxtpx:hr>108</gpxtpx:hr>
          </gpxtpx:TrackPointExtension>
        </extensions>
      </trkpt>
      <trkpt lat="34.211385807395374" lon="108.83700086930179">
        <ele>407.2681851759553</ele>
        <time>2025-11-14T04:46:02.900000Z</time>
        <extensions>
          <gpxtpx:TrackPointExtension>
            <gpxtpx:hr>108</gpxtpx:hr>
          </gpxtpx:TrackPointExtension>
        </extensions>
      </trkpt>
      <trkpt lat="34.211371735139025" lon="108.83700245362886">
        <ele>407.3107774993405</ele>
        <time>2025-11-14T04:46:03.900000Z</time>
        <extensions>
          <gpxtpx:TrackPointExtension>
            <gpxtpx:hr>108</gpxtpx:hr>
          </gpxtpx:TrackPointExtension>
        </extensions>
      </trkpt>
      <trkpt lat="34.211358792129026" lon="108.83700407090548">
        <ele>407.3450590632856</ele>
        <time>2025-11-14T04:46:04.900000Z</time>
        <extensions>
          <gpxtpx:TrackPointExtension>
            <gpxtpx:hr>108</gpxtpx:hr>
          </gpxtpx:TrackPointExtension>
        </extensions>
      </trkpt>
      <trkpt lat="34.211345787940935" lon="108.83700594501285">
        <ele>407.36323653627187</ele>
        <time>2025-11-14T04:46:05.900000Z</time>
        <extensions>
          <gpxtpx:TrackPointExtension>
            <gpxtpx:hr>108</gpxtpx:hr>
          </gpxtpx:TrackPointExtension>
        </extensions>
      </trkpt>
      <trkpt lat="34.21133234595311" lon="108.83700806341231">
        <ele>407.38015809096396</ele>
        <time>2025-11-14T04:46:06.900000Z</time>
        <extensions>
          <gpxtpx:TrackPointExtension>
            <gpxtpx:hr>108</gpxtpx:hr>
          </gpxtpx:TrackPointExtension>
        </extensions>
      </trkpt>
      <trkpt lat="34.211318426297716" lon="108.83701093218178">
        <ele>407.40607761684805</ele>
        <time>2025-11-14T04:46:07.900000Z</time>
        <extensions>
          <gpxtpx:TrackPointExtension>
            <gpxtpx:hr>108</gpxtpx:hr>
          </gpxtpx:TrackPointExtension>
        </extensions>
      </trkpt>
      <trkpt lat="34.21130432199445" lon="108.83701452885276">
        <ele>407.4342206912115</ele>
        <time>2025-11-14T04:46:08.900000Z</time>
        <extensions>
          <gpxtpx:TrackPointExtension>
            <gpxtpx:hr>108</gpxtpx:hr>
          </gpxtpx:TrackPointExtension>
        </extensions>
      </trkpt>
      <trkpt lat="34.21129016286861" lon="108.83701805990303">
        <ele>407.4583594426513</ele>
        <time>2025-11-14T04:46:09.900000Z</time>
        <extensions>
          <gpxtpx:TrackPointExtension>
            <gpxtpx:hr>108</gpxtpx:hr>
          </gpxtpx:TrackPointExtension>
        </extensions>
      </trkpt>
      <trkpt lat="34.211275611861225" lon="108.83702095663179">
        <ele>407.4738666387275</ele>
        <time>2025-11-14T04:46:10.900000Z</time>
        <extensions>
          <gpxtpx:TrackPointExtension>
            <gpxtpx:hr>108</gpxtpx:hr>
          </gpxtpx:TrackPointExtension>
        </extensions>
      </trkpt>
      <trkpt lat="34.2112609343018" lon="108.83702328815241">
        <ele>407.4807962505147</ele>
        <time>2025-11-14T04:46:11.900000Z</time>
        <extensions>
          <gpxtpx:TrackPointExtension>
            <gpxtpx:hr>108</gpxtpx:hr>
          </gpxtpx:TrackPointExtension>
        </extensions>
      </trkpt>
      <trkpt lat="34.211246764623915" lon="108.83702554429196">
        <ele>407.49466175585985</ele>
        <time>2025-11-14T04:46:12.900000Z</time>
        <extensions>
          <gpxtpx:TrackPointExtension>
            <gpxtpx:hr>108</gpxtpx:hr>
          </gpxtpx:TrackPointExtension>
        </extensions>
      </trkpt>
      <trkpt lat="34.211233682128245" lon="108.83702784152965">
        <ele>407.5107179135084</ele>
        <time>2025-11-14T04:46:13.900000Z</time>
        <extensions>
          <gpxtpx:TrackPointExtension>
            <gpxtpx:hr>106</gpxtpx:hr>
          </gpxtpx:TrackPointExtension>
        </extensions>
      </trkpt>
      <trkpt lat="34.211221591554406" lon="108.83702984684422">
        <ele>407.5148493703455</ele>
        <time>2025-11-14T04:46:14.900000Z</time>
        <extensions>
          <gpxtpx:TrackPointExtension>
            <gpxtpx:hr>106</gpxtpx:hr>
          </gpxtpx:TrackPointExtension>
        </extensions>
      </trkpt>
      <trkpt lat="34.21120970433589" lon="108.83703171407399">
        <ele>407.53035324439406</ele>
        <time>2025-11-14T04:46:15.900000Z</time>
        <extensions>
          <gpxtpx:TrackPointExtension>
            <gpxtpx:hr>106</gpxtpx:hr>
          </gpxtpx:TrackPointExtension>
        </extensions>
      </trkpt>
      <trkpt lat="34.21119790732065" lon="108.83703351146428">
        <ele>407.57846182305366</ele>
        <time>2025-11-14T04:46:16.900000Z</time>
        <extensions>
          <gpxtpx:TrackPointExtension>
            <gpxtpx:hr>106</gpxtpx:hr>
          </gpxtpx:TrackPointExtension>
        </extensions>
      </trkpt>
      <trkpt lat="34.21118650442474" lon="108.83703532732929">
        <ele>407.63945499341935</ele>
        <time>2025-11-14T04:46:17.900000Z</time>
        <extensions>
          <gpxtpx:TrackPointExtension>
            <gpxtpx:hr>106</gpxtpx:hr>
          </gpxtpx:TrackPointExtension>
        </extensions>
      </trkpt>
      <trkpt lat="34.21117507581889" lon="108.83703732289722">
        <ele>407.71184663288295</ele>
        <time>2025-11-14T04:46:18.900000Z</time>
        <extensions>
          <gpxtpx:TrackPointExtension>
            <gpxtpx:hr>107</gpxtpx:hr>
          </gpxtpx:TrackPointExtension>
        </extensions>
      </trkpt>
      <trkpt lat="34.21116325618933" lon="108.83703911843021">
        <ele>407.779745596461</ele>
        <time>2025-11-14T04:46:19.900000Z</time>
        <extensions>
          <gpxtpx:TrackPointExtension>
            <gpxtpx:hr>107</gpxtpx:hr>
          </gpxtpx:TrackPointExtension>
        </extensions>
      </trkpt>
      <trkpt lat="34.211151291132964" lon="108.83704073468948">
        <ele>407.8635393893346</ele>
        <time>2025-11-14T04:46:20.900000Z</time>
        <extensions>
          <gpxtpx:TrackPointExtension>
            <gpxtpx:hr>107</gpxtpx:hr>
          </gpxtpx:TrackPointExtension>
        </extensions>
      </trkpt>
      <trkpt lat="34.211139097339945" lon="108.8370420049449">
        <ele>407.9380026143044</ele>
        <time>2025-11-14T04:46:21.900000Z</time>
        <extensions>
          <gpxtpx:TrackPointExtension>
            <gpxtpx:hr>107</gpxtpx:hr>
          </gpxtpx:TrackPointExtension>
        </extensions>
      </trkpt>
      <trkpt lat="34.211126432900336" lon="108.83704285049585">
        <ele>407.99704419914633</ele>
        <time>2025-11-14T04:46:22.900000Z</time>
        <extensions>
          <gpxtpx:TrackPointExtension>
            <gpxtpx:hr>107</gpxtpx:hr>
          </gpxtpx:TrackPointExtension>
        </extensions>
      </trkpt>
      <trkpt lat="34.21111343895135" lon="108.83704332756015">
        <ele>408.03056514821947</ele>
        <time>2025-11-14T04:46:23.900000Z</time>
        <extensions>
          <gpxtpx:TrackPointExtension>
            <gpxtpx:hr>107</gpxtpx:hr>
          </gpxtpx:TrackPointExtension>
        </extensions>
      </trkpt>
      <trkpt lat="34.21110049029109" lon="108.83704359324628">
        <ele>408.0589400269091</ele>
        <time>2025-11-14T04:46:24.900000Z</time>
        <extensions>
          <gpxtpx:TrackPointExtension>
            <gpxtpx:hr>107</gpxtpx:hr>
          </gpxtpx:TrackPointExtension>
        </extensions>
      </trkpt>
      <trkpt lat="34.21108822883234" lon="108.83704368959776">
        <ele>408.0644065365195</ele>
        <time>2025-11-14T04:46:25.900000Z</time>
        <extensions>
          <gpxtpx:TrackPointExtension>
            <gpxtpx:hr>107</gpxtpx:hr>
          </gpxtpx:TrackPointExtension>
        </extensions>
      </trkpt>
      <trkpt lat="34.211076372878665" lon="108.83704345898538">
        <ele>408.0424756919965</ele>
        <time>2025-11-14T04:46:26.900000Z</time>
        <extensions>
          <gpxtpx:TrackPointExtension>
            <gpxtpx:hr>107</gpxtpx:hr>
          </gpxtpx:TrackPointExtension>
        </extensions>
      </trkpt>
      <trkpt lat="34.211064736736226" lon="108.83704286615634">
        <ele>408.01673365663737</ele>
        <time>2025-11-14T04:46:27.900000Z</time>
        <extensions>
          <gpxtpx:TrackPointExtension>
            <gpxtpx:hr>108</gpxtpx:hr>
          </gpxtpx:TrackPointExtension>
        </extensions>
      </trkpt>
      <trkpt lat="34.211053678832805" lon="108.83704211861875">
        <ele>407.9987863339484</ele>
        <time>2025-11-14T04:46:28.900000Z</time>
        <extensions>
          <gpxtpx:TrackPointExtension>
            <gpxtpx:hr>108</gpxtpx:hr>
          </gpxtpx:TrackPointExtension>
        </extensions>
      </trkpt>
      <trkpt lat="34.21104274905757" lon="108.83704172773227">
        <ele>407.98344604391605</ele>
        <time>2025-11-14T04:46:29.900000Z</time>
        <extensions>
          <gpxtpx:TrackPointExtension>
            <gpxtpx:hr>108</gpxtpx:hr>
          </gpxtpx:TrackPointExtension>
        </extensions>
      </trkpt>
      <trkpt lat="34.211031240437215" lon="108.83704207253753">
        <ele>407.9491534633562</ele>
        <time>2025-11-14T04:46:30.900000Z</time>
        <extensions>
          <gpxtpx:TrackPointExtension>
            <gpxtpx:hr>108</gpxtpx:hr>
          </gpxtpx:TrackPointExtension>
        </extensions>
      </trkpt>
      <trkpt lat="34.21101872830586" lon="108.83704289588236">
        <ele>407.9124339334667</ele>
        <time>2025-11-14T04:46:31.900000Z</time>
        <extensions>
          <gpxtpx:TrackPointExtension>
            <gpxtpx:hr>107</gpxtpx:hr>
          </gpxtpx:TrackPointExtension>
        </extensions>
      </trkpt>
      <trkpt lat="34.211005605763646" lon="108.83704369735298">
        <ele>407.8749241512269</ele>
        <time>2025-11-14T04:46:32.900000Z</time>
        <extensions>
          <gpxtpx:TrackPointExtension>
            <gpxtpx:hr>107</gpxtpx:hr>
          </gpxtpx:TrackPointExtension>
        </extensions>
      </trkpt>
      <trkpt lat="34.21099219692172" lon="108.83704442186819">
        <ele>407.8147976351902</ele>
        <time>2025-11-14T04:46:33.900000Z</time>
        <extensions>
          <gpxtpx:TrackPointExtension>
            <gpxtpx:hr>107</gpxtpx:hr>
          </gpxtpx:TrackPointExtension>
        </extensions>
      </trkpt>
      <trkpt lat="34.21097819925827" lon="108.83704541007107">
        <ele>407.7580593638122</ele>
        <time>2025-11-14T04:46:34.900000Z</time>
        <extensions>
          <gpxtpx:TrackPointExtension>
            <gpxtpx:hr>107</gpxtpx:hr>
          </gpxtpx:TrackPointExtension>
        </extensions>
      </trkpt>
      <trkpt lat="34.210964440005" lon="108.83704702867328">
        <ele>407.6897446811199</ele>
        <time>2025-11-14T04:46:35.900000Z</time>
        <extensions>
          <gpxtpx:TrackPointExtension>
            <gpxtpx:hr>107</gpxtpx:hr>
          </gpxtpx:TrackPointExtension>
        </extensions>
      </trkpt>
      <trkpt lat="34.21095163017117" lon="108.83704887287278">
        <ele>407.6205034432933</ele>
        <time>2025-11-14T04:46:36.900000Z</time>
        <extensions>
          <gpxtpx:TrackPointExtension>
            <gpxtpx:hr>107</gpxtpx:hr>
          </gpxtpx:TrackPointExtension>
        </extensions>
      </trkpt>
      <trkpt lat="34.210939218209575" lon="108.83705030793666">
        <ele>407.5546106835827</ele>
        <time>2025-11-14T04:46:37.900000Z</time>
        <extensions>
          <gpxtpx:TrackPointExtension>
            <gpxtpx:hr>107</gpxtpx:hr>
          </gpxtpx:TrackPointExtension>
        </extensions>
      </trkpt>
      <trkpt lat="34.210927152697344" lon="108.8370517244843">
        <ele>407.50107860099524</ele>
        <time>2025-11-14T04:46:38.900000Z</time>
        <extensions>
          <gpxtpx:TrackPointExtension>
            <gpxtpx:hr>107</gpxtpx:hr>
          </gpxtpx:TrackPointExtension>
        </extensions>
      </trkpt>
      <trkpt lat="34.21091544501353" lon="108.83705343634414">
        <ele>407.4544500047341</ele>
        <time>2025-11-14T04:46:39.900000Z</time>
        <extensions>
          <gpxtpx:TrackPointExtension>
            <gpxtpx:hr>107</gpxtpx:hr>
          </gpxtpx:TrackPointExtension>
        </extensions>
      </trkpt>
      <trkpt lat="34.210903453559474" lon="108.83705508839961">
        <ele>407.41097484808415</ele>
        <time>2025-11-14T04:46:40.900000Z</time>
        <extensions>
          <gpxtpx:TrackPointExtension>
            <gpxtpx:hr>107</gpxtpx:hr>
          </gpxtpx:TrackPointExtension>
        </extensions>
      </trkpt>
      <trkpt lat="34.210890421502135" lon="108.8370562891791">
        <ele>407.35884589795023</ele>
        <time>2025-11-14T04:46:41.900000Z</time>
        <extensions>
          <gpxtpx:TrackPointExtension>
            <gpxtpx:hr>107</gpxtpx:hr>
          </gpxtpx:TrackPointExtension>
        </extensions>
      </trkpt>
      <trkpt lat="34.21087643226661" lon="108.83705705821441">
        <ele>407.2962131788954</ele>
        <time>2025-11-14T04:46:42.900000Z</time>
        <extensions>
          <gpxtpx:TrackPointExtension>
            <gpxtpx:hr>107</gpxtpx:hr>
          </gpxtpx:TrackPointExtension>
        </extensions>
      </trkpt>
      <trkpt lat="34.21086236688328" lon="108.83705760492857">
        <ele>407.24880979862064</ele>
        <time>2025-11-14T04:46:43.900000Z</time>
        <extensions>
          <gpxtpx:TrackPointExtension>
            <gpxtpx:hr>108</gpxtpx:hr>
          </gpxtpx:TrackPointExtension>
        </extensions>
      </trkpt>
      <trkpt lat="34.21084849769346" lon="108.83705817087623">
        <ele>407.2090146820992</ele>
        <time>2025-11-14T04:46:44.900000Z</time>
        <extensions>
          <gpxtpx:TrackPointExtension>
            <gpxtpx:hr>108</gpxtpx:hr>
          </gpxtpx:TrackPointExtension>
        </extensions>
      </trkpt>
      <trkpt lat="34.21083483425485" lon="108.83705878275677">
        <ele>407.1724900370464</ele>
        <time>2025-11-14T04:46:45.900000Z</time>
        <extensions>
          <gpxtpx:TrackPointExtension>
            <gpxtpx:hr>108</gpxtpx:hr>
          </gpxtpx:TrackPointExtension>
        </extensions>
      </trkpt>
      <trkpt lat="34.2108213181343" lon="108.83705992838902">
        <ele>407.13526628445834</ele>
        <time>2025-11-14T04:46:46.900000Z</time>
        <extensions>
          <gpxtpx:TrackPointExtension>
            <gpxtpx:hr>108</gpxtpx:hr>
          </gpxtpx:TrackPointExtension>
        </extensions>
      </trkpt>
      <trkpt lat="34.21080831740514" lon="108.8370619827821">
        <ele>407.09743773937225</ele>
        <time>2025-11-14T04:46:47.900000Z</time>
        <extensions>
          <gpxtpx:TrackPointExtension>
            <gpxtpx:hr>108</gpxtpx:hr>
          </gpxtpx:TrackPointExtension>
        </extensions>
      </trkpt>
      <trkpt lat="34.21079593812797" lon="108.83706459516706">
        <ele>407.0559234628454</ele>
        <time>2025-11-14T04:46:48.900000Z</time>
        <extensions>
          <gpxtpx:TrackPointExtension>
            <gpxtpx:hr>109</gpxtpx:hr>
          </gpxtpx:TrackPointExtension>
        </extensions>
      </trkpt>
      <trkpt lat="34.21078399708862" lon="108.83706750533703">
        <ele>407.0078382473439</ele>
        <time>2025-11-14T04:46:49.900000Z</time>
        <extensions>
          <gpxtpx:TrackPointExtension>
            <gpxtpx:hr>109</gpxtpx:hr>
          </gpxtpx:TrackPointExtension>
        </extensions>
      </trkpt>
      <trkpt lat="34.210772308982996" lon="108.83707105555473">
        <ele>406.9585203761235</ele>
        <time>2025-11-14T04:46:50.900000Z</time>
        <extensions>
          <gpxtpx:TrackPointExtension>
            <gpxtpx:hr>109</gpxtpx:hr>
          </gpxtpx:TrackPointExtension>
        </extensions>
      </trkpt>
      <trkpt lat="34.21076049658227" lon="108.83707580164743">
        <ele>406.8948541106656</ele>
        <time>2025-11-14T04:46:51.900000Z</time>
        <extensions>
          <gpxtpx:TrackPointExtension>
            <gpxtpx:hr>109</gpxtpx:hr>
          </gpxtpx:TrackPointExtension>
        </extensions>
      </trkpt>
      <trkpt lat="34.210748193155005" lon="108.83708165960823">
        <ele>406.8074050685391</ele>
        <time>2025-11-14T04:46:52.900000Z</time>
        <extensions>
          <gpxtpx:TrackPointExtension>
            <gpxtpx:hr>109</gpxtpx:hr>
          </gpxtpx:TrackPointExtension>
        </extensions>
      </trkpt>
      <trkpt lat="34.21073555435977" lon="108.83708796649188">
        <ele>406.7066259160638</ele>
        <time>2025-11-14T04:46:53.900000Z</time>
        <extensions>
          <gpxtpx:TrackPointExtension>
            <gpxtpx:hr>109</gpxtpx:hr>
          </gpxtpx:TrackPointExtension>
        </extensions>
      </trkpt>
      <trkpt lat="34.210722839652206" lon="108.83709401414652">
        <ele>406.6055106334388</ele>
        <time>2025-11-14T04:46:54.900000Z</time>
        <extensions>
          <gpxtpx:TrackPointExtension>
            <gpxtpx:hr>109</gpxtpx:hr>
          </gpxtpx:TrackPointExtension>
        </extensions>
      </trkpt>
      <trkpt lat="34.21071027343218" lon="108.83709942066163">
        <ele>406.4983914848417</ele>
        <time>2025-11-14T04:46:55.900000Z</time>
        <extensions>
          <gpxtpx:TrackPointExtension>
            <gpxtpx:hr>108</gpxtpx:hr>
          </gpxtpx:TrackPointExtension>
        </extensions>
      </trkpt>
      <trkpt lat="34.21069812870733" lon="108.83710395175068">
        <ele>406.39019612874836</ele>
        <time>2025-11-14T04:46:56.900000Z</time>
        <extensions>
          <gpxtpx:TrackPointExtension>
            <gpxtpx:hr>108</gpxtpx:hr>
          </gpxtpx:TrackPointExtension>
        </extensions>
      </trkpt>
      <trkpt lat="34.210686231396664" lon="108.83710759255548">
        <ele>406.2744949068874</ele>
        <time>2025-11-14T04:46:57.900000Z</time>
        <extensions>
          <gpxtpx:TrackPointExtension>
            <gpxtpx:hr>108</gpxtpx:hr>
          </gpxtpx:TrackPointExtension>
        </extensions>
      </trkpt>
      <trkpt lat="34.210674282943955" lon="108.83711069890865">
        <ele>406.15147277433425</ele>
        <time>2025-11-14T04:46:58.900000Z</time>
        <extensions>
          <gpxtpx:TrackPointExtension>
            <gpxtpx:hr>108</gpxtpx:hr>
          </gpxtpx:TrackPointExtension>
        </extensions>
      </trkpt>
      <trkpt lat="34.21066245917186" lon="108.8371138675195">
        <ele>406.0139933824539</ele>
        <time>2025-11-14T04:46:59.900000Z</time>
        <extensions>
          <gpxtpx:TrackPointExtension>
            <gpxtpx:hr>108</gpxtpx:hr>
          </gpxtpx:TrackPointExtension>
        </extensions>
      </trkpt>
      <trkpt lat="34.210651094490984" lon="108.83711709447275">
        <ele>405.8953913394362</ele>
        <time>2025-11-14T04:47:00.900000Z</time>
        <extensions>
          <gpxtpx:TrackPointExtension>
            <gpxtpx:hr>108</gpxtpx:hr>
          </gpxtpx:TrackPointExtension>
        </extensions>
      </trkpt>
      <trkpt lat="34.210640359372604" lon="108.83712003229674">
        <ele>405.7647826336324</ele>
        <time>2025-11-14T04:47:01.900000Z</time>
        <extensions>
          <gpxtpx:TrackPointExtension>
            <gpxtpx:hr>108</gpxtpx:hr>
          </gpxtpx:TrackPointExtension>
        </extensions>
      </trkpt>
      <trkpt lat="34.21063032051381" lon="108.83712270581957">
        <ele>405.64502647984773</ele>
        <time>2025-11-14T04:47:02.900000Z</time>
        <extensions>
          <gpxtpx:TrackPointExtension>
            <gpxtpx:hr>108</gpxtpx:hr>
          </gpxtpx:TrackPointExtension>
        </extensions>
      </trkpt>
      <trkpt lat="34.21061979198973" lon="108.83712546195427">
        <ele>405.53947572782636</ele>
        <time>2025-11-14T04:47:03.900000Z</time>
        <extensions>
          <gpxtpx:TrackPointExtension>
            <gpxtpx:hr>108</gpxtpx:hr>
          </gpxtpx:TrackPointExtension>
        </extensions>
      </trkpt>
      <trkpt lat="34.21060795365786" lon="108.83712851317877">
        <ele>405.4480642732233</ele>
        <time>2025-11-14T04:47:04.900000Z</time>
        <extensions>
          <gpxtpx:TrackPointExtension>
            <gpxtpx:hr>108</gpxtpx:hr>
          </gpxtpx:TrackPointExtension>
        </extensions>
      </trkpt>
      <trkpt lat="34.21059616008872" lon="108.83713122993369">
        <ele>405.3653990533203</ele>
        <time>2025-11-14T04:47:05.900000Z</time>
        <extensions>
          <gpxtpx:TrackPointExtension>
            <gpxtpx:hr>108</gpxtpx:hr>
          </gpxtpx:TrackPointExtension>
        </extensions>
      </trkpt>
      <trkpt lat="34.210584555564125" lon="108.8371332235826">
        <ele>405.29404224362224</ele>
        <time>2025-11-14T04:47:06.900000Z</time>
        <extensions>
          <gpxtpx:TrackPointExtension>
            <gpxtpx:hr>108</gpxtpx:hr>
          </gpxtpx:TrackPointExtension>
        </extensions>
      </trkpt>
      <trkpt lat="34.21057227205651" lon="108.83713494121179">
        <ele>405.23817319236696</ele>
        <time>2025-11-14T04:47:07.900000Z</time>
        <extensions>
          <gpxtpx:TrackPointExtension>
            <gpxtpx:hr>108</gpxtpx:hr>
          </gpxtpx:TrackPointExtension>
        </extensions>
      </trkpt>
      <trkpt lat="34.21055978568404" lon="108.83713659792154">
        <ele>405.19563912786543</ele>
        <time>2025-11-14T04:47:08.900000Z</time>
        <extensions>
          <gpxtpx:TrackPointExtension>
            <gpxtpx:hr>108</gpxtpx:hr>
          </gpxtpx:TrackPointExtension>
        </extensions>
      </trkpt>
      <trkpt lat="34.21054732214221" lon="108.83713826165383">
        <ele>405.15766052436084</ele>
        <time>2025-11-14T04:47:09.900000Z</time>
        <extensions>
          <gpxtpx:TrackPointExtension>
            <gpxtpx:hr>108</gpxtpx:hr>
          </gpxtpx:TrackPointExtension>
        </extensions>
      </trkpt>
      <trkpt lat="34.21053456670852" lon="108.8371400183561">
        <ele>405.1167470291257</ele>
        <time>2025-11-14T04:47:10.900000Z</time>
        <extensions>
          <gpxtpx:TrackPointExtension>
            <gpxtpx:hr>108</gpxtpx:hr>
          </gpxtpx:TrackPointExtension>
        </extensions>
      </trkpt>
      <trkpt lat="34.210521265877766" lon="108.83714189503023">
        <ele>405.09796331543475</ele>
        <time>2025-11-14T04:47:11.900000Z</time>
        <extensions>
          <gpxtpx:TrackPointExtension>
            <gpxtpx:hr>108</gpxtpx:hr>
          </gpxtpx:TrackPointExtension>
        </extensions>
      </trkpt>
      <trkpt lat="34.21050796983392" lon="108.83714391937696">
        <ele>405.07591386698186</ele>
        <time>2025-11-14T04:47:12.900000Z</time>
        <extensions>
          <gpxtpx:TrackPointExtension>
            <gpxtpx:hr>108</gpxtpx:hr>
          </gpxtpx:TrackPointExtension>
        </extensions>
      </trkpt>
      <trkpt lat="34.21049534878116" lon="108.83714584631876">
        <ele>405.072948818095</ele>
        <time>2025-11-14T04:47:13.900000Z</time>
        <extensions>
          <gpxtpx:TrackPointExtension>
            <gpxtpx:hr>108</gpxtpx:hr>
          </gpxtpx:TrackPointExtension>
        </extensions>
      </trkpt>
      <trkpt lat="34.21048310941019" lon="108.83714750862437">
        <ele>405.08189372345805</ele>
        <time>2025-11-14T04:47:14.900000Z</time>
        <extensions>
          <gpxtpx:TrackPointExtension>
            <gpxtpx:hr>108</gpxtpx:hr>
          </gpxtpx:TrackPointExtension>
        </extensions>
      </trkpt>
      <trkpt lat="34.21047061876348" lon="108.83714893775016">
        <ele>405.09719840157777</ele>
        <time>2025-11-14T04:47:15.900000Z</time>
        <extensions>
          <gpxtpx:TrackPointExtension>
            <gpxtpx:hr>108</gpxtpx:hr>
          </gpxtpx:TrackPointExtension>
        </extensions>
      </trkpt>
      <trkpt lat="34.21045789305794" lon="108.83715022035302">
        <ele>405.1003131773323</ele>
        <time>2025-11-14T04:47:16.900000Z</time>
        <extensions>
          <gpxtpx:TrackPointExtension>
            <gpxtpx:hr>108</gpxtpx:hr>
          </gpxtpx:TrackPointExtension>
        </extensions>
      </trkpt>
      <trkpt lat="34.21044506848019" lon="108.83715145460606">
        <ele>405.1198394233361</ele>
        <time>2025-11-14T04:47:17.900000Z</time>
        <extensions>
          <gpxtpx:TrackPointExtension>
            <gpxtpx:hr>108</gpxtpx:hr>
          </gpxtpx:TrackPointExtension>
        </extensions>
      </trkpt>
      <trkpt lat="34.210431973421514" lon="108.8371526200758">
        <ele>405.1563146999106</ele>
        <time>2025-11-14T04:47:18.900000Z</time>
        <extensions>
          <gpxtpx:TrackPointExtension>
            <gpxtpx:hr>108</gpxtpx:hr>
          </gpxtpx:TrackPointExtension>
        </extensions>
      </trkpt>
      <trkpt lat="34.21041860086065" lon="108.83715340871619">
        <ele>405.21239940449595</ele>
        <time>2025-11-14T04:47:19.900000Z</time>
        <extensions>
          <gpxtpx:TrackPointExtension>
            <gpxtpx:hr>108</gpxtpx:hr>
          </gpxtpx:TrackPointExtension>
        </extensions>
      </trkpt>
      <trkpt lat="34.21040523153174" lon="108.83715355555543">
        <ele>405.26150288432837</ele>
        <time>2025-11-14T04:47:20.900000Z</time>
        <extensions>
          <gpxtpx:TrackPointExtension>
            <gpxtpx:hr>108</gpxtpx:hr>
          </gpxtpx:TrackPointExtension>
        </extensions>
      </trkpt>
      <trkpt lat="34.21039204034893" lon="108.83715292030554">
        <ele>405.31094644311816</ele>
        <time>2025-11-14T04:47:21.900000Z</time>
        <extensions>
          <gpxtpx:TrackPointExtension>
            <gpxtpx:hr>108</gpxtpx:hr>
          </gpxtpx:TrackPointExtension>
        </extensions>
      </trkpt>
      <trkpt lat="34.21037884279902" lon="108.83715148075412">
        <ele>405.36643282789737</ele>
        <time>2025-11-14T04:47:22.900000Z</time>
        <extensions>
          <gpxtpx:TrackPointExtension>
            <gpxtpx:hr>107</gpxtpx:hr>
          </gpxtpx:TrackPointExtension>
        </extensions>
      </trkpt>
      <trkpt lat="34.21036576941995" lon="108.83714925908582">
        <ele>405.43634949438274</ele>
        <time>2025-11-14T04:47:23.900000Z</time>
        <extensions>
          <gpxtpx:TrackPointExtension>
            <gpxtpx:hr>107</gpxtpx:hr>
          </gpxtpx:TrackPointExtension>
        </extensions>
      </trkpt>
      <trkpt lat="34.21035364643332" lon="108.83714653470085">
        <ele>405.49991178233176</ele>
        <time>2025-11-14T04:47:24.900000Z</time>
        <extensions>
          <gpxtpx:TrackPointExtension>
            <gpxtpx:hr>107</gpxtpx:hr>
          </gpxtpx:TrackPointExtension>
        </extensions>
      </trkpt>
      <trkpt lat="34.21034235688329" lon="108.83714412807522">
        <ele>405.58879217039794</ele>
        <time>2025-11-14T04:47:25.900000Z</time>
        <extensions>
          <gpxtpx:TrackPointExtension>
            <gpxtpx:hr>107</gpxtpx:hr>
          </gpxtpx:TrackPointExtension>
        </extensions>
      </trkpt>
      <trkpt lat="34.21033180354641" lon="108.83714381919708">
        <ele>405.675308723934</ele>
        <time>2025-11-14T04:47:26.900000Z</time>
        <extensions>
          <gpxtpx:TrackPointExtension>
            <gpxtpx:hr>107</gpxtpx:hr>
          </gpxtpx:TrackPointExtension>
        </extensions>
      </trkpt>
      <trkpt lat="34.21032218085978" lon="108.83714616132066">
        <ele>405.7655291808769</ele>
        <time>2025-11-14T04:47:27.900000Z</time>
        <extensions>
          <gpxtpx:TrackPointExtension>
            <gpxtpx:hr>107</gpxtpx:hr>
          </gpxtpx:TrackPointExtension>
        </extensions>
      </trkpt>
      <trkpt lat="34.21031330117185" lon="108.83714993104472">
        <ele>405.85958127770573</ele>
        <time>2025-11-14T04:47:28.900000Z</time>
        <extensions>
          <gpxtpx:TrackPointExtension>
            <gpxtpx:hr>107</gpxtpx:hr>
          </gpxtpx:TrackPointExtension>
        </extensions>
      </trkpt>
      <trkpt lat="34.21030476477981" lon="108.8371545826134">
        <ele>405.96589787863195</ele>
        <time>2025-11-14T04:47:29.900000Z</time>
        <extensions>
          <gpxtpx:TrackPointExtension>
            <gpxtpx:hr>107</gpxtpx:hr>
          </gpxtpx:TrackPointExtension>
        </extensions>
      </trkpt>
      <trkpt lat="34.21029656071636" lon="108.83716012862072">
        <ele>406.0828057853505</ele>
        <time>2025-11-14T04:47:30.900000Z</time>
        <extensions>
          <gpxtpx:TrackPointExtension>
            <gpxtpx:hr>107</gpxtpx:hr>
          </gpxtpx:TrackPointExtension>
        </extensions>
      </trkpt>
      <trkpt lat="34.21028906942715" lon="108.8371667426027">
        <ele>406.18977068550885</ele>
        <time>2025-11-14T04:47:31.900000Z</time>
        <extensions>
          <gpxtpx:TrackPointExtension>
            <gpxtpx:hr>107</gpxtpx:hr>
          </gpxtpx:TrackPointExtension>
        </extensions>
      </trkpt>
      <trkpt lat="34.210282412686595" lon="108.83717380501575">
        <ele>406.2881891699508</ele>
        <time>2025-11-14T04:47:32.900000Z</time>
        <extensions>
          <gpxtpx:TrackPointExtension>
            <gpxtpx:hr>109</gpxtpx:hr>
          </gpxtpx:TrackPointExtension>
        </extensions>
      </trkpt>
      <trkpt lat="34.210276810135795" lon="108.83718119273519">
        <ele>406.3797872560099</ele>
        <time>2025-11-14T04:47:33.900000Z</time>
        <extensions>
          <gpxtpx:TrackPointExtension>
            <gpxtpx:hr>109</gpxtpx:hr>
          </gpxtpx:TrackPointExtension>
        </extensions>
      </trkpt>
      <trkpt lat="34.21027299388002" lon="108.83719022660334">
        <ele>406.48922444786876</ele>
        <time>2025-11-14T04:47:34.900000Z</time>
        <extensions>
          <gpxtpx:TrackPointExtension>
            <gpxtpx:hr>109</gpxtpx:hr>
          </gpxtpx:TrackPointExtension>
        </extensions>
      </trkpt>
      <trkpt lat="34.2102711258385" lon="108.83720171252932">
        <ele>406.576725108549</ele>
        <time>2025-11-14T04:47:35.900000Z</time>
        <extensions>
          <gpxtpx:TrackPointExtension>
            <gpxtpx:hr>109</gpxtpx:hr>
          </gpxtpx:TrackPointExtension>
        </extensions>
      </trkpt>
      <trkpt lat="34.210270175564176" lon="108.837215498282">
        <ele>406.65714581124485</ele>
        <time>2025-11-14T04:47:36.900000Z</time>
        <extensions>
          <gpxtpx:TrackPointExtension>
            <gpxtpx:hr>109</gpxtpx:hr>
          </gpxtpx:TrackPointExtension>
        </extensions>
      </trkpt>
      <trkpt lat="34.210269446254664" lon="108.83723085815777">
        <ele>406.7256888123229</ele>
        <time>2025-11-14T04:47:37.900000Z</time>
        <extensions>
          <gpxtpx:TrackPointExtension>
            <gpxtpx:hr>109</gpxtpx:hr>
          </gpxtpx:TrackPointExtension>
        </extensions>
      </trkpt>
      <trkpt lat="34.21026856019452" lon="108.83724723242428">
        <ele>406.80004430841655</ele>
        <time>2025-11-14T04:47:38.900000Z</time>
        <extensions>
          <gpxtpx:TrackPointExtension>
            <gpxtpx:hr>109</gpxtpx:hr>
          </gpxtpx:TrackPointExtension>
        </extensions>
      </trkpt>
      <trkpt lat="34.210267176512936" lon="108.83726393244531">
        <ele>406.87268082704395</ele>
        <time>2025-11-14T04:47:39.900000Z</time>
        <extensions>
          <gpxtpx:TrackPointExtension>
            <gpxtpx:hr>110</gpxtpx:hr>
          </gpxtpx:TrackPointExtension>
        </extensions>
      </trkpt>
      <trkpt lat="34.21026534974083" lon="108.83728007434523">
        <ele>406.9362515732646</ele>
        <time>2025-11-14T04:47:40.900000Z</time>
        <extensions>
          <gpxtpx:TrackPointExtension>
            <gpxtpx:hr>110</gpxtpx:hr>
          </gpxtpx:TrackPointExtension>
        </extensions>
      </trkpt>
      <trkpt lat="34.21026331566187" lon="108.83729588004721">
        <ele>407.0015398906544</ele>
        <time>2025-11-14T04:47:41.900000Z</time>
        <extensions>
          <gpxtpx:TrackPointExtension>
            <gpxtpx:hr>110</gpxtpx:hr>
          </gpxtpx:TrackPointExtension>
        </extensions>
      </trkpt>
      <trkpt lat="34.21026138453314" lon="108.83731169530495">
        <ele>407.0767059456557</ele>
        <time>2025-11-14T04:47:42.900000Z</time>
        <extensions>
          <gpxtpx:TrackPointExtension>
            <gpxtpx:hr>110</gpxtpx:hr>
          </gpxtpx:TrackPointExtension>
        </extensions>
      </trkpt>
      <trkpt lat="34.210259642156664" lon="108.83732808631592">
        <ele>407.1515829227865</ele>
        <time>2025-11-14T04:47:43.900000Z</time>
        <extensions>
          <gpxtpx:TrackPointExtension>
            <gpxtpx:hr>110</gpxtpx:hr>
          </gpxtpx:TrackPointExtension>
        </extensions>
      </trkpt>
      <trkpt lat="34.21025803708791" lon="108.8373454850249">
        <ele>407.22872150316834</ele>
        <time>2025-11-14T04:47:44.900000Z</time>
        <extensions>
          <gpxtpx:TrackPointExtension>
            <gpxtpx:hr>110</gpxtpx:hr>
          </gpxtpx:TrackPointExtension>
        </extensions>
      </trkpt>
      <trkpt lat="34.21025705816357" lon="108.83736304394391">
        <ele>407.2950694235042</ele>
        <time>2025-11-14T04:47:45.900000Z</time>
        <extensions>
          <gpxtpx:TrackPointExtension>
            <gpxtpx:hr>110</gpxtpx:hr>
          </gpxtpx:TrackPointExtension>
        </extensions>
      </trkpt>
      <trkpt lat="34.21025646780382" lon="108.83738020039621">
        <ele>407.36396357323974</ele>
        <time>2025-11-14T04:47:46.900000Z</time>
        <extensions>
          <gpxtpx:TrackPointExtension>
            <gpxtpx:hr>110</gpxtpx:hr>
          </gpxtpx:TrackPointExtension>
        </extensions>
      </trkpt>
      <trkpt lat="34.21025538710063" lon="108.83739753402216">
        <ele>407.44646314531565</ele>
        <time>2025-11-14T04:47:47.900000Z</time>
        <extensions>
          <gpxtpx:TrackPointExtension>
            <gpxtpx:hr>110</gpxtpx:hr>
          </gpxtpx:TrackPointExtension>
        </extensions>
      </trkpt>
      <trkpt lat="34.21025375940693" lon="108.83741514690328">
        <ele>407.5398769052699</ele>
        <time>2025-11-14T04:47:48.900000Z</time>
        <extensions>
          <gpxtpx:TrackPointExtension>
            <gpxtpx:hr>110</gpxtpx:hr>
          </gpxtpx:TrackPointExtension>
        </extensions>
      </trkpt>
      <trkpt lat="34.21025195522188" lon="108.83743272986455">
        <ele>407.6417610151693</ele>
        <time>2025-11-14T04:47:49.900000Z</time>
        <extensions>
          <gpxtpx:TrackPointExtension>
            <gpxtpx:hr>110</gpxtpx:hr>
          </gpxtpx:TrackPointExtension>
        </extensions>
      </trkpt>
      <trkpt lat="34.210250202009156" lon="108.83744996198568">
        <ele>407.7350593144074</ele>
        <time>2025-11-14T04:47:50.900000Z</time>
        <extensions>
          <gpxtpx:TrackPointExtension>
            <gpxtpx:hr>111</gpxtpx:hr>
          </gpxtpx:TrackPointExtension>
        </extensions>
      </trkpt>
      <trkpt lat="34.210248407287786" lon="108.83746669035779">
        <ele>407.8123628683388</ele>
        <time>2025-11-14T04:47:51.900000Z</time>
        <extensions>
          <gpxtpx:TrackPointExtension>
            <gpxtpx:hr>111</gpxtpx:hr>
          </gpxtpx:TrackPointExtension>
        </extensions>
      </trkpt>
      <trkpt lat="34.21024638997511" lon="108.83748281647544">
        <ele>407.8839858369902</ele>
        <time>2025-11-14T04:47:52.900000Z</time>
        <extensions>
          <gpxtpx:TrackPointExtension>
            <gpxtpx:hr>111</gpxtpx:hr>
          </gpxtpx:TrackPointExtension>
        </extensions>
      </trkpt>
      <trkpt lat="34.21024410777088" lon="108.8374983917223">
        <ele>407.95544010866433</ele>
        <time>2025-11-14T04:47:53.900000Z</time>
        <extensions>
          <gpxtpx:TrackPointExtension>
            <gpxtpx:hr>111</gpxtpx:hr>
          </gpxtpx:TrackPointExtension>
        </extensions>
      </trkpt>
      <trkpt lat="34.21024157089341" lon="108.8375138871371">
        <ele>408.02019278891385</ele>
        <time>2025-11-14T04:47:54.900000Z</time>
        <extensions>
          <gpxtpx:TrackPointExtension>
            <gpxtpx:hr>111</gpxtpx:hr>
          </gpxtpx:TrackPointExtension>
        </extensions>
      </trkpt>
      <trkpt lat="34.210239308308935" lon="108.83752995221506">
        <ele>408.06828168127686</ele>
        <time>2025-11-14T04:47:55.900000Z</time>
        <extensions>
          <gpxtpx:TrackPointExtension>
            <gpxtpx:hr>110</gpxtpx:hr>
          </gpxtpx:TrackPointExtension>
        </extensions>
      </trkpt>
      <trkpt lat="34.21023752344093" lon="108.83754592327949">
        <ele>408.1131867123768</ele>
        <time>2025-11-14T04:47:56.900000Z</time>
        <extensions>
          <gpxtpx:TrackPointExtension>
            <gpxtpx:hr>110</gpxtpx:hr>
          </gpxtpx:TrackPointExtension>
        </extensions>
      </trkpt>
      <trkpt lat="34.21023532713288" lon="108.83756205052141">
        <ele>408.15399026777595</ele>
        <time>2025-11-14T04:47:57.900000Z</time>
        <extensions>
          <gpxtpx:TrackPointExtension>
            <gpxtpx:hr>110</gpxtpx:hr>
          </gpxtpx:TrackPointExtension>
        </extensions>
      </trkpt>
      <trkpt lat="34.21023265678203" lon="108.83757808657363">
        <ele>408.1786014549434</ele>
        <time>2025-11-14T04:47:58.900000Z</time>
        <extensions>
          <gpxtpx:TrackPointExtension>
            <gpxtpx:hr>110</gpxtpx:hr>
          </gpxtpx:TrackPointExtension>
        </extensions>
      </trkpt>
      <trkpt lat="34.21022981908757" lon="108.83759359890765">
        <ele>408.1824108706787</ele>
        <time>2025-11-14T04:47:59.900000Z</time>
        <extensions>
          <gpxtpx:TrackPointExtension>
            <gpxtpx:hr>110</gpxtpx:hr>
          </gpxtpx:TrackPointExtension>
        </extensions>
      </trkpt>
      <trkpt lat="34.210226785584915" lon="108.83760862622498">
        <ele>408.1807044874877</ele>
        <time>2025-11-14T04:48:00.900000Z</time>
        <extensions>
          <gpxtpx:TrackPointExtension>
            <gpxtpx:hr>110</gpxtpx:hr>
          </gpxtpx:TrackPointExtension>
        </extensions>
      </trkpt>
      <trkpt lat="34.210222203392284" lon="108.83762262950356">
        <ele>408.1627031285316</ele>
        <time>2025-11-14T04:48:01.900000Z</time>
        <extensions>
          <gpxtpx:TrackPointExtension>
            <gpxtpx:hr>110</gpxtpx:hr>
          </gpxtpx:TrackPointExtension>
        </extensions>
      </trkpt>
      <trkpt lat="34.210214721958856" lon="108.83763498679808">
        <ele>408.1276947921142</ele>
        <time>2025-11-14T04:48:02.900000Z</time>
        <extensions>
          <gpxtpx:TrackPointExtension>
            <gpxtpx:hr>111</gpxtpx:hr>
          </gpxtpx:TrackPointExtension>
        </extensions>
      </trkpt>
      <trkpt lat="34.21020532921361" lon="108.83764551756322">
        <ele>408.09268493484706</ele>
        <time>2025-11-14T04:48:03.900000Z</time>
        <extensions>
          <gpxtpx:TrackPointExtension>
            <gpxtpx:hr>111</gpxtpx:hr>
          </gpxtpx:TrackPointExtension>
        </extensions>
      </trkpt>
      <trkpt lat="34.21019555719775" lon="108.83765510845502">
        <ele>408.03699745982885</ele>
        <time>2025-11-14T04:48:04.900000Z</time>
        <extensions>
          <gpxtpx:TrackPointExtension>
            <gpxtpx:hr>111</gpxtpx:hr>
          </gpxtpx:TrackPointExtension>
        </extensions>
      </trkpt>
      <trkpt lat="34.21018630538086" lon="108.83766390606668">
        <ele>407.9644374009222</ele>
        <time>2025-11-14T04:48:05.900000Z</time>
        <extensions>
          <gpxtpx:TrackPointExtension>
            <gpxtpx:hr>111</gpxtpx:hr>
          </gpxtpx:TrackPointExtension>
        </extensions>
      </trkpt>
      <trkpt lat="34.21017749964999" lon="108.83767267535521">
        <ele>407.8770527560264</ele>
        <time>2025-11-14T04:48:06.900000Z</time>
        <extensions>
          <gpxtpx:TrackPointExtension>
            <gpxtpx:hr>111</gpxtpx:hr>
          </gpxtpx:TrackPointExtension>
        </extensions>
      </trkpt>
      <trkpt lat="34.21016851412034" lon="108.83768196919664">
        <ele>407.77159621939063</ele>
        <time>2025-11-14T04:48:07.900000Z</time>
        <extensions>
          <gpxtpx:TrackPointExtension>
            <gpxtpx:hr>112</gpxtpx:hr>
          </gpxtpx:TrackPointExtension>
        </extensions>
      </trkpt>
      <trkpt lat="34.21015886531081" lon="108.83769127032431">
        <ele>407.66788405831903</ele>
        <time>2025-11-14T04:48:08.900000Z</time>
        <extensions>
          <gpxtpx:TrackPointExtension>
            <gpxtpx:hr>112</gpxtpx:hr>
          </gpxtpx:TrackPointExtension>
        </extensions>
      </trkpt>
      <trkpt lat="34.21014914657599" lon="108.83769971110108">
        <ele>407.56674255337566</ele>
        <time>2025-11-14T04:48:09.900000Z</time>
        <extensions>
          <gpxtpx:TrackPointExtension>
            <gpxtpx:hr>112</gpxtpx:hr>
          </gpxtpx:TrackPointExtension>
        </extensions>
      </trkpt>
      <trkpt lat="34.21013969040818" lon="108.83770668148203">
        <ele>407.4515238283202</ele>
        <time>2025-11-14T04:48:10.900000Z</time>
        <extensions>
          <gpxtpx:TrackPointExtension>
            <gpxtpx:hr>112</gpxtpx:hr>
          </gpxtpx:TrackPointExtension>
        </extensions>
      </trkpt>
      <trkpt lat="34.21012991421828" lon="108.83771348685636">
        <ele>407.35486240684986</ele>
        <time>2025-11-14T04:48:11.900000Z</time>
        <extensions>
          <gpxtpx:TrackPointExtension>
            <gpxtpx:hr>112</gpxtpx:hr>
          </gpxtpx:TrackPointExtension>
        </extensions>
      </trkpt>
      <trkpt lat="34.21011947117087" lon="108.8377216710911">
        <ele>407.26197386998683</ele>
        <time>2025-11-14T04:48:12.900000Z</time>
        <extensions>
          <gpxtpx:TrackPointExtension>
            <gpxtpx:hr>107</gpxtpx:hr>
          </gpxtpx:TrackPointExtension>
        </extensions>
      </trkpt>
      <trkpt lat="34.21010877402788" lon="108.83773084863307">
        <ele>407.1744443336502</ele>
        <time>2025-11-14T04:48:13.900000Z</time>
        <extensions>
          <gpxtpx:TrackPointExtension>
            <gpxtpx:hr>107</gpxtpx:hr>
          </gpxtpx:TrackPointExtension>
        </extensions>
      </trkpt>
      <trkpt lat="34.21009804936054" lon="108.83774028595033">
        <ele>407.08540325891227</ele>
        <time>2025-11-14T04:48:14.900000Z</time>
        <extensions>
          <gpxtpx:TrackPointExtension>
            <gpxtpx:hr>107</gpxtpx:hr>
          </gpxtpx:TrackPointExtension>
        </extensions>
      </trkpt>
      <trkpt lat="34.21008771696686" lon="108.83774909328463">
        <ele>407.0058479057625</ele>
        <time>2025-11-14T04:48:15.900000Z</time>
        <extensions>
          <gpxtpx:TrackPointExtension>
            <gpxtpx:hr>107</gpxtpx:hr>
          </gpxtpx:TrackPointExtension>
        </extensions>
      </trkpt>
      <trkpt lat="34.21007808921291" lon="108.8377573842628">
        <ele>406.93097644206136</ele>
        <time>2025-11-14T04:48:16.900000Z</time>
        <extensions>
          <gpxtpx:TrackPointExtension>
            <gpxtpx:hr>107</gpxtpx:hr>
          </gpxtpx:TrackPointExtension>
        </extensions>
      </trkpt>
      <trkpt lat="34.210069265245274" lon="108.83776602395022">
        <ele>406.8672454385087</ele>
        <time>2025-11-14T04:48:17.900000Z</time>
        <extensions>
          <gpxtpx:TrackPointExtension>
            <gpxtpx:hr>107</gpxtpx:hr>
          </gpxtpx:TrackPointExtension>
        </extensions>
      </trkpt>
      <trkpt lat="34.21006100016877" lon="108.83777524670481">
        <ele>406.81884696148336</ele>
        <time>2025-11-14T04:48:18.900000Z</time>
        <extensions>
          <gpxtpx:TrackPointExtension>
            <gpxtpx:hr>107</gpxtpx:hr>
          </gpxtpx:TrackPointExtension>
        </extensions>
      </trkpt>
      <trkpt lat="34.21005326149305" lon="108.83778501914054">
        <ele>406.7822865648195</ele>
        <time>2025-11-14T04:48:19.900000Z</time>
        <extensions>
          <gpxtpx:TrackPointExtension>
            <gpxtpx:hr>107</gpxtpx:hr>
          </gpxtpx:TrackPointExtension>
        </extensions>
      </trkpt>
      <trkpt lat="34.210046353269234" lon="108.83779475378564">
        <ele>406.7434046268463</ele>
        <time>2025-11-14T04:48:20.900000Z</time>
        <extensions>
          <gpxtpx:TrackPointExtension>
            <gpxtpx:hr>107</gpxtpx:hr>
          </gpxtpx:TrackPointExtension>
        </extensions>
      </trkpt>
      <trkpt lat="34.21004039089371" lon="108.83780407930516">
        <ele>406.71144180744886</ele>
        <time>2025-11-14T04:48:21.900000Z</time>
        <extensions>
          <gpxtpx:TrackPointExtension>
            <gpxtpx:hr>107</gpxtpx:hr>
          </gpxtpx:TrackPointExtension>
        </extensions>
      </trkpt>
      <trkpt lat="34.21003483087582" lon="108.83781379178552">
        <ele>406.6888465648517</ele>
        <time>2025-11-14T04:48:22.900000Z</time>
        <extensions>
          <gpxtpx:TrackPointExtension>
            <gpxtpx:hr>107</gpxtpx:hr>
          </gpxtpx:TrackPointExtension>
        </extensions>
      </trkpt>
      <trkpt lat="34.21002969308312" lon="108.83782385060572">
        <ele>406.66533729899675</ele>
        <time>2025-11-14T04:48:23.900000Z</time>
        <extensions>
          <gpxtpx:TrackPointExtension>
            <gpxtpx:hr>111</gpxtpx:hr>
          </gpxtpx:TrackPointExtension>
        </extensions>
      </trkpt>
      <trkpt lat="34.21002556650481" lon="108.83783314530952">
        <ele>406.6432955963537</ele>
        <time>2025-11-14T04:48:24.900000Z</time>
        <extensions>
          <gpxtpx:TrackPointExtension>
            <gpxtpx:hr>111</gpxtpx:hr>
          </gpxtpx:TrackPointExtension>
        </extensions>
      </trkpt>
      <trkpt lat="34.21002267070778" lon="108.83784138959489">
        <ele>406.6207617521286</ele>
        <time>2025-11-14T04:48:25.900000Z</time>
        <extensions>
          <gpxtpx:TrackPointExtension>
            <gpxtpx:hr>111</gpxtpx:hr>
          </gpxtpx:TrackPointExtension>
        </extensions>
      </trkpt>
      <trkpt lat="34.210020690933234" lon="108.83784906011107">
        <ele>406.5979532962665</ele>
        <time>2025-11-14T04:48:26.900000Z</time>
        <extensions>
          <gpxtpx:TrackPointExtension>
            <gpxtpx:hr>111</gpxtpx:hr>
          </gpxtpx:TrackPointExtension>
        </extensions>
      </trkpt>
      <trkpt lat="34.210019294208664" lon="108.8378566981226">
        <ele>406.58012684155256</ele>
        <time>2025-11-14T04:48:27.900000Z</time>
        <extensions>
          <gpxtpx:TrackPointExtension>
            <gpxtpx:hr>111</gpxtpx:hr>
          </gpxtpx:TrackPointExtension>
        </extensions>
      </trkpt>
      <trkpt lat="34.210018580914294" lon="108.83786421692899">
        <ele>406.5668649384752</ele>
        <time>2025-11-14T04:48:28.900000Z</time>
        <extensions>
          <gpxtpx:TrackPointExtension>
            <gpxtpx:hr>111</gpxtpx:hr>
          </gpxtpx:TrackPointExtension>
        </extensions>
      </trkpt>
      <trkpt lat="34.210018640384355" lon="108.8378717183448">
        <ele>406.5508420262486</ele>
        <time>2025-11-14T04:48:29.900000Z</time>
        <extensions>
          <gpxtpx:TrackPointExtension>
            <gpxtpx:hr>111</gpxtpx:hr>
          </gpxtpx:TrackPointExtension>
        </extensions>
      </trkpt>
      <trkpt lat="34.210019721383226" lon="108.83787965588014">
        <ele>406.5430979086086</ele>
        <time>2025-11-14T04:48:30.900000Z</time>
        <extensions>
          <gpxtpx:TrackPointExtension>
            <gpxtpx:hr>111</gpxtpx:hr>
          </gpxtpx:TrackPointExtension>
        </extensions>
      </trkpt>
      <trkpt lat="34.21002164860104" lon="108.83788749816536">
        <ele>406.5347874937579</ele>
        <time>2025-11-14T04:48:31.900000Z</time>
        <extensions>
          <gpxtpx:TrackPointExtension>
            <gpxtpx:hr>111</gpxtpx:hr>
          </gpxtpx:TrackPointExtension>
        </extensions>
      </trkpt>
      <trkpt lat="34.210023676072666" lon="108.83789428177305">
        <ele>406.5141547927633</ele>
        <time>2025-11-14T04:48:32.900000Z</time>
        <extensions>
          <gpxtpx:TrackPointExtension>
            <gpxtpx:hr>111</gpxtpx:hr>
          </gpxtpx:TrackPointExtension>
        </extensions>
      </trkpt>
      <trkpt lat="34.21002479862953" lon="108.8378996556392">
        <ele>406.5062719490379</ele>
        <time>2025-11-14T04:48:33.900000Z</time>
        <extensions>
          <gpxtpx:TrackPointExtension>
            <gpxtpx:hr>111</gpxtpx:hr>
          </gpxtpx:TrackPointExtension>
        </extensions>
      </trkpt>
      <trkpt lat="34.21002476795787" lon="108.83790382237477">
        <ele>406.50352754071355</ele>
        <time>2025-11-14T04:48:34.900000Z</time>
        <extensions>
          <gpxtpx:TrackPointExtension>
            <gpxtpx:hr>112</gpxtpx:hr>
          </gpxtpx:TrackPointExtension>
        </extensions>
      </trkpt>
      <trkpt lat="34.21002373703815" lon="108.83790732917595">
        <ele>406.5141103193164</ele>
        <time>2025-11-14T04:48:35.900000Z</time>
        <extensions>
          <gpxtpx:TrackPointExtension>
            <gpxtpx:hr>112</gpxtpx:hr>
          </gpxtpx:TrackPointExtension>
        </extensions>
      </trkpt>
      <trkpt lat="34.21002197387776" lon="108.8379106953757">
        <ele>406.5348779419437</ele>
        <time>2025-11-14T04:48:36.900000Z</time>
        <extensions>
          <gpxtpx:TrackPointExtension>
            <gpxtpx:hr>112</gpxtpx:hr>
          </gpxtpx:TrackPointExtension>
        </extensions>
      </trkpt>
      <trkpt lat="34.21001967147014" lon="108.83791454656387">
        <ele>406.56666685733944</ele>
        <time>2025-11-14T04:48:37.900000Z</time>
        <extensions>
          <gpxtpx:TrackPointExtension>
            <gpxtpx:hr>112</gpxtpx:hr>
          </gpxtpx:TrackPointExtension>
        </extensions>
      </trkpt>
      <trkpt lat="34.2100173638355" lon="108.83791903400598">
        <ele>406.605789183639</ele>
        <time>2025-11-14T04:48:38.900000Z</time>
        <extensions>
          <gpxtpx:TrackPointExtension>
            <gpxtpx:hr>111</gpxtpx:hr>
          </gpxtpx:TrackPointExtension>
        </extensions>
      </trkpt>
      <trkpt lat="34.21001551026177" lon="108.83792439040789">
        <ele>406.6523185689002</ele>
        <time>2025-11-14T04:48:39.900000Z</time>
        <extensions>
          <gpxtpx:TrackPointExtension>
            <gpxtpx:hr>111</gpxtpx:hr>
          </gpxtpx:TrackPointExtension>
        </extensions>
      </trkpt>
      <trkpt lat="34.21001443837458" lon="108.8379302812412">
        <ele>406.6968050347641</ele>
        <time>2025-11-14T04:48:40.900000Z</time>
        <extensions>
          <gpxtpx:TrackPointExtension>
            <gpxtpx:hr>111</gpxtpx:hr>
          </gpxtpx:TrackPointExtension>
        </extensions>
      </trkpt>
      <trkpt lat="34.210014851732005" lon="108.83793614177767">
        <ele>406.7421165825799</ele>
        <time>2025-11-14T04:48:41.900000Z</time>
        <extensions>
          <gpxtpx:TrackPointExtension>
            <gpxtpx:hr>111</gpxtpx:hr>
          </gpxtpx:TrackPointExtension>
        </extensions>
      </trkpt>
      <trkpt lat="34.210017010289995" lon="108.83794172934668">
        <ele>406.7864734688774</ele>
        <time>2025-11-14T04:48:42.900000Z</time>
        <extensions>
          <gpxtpx:TrackPointExtension>
            <gpxtpx:hr>107</gpxtpx:hr>
          </gpxtpx:TrackPointExtension>
        </extensions>
      </trkpt>
      <trkpt lat="34.210020664992456" lon="108.83794712455635">
        <ele>406.8259573113173</ele>
        <time>2025-11-14T04:48:43.900000Z</time>
        <extensions>
          <gpxtpx:TrackPointExtension>
            <gpxtpx:hr>107</gpxtpx:hr>
          </gpxtpx:TrackPointExtension>
        </extensions>
      </trkpt>
      <trkpt lat="34.210023386920355" lon="108.8379531311284">
        <ele>406.87186478916556</ele>
        <time>2025-11-14T04:48:44.900000Z</time>
        <extensions>
          <gpxtpx:TrackPointExtension>
            <gpxtpx:hr>107</gpxtpx:hr>
          </gpxtpx:TrackPointExtension>
        </extensions>
      </trkpt>
      <trkpt lat="34.21002362348727" lon="108.83796016607313">
        <ele>406.9140918366611</ele>
        <time>2025-11-14T04:48:45.900000Z</time>
        <extensions>
          <gpxtpx:TrackPointExtension>
            <gpxtpx:hr>107</gpxtpx:hr>
          </gpxtpx:TrackPointExtension>
        </extensions>
      </trkpt>
      <trkpt lat="34.210021593956995" lon="108.83796840799052">
        <ele>406.9378890376538</ele>
        <time>2025-11-14T04:48:46.900000Z</time>
        <extensions>
          <gpxtpx:TrackPointExtension>
            <gpxtpx:hr>107</gpxtpx:hr>
          </gpxtpx:TrackPointExtension>
        </extensions>
      </trkpt>
      <trkpt lat="34.210017949714526" lon="108.83797758355468">
        <ele>406.9455657592043</ele>
        <time>2025-11-14T04:48:47.900000Z</time>
        <extensions>
          <gpxtpx:TrackPointExtension>
            <gpxtpx:hr>107</gpxtpx:hr>
          </gpxtpx:TrackPointExtension>
        </extensions>
      </trkpt>
      <trkpt lat="34.210013553682494" lon="108.8379870918604">
        <ele>406.9486032631248</ele>
        <time>2025-11-14T04:48:48.900000Z</time>
        <extensions>
          <gpxtpx:TrackPointExtension>
            <gpxtpx:hr>107</gpxtpx:hr>
          </gpxtpx:TrackPointExtension>
        </extensions>
      </trkpt>
      <trkpt lat="34.21000901178274" lon="108.83799658106989">
        <ele>406.9503910942003</ele>
        <time>2025-11-14T04:48:49.900000Z</time>
        <extensions>
          <gpxtpx:TrackPointExtension>
            <gpxtpx:hr>107</gpxtpx:hr>
          </gpxtpx:TrackPointExtension>
        </extensions>
      </trkpt>
      <trkpt lat="34.21000504046233" lon="108.83800599127942">
        <ele>406.94573767483234</ele>
        <time>2025-11-14T04:48:50.900000Z</time>
        <extensions>
          <gpxtpx:TrackPointExtension>
            <gpxtpx:hr>107</gpxtpx:hr>
          </gpxtpx:TrackPointExtension>
        </extensions>
      </trkpt>
      <trkpt lat="34.21000237769721" lon="108.8380156540922">
        <ele>406.935135086067</ele>
        <time>2025-11-14T04:48:51.900000Z</time>
        <extensions>
          <gpxtpx:TrackPointExtension>
            <gpxtpx:hr>107</gpxtpx:hr>
          </gpxtpx:TrackPointExtension>
        </extensions>
      </trkpt>
      <trkpt lat="34.21000173205142" lon="108.83802553261107">
        <ele>406.92121422383934</ele>
        <time>2025-11-14T04:48:52.900000Z</time>
        <extensions>
          <gpxtpx:TrackPointExtension>
            <gpxtpx:hr>107</gpxtpx:hr>
          </gpxtpx:TrackPointExtension>
        </extensions>
      </trkpt>
      <trkpt lat="34.21000310786359" lon="108.83803600699218">
        <ele>406.9005271261558</ele>
        <time>2025-11-14T04:48:53.900000Z</time>
        <extensions>
          <gpxtpx:TrackPointExtension>
            <gpxtpx:hr>107</gpxtpx:hr>
          </gpxtpx:TrackPointExtension>
        </extensions>
      </trkpt>
      <trkpt lat="34.21000648545705" lon="108.83804798925888">
        <ele>406.8737535281107</ele>
        <time>2025-11-14T04:48:54.900000Z</time>
        <extensions>
          <gpxtpx:TrackPointExtension>
            <gpxtpx:hr>107</gpxtpx:hr>
          </gpxtpx:TrackPointExtension>
        </extensions>
      </trkpt>
      <trkpt lat="34.21001155203756" lon="108.83806160286638">
        <ele>406.84272325225174</ele>
        <time>2025-11-14T04:48:55.900000Z</time>
      </trkpt>
      <trkpt lat="34.21001758358295" lon="108.8380772720364">
        <ele>406.8057201579213</ele>
        <time>2025-11-14T04:48:56.900000Z</time>
        <extensions>
          <gpxtpx:TrackPointExtension>
            <gpxtpx:hr>111</gpxtpx:hr>
          </gpxtpx:TrackPointExtension>
        </extensions>
      </trkpt>
      <trkpt lat="34.210024263837404" lon="108.83809326795168">
        <ele>406.769894676283</ele>
        <time>2025-11-14T04:48:57.900000Z</time>
        <extensions>
          <gpxtpx:TrackPointExtension>
            <gpxtpx:hr>111</gpxtpx:hr>
          </gpxtpx:TrackPointExtension>
        </extensions>
      </trkpt>
      <trkpt lat="34.21003107344373" lon="108.83810997347528">
        <ele>406.73034825827926</ele>
        <time>2025-11-14T04:48:58.900000Z</time>
        <extensions>
          <gpxtpx:TrackPointExtension>
            <gpxtpx:hr>111</gpxtpx:hr>
          </gpxtpx:TrackPointExtension>
        </extensions>
      </trkpt>
      <trkpt lat="34.210037747658845" lon="108.83812695675395">
        <ele>406.6878471598029</ele>
        <time>2025-11-14T04:48:59.900000Z</time>
        <extensions>
          <gpxtpx:TrackPointExtension>
            <gpxtpx:hr>111</gpxtpx:hr>
          </gpxtpx:TrackPointExtension>
        </extensions>
      </trkpt>
      <trkpt lat="34.21004423223165" lon="108.83814376739807">
        <ele>406.64317868836224</ele>
        <time>2025-11-14T04:49:00.900000Z</time>
        <extensions>
          <gpxtpx:TrackPointExtension>
            <gpxtpx:hr>111</gpxtpx:hr>
          </gpxtpx:TrackPointExtension>
        </extensions>
      </trkpt>
      <trkpt lat="34.21005047596424" lon="108.83816004098283">
        <ele>406.5970958210528</ele>
        <time>2025-11-14T04:49:01.900000Z</time>
        <extensions>
          <gpxtpx:TrackPointExtension>
            <gpxtpx:hr>111</gpxtpx:hr>
          </gpxtpx:TrackPointExtension>
        </extensions>
      </trkpt>
      <trkpt lat="34.210056394546925" lon="108.83817550065142">
        <ele>406.55025583319366</ele>
        <time>2025-11-14T04:49:02.900000Z</time>
        <extensions>
          <gpxtpx:TrackPointExtension>
            <gpxtpx:hr>111</gpxtpx:hr>
          </gpxtpx:TrackPointExtension>
        </extensions>
      </trkpt>
      <trkpt lat="34.21006188589555" lon="108.83818993520413">
        <ele>406.5031759701669</ele>
        <time>2025-11-14T04:49:03.900000Z</time>
        <extensions>
          <gpxtpx:TrackPointExtension>
            <gpxtpx:hr>111</gpxtpx:hr>
          </gpxtpx:TrackPointExtension>
        </extensions>
      </trkpt>
      <trkpt lat="34.21006684828116" lon="108.83820316413487">
        <ele>406.4562209872529</ele>
        <time>2025-11-14T04:49:04.900000Z</time>
        <extensions>
          <gpxtpx:TrackPointExtension>
            <gpxtpx:hr>111</gpxtpx:hr>
          </gpxtpx:TrackPointExtension>
        </extensions>
      </trkpt>
      <trkpt lat="34.21007118872205" lon="108.8382150017508">
        <ele>406.4095764774829</ele>
        <time>2025-11-14T04:49:05.900000Z</time>
        <extensions>
          <gpxtpx:TrackPointExtension>
            <gpxtpx:hr>111</gpxtpx:hr>
          </gpxtpx:TrackPointExtension>
        </extensions>
      </trkpt>
      <trkpt lat="34.21007504205681" lon="108.83822587620432">
        <ele>406.3597042579204</ele>
        <time>2025-11-14T04:49:07Z</time>
        <extensions>
          <gpxtpx:TrackPointExtension>
            <gpxtpx:hr>111</gpxtpx:hr>
          </gpxtpx:TrackPointExtension>
        </extensions>
      </trkpt>
      <trkpt lat="34.20999699871535" lon="108.8386211989396">
        <ele>410.2604397563264</ele>
        <time>2025-11-14T04:49:43.500000Z</time>
        <extensions>
          <gpxtpx:TrackPointExtension>
            <gpxtpx:hr>112</gpxtpx:hr>
          </gpxtpx:TrackPointExtension>
        </extensions>
      </trkpt>
      <trkpt lat="34.20999368502941" lon="108.83865190231488">
        <ele>410.27327130548656</ele>
        <time>2025-11-14T04:49:50.100000Z</time>
        <extensions>
          <gpxtpx:TrackPointExtension>
            <gpxtpx:hr>112</gpxtpx:hr>
          </gpxtpx:TrackPointExtension>
        </extensions>
      </trkpt>
      <trkpt lat="34.20997950209555" lon="108.83864563275544">
        <ele>410.28890974540263</ele>
        <time>2025-11-14T04:49:56.600000Z</time>
        <extensions>
          <gpxtpx:TrackPointExtension>
            <gpxtpx:hr>108</gpxtpx:hr>
          </gpxtpx:TrackPointExtension>
        </extensions>
      </trkpt>
      <trkpt lat="34.20995602675146" lon="108.83862736245956">
        <ele>410.3070554146543</ele>
        <time>2025-11-14T04:50:03.200000Z</time>
        <extensions>
          <gpxtpx:TrackPointExtension>
            <gpxtpx:hr>102</gpxtpx:hr>
          </gpxtpx:TrackPointExtension>
        </extensions>
      </trkpt>
      <trkpt lat="34.20993202407725" lon="108.83860609767345">
        <ele>410.3274244433269</ele>
        <time>2025-11-14T04:50:11Z</time>
        <extensions>
          <gpxtpx:TrackPointExtension>
            <gpxtpx:hr>97</gpxtpx:hr>
          </gpxtpx:TrackPointExtension>
        </extensions>
      </trkpt>
      <trkpt lat="34.20992734882667" lon="108.83860037936066">
        <ele>410.33496628236026</ele>
        <time>2025-11-14T04:50:14.500000Z</time>
        <extensions>
          <gpxtpx:TrackPointExtension>
            <gpxtpx:hr>97</gpxtpx:hr>
          </gpxtpx:TrackPointExtension>
        </extensions>
      </trkpt>
      <trkpt lat="34.20991597244342" lon="108.83858600862686">
        <ele>410.34742313902825</ele>
        <time>2025-11-14T04:50:21Z</time>
        <extensions>
          <gpxtpx:TrackPointExtension>
            <gpxtpx:hr>100</gpxtpx:hr>
          </gpxtpx:TrackPointExtension>
        </extensions>
      </trkpt>
      <trkpt lat="34.2102335077359" lon="108.83785862965777">
        <ele>452.0650112181902</ele>
        <time>2025-11-14T04:55:23.900000Z</time>
        <extensions>
          <gpxtpx:TrackPointExtension>
            <gpxtpx:hr>107</gpxtpx:hr>
          </gpxtpx:TrackPointExtension>
        </extensions>
      </trkpt>
      <trkpt lat="34.21023763181004" lon="108.83784580258622">
        <ele>451.9156468138099</ele>
        <time>2025-11-14T04:55:24.900000Z</time>
        <extensions>
          <gpxtpx:TrackPointExtension>
            <gpxtpx:hr>107</gpxtpx:hr>
          </gpxtpx:TrackPointExtension>
        </extensions>
      </trkpt>
      <trkpt lat="34.21024202779927" lon="108.83783178356805">
        <ele>451.64599797315896</ele>
        <time>2025-11-14T04:55:25.900000Z</time>
        <extensions>
          <gpxtpx:TrackPointExtension>
            <gpxtpx:hr>107</gpxtpx:hr>
          </gpxtpx:TrackPointExtension>
        </extensions>
      </trkpt>
      <trkpt lat="34.21024625743486" lon="108.83781729131952">
        <ele>451.31651942431927</ele>
        <time>2025-11-14T04:55:26.900000Z</time>
        <extensions>
          <gpxtpx:TrackPointExtension>
            <gpxtpx:hr>107</gpxtpx:hr>
          </gpxtpx:TrackPointExtension>
        </extensions>
      </trkpt>
      <trkpt lat="34.210251395331426" lon="108.83780273638334">
        <ele>450.9420087458566</ele>
        <time>2025-11-14T04:55:27.900000Z</time>
        <extensions>
          <gpxtpx:TrackPointExtension>
            <gpxtpx:hr>107</gpxtpx:hr>
          </gpxtpx:TrackPointExtension>
        </extensions>
      </trkpt>
      <trkpt lat="34.21025728546726" lon="108.83778880311083">
        <ele>450.5792387807742</ele>
        <time>2025-11-14T04:55:28.900000Z</time>
        <extensions>
          <gpxtpx:TrackPointExtension>
            <gpxtpx:hr>107</gpxtpx:hr>
          </gpxtpx:TrackPointExtension>
        </extensions>
      </trkpt>
      <trkpt lat="34.210263274186005" lon="108.83777501236969">
        <ele>450.19560497719795</ele>
        <time>2025-11-14T04:55:29.900000Z</time>
        <extensions>
          <gpxtpx:TrackPointExtension>
            <gpxtpx:hr>107</gpxtpx:hr>
          </gpxtpx:TrackPointExtension>
        </extensions>
      </trkpt>
      <trkpt lat="34.210269272934745" lon="108.83775991763038">
        <ele>449.74936731904745</ele>
        <time>2025-11-14T04:55:30.900000Z</time>
        <extensions>
          <gpxtpx:TrackPointExtension>
            <gpxtpx:hr>107</gpxtpx:hr>
          </gpxtpx:TrackPointExtension>
        </extensions>
      </trkpt>
      <trkpt lat="34.21027476209341" lon="108.83774383536625">
        <ele>449.28581914212555</ele>
        <time>2025-11-14T04:55:31.900000Z</time>
        <extensions>
          <gpxtpx:TrackPointExtension>
            <gpxtpx:hr>107</gpxtpx:hr>
          </gpxtpx:TrackPointExtension>
        </extensions>
      </trkpt>
      <trkpt lat="34.21027921232776" lon="108.8377270315422">
        <ele>448.804656133987</ele>
        <time>2025-11-14T04:55:32.900000Z</time>
        <extensions>
          <gpxtpx:TrackPointExtension>
            <gpxtpx:hr>108</gpxtpx:hr>
          </gpxtpx:TrackPointExtension>
        </extensions>
      </trkpt>
      <trkpt lat="34.21028263634072" lon="108.83770928061273">
        <ele>448.32112306635827</ele>
        <time>2025-11-14T04:55:33.900000Z</time>
        <extensions>
          <gpxtpx:TrackPointExtension>
            <gpxtpx:hr>108</gpxtpx:hr>
          </gpxtpx:TrackPointExtension>
        </extensions>
      </trkpt>
      <trkpt lat="34.21028477260156" lon="108.83769329612403">
        <ele>448.04599561169744</ele>
        <time>2025-11-14T04:55:34.900000Z</time>
        <extensions>
          <gpxtpx:TrackPointExtension>
            <gpxtpx:hr>108</gpxtpx:hr>
          </gpxtpx:TrackPointExtension>
        </extensions>
      </trkpt>
      <trkpt lat="34.21028562788526" lon="108.83767687797334">
        <ele>436.00996127538383</ele>
        <time>2025-11-14T04:55:35.900000Z</time>
        <extensions>
          <gpxtpx:TrackPointExtension>
            <gpxtpx:hr>108</gpxtpx:hr>
          </gpxtpx:TrackPointExtension>
        </extensions>
      </trkpt>
      <trkpt lat="34.21028532016803" lon="108.8376606976814">
        <ele>433.0844149533659</ele>
        <time>2025-11-14T04:55:36.900000Z</time>
        <extensions>
          <gpxtpx:TrackPointExtension>
            <gpxtpx:hr>108</gpxtpx:hr>
          </gpxtpx:TrackPointExtension>
        </extensions>
      </trkpt>
      <trkpt lat="34.21028336085078" lon="108.83763970117923">
        <ele>431.37946763355285</ele>
        <time>2025-11-14T04:55:37.900000Z</time>
        <extensions>
          <gpxtpx:TrackPointExtension>
            <gpxtpx:hr>108</gpxtpx:hr>
          </gpxtpx:TrackPointExtension>
        </extensions>
      </trkpt>
      <trkpt lat="34.210281964164025" lon="108.83762020288276">
        <ele>429.6967313038185</ele>
        <time>2025-11-14T04:55:38.900000Z</time>
        <extensions>
          <gpxtpx:TrackPointExtension>
            <gpxtpx:hr>108</gpxtpx:hr>
          </gpxtpx:TrackPointExtension>
        </extensions>
      </trkpt>
      <trkpt lat="34.21028082220068" lon="108.83760108398076">
        <ele>428.02522069588304</ele>
        <time>2025-11-14T04:55:39.900000Z</time>
        <extensions>
          <gpxtpx:TrackPointExtension>
            <gpxtpx:hr>108</gpxtpx:hr>
          </gpxtpx:TrackPointExtension>
        </extensions>
      </trkpt>
      <trkpt lat="34.21027956145551" lon="108.83758218492058">
        <ele>426.3761504171416</ele>
        <time>2025-11-14T04:55:40.900000Z</time>
        <extensions>
          <gpxtpx:TrackPointExtension>
            <gpxtpx:hr>108</gpxtpx:hr>
          </gpxtpx:TrackPointExtension>
        </extensions>
      </trkpt>
      <trkpt lat="34.210277877422584" lon="108.83756315989095">
        <ele>424.74871552642435</ele>
        <time>2025-11-14T04:55:41.900000Z</time>
        <extensions>
          <gpxtpx:TrackPointExtension>
            <gpxtpx:hr>108</gpxtpx:hr>
          </gpxtpx:TrackPointExtension>
        </extensions>
      </trkpt>
      <trkpt lat="34.210275720583816" lon="108.83754315220207">
        <ele>423.1411090968177</ele>
        <time>2025-11-14T04:55:42.900000Z</time>
        <extensions>
          <gpxtpx:TrackPointExtension>
            <gpxtpx:hr>108</gpxtpx:hr>
          </gpxtpx:TrackPointExtension>
        </extensions>
      </trkpt>
      <trkpt lat="34.21027087401837" lon="108.83749882830543">
        <ele>420.0726058455184</ele>
        <time>2025-11-14T04:55:44.900000Z</time>
        <extensions>
          <gpxtpx:TrackPointExtension>
            <gpxtpx:hr>107</gpxtpx:hr>
          </gpxtpx:TrackPointExtension>
        </extensions>
      </trkpt>
      <trkpt lat="34.21025977565441" lon="108.83743714722027">
        <ele>416.2316377023235</ele>
        <time>2025-11-14T04:55:47.800000Z</time>
        <extensions>
          <gpxtpx:TrackPointExtension>
            <gpxtpx:hr>107</gpxtpx:hr>
          </gpxtpx:TrackPointExtension>
        </extensions>
      </trkpt>
      <trkpt lat="34.21025509003512" lon="108.8374159813979">
        <ele>415.222550063394</ele>
        <time>2025-11-14T04:55:48.800000Z</time>
        <extensions>
          <gpxtpx:TrackPointExtension>
            <gpxtpx:hr>107</gpxtpx:hr>
          </gpxtpx:TrackPointExtension>
        </extensions>
      </trkpt>
      <trkpt lat="34.21025249842445" lon="108.8373940207413">
        <ele>414.3330431897193</ele>
        <time>2025-11-14T04:55:49.800000Z</time>
        <extensions>
          <gpxtpx:TrackPointExtension>
            <gpxtpx:hr>107</gpxtpx:hr>
          </gpxtpx:TrackPointExtension>
        </extensions>
      </trkpt>
      <trkpt lat="34.21025232669228" lon="108.83739099456892">
        <ele>414.32438083551824</ele>
        <time>2025-11-14T04:55:49.900000Z</time>
        <extensions>
          <gpxtpx:TrackPointExtension>
            <gpxtpx:hr>107</gpxtpx:hr>
          </gpxtpx:TrackPointExtension>
        </extensions>
      </trkpt>
      <trkpt lat="34.21025241772288" lon="108.83737059634153">
        <ele>413.55465901549906</ele>
        <time>2025-11-14T04:55:50.900000Z</time>
        <extensions>
          <gpxtpx:TrackPointExtension>
            <gpxtpx:hr>107</gpxtpx:hr>
          </gpxtpx:TrackPointExtension>
        </extensions>
      </trkpt>
      <trkpt lat="34.21025415720198" lon="108.83735123274676">
        <ele>412.87233282998204</ele>
        <time>2025-11-14T04:55:51.900000Z</time>
        <extensions>
          <gpxtpx:TrackPointExtension>
            <gpxtpx:hr>107</gpxtpx:hr>
          </gpxtpx:TrackPointExtension>
        </extensions>
      </trkpt>
      <trkpt lat="34.21025693319965" lon="108.8373325068932">
        <ele>412.2612103521824</ele>
        <time>2025-11-14T04:55:52.900000Z</time>
        <extensions>
          <gpxtpx:TrackPointExtension>
            <gpxtpx:hr>107</gpxtpx:hr>
          </gpxtpx:TrackPointExtension>
        </extensions>
      </trkpt>
      <trkpt lat="34.210260600860614" lon="108.83731407177824">
        <ele>411.7289542956278</ele>
        <time>2025-11-14T04:55:53.900000Z</time>
        <extensions>
          <gpxtpx:TrackPointExtension>
            <gpxtpx:hr>107</gpxtpx:hr>
          </gpxtpx:TrackPointExtension>
        </extensions>
      </trkpt>
      <trkpt lat="34.21026501488448" lon="108.83729654925718">
        <ele>411.2473841998726</ele>
        <time>2025-11-14T04:55:54.900000Z</time>
        <extensions>
          <gpxtpx:TrackPointExtension>
            <gpxtpx:hr>108</gpxtpx:hr>
          </gpxtpx:TrackPointExtension>
        </extensions>
      </trkpt>
      <trkpt lat="34.21026970812125" lon="108.83728000931549">
        <ele>410.80648309737444</ele>
        <time>2025-11-14T04:55:55.900000Z</time>
        <extensions>
          <gpxtpx:TrackPointExtension>
            <gpxtpx:hr>108</gpxtpx:hr>
          </gpxtpx:TrackPointExtension>
        </extensions>
      </trkpt>
      <trkpt lat="34.21027451230456" lon="108.8372642154339">
        <ele>410.4105774005875</ele>
        <time>2025-11-14T04:55:56.900000Z</time>
        <extensions>
          <gpxtpx:TrackPointExtension>
            <gpxtpx:hr>108</gpxtpx:hr>
          </gpxtpx:TrackPointExtension>
        </extensions>
      </trkpt>
      <trkpt lat="34.210279089035325" lon="108.83724955100062">
        <ele>410.0638018529862</ele>
        <time>2025-11-14T04:55:57.900000Z</time>
        <extensions>
          <gpxtpx:TrackPointExtension>
            <gpxtpx:hr>108</gpxtpx:hr>
          </gpxtpx:TrackPointExtension>
        </extensions>
      </trkpt>
      <trkpt lat="34.21028323556" lon="108.8372363499851">
        <ele>409.7848188569769</ele>
        <time>2025-11-14T04:55:58.900000Z</time>
        <extensions>
          <gpxtpx:TrackPointExtension>
            <gpxtpx:hr>108</gpxtpx:hr>
          </gpxtpx:TrackPointExtension>
        </extensions>
      </trkpt>
      <trkpt lat="34.21028730424738" lon="108.837224104917">
        <ele>409.54911922104657</ele>
        <time>2025-11-14T04:55:59.900000Z</time>
        <extensions>
          <gpxtpx:TrackPointExtension>
            <gpxtpx:hr>108</gpxtpx:hr>
          </gpxtpx:TrackPointExtension>
        </extensions>
      </trkpt>
      <trkpt lat="34.21029135896706" lon="108.83721176896942">
        <ele>409.351196100004</ele>
        <time>2025-11-14T04:56:00.900000Z</time>
        <extensions>
          <gpxtpx:TrackPointExtension>
            <gpxtpx:hr>108</gpxtpx:hr>
          </gpxtpx:TrackPointExtension>
        </extensions>
      </trkpt>
      <trkpt lat="34.210295146308454" lon="108.83719964734">
        <ele>409.18272458203137</ele>
        <time>2025-11-14T04:56:01.900000Z</time>
        <extensions>
          <gpxtpx:TrackPointExtension>
            <gpxtpx:hr>108</gpxtpx:hr>
          </gpxtpx:TrackPointExtension>
        </extensions>
      </trkpt>
      <trkpt lat="34.21029897468094" lon="108.83718778309434">
        <ele>409.03398944530636</ele>
        <time>2025-11-14T04:56:02.900000Z</time>
        <extensions>
          <gpxtpx:TrackPointExtension>
            <gpxtpx:hr>108</gpxtpx:hr>
          </gpxtpx:TrackPointExtension>
        </extensions>
      </trkpt>
      <trkpt lat="34.2103032746874" lon="108.83717576851761">
        <ele>408.89454939123243</ele>
        <time>2025-11-14T04:56:03.900000Z</time>
        <extensions>
          <gpxtpx:TrackPointExtension>
            <gpxtpx:hr>107</gpxtpx:hr>
          </gpxtpx:TrackPointExtension>
        </extensions>
      </trkpt>
      <trkpt lat="34.210307919733374" lon="108.83716433026036">
        <ele>408.77405016776174</ele>
        <time>2025-11-14T04:56:04.900000Z</time>
        <extensions>
          <gpxtpx:TrackPointExtension>
            <gpxtpx:hr>107</gpxtpx:hr>
          </gpxtpx:TrackPointExtension>
        </extensions>
      </trkpt>
      <trkpt lat="34.210313420887694" lon="108.83715520469255">
        <ele>408.67587592825294</ele>
        <time>2025-11-14T04:56:05.900000Z</time>
        <extensions>
          <gpxtpx:TrackPointExtension>
            <gpxtpx:hr>107</gpxtpx:hr>
          </gpxtpx:TrackPointExtension>
        </extensions>
      </trkpt>
      <trkpt lat="34.21032032622933" lon="108.83714907497713">
        <ele>408.607366331853</ele>
        <time>2025-11-14T04:56:06.900000Z</time>
        <extensions>
          <gpxtpx:TrackPointExtension>
            <gpxtpx:hr>107</gpxtpx:hr>
          </gpxtpx:TrackPointExtension>
        </extensions>
      </trkpt>
      <trkpt lat="34.21032827048031" lon="108.83714511721531">
        <ele>408.53783055301756</ele>
        <time>2025-11-14T04:56:07.900000Z</time>
        <extensions>
          <gpxtpx:TrackPointExtension>
            <gpxtpx:hr>107</gpxtpx:hr>
          </gpxtpx:TrackPointExtension>
        </extensions>
      </trkpt>
      <trkpt lat="34.210336930922224" lon="108.83714233646667">
        <ele>408.4600059092045</ele>
        <time>2025-11-14T04:56:08.900000Z</time>
        <extensions>
          <gpxtpx:TrackPointExtension>
            <gpxtpx:hr>107</gpxtpx:hr>
          </gpxtpx:TrackPointExtension>
        </extensions>
      </trkpt>
      <trkpt lat="34.21034624137345" lon="108.83714037110713">
        <ele>408.38383581861854</ele>
        <time>2025-11-14T04:56:09.900000Z</time>
        <extensions>
          <gpxtpx:TrackPointExtension>
            <gpxtpx:hr>106</gpxtpx:hr>
          </gpxtpx:TrackPointExtension>
        </extensions>
      </trkpt>
      <trkpt lat="34.210356105005985" lon="108.83713910468278">
        <ele>408.3262902786955</ele>
        <time>2025-11-14T04:56:10.900000Z</time>
        <extensions>
          <gpxtpx:TrackPointExtension>
            <gpxtpx:hr>106</gpxtpx:hr>
          </gpxtpx:TrackPointExtension>
        </extensions>
      </trkpt>
      <trkpt lat="34.21036602275805" lon="108.83713852262171">
        <ele>408.26872598938644</ele>
        <time>2025-11-14T04:56:11.900000Z</time>
        <extensions>
          <gpxtpx:TrackPointExtension>
            <gpxtpx:hr>106</gpxtpx:hr>
          </gpxtpx:TrackPointExtension>
        </extensions>
      </trkpt>
      <trkpt lat="34.21037635359883" lon="108.83713799348307">
        <ele>408.22593437321484</ele>
        <time>2025-11-14T04:56:12.900000Z</time>
        <extensions>
          <gpxtpx:TrackPointExtension>
            <gpxtpx:hr>106</gpxtpx:hr>
          </gpxtpx:TrackPointExtension>
        </extensions>
      </trkpt>
      <trkpt lat="34.21038760390547" lon="108.83713747713077">
        <ele>408.1897710878402</ele>
        <time>2025-11-14T04:56:13.900000Z</time>
        <extensions>
          <gpxtpx:TrackPointExtension>
            <gpxtpx:hr>106</gpxtpx:hr>
          </gpxtpx:TrackPointExtension>
        </extensions>
      </trkpt>
      <trkpt lat="34.21039932598458" lon="108.83713717285335">
        <ele>408.1674692509696</ele>
        <time>2025-11-14T04:56:14.900000Z</time>
        <extensions>
          <gpxtpx:TrackPointExtension>
            <gpxtpx:hr>106</gpxtpx:hr>
          </gpxtpx:TrackPointExtension>
        </extensions>
      </trkpt>
      <trkpt lat="34.21041071479896" lon="108.83713697277713">
        <ele>408.15907337889075</ele>
        <time>2025-11-14T04:56:15.900000Z</time>
        <extensions>
          <gpxtpx:TrackPointExtension>
            <gpxtpx:hr>106</gpxtpx:hr>
          </gpxtpx:TrackPointExtension>
        </extensions>
      </trkpt>
      <trkpt lat="34.21042243385487" lon="108.83713664845914">
        <ele>408.16469295322895</ele>
        <time>2025-11-14T04:56:16.900000Z</time>
        <extensions>
          <gpxtpx:TrackPointExtension>
            <gpxtpx:hr>106</gpxtpx:hr>
          </gpxtpx:TrackPointExtension>
        </extensions>
      </trkpt>
      <trkpt lat="34.210434281206425" lon="108.83713649055923">
        <ele>408.15680189430714</ele>
        <time>2025-11-14T04:56:17.900000Z</time>
        <extensions>
          <gpxtpx:TrackPointExtension>
            <gpxtpx:hr>106</gpxtpx:hr>
          </gpxtpx:TrackPointExtension>
        </extensions>
      </trkpt>
      <trkpt lat="34.21044618418737" lon="108.8371367377872">
        <ele>408.2133674081415</ele>
        <time>2025-11-14T04:56:18.900000Z</time>
        <extensions>
          <gpxtpx:TrackPointExtension>
            <gpxtpx:hr>105</gpxtpx:hr>
          </gpxtpx:TrackPointExtension>
        </extensions>
      </trkpt>
      <trkpt lat="34.21045879745889" lon="108.83713670356545">
        <ele>408.28037435375154</ele>
        <time>2025-11-14T04:56:19.900000Z</time>
        <extensions>
          <gpxtpx:TrackPointExtension>
            <gpxtpx:hr>105</gpxtpx:hr>
          </gpxtpx:TrackPointExtension>
        </extensions>
      </trkpt>
      <trkpt lat="34.21047209897799" lon="108.83713605731022">
        <ele>408.3426883034408</ele>
        <time>2025-11-14T04:56:20.900000Z</time>
        <extensions>
          <gpxtpx:TrackPointExtension>
            <gpxtpx:hr>105</gpxtpx:hr>
          </gpxtpx:TrackPointExtension>
        </extensions>
      </trkpt>
      <trkpt lat="34.21048544707957" lon="108.83713463973882">
        <ele>408.40681364852935</ele>
        <time>2025-11-14T04:56:21.900000Z</time>
        <extensions>
          <gpxtpx:TrackPointExtension>
            <gpxtpx:hr>105</gpxtpx:hr>
          </gpxtpx:TrackPointExtension>
        </extensions>
      </trkpt>
      <trkpt lat="34.21049856935383" lon="108.83713239283199">
        <ele>408.48148421384394</ele>
        <time>2025-11-14T04:56:22.900000Z</time>
        <extensions>
          <gpxtpx:TrackPointExtension>
            <gpxtpx:hr>105</gpxtpx:hr>
          </gpxtpx:TrackPointExtension>
        </extensions>
      </trkpt>
      <trkpt lat="34.21051144933295" lon="108.83713002589583">
        <ele>408.5766258286312</ele>
        <time>2025-11-14T04:56:23.900000Z</time>
        <extensions>
          <gpxtpx:TrackPointExtension>
            <gpxtpx:hr>106</gpxtpx:hr>
          </gpxtpx:TrackPointExtension>
        </extensions>
      </trkpt>
      <trkpt lat="34.21052426061832" lon="108.83712777845365">
        <ele>408.66632132884115</ele>
        <time>2025-11-14T04:56:24.900000Z</time>
        <extensions>
          <gpxtpx:TrackPointExtension>
            <gpxtpx:hr>106</gpxtpx:hr>
          </gpxtpx:TrackPointExtension>
        </extensions>
      </trkpt>
      <trkpt lat="34.210537287772674" lon="108.83712528486257">
        <ele>408.7573687424883</ele>
        <time>2025-11-14T04:56:25.900000Z</time>
        <extensions>
          <gpxtpx:TrackPointExtension>
            <gpxtpx:hr>106</gpxtpx:hr>
          </gpxtpx:TrackPointExtension>
        </extensions>
      </trkpt>
      <trkpt lat="34.2105503540463" lon="108.83712276924994">
        <ele>408.8574240207672</ele>
        <time>2025-11-14T04:56:26.900000Z</time>
        <extensions>
          <gpxtpx:TrackPointExtension>
            <gpxtpx:hr>106</gpxtpx:hr>
          </gpxtpx:TrackPointExtension>
        </extensions>
      </trkpt>
      <trkpt lat="34.21056345201959" lon="108.83712017072399">
        <ele>408.9602680057287</ele>
        <time>2025-11-14T04:56:27.900000Z</time>
        <extensions>
          <gpxtpx:TrackPointExtension>
            <gpxtpx:hr>106</gpxtpx:hr>
          </gpxtpx:TrackPointExtension>
        </extensions>
      </trkpt>
      <trkpt lat="34.21057738422171" lon="108.83711734048002">
        <ele>409.0645655617118</ele>
        <time>2025-11-14T04:56:28.900000Z</time>
        <extensions>
          <gpxtpx:TrackPointExtension>
            <gpxtpx:hr>106</gpxtpx:hr>
          </gpxtpx:TrackPointExtension>
        </extensions>
      </trkpt>
      <trkpt lat="34.21059142788713" lon="108.8371153550093">
        <ele>409.16324438061565</ele>
        <time>2025-11-14T04:56:29.900000Z</time>
        <extensions>
          <gpxtpx:TrackPointExtension>
            <gpxtpx:hr>106</gpxtpx:hr>
          </gpxtpx:TrackPointExtension>
        </extensions>
      </trkpt>
      <trkpt lat="34.210604953351435" lon="108.83711436582709">
        <ele>409.2771879546344</ele>
        <time>2025-11-14T04:56:30.900000Z</time>
        <extensions>
          <gpxtpx:TrackPointExtension>
            <gpxtpx:hr>107</gpxtpx:hr>
          </gpxtpx:TrackPointExtension>
        </extensions>
      </trkpt>
      <trkpt lat="34.210618621050514" lon="108.83711321827876">
        <ele>409.39429927337915</ele>
        <time>2025-11-14T04:56:31.900000Z</time>
        <extensions>
          <gpxtpx:TrackPointExtension>
            <gpxtpx:hr>107</gpxtpx:hr>
          </gpxtpx:TrackPointExtension>
        </extensions>
      </trkpt>
      <trkpt lat="34.21063153614213" lon="108.83711132431185">
        <ele>409.5027086138725</ele>
        <time>2025-11-14T04:56:32.900000Z</time>
        <extensions>
          <gpxtpx:TrackPointExtension>
            <gpxtpx:hr>107</gpxtpx:hr>
          </gpxtpx:TrackPointExtension>
        </extensions>
      </trkpt>
      <trkpt lat="34.210643054701464" lon="108.83710901994921">
        <ele>409.60905012395233</ele>
        <time>2025-11-14T04:56:33.900000Z</time>
        <extensions>
          <gpxtpx:TrackPointExtension>
            <gpxtpx:hr>107</gpxtpx:hr>
          </gpxtpx:TrackPointExtension>
        </extensions>
      </trkpt>
      <trkpt lat="34.210654148224556" lon="108.83710650065922">
        <ele>409.7138156555593</ele>
        <time>2025-11-14T04:56:34.900000Z</time>
        <extensions>
          <gpxtpx:TrackPointExtension>
            <gpxtpx:hr>107</gpxtpx:hr>
          </gpxtpx:TrackPointExtension>
        </extensions>
      </trkpt>
      <trkpt lat="34.210666103244435" lon="108.83710315116059">
        <ele>409.8054069802165</ele>
        <time>2025-11-14T04:56:35.900000Z</time>
        <extensions>
          <gpxtpx:TrackPointExtension>
            <gpxtpx:hr>107</gpxtpx:hr>
          </gpxtpx:TrackPointExtension>
        </extensions>
      </trkpt>
      <trkpt lat="34.21067860058478" lon="108.83709918517005">
        <ele>409.8908042050898</ele>
        <time>2025-11-14T04:56:36.900000Z</time>
        <extensions>
          <gpxtpx:TrackPointExtension>
            <gpxtpx:hr>107</gpxtpx:hr>
          </gpxtpx:TrackPointExtension>
        </extensions>
      </trkpt>
      <trkpt lat="34.21069089900765" lon="108.83709509144596">
        <ele>409.94961511623114</ele>
        <time>2025-11-14T04:56:37.900000Z</time>
        <extensions>
          <gpxtpx:TrackPointExtension>
            <gpxtpx:hr>107</gpxtpx:hr>
          </gpxtpx:TrackPointExtension>
        </extensions>
      </trkpt>
      <trkpt lat="34.210702720296396" lon="108.83709006400925">
        <ele>409.98763825092465</ele>
        <time>2025-11-14T04:56:38.900000Z</time>
        <extensions>
          <gpxtpx:TrackPointExtension>
            <gpxtpx:hr>107</gpxtpx:hr>
          </gpxtpx:TrackPointExtension>
        </extensions>
      </trkpt>
      <trkpt lat="34.21071383230155" lon="108.8370832691439">
        <ele>410.00804824661463</ele>
        <time>2025-11-14T04:56:39.900000Z</time>
        <extensions>
          <gpxtpx:TrackPointExtension>
            <gpxtpx:hr>107</gpxtpx:hr>
          </gpxtpx:TrackPointExtension>
        </extensions>
      </trkpt>
      <trkpt lat="34.21072368294266" lon="108.83707556455809">
        <ele>410.03405958227813</ele>
        <time>2025-11-14T04:56:40.900000Z</time>
        <extensions>
          <gpxtpx:TrackPointExtension>
            <gpxtpx:hr>107</gpxtpx:hr>
          </gpxtpx:TrackPointExtension>
        </extensions>
      </trkpt>
      <trkpt lat="34.21073299155351" lon="108.8370683465112">
        <ele>410.0570129491389</ele>
        <time>2025-11-14T04:56:41.900000Z</time>
        <extensions>
          <gpxtpx:TrackPointExtension>
            <gpxtpx:hr>107</gpxtpx:hr>
          </gpxtpx:TrackPointExtension>
        </extensions>
      </trkpt>
      <trkpt lat="34.21074276550734" lon="108.83706195299145">
        <ele>410.07300768699497</ele>
        <time>2025-11-14T04:56:42.900000Z</time>
        <extensions>
          <gpxtpx:TrackPointExtension>
            <gpxtpx:hr>107</gpxtpx:hr>
          </gpxtpx:TrackPointExtension>
        </extensions>
      </trkpt>
      <trkpt lat="34.2107532275387" lon="108.83705581158584">
        <ele>410.0602540951222</ele>
        <time>2025-11-14T04:56:43.900000Z</time>
        <extensions>
          <gpxtpx:TrackPointExtension>
            <gpxtpx:hr>107</gpxtpx:hr>
          </gpxtpx:TrackPointExtension>
        </extensions>
      </trkpt>
      <trkpt lat="34.21076452292997" lon="108.8370495843782">
        <ele>410.03176284208894</ele>
        <time>2025-11-14T04:56:44.900000Z</time>
        <extensions>
          <gpxtpx:TrackPointExtension>
            <gpxtpx:hr>108</gpxtpx:hr>
          </gpxtpx:TrackPointExtension>
        </extensions>
      </trkpt>
      <trkpt lat="34.210775594098656" lon="108.83704399541173">
        <ele>409.99251910019666</ele>
        <time>2025-11-14T04:56:45.900000Z</time>
        <extensions>
          <gpxtpx:TrackPointExtension>
            <gpxtpx:hr>108</gpxtpx:hr>
          </gpxtpx:TrackPointExtension>
        </extensions>
      </trkpt>
      <trkpt lat="34.21078669503941" lon="108.83703897800343">
        <ele>409.93117788620293</ele>
        <time>2025-11-14T04:56:46.900000Z</time>
        <extensions>
          <gpxtpx:TrackPointExtension>
            <gpxtpx:hr>108</gpxtpx:hr>
          </gpxtpx:TrackPointExtension>
        </extensions>
      </trkpt>
      <trkpt lat="34.21079880850535" lon="108.83703384134651">
        <ele>409.86699772812426</ele>
        <time>2025-11-14T04:56:47.900000Z</time>
        <extensions>
          <gpxtpx:TrackPointExtension>
            <gpxtpx:hr>108</gpxtpx:hr>
          </gpxtpx:TrackPointExtension>
        </extensions>
      </trkpt>
      <trkpt lat="34.21081079069913" lon="108.83702921629207">
        <ele>409.7929650666192</ele>
        <time>2025-11-14T04:56:48.900000Z</time>
        <extensions>
          <gpxtpx:TrackPointExtension>
            <gpxtpx:hr>108</gpxtpx:hr>
          </gpxtpx:TrackPointExtension>
        </extensions>
      </trkpt>
      <trkpt lat="34.21082233743512" lon="108.83702502516417">
        <ele>409.7149194125086</ele>
        <time>2025-11-14T04:56:49.900000Z</time>
        <extensions>
          <gpxtpx:TrackPointExtension>
            <gpxtpx:hr>108</gpxtpx:hr>
          </gpxtpx:TrackPointExtension>
        </extensions>
      </trkpt>
      <trkpt lat="34.21083359431817" lon="108.83702079891887">
        <ele>409.6248509734869</ele>
        <time>2025-11-14T04:56:50.900000Z</time>
        <extensions>
          <gpxtpx:TrackPointExtension>
            <gpxtpx:hr>108</gpxtpx:hr>
          </gpxtpx:TrackPointExtension>
        </extensions>
      </trkpt>
      <trkpt lat="34.21084410962573" lon="108.83701674327713">
        <ele>409.5164258405566</ele>
        <time>2025-11-14T04:56:51.900000Z</time>
        <extensions>
          <gpxtpx:TrackPointExtension>
            <gpxtpx:hr>108</gpxtpx:hr>
          </gpxtpx:TrackPointExtension>
        </extensions>
      </trkpt>
      <trkpt lat="34.21085431105573" lon="108.83701311942679">
        <ele>409.40102894883603</ele>
        <time>2025-11-14T04:56:52.900000Z</time>
        <extensions>
          <gpxtpx:TrackPointExtension>
            <gpxtpx:hr>108</gpxtpx:hr>
          </gpxtpx:TrackPointExtension>
        </extensions>
      </trkpt>
      <trkpt lat="34.210864964115" lon="108.83700988560328">
        <ele>409.2752082310617</ele>
        <time>2025-11-14T04:56:53.900000Z</time>
        <extensions>
          <gpxtpx:TrackPointExtension>
            <gpxtpx:hr>108</gpxtpx:hr>
          </gpxtpx:TrackPointExtension>
        </extensions>
      </trkpt>
      <trkpt lat="34.210876442830354" lon="108.83700725444612">
        <ele>409.1449788128957</ele>
        <time>2025-11-14T04:56:54.900000Z</time>
        <extensions>
          <gpxtpx:TrackPointExtension>
            <gpxtpx:hr>108</gpxtpx:hr>
          </gpxtpx:TrackPointExtension>
        </extensions>
      </trkpt>
      <trkpt lat="34.21088865280271" lon="108.83700543322418">
        <ele>409.00570976920426</ele>
        <time>2025-11-14T04:56:55.900000Z</time>
        <extensions>
          <gpxtpx:TrackPointExtension>
            <gpxtpx:hr>108</gpxtpx:hr>
          </gpxtpx:TrackPointExtension>
        </extensions>
      </trkpt>
      <trkpt lat="34.210901237609" lon="108.83700420688794">
        <ele>408.8720447430387</ele>
        <time>2025-11-14T04:56:56.900000Z</time>
        <extensions>
          <gpxtpx:TrackPointExtension>
            <gpxtpx:hr>108</gpxtpx:hr>
          </gpxtpx:TrackPointExtension>
        </extensions>
      </trkpt>
      <trkpt lat="34.210913933046626" lon="108.83700319333082">
        <ele>408.73558417893946</ele>
        <time>2025-11-14T04:56:57.900000Z</time>
        <extensions>
          <gpxtpx:TrackPointExtension>
            <gpxtpx:hr>108</gpxtpx:hr>
          </gpxtpx:TrackPointExtension>
        </extensions>
      </trkpt>
      <trkpt lat="34.21092706921774" lon="108.83700211910556">
        <ele>408.6053534280509</ele>
        <time>2025-11-14T04:56:58.900000Z</time>
        <extensions>
          <gpxtpx:TrackPointExtension>
            <gpxtpx:hr>106</gpxtpx:hr>
          </gpxtpx:TrackPointExtension>
        </extensions>
      </trkpt>
      <trkpt lat="34.210939529561514" lon="108.83700127487165">
        <ele>408.47763903439045</ele>
        <time>2025-11-14T04:56:59.900000Z</time>
        <extensions>
          <gpxtpx:TrackPointExtension>
            <gpxtpx:hr>106</gpxtpx:hr>
          </gpxtpx:TrackPointExtension>
        </extensions>
      </trkpt>
      <trkpt lat="34.21095179445898" lon="108.83700118371819">
        <ele>408.3497131559998</ele>
        <time>2025-11-14T04:57:00.900000Z</time>
        <extensions>
          <gpxtpx:TrackPointExtension>
            <gpxtpx:hr>106</gpxtpx:hr>
          </gpxtpx:TrackPointExtension>
        </extensions>
      </trkpt>
      <trkpt lat="34.21096490378424" lon="108.83700187481679">
        <ele>408.21592937689275</ele>
        <time>2025-11-14T04:57:01.900000Z</time>
        <extensions>
          <gpxtpx:TrackPointExtension>
            <gpxtpx:hr>106</gpxtpx:hr>
          </gpxtpx:TrackPointExtension>
        </extensions>
      </trkpt>
      <trkpt lat="34.21097786420481" lon="108.83700304121199">
        <ele>408.0916686533019</ele>
        <time>2025-11-14T04:57:02.900000Z</time>
        <extensions>
          <gpxtpx:TrackPointExtension>
            <gpxtpx:hr>100</gpxtpx:hr>
          </gpxtpx:TrackPointExtension>
        </extensions>
      </trkpt>
      <trkpt lat="34.21099054739742" lon="108.83700410104132">
        <ele>407.97973194438964</ele>
        <time>2025-11-14T04:57:03.900000Z</time>
        <extensions>
          <gpxtpx:TrackPointExtension>
            <gpxtpx:hr>100</gpxtpx:hr>
          </gpxtpx:TrackPointExtension>
        </extensions>
      </trkpt>
      <trkpt lat="34.2110030259635" lon="108.83700493104003">
        <ele>407.87270237039775</ele>
        <time>2025-11-14T04:57:04.900000Z</time>
        <extensions>
          <gpxtpx:TrackPointExtension>
            <gpxtpx:hr>100</gpxtpx:hr>
          </gpxtpx:TrackPointExtension>
        </extensions>
      </trkpt>
      <trkpt lat="34.21101498480084" lon="108.83700578484749">
        <ele>407.75712107215077</ele>
        <time>2025-11-14T04:57:05.900000Z</time>
        <extensions>
          <gpxtpx:TrackPointExtension>
            <gpxtpx:hr>100</gpxtpx:hr>
          </gpxtpx:TrackPointExtension>
        </extensions>
      </trkpt>
      <trkpt lat="34.21102687736164" lon="108.83700649284799">
        <ele>407.6624178541824</ele>
        <time>2025-11-14T04:57:06.900000Z</time>
        <extensions>
          <gpxtpx:TrackPointExtension>
            <gpxtpx:hr>100</gpxtpx:hr>
          </gpxtpx:TrackPointExtension>
        </extensions>
      </trkpt>
      <trkpt lat="34.211039164203" lon="108.8370066271794">
        <ele>407.5678477110341</ele>
        <time>2025-11-14T04:57:07.900000Z</time>
        <extensions>
          <gpxtpx:TrackPointExtension>
            <gpxtpx:hr>100</gpxtpx:hr>
          </gpxtpx:TrackPointExtension>
        </extensions>
      </trkpt>
      <trkpt lat="34.21105170013222" lon="108.83700649315816">
        <ele>407.47618805617094</ele>
        <time>2025-11-14T04:57:08.900000Z</time>
        <extensions>
          <gpxtpx:TrackPointExtension>
            <gpxtpx:hr>100</gpxtpx:hr>
          </gpxtpx:TrackPointExtension>
        </extensions>
      </trkpt>
      <trkpt lat="34.21106460249626" lon="108.83700682518472">
        <ele>407.3928449433297</ele>
        <time>2025-11-14T04:57:09.900000Z</time>
        <extensions>
          <gpxtpx:TrackPointExtension>
            <gpxtpx:hr>100</gpxtpx:hr>
          </gpxtpx:TrackPointExtension>
        </extensions>
      </trkpt>
      <trkpt lat="34.21107783410758" lon="108.83700786072221">
        <ele>407.3274633139372</ele>
        <time>2025-11-14T04:57:10.900000Z</time>
        <extensions>
          <gpxtpx:TrackPointExtension>
            <gpxtpx:hr>100</gpxtpx:hr>
          </gpxtpx:TrackPointExtension>
        </extensions>
      </trkpt>
      <trkpt lat="34.211091516446004" lon="108.83700906251283">
        <ele>407.2745207697153</ele>
        <time>2025-11-14T04:57:11.900000Z</time>
        <extensions>
          <gpxtpx:TrackPointExtension>
            <gpxtpx:hr>98</gpxtpx:hr>
          </gpxtpx:TrackPointExtension>
        </extensions>
      </trkpt>
      <trkpt lat="34.2111055065733" lon="108.83700964519893">
        <ele>407.25350463204086</ele>
        <time>2025-11-14T04:57:12.900000Z</time>
        <extensions>
          <gpxtpx:TrackPointExtension>
            <gpxtpx:hr>98</gpxtpx:hr>
          </gpxtpx:TrackPointExtension>
        </extensions>
      </trkpt>
      <trkpt lat="34.21111926063235" lon="108.83700954346317">
        <ele>407.2221245588735</ele>
        <time>2025-11-14T04:57:13.900000Z</time>
        <extensions>
          <gpxtpx:TrackPointExtension>
            <gpxtpx:hr>98</gpxtpx:hr>
          </gpxtpx:TrackPointExtension>
        </extensions>
      </trkpt>
      <trkpt lat="34.21113249233429" lon="108.83700929296069">
        <ele>407.2073751902208</ele>
        <time>2025-11-14T04:57:14.900000Z</time>
        <extensions>
          <gpxtpx:TrackPointExtension>
            <gpxtpx:hr>98</gpxtpx:hr>
          </gpxtpx:TrackPointExtension>
        </extensions>
      </trkpt>
      <trkpt lat="34.211145736730884" lon="108.83700921014484">
        <ele>407.1917913435027</ele>
        <time>2025-11-14T04:57:15.900000Z</time>
        <extensions>
          <gpxtpx:TrackPointExtension>
            <gpxtpx:hr>98</gpxtpx:hr>
          </gpxtpx:TrackPointExtension>
        </extensions>
      </trkpt>
      <trkpt lat="34.21115901991444" lon="108.83700929797864">
        <ele>407.1851036278531</ele>
        <time>2025-11-14T04:57:16.900000Z</time>
        <extensions>
          <gpxtpx:TrackPointExtension>
            <gpxtpx:hr>98</gpxtpx:hr>
          </gpxtpx:TrackPointExtension>
        </extensions>
      </trkpt>
      <trkpt lat="34.21117192245798" lon="108.83700915090483">
        <ele>407.1908068973571</ele>
        <time>2025-11-14T04:57:17.900000Z</time>
        <extensions>
          <gpxtpx:TrackPointExtension>
            <gpxtpx:hr>98</gpxtpx:hr>
          </gpxtpx:TrackPointExtension>
        </extensions>
      </trkpt>
      <trkpt lat="34.21118461265012" lon="108.83700868745998">
        <ele>407.20433929376304</ele>
        <time>2025-11-14T04:57:18.900000Z</time>
        <extensions>
          <gpxtpx:TrackPointExtension>
            <gpxtpx:hr>98</gpxtpx:hr>
          </gpxtpx:TrackPointExtension>
        </extensions>
      </trkpt>
      <trkpt lat="34.211197278532495" lon="108.83700857123098">
        <ele>407.22351343464106</ele>
        <time>2025-11-14T04:57:19.900000Z</time>
        <extensions>
          <gpxtpx:TrackPointExtension>
            <gpxtpx:hr>98</gpxtpx:hr>
          </gpxtpx:TrackPointExtension>
        </extensions>
      </trkpt>
      <trkpt lat="34.21121018623887" lon="108.8370090010417">
        <ele>407.2366578085348</ele>
        <time>2025-11-14T04:57:20.900000Z</time>
        <extensions>
          <gpxtpx:TrackPointExtension>
            <gpxtpx:hr>98</gpxtpx:hr>
          </gpxtpx:TrackPointExtension>
        </extensions>
      </trkpt>
      <trkpt lat="34.2112233782153" lon="108.8370093082998">
        <ele>407.2507943874225</ele>
        <time>2025-11-14T04:57:21.900000Z</time>
        <extensions>
          <gpxtpx:TrackPointExtension>
            <gpxtpx:hr>98</gpxtpx:hr>
          </gpxtpx:TrackPointExtension>
        </extensions>
      </trkpt>
      <trkpt lat="34.21123659287008" lon="108.83700935280454">
        <ele>407.2767860246822</ele>
        <time>2025-11-14T04:57:22.900000Z</time>
        <extensions>
          <gpxtpx:TrackPointExtension>
            <gpxtpx:hr>99</gpxtpx:hr>
          </gpxtpx:TrackPointExtension>
        </extensions>
      </trkpt>
      <trkpt lat="34.2112499117497" lon="108.83700932037017">
        <ele>407.30462685693055</ele>
        <time>2025-11-14T04:57:23.900000Z</time>
        <extensions>
          <gpxtpx:TrackPointExtension>
            <gpxtpx:hr>99</gpxtpx:hr>
          </gpxtpx:TrackPointExtension>
        </extensions>
      </trkpt>
      <trkpt lat="34.211263539860695" lon="108.83700930566019">
        <ele>407.33422106783837</ele>
        <time>2025-11-14T04:57:24.900000Z</time>
        <extensions>
          <gpxtpx:TrackPointExtension>
            <gpxtpx:hr>99</gpxtpx:hr>
          </gpxtpx:TrackPointExtension>
        </extensions>
      </trkpt>
      <trkpt lat="34.211277705976975" lon="108.83700957976727">
        <ele>407.37173767481</ele>
        <time>2025-11-14T04:57:25.900000Z</time>
        <extensions>
          <gpxtpx:TrackPointExtension>
            <gpxtpx:hr>99</gpxtpx:hr>
          </gpxtpx:TrackPointExtension>
        </extensions>
      </trkpt>
      <trkpt lat="34.2112925293967" lon="108.83701042097697">
        <ele>407.40692766197026</ele>
        <time>2025-11-14T04:57:26.900000Z</time>
        <extensions>
          <gpxtpx:TrackPointExtension>
            <gpxtpx:hr>99</gpxtpx:hr>
          </gpxtpx:TrackPointExtension>
        </extensions>
      </trkpt>
      <trkpt lat="34.21130719883388" lon="108.83701133332283">
        <ele>407.4407106237486</ele>
        <time>2025-11-14T04:57:27.900000Z</time>
        <extensions>
          <gpxtpx:TrackPointExtension>
            <gpxtpx:hr>99</gpxtpx:hr>
          </gpxtpx:TrackPointExtension>
        </extensions>
      </trkpt>
      <trkpt lat="34.21132099430907" lon="108.83701151142051">
        <ele>407.4705160204321</ele>
        <time>2025-11-14T04:57:28.900000Z</time>
        <extensions>
          <gpxtpx:TrackPointExtension>
            <gpxtpx:hr>99</gpxtpx:hr>
          </gpxtpx:TrackPointExtension>
        </extensions>
      </trkpt>
      <trkpt lat="34.21133366436468" lon="108.83701069991187">
        <ele>407.4694973733276</ele>
        <time>2025-11-14T04:57:29.900000Z</time>
        <extensions>
          <gpxtpx:TrackPointExtension>
            <gpxtpx:hr>101</gpxtpx:hr>
          </gpxtpx:TrackPointExtension>
        </extensions>
      </trkpt>
      <trkpt lat="34.21134535454903" lon="108.83700951966901">
        <ele>407.48920528870076</ele>
        <time>2025-11-14T04:57:30.900000Z</time>
        <extensions>
          <gpxtpx:TrackPointExtension>
            <gpxtpx:hr>101</gpxtpx:hr>
          </gpxtpx:TrackPointExtension>
        </extensions>
      </trkpt>
      <trkpt lat="34.21135704797781" lon="108.83700814393585">
        <ele>407.5115856323391</ele>
        <time>2025-11-14T04:57:31.900000Z</time>
        <extensions>
          <gpxtpx:TrackPointExtension>
            <gpxtpx:hr>101</gpxtpx:hr>
          </gpxtpx:TrackPointExtension>
        </extensions>
      </trkpt>
      <trkpt lat="34.21136907417955" lon="108.83700663313519">
        <ele>407.5468583703041</ele>
        <time>2025-11-14T04:57:32.900000Z</time>
        <extensions>
          <gpxtpx:TrackPointExtension>
            <gpxtpx:hr>101</gpxtpx:hr>
          </gpxtpx:TrackPointExtension>
        </extensions>
      </trkpt>
      <trkpt lat="34.211381010865594" lon="108.83700515732195">
        <ele>407.5856717294082</ele>
        <time>2025-11-14T04:57:33.900000Z</time>
        <extensions>
          <gpxtpx:TrackPointExtension>
            <gpxtpx:hr>104</gpxtpx:hr>
          </gpxtpx:TrackPointExtension>
        </extensions>
      </trkpt>
      <trkpt lat="34.21139317737175" lon="108.8370039717416">
        <ele>407.6221588309854</ele>
        <time>2025-11-14T04:57:34.900000Z</time>
        <extensions>
          <gpxtpx:TrackPointExtension>
            <gpxtpx:hr>104</gpxtpx:hr>
          </gpxtpx:TrackPointExtension>
        </extensions>
      </trkpt>
      <trkpt lat="34.21140597794209" lon="108.83700310311475">
        <ele>407.649497195147</ele>
        <time>2025-11-14T04:57:35.900000Z</time>
        <extensions>
          <gpxtpx:TrackPointExtension>
            <gpxtpx:hr>104</gpxtpx:hr>
          </gpxtpx:TrackPointExtension>
        </extensions>
      </trkpt>
      <trkpt lat="34.21141875533078" lon="108.83700210168367">
        <ele>407.6761694289744</ele>
        <time>2025-11-14T04:57:36.900000Z</time>
        <extensions>
          <gpxtpx:TrackPointExtension>
            <gpxtpx:hr>104</gpxtpx:hr>
          </gpxtpx:TrackPointExtension>
        </extensions>
      </trkpt>
      <trkpt lat="34.21143139655732" lon="108.83700093320418">
        <ele>407.67970872391015</ele>
        <time>2025-11-14T04:57:37.900000Z</time>
        <extensions>
          <gpxtpx:TrackPointExtension>
            <gpxtpx:hr>104</gpxtpx:hr>
          </gpxtpx:TrackPointExtension>
        </extensions>
      </trkpt>
      <trkpt lat="34.211444345496105" lon="108.83699967820311">
        <ele>407.6838987804949</ele>
        <time>2025-11-14T04:57:38.900000Z</time>
        <extensions>
          <gpxtpx:TrackPointExtension>
            <gpxtpx:hr>104</gpxtpx:hr>
          </gpxtpx:TrackPointExtension>
        </extensions>
      </trkpt>
      <trkpt lat="34.21145735132168" lon="108.8369979265412">
        <ele>407.7165141636506</ele>
        <time>2025-11-14T04:57:39.900000Z</time>
        <extensions>
          <gpxtpx:TrackPointExtension>
            <gpxtpx:hr>104</gpxtpx:hr>
          </gpxtpx:TrackPointExtension>
        </extensions>
      </trkpt>
      <trkpt lat="34.211470189068656" lon="108.83699560394965">
        <ele>407.7483793469146</ele>
        <time>2025-11-14T04:57:40.900000Z</time>
        <extensions>
          <gpxtpx:TrackPointExtension>
            <gpxtpx:hr>106</gpxtpx:hr>
          </gpxtpx:TrackPointExtension>
        </extensions>
      </trkpt>
      <trkpt lat="34.21148241311535" lon="108.83699269329148">
        <ele>407.765727029182</ele>
        <time>2025-11-14T04:57:41.900000Z</time>
        <extensions>
          <gpxtpx:TrackPointExtension>
            <gpxtpx:hr>106</gpxtpx:hr>
          </gpxtpx:TrackPointExtension>
        </extensions>
      </trkpt>
      <trkpt lat="34.21149361239248" lon="108.83698941833504">
        <ele>407.7943692142144</ele>
        <time>2025-11-14T04:57:42.900000Z</time>
        <extensions>
          <gpxtpx:TrackPointExtension>
            <gpxtpx:hr>106</gpxtpx:hr>
          </gpxtpx:TrackPointExtension>
        </extensions>
      </trkpt>
      <trkpt lat="34.21150462544162" lon="108.83698593340499">
        <ele>407.8266879124567</ele>
        <time>2025-11-14T04:57:43.900000Z</time>
        <extensions>
          <gpxtpx:TrackPointExtension>
            <gpxtpx:hr>106</gpxtpx:hr>
          </gpxtpx:TrackPointExtension>
        </extensions>
      </trkpt>
      <trkpt lat="34.21151653168786" lon="108.83698213024054">
        <ele>407.86097113694996</ele>
        <time>2025-11-14T04:57:44.900000Z</time>
        <extensions>
          <gpxtpx:TrackPointExtension>
            <gpxtpx:hr>106</gpxtpx:hr>
          </gpxtpx:TrackPointExtension>
        </extensions>
      </trkpt>
      <trkpt lat="34.21152922144505" lon="108.83697771193249">
        <ele>407.9069455889985</ele>
        <time>2025-11-14T04:57:45.900000Z</time>
        <extensions>
          <gpxtpx:TrackPointExtension>
            <gpxtpx:hr>106</gpxtpx:hr>
          </gpxtpx:TrackPointExtension>
        </extensions>
      </trkpt>
      <trkpt lat="34.21154143240696" lon="108.8369722905187">
        <ele>407.94793119002134</ele>
        <time>2025-11-14T04:57:46.900000Z</time>
        <extensions>
          <gpxtpx:TrackPointExtension>
            <gpxtpx:hr>106</gpxtpx:hr>
          </gpxtpx:TrackPointExtension>
        </extensions>
      </trkpt>
      <trkpt lat="34.21155315162127" lon="108.8369657024984">
        <ele>407.99146187491715</ele>
        <time>2025-11-14T04:57:47.900000Z</time>
        <extensions>
          <gpxtpx:TrackPointExtension>
            <gpxtpx:hr>106</gpxtpx:hr>
          </gpxtpx:TrackPointExtension>
        </extensions>
      </trkpt>
      <trkpt lat="34.21156481787736" lon="108.83695879444508">
        <ele>408.06417997088283</ele>
        <time>2025-11-14T04:57:48.900000Z</time>
        <extensions>
          <gpxtpx:TrackPointExtension>
            <gpxtpx:hr>102</gpxtpx:hr>
          </gpxtpx:TrackPointExtension>
        </extensions>
      </trkpt>
      <trkpt lat="34.21157572085709" lon="108.83695156386793">
        <ele>408.1290337732062</ele>
        <time>2025-11-14T04:57:49.900000Z</time>
        <extensions>
          <gpxtpx:TrackPointExtension>
            <gpxtpx:hr>102</gpxtpx:hr>
          </gpxtpx:TrackPointExtension>
        </extensions>
      </trkpt>
      <trkpt lat="34.21158521852906" lon="108.8369432750455">
        <ele>408.21257589943707</ele>
        <time>2025-11-14T04:57:50.900000Z</time>
        <extensions>
          <gpxtpx:TrackPointExtension>
            <gpxtpx:hr>102</gpxtpx:hr>
          </gpxtpx:TrackPointExtension>
        </extensions>
      </trkpt>
      <trkpt lat="34.211592906605674" lon="108.83693359573475">
        <ele>408.30497099179775</ele>
        <time>2025-11-14T04:57:51.900000Z</time>
        <extensions>
          <gpxtpx:TrackPointExtension>
            <gpxtpx:hr>102</gpxtpx:hr>
          </gpxtpx:TrackPointExtension>
        </extensions>
      </trkpt>
      <trkpt lat="34.21159879087608" lon="108.8369221402506">
        <ele>408.40914378874004</ele>
        <time>2025-11-14T04:57:52.900000Z</time>
        <extensions>
          <gpxtpx:TrackPointExtension>
            <gpxtpx:hr>102</gpxtpx:hr>
          </gpxtpx:TrackPointExtension>
        </extensions>
      </trkpt>
      <trkpt lat="34.21160268215248" lon="108.83690906466278">
        <ele>408.5113482447341</ele>
        <time>2025-11-14T04:57:53.900000Z</time>
        <extensions>
          <gpxtpx:TrackPointExtension>
            <gpxtpx:hr>102</gpxtpx:hr>
          </gpxtpx:TrackPointExtension>
        </extensions>
      </trkpt>
      <trkpt lat="34.21160492106325" lon="108.83689500314776">
        <ele>408.6090483600274</ele>
        <time>2025-11-14T04:57:54.900000Z</time>
        <extensions>
          <gpxtpx:TrackPointExtension>
            <gpxtpx:hr>102</gpxtpx:hr>
          </gpxtpx:TrackPointExtension>
        </extensions>
      </trkpt>
      <trkpt lat="34.21160681580555" lon="108.83688063341287">
        <ele>408.7102259621024</ele>
        <time>2025-11-14T04:57:55.900000Z</time>
        <extensions>
          <gpxtpx:TrackPointExtension>
            <gpxtpx:hr>106</gpxtpx:hr>
          </gpxtpx:TrackPointExtension>
        </extensions>
      </trkpt>
      <trkpt lat="34.21160973478553" lon="108.83686712017224">
        <ele>408.7889484614134</ele>
        <time>2025-11-14T04:57:56.900000Z</time>
        <extensions>
          <gpxtpx:TrackPointExtension>
            <gpxtpx:hr>106</gpxtpx:hr>
          </gpxtpx:TrackPointExtension>
        </extensions>
      </trkpt>
      <trkpt lat="34.211614092718136" lon="108.83685530151772">
        <ele>408.87194619420916</ele>
        <time>2025-11-14T04:57:57.900000Z</time>
        <extensions>
          <gpxtpx:TrackPointExtension>
            <gpxtpx:hr>106</gpxtpx:hr>
          </gpxtpx:TrackPointExtension>
        </extensions>
      </trkpt>
      <trkpt lat="34.21162001639104" lon="108.83684433450877">
        <ele>408.92563329078257</ele>
        <time>2025-11-14T04:57:58.900000Z</time>
        <extensions>
          <gpxtpx:TrackPointExtension>
            <gpxtpx:hr>106</gpxtpx:hr>
          </gpxtpx:TrackPointExtension>
        </extensions>
      </trkpt>
      <trkpt lat="34.21162770391243" lon="108.83683351436045">
        <ele>408.97416142374277</ele>
        <time>2025-11-14T04:57:59.900000Z</time>
        <extensions>
          <gpxtpx:TrackPointExtension>
            <gpxtpx:hr>106</gpxtpx:hr>
          </gpxtpx:TrackPointExtension>
        </extensions>
      </trkpt>
      <trkpt lat="34.211635880138424" lon="108.8368216003064">
        <ele>409.0261585311964</ele>
        <time>2025-11-14T04:58:00.900000Z</time>
        <extensions>
          <gpxtpx:TrackPointExtension>
            <gpxtpx:hr>106</gpxtpx:hr>
          </gpxtpx:TrackPointExtension>
        </extensions>
      </trkpt>
      <trkpt lat="34.211642981112384" lon="108.83680791368054">
        <ele>409.0642417659983</ele>
        <time>2025-11-14T04:58:01.900000Z</time>
        <extensions>
          <gpxtpx:TrackPointExtension>
            <gpxtpx:hr>106</gpxtpx:hr>
          </gpxtpx:TrackPointExtension>
        </extensions>
      </trkpt>
      <trkpt lat="34.21164866340276" lon="108.83679370317748">
        <ele>409.0856967093423</ele>
        <time>2025-11-14T04:58:02.900000Z</time>
        <extensions>
          <gpxtpx:TrackPointExtension>
            <gpxtpx:hr>106</gpxtpx:hr>
          </gpxtpx:TrackPointExtension>
        </extensions>
      </trkpt>
      <trkpt lat="34.21165323311104" lon="108.83677924773937">
        <ele>409.0899623874575</ele>
        <time>2025-11-14T04:58:03.900000Z</time>
        <extensions>
          <gpxtpx:TrackPointExtension>
            <gpxtpx:hr>106</gpxtpx:hr>
          </gpxtpx:TrackPointExtension>
        </extensions>
      </trkpt>
      <trkpt lat="34.21165750852151" lon="108.83676468042663">
        <ele>409.0835135411471</ele>
        <time>2025-11-14T04:58:04.900000Z</time>
        <extensions>
          <gpxtpx:TrackPointExtension>
            <gpxtpx:hr>106</gpxtpx:hr>
          </gpxtpx:TrackPointExtension>
        </extensions>
      </trkpt>
      <trkpt lat="34.21166219427165" lon="108.83675007006414">
        <ele>409.0536213424057</ele>
        <time>2025-11-14T04:58:05.900000Z</time>
        <extensions>
          <gpxtpx:TrackPointExtension>
            <gpxtpx:hr>105</gpxtpx:hr>
          </gpxtpx:TrackPointExtension>
        </extensions>
      </trkpt>
      <trkpt lat="34.211667130431415" lon="108.83673467151823">
        <ele>409.0115813286975</ele>
        <time>2025-11-14T04:58:06.900000Z</time>
        <extensions>
          <gpxtpx:TrackPointExtension>
            <gpxtpx:hr>105</gpxtpx:hr>
          </gpxtpx:TrackPointExtension>
        </extensions>
      </trkpt>
      <trkpt lat="34.21167142030967" lon="108.83671844648094">
        <ele>408.95906892977655</ele>
        <time>2025-11-14T04:58:07.900000Z</time>
        <extensions>
          <gpxtpx:TrackPointExtension>
            <gpxtpx:hr>105</gpxtpx:hr>
          </gpxtpx:TrackPointExtension>
        </extensions>
      </trkpt>
      <trkpt lat="34.21167479358845" lon="108.83670171220695">
        <ele>408.8942665942013</ele>
        <time>2025-11-14T04:58:08.900000Z</time>
        <extensions>
          <gpxtpx:TrackPointExtension>
            <gpxtpx:hr>105</gpxtpx:hr>
          </gpxtpx:TrackPointExtension>
        </extensions>
      </trkpt>
      <trkpt lat="34.21167764496964" lon="108.83668484902142">
        <ele>408.8245141748339</ele>
        <time>2025-11-14T04:58:09.900000Z</time>
        <extensions>
          <gpxtpx:TrackPointExtension>
            <gpxtpx:hr>105</gpxtpx:hr>
          </gpxtpx:TrackPointExtension>
        </extensions>
      </trkpt>
      <trkpt lat="34.21168017754708" lon="108.83666749644637">
        <ele>408.74551373161376</ele>
        <time>2025-11-14T04:58:10.900000Z</time>
        <extensions>
          <gpxtpx:TrackPointExtension>
            <gpxtpx:hr>105</gpxtpx:hr>
          </gpxtpx:TrackPointExtension>
        </extensions>
      </trkpt>
      <trkpt lat="34.21168219473238" lon="108.83664933689555">
        <ele>408.6664993939921</ele>
        <time>2025-11-14T04:58:11.900000Z</time>
        <extensions>
          <gpxtpx:TrackPointExtension>
            <gpxtpx:hr>102</gpxtpx:hr>
          </gpxtpx:TrackPointExtension>
        </extensions>
      </trkpt>
      <trkpt lat="34.211684091849584" lon="108.83663103292761">
        <ele>408.5762212621048</ele>
        <time>2025-11-14T04:58:12.900000Z</time>
        <extensions>
          <gpxtpx:TrackPointExtension>
            <gpxtpx:hr>102</gpxtpx:hr>
          </gpxtpx:TrackPointExtension>
        </extensions>
      </trkpt>
      <trkpt lat="34.211686304894165" lon="108.83661297304596">
        <ele>408.4730329727754</ele>
        <time>2025-11-14T04:58:13.900000Z</time>
        <extensions>
          <gpxtpx:TrackPointExtension>
            <gpxtpx:hr>102</gpxtpx:hr>
          </gpxtpx:TrackPointExtension>
        </extensions>
      </trkpt>
      <trkpt lat="34.211688840974816" lon="108.83659465051183">
        <ele>408.3734949417412</ele>
        <time>2025-11-14T04:58:14.900000Z</time>
        <extensions>
          <gpxtpx:TrackPointExtension>
            <gpxtpx:hr>102</gpxtpx:hr>
          </gpxtpx:TrackPointExtension>
        </extensions>
      </trkpt>
      <trkpt lat="34.211691442761236" lon="108.83657637370726">
        <ele>408.28219083696604</ele>
        <time>2025-11-14T04:58:15.900000Z</time>
        <extensions>
          <gpxtpx:TrackPointExtension>
            <gpxtpx:hr>107</gpxtpx:hr>
          </gpxtpx:TrackPointExtension>
        </extensions>
      </trkpt>
      <trkpt lat="34.21169409184638" lon="108.83655843202924">
        <ele>408.1847842494026</ele>
        <time>2025-11-14T04:58:16.900000Z</time>
        <extensions>
          <gpxtpx:TrackPointExtension>
            <gpxtpx:hr>107</gpxtpx:hr>
          </gpxtpx:TrackPointExtension>
        </extensions>
      </trkpt>
      <trkpt lat="34.21169663007424" lon="108.83654067940583">
        <ele>408.09002452064306</ele>
        <time>2025-11-14T04:58:17.900000Z</time>
        <extensions>
          <gpxtpx:TrackPointExtension>
            <gpxtpx:hr>107</gpxtpx:hr>
          </gpxtpx:TrackPointExtension>
        </extensions>
      </trkpt>
      <trkpt lat="34.211698589439195" lon="108.83652325844176">
        <ele>408.0056596547365</ele>
        <time>2025-11-14T04:58:18.900000Z</time>
        <extensions>
          <gpxtpx:TrackPointExtension>
            <gpxtpx:hr>105</gpxtpx:hr>
          </gpxtpx:TrackPointExtension>
        </extensions>
      </trkpt>
      <trkpt lat="34.21169979899067" lon="108.8365056652068">
        <ele>407.92408293206245</ele>
        <time>2025-11-14T04:58:19.900000Z</time>
        <extensions>
          <gpxtpx:TrackPointExtension>
            <gpxtpx:hr>105</gpxtpx:hr>
          </gpxtpx:TrackPointExtension>
        </extensions>
      </trkpt>
      <trkpt lat="34.2117004912251" lon="108.83648809991041">
        <ele>407.854949711822</ele>
        <time>2025-11-14T04:58:20.900000Z</time>
        <extensions>
          <gpxtpx:TrackPointExtension>
            <gpxtpx:hr>105</gpxtpx:hr>
          </gpxtpx:TrackPointExtension>
        </extensions>
      </trkpt>
      <trkpt lat="34.21170127982365" lon="108.83647067696192">
        <ele>407.7875203900039</ele>
        <time>2025-11-14T04:58:21.900000Z</time>
        <extensions>
          <gpxtpx:TrackPointExtension>
            <gpxtpx:hr>105</gpxtpx:hr>
          </gpxtpx:TrackPointExtension>
        </extensions>
      </trkpt>
      <trkpt lat="34.21170212135983" lon="108.83645298401916">
        <ele>407.71881503239274</ele>
        <time>2025-11-14T04:58:22.900000Z</time>
        <extensions>
          <gpxtpx:TrackPointExtension>
            <gpxtpx:hr>105</gpxtpx:hr>
          </gpxtpx:TrackPointExtension>
        </extensions>
      </trkpt>
      <trkpt lat="34.211702834509396" lon="108.83643521909207">
        <ele>407.65282879117876</ele>
        <time>2025-11-14T04:58:23.900000Z</time>
        <extensions>
          <gpxtpx:TrackPointExtension>
            <gpxtpx:hr>103</gpxtpx:hr>
          </gpxtpx:TrackPointExtension>
        </extensions>
      </trkpt>
      <trkpt lat="34.21170276221289" lon="108.83641859803677">
        <ele>407.60124791413546</ele>
        <time>2025-11-14T04:58:24.900000Z</time>
        <extensions>
          <gpxtpx:TrackPointExtension>
            <gpxtpx:hr>103</gpxtpx:hr>
          </gpxtpx:TrackPointExtension>
        </extensions>
      </trkpt>
      <trkpt lat="34.21170177555118" lon="108.83640281119851">
        <ele>407.54410719219595</ele>
        <time>2025-11-14T04:58:25.900000Z</time>
        <extensions>
          <gpxtpx:TrackPointExtension>
            <gpxtpx:hr>103</gpxtpx:hr>
          </gpxtpx:TrackPointExtension>
        </extensions>
      </trkpt>
      <trkpt lat="34.211700638461345" lon="108.83638722832863">
        <ele>407.49914589338005</ele>
        <time>2025-11-14T04:58:26.900000Z</time>
        <extensions>
          <gpxtpx:TrackPointExtension>
            <gpxtpx:hr>103</gpxtpx:hr>
          </gpxtpx:TrackPointExtension>
        </extensions>
      </trkpt>
      <trkpt lat="34.21169964235464" lon="108.83637217258018">
        <ele>407.4637021422386</ele>
        <time>2025-11-14T04:58:27.900000Z</time>
        <extensions>
          <gpxtpx:TrackPointExtension>
            <gpxtpx:hr>103</gpxtpx:hr>
          </gpxtpx:TrackPointExtension>
        </extensions>
      </trkpt>
      <trkpt lat="34.21169860332465" lon="108.83635721797681">
        <ele>407.42395163327456</ele>
        <time>2025-11-14T04:58:28.900000Z</time>
        <extensions>
          <gpxtpx:TrackPointExtension>
            <gpxtpx:hr>103</gpxtpx:hr>
          </gpxtpx:TrackPointExtension>
        </extensions>
      </trkpt>
      <trkpt lat="34.21169751616035" lon="108.83634144890496">
        <ele>407.4001588700339</ele>
        <time>2025-11-14T04:58:29.900000Z</time>
        <extensions>
          <gpxtpx:TrackPointExtension>
            <gpxtpx:hr>103</gpxtpx:hr>
          </gpxtpx:TrackPointExtension>
        </extensions>
      </trkpt>
      <trkpt lat="34.211696507195896" lon="108.8363247343278">
        <ele>407.38032874371856</ele>
        <time>2025-11-14T04:58:30.900000Z</time>
        <extensions>
          <gpxtpx:TrackPointExtension>
            <gpxtpx:hr>103</gpxtpx:hr>
          </gpxtpx:TrackPointExtension>
        </extensions>
      </trkpt>
      <trkpt lat="34.21169560914537" lon="108.83630859432319">
        <ele>407.36207891907543</ele>
        <time>2025-11-14T04:58:31.900000Z</time>
        <extensions>
          <gpxtpx:TrackPointExtension>
            <gpxtpx:hr>103</gpxtpx:hr>
          </gpxtpx:TrackPointExtension>
        </extensions>
      </trkpt>
      <trkpt lat="34.21169472916137" lon="108.8362929715412">
        <ele>407.35020520724356</ele>
        <time>2025-11-14T04:58:32.900000Z</time>
        <extensions>
          <gpxtpx:TrackPointExtension>
            <gpxtpx:hr>103</gpxtpx:hr>
          </gpxtpx:TrackPointExtension>
        </extensions>
      </trkpt>
      <trkpt lat="34.21169417355803" lon="108.83627705330602">
        <ele>407.3494604360312</ele>
        <time>2025-11-14T04:58:33.900000Z</time>
        <extensions>
          <gpxtpx:TrackPointExtension>
            <gpxtpx:hr>103</gpxtpx:hr>
          </gpxtpx:TrackPointExtension>
        </extensions>
      </trkpt>
      <trkpt lat="34.21169428930635" lon="108.83626076981352">
        <ele>407.35051978658885</ele>
        <time>2025-11-14T04:58:34.900000Z</time>
        <extensions>
          <gpxtpx:TrackPointExtension>
            <gpxtpx:hr>103</gpxtpx:hr>
          </gpxtpx:TrackPointExtension>
        </extensions>
      </trkpt>
      <trkpt lat="34.21169500197807" lon="108.83624402004406">
        <ele>407.3667002366856</ele>
        <time>2025-11-14T04:58:35.900000Z</time>
        <extensions>
          <gpxtpx:TrackPointExtension>
            <gpxtpx:hr>103</gpxtpx:hr>
          </gpxtpx:TrackPointExtension>
        </extensions>
      </trkpt>
      <trkpt lat="34.21169619445846" lon="108.83622710350254">
        <ele>407.37536469474435</ele>
        <time>2025-11-14T04:58:36.900000Z</time>
      </trkpt>
      <trkpt lat="34.21169773345246" lon="108.83621045270016">
        <ele>407.38375912606716</ele>
        <time>2025-11-14T04:58:37.900000Z</time>
      </trkpt>
      <trkpt lat="34.21169891538696" lon="108.83619431829844">
        <ele>407.402275621891</ele>
        <time>2025-11-14T04:58:38.900000Z</time>
      </trkpt>
      <trkpt lat="34.21169893271247" lon="108.836178289135">
        <ele>407.42095576319844</ele>
        <time>2025-11-14T04:58:39.900000Z</time>
      </trkpt>
      <trkpt lat="34.21169756131167" lon="108.83616228410281">
        <ele>407.43569346610457</ele>
        <time>2025-11-14T04:58:40.900000Z</time>
      </trkpt>
      <trkpt lat="34.211695085009964" lon="108.83614684270681">
        <ele>407.46092771552503</ele>
        <time>2025-11-14T04:58:41.900000Z</time>
        <extensions>
          <gpxtpx:TrackPointExtension>
            <gpxtpx:hr>109</gpxtpx:hr>
          </gpxtpx:TrackPointExtension>
        </extensions>
      </trkpt>
      <trkpt lat="34.21169227161307" lon="108.83613145705446">
        <ele>407.4808786250651</ele>
        <time>2025-11-14T04:58:42.900000Z</time>
        <extensions>
          <gpxtpx:TrackPointExtension>
            <gpxtpx:hr>109</gpxtpx:hr>
          </gpxtpx:TrackPointExtension>
        </extensions>
      </trkpt>
      <trkpt lat="34.21168991998751" lon="108.83611581941298">
        <ele>407.5039451960474</ele>
        <time>2025-11-14T04:58:43.900000Z</time>
        <extensions>
          <gpxtpx:TrackPointExtension>
            <gpxtpx:hr>109</gpxtpx:hr>
          </gpxtpx:TrackPointExtension>
        </extensions>
      </trkpt>
      <trkpt lat="34.21168822577056" lon="108.83609975497151">
        <ele>407.51986258197576</ele>
        <time>2025-11-14T04:58:44.900000Z</time>
        <extensions>
          <gpxtpx:TrackPointExtension>
            <gpxtpx:hr>109</gpxtpx:hr>
          </gpxtpx:TrackPointExtension>
        </extensions>
      </trkpt>
      <trkpt lat="34.21168719352352" lon="108.83608321399069">
        <ele>407.5392788341269</ele>
        <time>2025-11-14T04:58:45.900000Z</time>
        <extensions>
          <gpxtpx:TrackPointExtension>
            <gpxtpx:hr>109</gpxtpx:hr>
          </gpxtpx:TrackPointExtension>
        </extensions>
      </trkpt>
      <trkpt lat="34.21168707177472" lon="108.83606657196769">
        <ele>407.54042625799775</ele>
        <time>2025-11-14T04:58:46.900000Z</time>
        <extensions>
          <gpxtpx:TrackPointExtension>
            <gpxtpx:hr>109</gpxtpx:hr>
          </gpxtpx:TrackPointExtension>
        </extensions>
      </trkpt>
      <trkpt lat="34.21168783024225" lon="108.83605000078052">
        <ele>407.5534757822752</ele>
        <time>2025-11-14T04:58:47.900000Z</time>
        <extensions>
          <gpxtpx:TrackPointExtension>
            <gpxtpx:hr>109</gpxtpx:hr>
          </gpxtpx:TrackPointExtension>
        </extensions>
      </trkpt>
      <trkpt lat="34.21168886463621" lon="108.83603461097768">
        <ele>407.57216529361904</ele>
        <time>2025-11-14T04:58:48.900000Z</time>
        <extensions>
          <gpxtpx:TrackPointExtension>
            <gpxtpx:hr>109</gpxtpx:hr>
          </gpxtpx:TrackPointExtension>
        </extensions>
      </trkpt>
      <trkpt lat="34.21169003674605" lon="108.83602017531359">
        <ele>407.59056151192635</ele>
        <time>2025-11-14T04:58:49.900000Z</time>
        <extensions>
          <gpxtpx:TrackPointExtension>
            <gpxtpx:hr>109</gpxtpx:hr>
          </gpxtpx:TrackPointExtension>
        </extensions>
      </trkpt>
      <trkpt lat="34.21169167364728" lon="108.83600551695208">
        <ele>407.6078289328143</ele>
        <time>2025-11-14T04:58:50.900000Z</time>
        <extensions>
          <gpxtpx:TrackPointExtension>
            <gpxtpx:hr>109</gpxtpx:hr>
          </gpxtpx:TrackPointExtension>
        </extensions>
      </trkpt>
      <trkpt lat="34.21169405632945" lon="108.8359915778982">
        <ele>407.61623581591994</ele>
        <time>2025-11-14T04:58:51.900000Z</time>
        <extensions>
          <gpxtpx:TrackPointExtension>
            <gpxtpx:hr>109</gpxtpx:hr>
          </gpxtpx:TrackPointExtension>
        </extensions>
      </trkpt>
      <trkpt lat="34.2116974128124" lon="108.8359795257083">
        <ele>407.6248011710122</ele>
        <time>2025-11-14T04:58:52.900000Z</time>
        <extensions>
          <gpxtpx:TrackPointExtension>
            <gpxtpx:hr>109</gpxtpx:hr>
          </gpxtpx:TrackPointExtension>
        </extensions>
      </trkpt>
      <trkpt lat="34.21170197805488" lon="108.83597028539246">
        <ele>407.63445825502276</ele>
        <time>2025-11-14T04:58:53.900000Z</time>
        <extensions>
          <gpxtpx:TrackPointExtension>
            <gpxtpx:hr>109</gpxtpx:hr>
          </gpxtpx:TrackPointExtension>
        </extensions>
      </trkpt>
      <trkpt lat="34.211708465790764" lon="108.83596308298566">
        <ele>407.6516618831083</ele>
        <time>2025-11-14T04:58:54.900000Z</time>
        <extensions>
          <gpxtpx:TrackPointExtension>
            <gpxtpx:hr>105</gpxtpx:hr>
          </gpxtpx:TrackPointExtension>
        </extensions>
      </trkpt>
      <trkpt lat="34.21171723288516" lon="108.83595601348951">
        <ele>407.66048213560134</ele>
        <time>2025-11-14T04:58:55.900000Z</time>
        <extensions>
          <gpxtpx:TrackPointExtension>
            <gpxtpx:hr>105</gpxtpx:hr>
          </gpxtpx:TrackPointExtension>
        </extensions>
      </trkpt>
      <trkpt lat="34.21172739174643" lon="108.83594851976379">
        <ele>407.66837925091386</ele>
        <time>2025-11-14T04:58:56.900000Z</time>
        <extensions>
          <gpxtpx:TrackPointExtension>
            <gpxtpx:hr>105</gpxtpx:hr>
          </gpxtpx:TrackPointExtension>
        </extensions>
      </trkpt>
      <trkpt lat="34.211737384103536" lon="108.83594101960499">
        <ele>407.6640666760504</ele>
        <time>2025-11-14T04:58:57.900000Z</time>
        <extensions>
          <gpxtpx:TrackPointExtension>
            <gpxtpx:hr>105</gpxtpx:hr>
          </gpxtpx:TrackPointExtension>
        </extensions>
      </trkpt>
      <trkpt lat="34.21174716331999" lon="108.83593336983064">
        <ele>407.67318877670914</ele>
        <time>2025-11-14T04:58:58.900000Z</time>
        <extensions>
          <gpxtpx:TrackPointExtension>
            <gpxtpx:hr>103</gpxtpx:hr>
          </gpxtpx:TrackPointExtension>
        </extensions>
      </trkpt>
      <trkpt lat="34.21175753941016" lon="108.83592456995217">
        <ele>407.67116806749254</ele>
        <time>2025-11-14T04:58:59.900000Z</time>
        <extensions>
          <gpxtpx:TrackPointExtension>
            <gpxtpx:hr>103</gpxtpx:hr>
          </gpxtpx:TrackPointExtension>
        </extensions>
      </trkpt>
      <trkpt lat="34.21176730028783" lon="108.83591514756924">
        <ele>407.67462178412825</ele>
        <time>2025-11-14T04:59:00.900000Z</time>
        <extensions>
          <gpxtpx:TrackPointExtension>
            <gpxtpx:hr>103</gpxtpx:hr>
          </gpxtpx:TrackPointExtension>
        </extensions>
      </trkpt>
      <trkpt lat="34.211776780058734" lon="108.83590535487139">
        <ele>407.66882550437003</ele>
        <time>2025-11-14T04:59:01.900000Z</time>
        <extensions>
          <gpxtpx:TrackPointExtension>
            <gpxtpx:hr>103</gpxtpx:hr>
          </gpxtpx:TrackPointExtension>
        </extensions>
      </trkpt>
      <trkpt lat="34.2117871708348" lon="108.83589483020138">
        <ele>407.67375546880066</ele>
        <time>2025-11-14T04:59:02.900000Z</time>
        <extensions>
          <gpxtpx:TrackPointExtension>
            <gpxtpx:hr>103</gpxtpx:hr>
          </gpxtpx:TrackPointExtension>
        </extensions>
      </trkpt>
      <trkpt lat="34.21179758424537" lon="108.83588428154478">
        <ele>407.6864498080686</ele>
        <time>2025-11-14T04:59:03.900000Z</time>
        <extensions>
          <gpxtpx:TrackPointExtension>
            <gpxtpx:hr>103</gpxtpx:hr>
          </gpxtpx:TrackPointExtension>
        </extensions>
      </trkpt>
      <trkpt lat="34.21180716223794" lon="108.83587405463895">
        <ele>407.7083751410246</ele>
        <time>2025-11-14T04:59:04.900000Z</time>
        <extensions>
          <gpxtpx:TrackPointExtension>
            <gpxtpx:hr>110</gpxtpx:hr>
          </gpxtpx:TrackPointExtension>
        </extensions>
      </trkpt>
      <trkpt lat="34.21181580277924" lon="108.83586404548772">
        <ele>407.7146355547011</ele>
        <time>2025-11-14T04:59:05.900000Z</time>
        <extensions>
          <gpxtpx:TrackPointExtension>
            <gpxtpx:hr>110</gpxtpx:hr>
          </gpxtpx:TrackPointExtension>
        </extensions>
      </trkpt>
      <trkpt lat="34.211824165585114" lon="108.83585405503176">
        <ele>407.7221562061459</ele>
        <time>2025-11-14T04:59:06.900000Z</time>
        <extensions>
          <gpxtpx:TrackPointExtension>
            <gpxtpx:hr>110</gpxtpx:hr>
          </gpxtpx:TrackPointExtension>
        </extensions>
      </trkpt>
      <trkpt lat="34.211832791983845" lon="108.83584385635628">
        <ele>407.71770090796053</ele>
        <time>2025-11-14T04:59:07.900000Z</time>
        <extensions>
          <gpxtpx:TrackPointExtension>
            <gpxtpx:hr>110</gpxtpx:hr>
          </gpxtpx:TrackPointExtension>
        </extensions>
      </trkpt>
      <trkpt lat="34.21184178089915" lon="108.83583335103354">
        <ele>407.70663537364453</ele>
        <time>2025-11-14T04:59:08.900000Z</time>
        <extensions>
          <gpxtpx:TrackPointExtension>
            <gpxtpx:hr>110</gpxtpx:hr>
          </gpxtpx:TrackPointExtension>
        </extensions>
      </trkpt>
      <trkpt lat="34.211851060973906" lon="108.8358222986078">
        <ele>407.6999557688832</ele>
        <time>2025-11-14T04:59:09.900000Z</time>
        <extensions>
          <gpxtpx:TrackPointExtension>
            <gpxtpx:hr>112</gpxtpx:hr>
          </gpxtpx:TrackPointExtension>
        </extensions>
      </trkpt>
      <trkpt lat="34.21186029027699" lon="108.8358107527246">
        <ele>407.70467575546354</ele>
        <time>2025-11-14T04:59:10.900000Z</time>
        <extensions>
          <gpxtpx:TrackPointExtension>
            <gpxtpx:hr>112</gpxtpx:hr>
          </gpxtpx:TrackPointExtension>
        </extensions>
      </trkpt>
      <trkpt lat="34.21186919016461" lon="108.83579911581455">
        <ele>407.7065741671249</ele>
        <time>2025-11-14T04:59:11.900000Z</time>
        <extensions>
          <gpxtpx:TrackPointExtension>
            <gpxtpx:hr>112</gpxtpx:hr>
          </gpxtpx:TrackPointExtension>
        </extensions>
      </trkpt>
      <trkpt lat="34.21187757766239" lon="108.83578731382023">
        <ele>407.707957518287</ele>
        <time>2025-11-14T04:59:12.900000Z</time>
        <extensions>
          <gpxtpx:TrackPointExtension>
            <gpxtpx:hr>111</gpxtpx:hr>
          </gpxtpx:TrackPointExtension>
        </extensions>
      </trkpt>
      <trkpt lat="34.21188580851373" lon="108.8357751192376">
        <ele>407.69736509397626</ele>
        <time>2025-11-14T04:59:13.900000Z</time>
        <extensions>
          <gpxtpx:TrackPointExtension>
            <gpxtpx:hr>111</gpxtpx:hr>
          </gpxtpx:TrackPointExtension>
        </extensions>
      </trkpt>
      <trkpt lat="34.21189412181383" lon="108.83576235758915">
        <ele>407.6979616433382</ele>
        <time>2025-11-14T04:59:14.900000Z</time>
        <extensions>
          <gpxtpx:TrackPointExtension>
            <gpxtpx:hr>111</gpxtpx:hr>
          </gpxtpx:TrackPointExtension>
        </extensions>
      </trkpt>
      <trkpt lat="34.211901666926245" lon="108.83574915045632">
        <ele>407.6993631469086</ele>
        <time>2025-11-14T04:59:15.900000Z</time>
        <extensions>
          <gpxtpx:TrackPointExtension>
            <gpxtpx:hr>111</gpxtpx:hr>
          </gpxtpx:TrackPointExtension>
        </extensions>
      </trkpt>
      <trkpt lat="34.211908003401426" lon="108.83573595520878">
        <ele>407.69133030436933</ele>
        <time>2025-11-14T04:59:16.900000Z</time>
        <extensions>
          <gpxtpx:TrackPointExtension>
            <gpxtpx:hr>111</gpxtpx:hr>
          </gpxtpx:TrackPointExtension>
        </extensions>
      </trkpt>
      <trkpt lat="34.21191378583787" lon="108.83572254194169">
        <ele>407.6969716427848</ele>
        <time>2025-11-14T04:59:17.900000Z</time>
        <extensions>
          <gpxtpx:TrackPointExtension>
            <gpxtpx:hr>111</gpxtpx:hr>
          </gpxtpx:TrackPointExtension>
        </extensions>
      </trkpt>
      <trkpt lat="34.21191973535419" lon="108.83570943318732">
        <ele>407.70326900761575</ele>
        <time>2025-11-14T04:59:18.900000Z</time>
        <extensions>
          <gpxtpx:TrackPointExtension>
            <gpxtpx:hr>111</gpxtpx:hr>
          </gpxtpx:TrackPointExtension>
        </extensions>
      </trkpt>
      <trkpt lat="34.2119258023893" lon="108.8356974346325">
        <ele>407.69175056554377</ele>
        <time>2025-11-14T04:59:19.900000Z</time>
        <extensions>
          <gpxtpx:TrackPointExtension>
            <gpxtpx:hr>111</gpxtpx:hr>
          </gpxtpx:TrackPointExtension>
        </extensions>
      </trkpt>
      <trkpt lat="34.211931855636074" lon="108.83568615574866">
        <ele>407.69330899976194</ele>
        <time>2025-11-14T04:59:20.900000Z</time>
        <extensions>
          <gpxtpx:TrackPointExtension>
            <gpxtpx:hr>111</gpxtpx:hr>
          </gpxtpx:TrackPointExtension>
        </extensions>
      </trkpt>
      <trkpt lat="34.21193775060816" lon="108.83567533575372">
        <ele>407.7043930608779</ele>
        <time>2025-11-14T04:59:21.900000Z</time>
        <extensions>
          <gpxtpx:TrackPointExtension>
            <gpxtpx:hr>111</gpxtpx:hr>
          </gpxtpx:TrackPointExtension>
        </extensions>
      </trkpt>
      <trkpt lat="34.21194295423253" lon="108.83566432707707">
        <ele>407.70377335045487</ele>
        <time>2025-11-14T04:59:22.900000Z</time>
        <extensions>
          <gpxtpx:TrackPointExtension>
            <gpxtpx:hr>111</gpxtpx:hr>
          </gpxtpx:TrackPointExtension>
        </extensions>
      </trkpt>
      <trkpt lat="34.211947407966875" lon="108.83565262981577">
        <ele>407.6909789191559</ele>
        <time>2025-11-14T04:59:23.900000Z</time>
        <extensions>
          <gpxtpx:TrackPointExtension>
            <gpxtpx:hr>111</gpxtpx:hr>
          </gpxtpx:TrackPointExtension>
        </extensions>
      </trkpt>
      <trkpt lat="34.21195130506617" lon="108.83564026938737">
        <ele>407.65486518945545</ele>
        <time>2025-11-14T04:59:24.900000Z</time>
        <extensions>
          <gpxtpx:TrackPointExtension>
            <gpxtpx:hr>111</gpxtpx:hr>
          </gpxtpx:TrackPointExtension>
        </extensions>
      </trkpt>
      <trkpt lat="34.21195476817543" lon="108.83562706565765">
        <ele>407.6184978010133</ele>
        <time>2025-11-14T04:59:25.900000Z</time>
        <extensions>
          <gpxtpx:TrackPointExtension>
            <gpxtpx:hr>111</gpxtpx:hr>
          </gpxtpx:TrackPointExtension>
        </extensions>
      </trkpt>
      <trkpt lat="34.211958087947366" lon="108.835613130028">
        <ele>407.5937825134024</ele>
        <time>2025-11-14T04:59:26.900000Z</time>
        <extensions>
          <gpxtpx:TrackPointExtension>
            <gpxtpx:hr>111</gpxtpx:hr>
          </gpxtpx:TrackPointExtension>
        </extensions>
      </trkpt>
      <trkpt lat="34.21196151346292" lon="108.83559911384963">
        <ele>407.5608749417588</ele>
        <time>2025-11-14T04:59:27.900000Z</time>
        <extensions>
          <gpxtpx:TrackPointExtension>
            <gpxtpx:hr>111</gpxtpx:hr>
          </gpxtpx:TrackPointExtension>
        </extensions>
      </trkpt>
      <trkpt lat="34.21196517172395" lon="108.83558561616886">
        <ele>407.5228034639731</ele>
        <time>2025-11-14T04:59:28.900000Z</time>
        <extensions>
          <gpxtpx:TrackPointExtension>
            <gpxtpx:hr>111</gpxtpx:hr>
          </gpxtpx:TrackPointExtension>
        </extensions>
      </trkpt>
      <trkpt lat="34.21196963002497" lon="108.83557310753051">
        <ele>407.47703663352877</ele>
        <time>2025-11-14T04:59:29.900000Z</time>
        <extensions>
          <gpxtpx:TrackPointExtension>
            <gpxtpx:hr>111</gpxtpx:hr>
          </gpxtpx:TrackPointExtension>
        </extensions>
      </trkpt>
      <trkpt lat="34.21197531465767" lon="108.8355611350683">
        <ele>407.43136232346296</ele>
        <time>2025-11-14T04:59:30.900000Z</time>
        <extensions>
          <gpxtpx:TrackPointExtension>
            <gpxtpx:hr>104</gpxtpx:hr>
          </gpxtpx:TrackPointExtension>
        </extensions>
      </trkpt>
      <trkpt lat="34.21198189556309" lon="108.83554883575658">
        <ele>407.3691206937656</ele>
        <time>2025-11-14T04:59:31.900000Z</time>
        <extensions>
          <gpxtpx:TrackPointExtension>
            <gpxtpx:hr>104</gpxtpx:hr>
          </gpxtpx:TrackPointExtension>
        </extensions>
      </trkpt>
      <trkpt lat="34.21198855604273" lon="108.8355358577696">
        <ele>407.291056888178</ele>
        <time>2025-11-14T04:59:32.900000Z</time>
        <extensions>
          <gpxtpx:TrackPointExtension>
            <gpxtpx:hr>104</gpxtpx:hr>
          </gpxtpx:TrackPointExtension>
        </extensions>
      </trkpt>
      <trkpt lat="34.2119949280915" lon="108.83552285739991">
        <ele>407.20566543377936</ele>
        <time>2025-11-14T04:59:33.900000Z</time>
        <extensions>
          <gpxtpx:TrackPointExtension>
            <gpxtpx:hr>104</gpxtpx:hr>
          </gpxtpx:TrackPointExtension>
        </extensions>
      </trkpt>
      <trkpt lat="34.21200129243302" lon="108.83550985299422">
        <ele>407.122190663591</ele>
        <time>2025-11-14T04:59:34.900000Z</time>
        <extensions>
          <gpxtpx:TrackPointExtension>
            <gpxtpx:hr>104</gpxtpx:hr>
          </gpxtpx:TrackPointExtension>
        </extensions>
      </trkpt>
      <trkpt lat="34.21200774632732" lon="108.83549614765874">
        <ele>407.0519589437172</ele>
        <time>2025-11-14T04:59:35.900000Z</time>
        <extensions>
          <gpxtpx:TrackPointExtension>
            <gpxtpx:hr>104</gpxtpx:hr>
          </gpxtpx:TrackPointExtension>
        </extensions>
      </trkpt>
      <trkpt lat="34.21201413809082" lon="108.83548211316189">
        <ele>406.99094262812287</ele>
        <time>2025-11-14T04:59:36.900000Z</time>
        <extensions>
          <gpxtpx:TrackPointExtension>
            <gpxtpx:hr>104</gpxtpx:hr>
          </gpxtpx:TrackPointExtension>
        </extensions>
      </trkpt>
      <trkpt lat="34.21202071573365" lon="108.83546806231354">
        <ele>406.9320535706356</ele>
        <time>2025-11-14T04:59:37.900000Z</time>
        <extensions>
          <gpxtpx:TrackPointExtension>
            <gpxtpx:hr>104</gpxtpx:hr>
          </gpxtpx:TrackPointExtension>
        </extensions>
      </trkpt>
      <trkpt lat="34.21202757906879" lon="108.83545395888301">
        <ele>406.8653157139197</ele>
        <time>2025-11-14T04:59:38.900000Z</time>
        <extensions>
          <gpxtpx:TrackPointExtension>
            <gpxtpx:hr>104</gpxtpx:hr>
          </gpxtpx:TrackPointExtension>
        </extensions>
      </trkpt>
      <trkpt lat="34.21203398224027" lon="108.83544010355004">
        <ele>406.80002413038164</ele>
        <time>2025-11-14T04:59:39.900000Z</time>
        <extensions>
          <gpxtpx:TrackPointExtension>
            <gpxtpx:hr>115</gpxtpx:hr>
          </gpxtpx:TrackPointExtension>
        </extensions>
      </trkpt>
      <trkpt lat="34.21203967707702" lon="108.835426605891">
        <ele>406.7353040641174</ele>
        <time>2025-11-14T04:59:40.900000Z</time>
        <extensions>
          <gpxtpx:TrackPointExtension>
            <gpxtpx:hr>115</gpxtpx:hr>
          </gpxtpx:TrackPointExtension>
        </extensions>
      </trkpt>
      <trkpt lat="34.212045013968954" lon="108.83541364011619">
        <ele>406.69316346012056</ele>
        <time>2025-11-14T04:59:41.900000Z</time>
        <extensions>
          <gpxtpx:TrackPointExtension>
            <gpxtpx:hr>115</gpxtpx:hr>
          </gpxtpx:TrackPointExtension>
        </extensions>
      </trkpt>
      <trkpt lat="34.212050200823015" lon="108.83540148129202">
        <ele>406.6328601902351</ele>
        <time>2025-11-14T04:59:42.900000Z</time>
        <extensions>
          <gpxtpx:TrackPointExtension>
            <gpxtpx:hr>115</gpxtpx:hr>
          </gpxtpx:TrackPointExtension>
        </extensions>
      </trkpt>
      <trkpt lat="34.212054885615544" lon="108.8353901205107">
        <ele>406.55534292105585</ele>
        <time>2025-11-14T04:59:43.900000Z</time>
        <extensions>
          <gpxtpx:TrackPointExtension>
            <gpxtpx:hr>115</gpxtpx:hr>
          </gpxtpx:TrackPointExtension>
        </extensions>
      </trkpt>
      <trkpt lat="34.2120588007545" lon="108.83537908682813">
        <ele>406.446819617413</ele>
        <time>2025-11-14T04:59:44.900000Z</time>
        <extensions>
          <gpxtpx:TrackPointExtension>
            <gpxtpx:hr>115</gpxtpx:hr>
          </gpxtpx:TrackPointExtension>
        </extensions>
      </trkpt>
      <trkpt lat="34.21206190711773" lon="108.8353674797692">
        <ele>406.3385210270062</ele>
        <time>2025-11-14T04:59:45.900000Z</time>
        <extensions>
          <gpxtpx:TrackPointExtension>
            <gpxtpx:hr>115</gpxtpx:hr>
          </gpxtpx:TrackPointExtension>
        </extensions>
      </trkpt>
      <trkpt lat="34.21206491060048" lon="108.83535602794701">
        <ele>406.2115054661408</ele>
        <time>2025-11-14T04:59:46.900000Z</time>
        <extensions>
          <gpxtpx:TrackPointExtension>
            <gpxtpx:hr>116</gpxtpx:hr>
          </gpxtpx:TrackPointExtension>
        </extensions>
      </trkpt>
      <trkpt lat="34.21206919415608" lon="108.83534566353626">
        <ele>406.08426593709737</ele>
        <time>2025-11-14T04:59:47.900000Z</time>
        <extensions>
          <gpxtpx:TrackPointExtension>
            <gpxtpx:hr>116</gpxtpx:hr>
          </gpxtpx:TrackPointExtension>
        </extensions>
      </trkpt>
      <trkpt lat="34.21207531285478" lon="108.83533618702381">
        <ele>405.95515033602715</ele>
        <time>2025-11-14T04:59:48.900000Z</time>
        <extensions>
          <gpxtpx:TrackPointExtension>
            <gpxtpx:hr>116</gpxtpx:hr>
          </gpxtpx:TrackPointExtension>
        </extensions>
      </trkpt>
      <trkpt lat="34.212082673603526" lon="108.83532694828757">
        <ele>405.83905139472336</ele>
        <time>2025-11-14T04:59:49.900000Z</time>
        <extensions>
          <gpxtpx:TrackPointExtension>
            <gpxtpx:hr>116</gpxtpx:hr>
          </gpxtpx:TrackPointExtension>
        </extensions>
      </trkpt>
      <trkpt lat="34.212090765660264" lon="108.83531710761082">
        <ele>405.7290993705392</ele>
        <time>2025-11-14T04:59:50.900000Z</time>
        <extensions>
          <gpxtpx:TrackPointExtension>
            <gpxtpx:hr>116</gpxtpx:hr>
          </gpxtpx:TrackPointExtension>
        </extensions>
      </trkpt>
      <trkpt lat="34.212099287288886" lon="108.83530581104431">
        <ele>405.63311105035245</ele>
        <time>2025-11-14T04:59:51.900000Z</time>
        <extensions>
          <gpxtpx:TrackPointExtension>
            <gpxtpx:hr>116</gpxtpx:hr>
          </gpxtpx:TrackPointExtension>
        </extensions>
      </trkpt>
      <trkpt lat="34.21210781932232" lon="108.83529272661613">
        <ele>405.5523915272206</ele>
        <time>2025-11-14T04:59:52.900000Z</time>
        <extensions>
          <gpxtpx:TrackPointExtension>
            <gpxtpx:hr>116</gpxtpx:hr>
          </gpxtpx:TrackPointExtension>
        </extensions>
      </trkpt>
      <trkpt lat="34.21211643016697" lon="108.83527873965468">
        <ele>405.4888270450756</ele>
        <time>2025-11-14T04:59:53.900000Z</time>
        <extensions>
          <gpxtpx:TrackPointExtension>
            <gpxtpx:hr>116</gpxtpx:hr>
          </gpxtpx:TrackPointExtension>
        </extensions>
      </trkpt>
      <trkpt lat="34.212126042742675" lon="108.83526463621148">
        <ele>405.4451372474432</ele>
        <time>2025-11-14T04:59:54.900000Z</time>
        <extensions>
          <gpxtpx:TrackPointExtension>
            <gpxtpx:hr>116</gpxtpx:hr>
          </gpxtpx:TrackPointExtension>
        </extensions>
      </trkpt>
      <trkpt lat="34.21213643905627" lon="108.83525081510832">
        <ele>405.41647228598595</ele>
        <time>2025-11-14T04:59:55.900000Z</time>
        <extensions>
          <gpxtpx:TrackPointExtension>
            <gpxtpx:hr>116</gpxtpx:hr>
          </gpxtpx:TrackPointExtension>
        </extensions>
      </trkpt>
      <trkpt lat="34.2121475638046" lon="108.83523747769564">
        <ele>405.394841006957</ele>
        <time>2025-11-14T04:59:56.900000Z</time>
        <extensions>
          <gpxtpx:TrackPointExtension>
            <gpxtpx:hr>116</gpxtpx:hr>
          </gpxtpx:TrackPointExtension>
        </extensions>
      </trkpt>
      <trkpt lat="34.212159444787396" lon="108.83522491585263">
        <ele>405.3599321115762</ele>
        <time>2025-11-14T04:59:57.900000Z</time>
        <extensions>
          <gpxtpx:TrackPointExtension>
            <gpxtpx:hr>116</gpxtpx:hr>
          </gpxtpx:TrackPointExtension>
        </extensions>
      </trkpt>
      <trkpt lat="34.21217177670656" lon="108.83521297132152">
        <ele>405.3509892858565</ele>
        <time>2025-11-14T04:59:58.900000Z</time>
        <extensions>
          <gpxtpx:TrackPointExtension>
            <gpxtpx:hr>116</gpxtpx:hr>
          </gpxtpx:TrackPointExtension>
        </extensions>
      </trkpt>
      <trkpt lat="34.21218396648708" lon="108.83520115991345">
        <ele>405.356536523439</ele>
        <time>2025-11-14T04:59:59.900000Z</time>
        <extensions>
          <gpxtpx:TrackPointExtension>
            <gpxtpx:hr>117</gpxtpx:hr>
          </gpxtpx:TrackPointExtension>
        </extensions>
      </trkpt>
      <trkpt lat="34.21219546696682" lon="108.83518882272661">
        <ele>405.38822676520795</ele>
        <time>2025-11-14T05:00:00.900000Z</time>
        <extensions>
          <gpxtpx:TrackPointExtension>
            <gpxtpx:hr>117</gpxtpx:hr>
          </gpxtpx:TrackPointExtension>
        </extensions>
      </trkpt>
      <trkpt lat="34.21220562411391" lon="108.83517524661573">
        <ele>405.4564745267853</ele>
        <time>2025-11-14T05:00:01.900000Z</time>
        <extensions>
          <gpxtpx:TrackPointExtension>
            <gpxtpx:hr>117</gpxtpx:hr>
          </gpxtpx:TrackPointExtension>
        </extensions>
      </trkpt>
      <trkpt lat="34.21221376490157" lon="108.83516165257832">
        <ele>405.55904074944556</ele>
        <time>2025-11-14T05:00:02.900000Z</time>
        <extensions>
          <gpxtpx:TrackPointExtension>
            <gpxtpx:hr>117</gpxtpx:hr>
          </gpxtpx:TrackPointExtension>
        </extensions>
      </trkpt>
      <trkpt lat="34.2122217365456" lon="108.8351488651726">
        <ele>405.6866923654452</ele>
        <time>2025-11-14T05:00:03.900000Z</time>
        <extensions>
          <gpxtpx:TrackPointExtension>
            <gpxtpx:hr>117</gpxtpx:hr>
          </gpxtpx:TrackPointExtension>
        </extensions>
      </trkpt>
      <trkpt lat="34.212230774941744" lon="108.83513669508018">
        <ele>405.8388391006738</ele>
        <time>2025-11-14T05:00:04.900000Z</time>
        <extensions>
          <gpxtpx:TrackPointExtension>
            <gpxtpx:hr>117</gpxtpx:hr>
          </gpxtpx:TrackPointExtension>
        </extensions>
      </trkpt>
      <trkpt lat="34.2122399411234" lon="108.835125329349">
        <ele>406.0081089762971</ele>
        <time>2025-11-14T05:00:05.900000Z</time>
        <extensions>
          <gpxtpx:TrackPointExtension>
            <gpxtpx:hr>117</gpxtpx:hr>
          </gpxtpx:TrackPointExtension>
        </extensions>
      </trkpt>
      <trkpt lat="34.21224910217547" lon="108.83511515975079">
        <ele>406.20183149911463</ele>
        <time>2025-11-14T05:00:06.900000Z</time>
        <extensions>
          <gpxtpx:TrackPointExtension>
            <gpxtpx:hr>117</gpxtpx:hr>
          </gpxtpx:TrackPointExtension>
        </extensions>
      </trkpt>
      <trkpt lat="34.21225839864142" lon="108.83510729354676">
        <ele>406.43124302849174</ele>
        <time>2025-11-14T05:00:07.900000Z</time>
        <extensions>
          <gpxtpx:TrackPointExtension>
            <gpxtpx:hr>117</gpxtpx:hr>
          </gpxtpx:TrackPointExtension>
        </extensions>
      </trkpt>
      <trkpt lat="34.212268574480646" lon="108.83510140070437">
        <ele>406.6947188414633</ele>
        <time>2025-11-14T05:00:08.900000Z</time>
        <extensions>
          <gpxtpx:TrackPointExtension>
            <gpxtpx:hr>117</gpxtpx:hr>
          </gpxtpx:TrackPointExtension>
        </extensions>
      </trkpt>
      <trkpt lat="34.21227839756284" lon="108.83509489484797">
        <ele>406.98479476571083</ele>
        <time>2025-11-14T05:00:09.900000Z</time>
        <extensions>
          <gpxtpx:TrackPointExtension>
            <gpxtpx:hr>117</gpxtpx:hr>
          </gpxtpx:TrackPointExtension>
        </extensions>
      </trkpt>
      <trkpt lat="34.21228559626432" lon="108.835086330339">
        <ele>407.23853131197393</ele>
        <time>2025-11-14T05:00:10.900000Z</time>
        <extensions>
          <gpxtpx:TrackPointExtension>
            <gpxtpx:hr>117</gpxtpx:hr>
          </gpxtpx:TrackPointExtension>
        </extensions>
      </trkpt>
      <trkpt lat="34.21228959310735" lon="108.83507565817435">
        <ele>407.4789702957496</ele>
        <time>2025-11-14T05:00:11.900000Z</time>
        <extensions>
          <gpxtpx:TrackPointExtension>
            <gpxtpx:hr>117</gpxtpx:hr>
          </gpxtpx:TrackPointExtension>
        </extensions>
      </trkpt>
      <trkpt lat="34.2122906269544" lon="108.83506369862074">
        <ele>407.71083954907954</ele>
        <time>2025-11-14T05:00:12.900000Z</time>
        <extensions>
          <gpxtpx:TrackPointExtension>
            <gpxtpx:hr>117</gpxtpx:hr>
          </gpxtpx:TrackPointExtension>
        </extensions>
      </trkpt>
      <trkpt lat="34.21229042811118" lon="108.83505107055683">
        <ele>407.9732436956838</ele>
        <time>2025-11-14T05:00:13.900000Z</time>
        <extensions>
          <gpxtpx:TrackPointExtension>
            <gpxtpx:hr>117</gpxtpx:hr>
          </gpxtpx:TrackPointExtension>
        </extensions>
      </trkpt>
      <trkpt lat="34.2122905201771" lon="108.83503805110031">
        <ele>408.19207160174847</ele>
        <time>2025-11-14T05:00:14.900000Z</time>
        <extensions>
          <gpxtpx:TrackPointExtension>
            <gpxtpx:hr>117</gpxtpx:hr>
          </gpxtpx:TrackPointExtension>
        </extensions>
      </trkpt>
      <trkpt lat="34.21229091973209" lon="108.83502532663003">
        <ele>408.3801874788478</ele>
        <time>2025-11-14T05:00:15.900000Z</time>
        <extensions>
          <gpxtpx:TrackPointExtension>
            <gpxtpx:hr>117</gpxtpx:hr>
          </gpxtpx:TrackPointExtension>
        </extensions>
      </trkpt>
      <trkpt lat="34.212291404314456" lon="108.83501351035166">
        <ele>408.5777428923175</ele>
        <time>2025-11-14T05:00:16.900000Z</time>
        <extensions>
          <gpxtpx:TrackPointExtension>
            <gpxtpx:hr>117</gpxtpx:hr>
          </gpxtpx:TrackPointExtension>
        </extensions>
      </trkpt>
      <trkpt lat="34.21229206299869" lon="108.83500214740869">
        <ele>408.7876326767728</ele>
        <time>2025-11-14T05:00:17.900000Z</time>
        <extensions>
          <gpxtpx:TrackPointExtension>
            <gpxtpx:hr>117</gpxtpx:hr>
          </gpxtpx:TrackPointExtension>
        </extensions>
      </trkpt>
      <trkpt lat="34.21229249943827" lon="108.83499118196535">
        <ele>408.98926278110594</ele>
        <time>2025-11-14T05:00:18.900000Z</time>
        <extensions>
          <gpxtpx:TrackPointExtension>
            <gpxtpx:hr>117</gpxtpx:hr>
          </gpxtpx:TrackPointExtension>
        </extensions>
      </trkpt>
      <trkpt lat="34.21229254074798" lon="108.83498171871189">
        <ele>409.141973647289</ele>
        <time>2025-11-14T05:00:19.900000Z</time>
        <extensions>
          <gpxtpx:TrackPointExtension>
            <gpxtpx:hr>117</gpxtpx:hr>
          </gpxtpx:TrackPointExtension>
        </extensions>
      </trkpt>
      <trkpt lat="34.21229280847253" lon="108.8349726425666">
        <ele>409.27258274238557</ele>
        <time>2025-11-14T05:00:20.900000Z</time>
        <extensions>
          <gpxtpx:TrackPointExtension>
            <gpxtpx:hr>117</gpxtpx:hr>
          </gpxtpx:TrackPointExtension>
        </extensions>
      </trkpt>
      <trkpt lat="34.21229351520253" lon="108.8349622128633">
        <ele>409.37745295185596</ele>
        <time>2025-11-14T05:00:21.900000Z</time>
        <extensions>
          <gpxtpx:TrackPointExtension>
            <gpxtpx:hr>116</gpxtpx:hr>
          </gpxtpx:TrackPointExtension>
        </extensions>
      </trkpt>
      <trkpt lat="34.21229477070304" lon="108.83494983892037">
        <ele>409.47941557783633</ele>
        <time>2025-11-14T05:00:22.900000Z</time>
        <extensions>
          <gpxtpx:TrackPointExtension>
            <gpxtpx:hr>116</gpxtpx:hr>
          </gpxtpx:TrackPointExtension>
        </extensions>
      </trkpt>
      <trkpt lat="34.21229697651583" lon="108.8349361529073">
        <ele>409.556269207038</ele>
        <time>2025-11-14T05:00:23.900000Z</time>
        <extensions>
          <gpxtpx:TrackPointExtension>
            <gpxtpx:hr>116</gpxtpx:hr>
          </gpxtpx:TrackPointExtension>
        </extensions>
      </trkpt>
      <trkpt lat="34.212299877718834" lon="108.83492312106294">
        <ele>409.6038492191583</ele>
        <time>2025-11-14T05:00:24.900000Z</time>
        <extensions>
          <gpxtpx:TrackPointExtension>
            <gpxtpx:hr>116</gpxtpx:hr>
          </gpxtpx:TrackPointExtension>
        </extensions>
      </trkpt>
      <trkpt lat="34.21230156814885" lon="108.83491152212622">
        <ele>409.611960102804</ele>
        <time>2025-11-14T05:00:25.900000Z</time>
        <extensions>
          <gpxtpx:TrackPointExtension>
            <gpxtpx:hr>116</gpxtpx:hr>
          </gpxtpx:TrackPointExtension>
        </extensions>
      </trkpt>
      <trkpt lat="34.2123008677043" lon="108.83489956750127">
        <ele>409.5984487105161</ele>
        <time>2025-11-14T05:00:26.900000Z</time>
        <extensions>
          <gpxtpx:TrackPointExtension>
            <gpxtpx:hr>115</gpxtpx:hr>
          </gpxtpx:TrackPointExtension>
        </extensions>
      </trkpt>
      <trkpt lat="34.21229880256809" lon="108.83488725600445">
        <ele>409.55844885576516</ele>
        <time>2025-11-14T05:00:27.900000Z</time>
        <extensions>
          <gpxtpx:TrackPointExtension>
            <gpxtpx:hr>115</gpxtpx:hr>
          </gpxtpx:TrackPointExtension>
        </extensions>
      </trkpt>
      <trkpt lat="34.21229656090309" lon="108.83487527560256">
        <ele>409.5005336571485</ele>
        <time>2025-11-14T05:00:28.900000Z</time>
        <extensions>
          <gpxtpx:TrackPointExtension>
            <gpxtpx:hr>115</gpxtpx:hr>
          </gpxtpx:TrackPointExtension>
        </extensions>
      </trkpt>
      <trkpt lat="34.21229469656986" lon="108.83486314310824">
        <ele>409.419329687953</ele>
        <time>2025-11-14T05:00:29.900000Z</time>
        <extensions>
          <gpxtpx:TrackPointExtension>
            <gpxtpx:hr>115</gpxtpx:hr>
          </gpxtpx:TrackPointExtension>
        </extensions>
      </trkpt>
      <trkpt lat="34.212293079977286" lon="108.83485063454732">
        <ele>409.33028316218406</ele>
        <time>2025-11-14T05:00:30.900000Z</time>
        <extensions>
          <gpxtpx:TrackPointExtension>
            <gpxtpx:hr>114</gpxtpx:hr>
          </gpxtpx:TrackPointExtension>
        </extensions>
      </trkpt>
      <trkpt lat="34.212291479926314" lon="108.83483739070985">
        <ele>409.23463396076113</ele>
        <time>2025-11-14T05:00:31.900000Z</time>
        <extensions>
          <gpxtpx:TrackPointExtension>
            <gpxtpx:hr>114</gpxtpx:hr>
          </gpxtpx:TrackPointExtension>
        </extensions>
      </trkpt>
      <trkpt lat="34.212289670316544" lon="108.83482249514132">
        <ele>409.1399807706475</ele>
        <time>2025-11-14T05:00:32.900000Z</time>
        <extensions>
          <gpxtpx:TrackPointExtension>
            <gpxtpx:hr>114</gpxtpx:hr>
          </gpxtpx:TrackPointExtension>
        </extensions>
      </trkpt>
      <trkpt lat="34.21228761253691" lon="108.8348060783001">
        <ele>409.03093776106834</ele>
        <time>2025-11-14T05:00:33.900000Z</time>
        <extensions>
          <gpxtpx:TrackPointExtension>
            <gpxtpx:hr>114</gpxtpx:hr>
          </gpxtpx:TrackPointExtension>
        </extensions>
      </trkpt>
      <trkpt lat="34.21228537861308" lon="108.83478899637686">
        <ele>408.91595958918333</ele>
        <time>2025-11-14T05:00:34.900000Z</time>
        <extensions>
          <gpxtpx:TrackPointExtension>
            <gpxtpx:hr>114</gpxtpx:hr>
          </gpxtpx:TrackPointExtension>
        </extensions>
      </trkpt>
      <trkpt lat="34.212283266046" lon="108.83477147360601">
        <ele>408.7850538380444</ele>
        <time>2025-11-14T05:00:35.900000Z</time>
        <extensions>
          <gpxtpx:TrackPointExtension>
            <gpxtpx:hr>114</gpxtpx:hr>
          </gpxtpx:TrackPointExtension>
        </extensions>
      </trkpt>
      <trkpt lat="34.21228149863453" lon="108.8347537803176">
        <ele>408.6386860059574</ele>
        <time>2025-11-14T05:00:36.900000Z</time>
        <extensions>
          <gpxtpx:TrackPointExtension>
            <gpxtpx:hr>114</gpxtpx:hr>
          </gpxtpx:TrackPointExtension>
        </extensions>
      </trkpt>
      <trkpt lat="34.21228036917361" lon="108.834736135171">
        <ele>408.5167814036831</ele>
        <time>2025-11-14T05:00:37.900000Z</time>
        <extensions>
          <gpxtpx:TrackPointExtension>
            <gpxtpx:hr>114</gpxtpx:hr>
          </gpxtpx:TrackPointExtension>
        </extensions>
      </trkpt>
      <trkpt lat="34.212280006184976" lon="108.83471944445935">
        <ele>408.4091719146818</ele>
        <time>2025-11-14T05:00:38.900000Z</time>
        <extensions>
          <gpxtpx:TrackPointExtension>
            <gpxtpx:hr>115</gpxtpx:hr>
          </gpxtpx:TrackPointExtension>
        </extensions>
      </trkpt>
      <trkpt lat="34.21227979694034" lon="108.83470302867723">
        <ele>408.29397617001086</ele>
        <time>2025-11-14T05:00:39.900000Z</time>
        <extensions>
          <gpxtpx:TrackPointExtension>
            <gpxtpx:hr>115</gpxtpx:hr>
          </gpxtpx:TrackPointExtension>
        </extensions>
      </trkpt>
      <trkpt lat="34.212279443021735" lon="108.83468587593825">
        <ele>408.1871711621061</ele>
        <time>2025-11-14T05:00:40.900000Z</time>
        <extensions>
          <gpxtpx:TrackPointExtension>
            <gpxtpx:hr>115</gpxtpx:hr>
          </gpxtpx:TrackPointExtension>
        </extensions>
      </trkpt>
      <trkpt lat="34.2122788696744" lon="108.83466875771201">
        <ele>408.07772296946496</ele>
        <time>2025-11-14T05:00:41.900000Z</time>
        <extensions>
          <gpxtpx:TrackPointExtension>
            <gpxtpx:hr>115</gpxtpx:hr>
          </gpxtpx:TrackPointExtension>
        </extensions>
      </trkpt>
      <trkpt lat="34.21227842926858" lon="108.83465156140234">
        <ele>407.96691855601966</ele>
        <time>2025-11-14T05:00:42.900000Z</time>
        <extensions>
          <gpxtpx:TrackPointExtension>
            <gpxtpx:hr>115</gpxtpx:hr>
          </gpxtpx:TrackPointExtension>
        </extensions>
      </trkpt>
      <trkpt lat="34.212278194951445" lon="108.83463438502366">
        <ele>407.84080543741584</ele>
        <time>2025-11-14T05:00:43.900000Z</time>
        <extensions>
          <gpxtpx:TrackPointExtension>
            <gpxtpx:hr>115</gpxtpx:hr>
          </gpxtpx:TrackPointExtension>
        </extensions>
      </trkpt>
      <trkpt lat="34.2122775279034" lon="108.83461826752992">
        <ele>407.71315367892385</ele>
        <time>2025-11-14T05:00:44.900000Z</time>
        <extensions>
          <gpxtpx:TrackPointExtension>
            <gpxtpx:hr>115</gpxtpx:hr>
          </gpxtpx:TrackPointExtension>
        </extensions>
      </trkpt>
      <trkpt lat="34.212276072348146" lon="108.83460193459479">
        <ele>407.57161923963577</ele>
        <time>2025-11-14T05:00:45.900000Z</time>
        <extensions>
          <gpxtpx:TrackPointExtension>
            <gpxtpx:hr>115</gpxtpx:hr>
          </gpxtpx:TrackPointExtension>
        </extensions>
      </trkpt>
      <trkpt lat="34.21227375804967" lon="108.83458480414046">
        <ele>407.4201784254983</ele>
        <time>2025-11-14T05:00:46.900000Z</time>
        <extensions>
          <gpxtpx:TrackPointExtension>
            <gpxtpx:hr>115</gpxtpx:hr>
          </gpxtpx:TrackPointExtension>
        </extensions>
      </trkpt>
      <trkpt lat="34.212270355519586" lon="108.83456783557017">
        <ele>407.27281207125634</ele>
        <time>2025-11-14T05:00:47.900000Z</time>
        <extensions>
          <gpxtpx:TrackPointExtension>
            <gpxtpx:hr>115</gpxtpx:hr>
          </gpxtpx:TrackPointExtension>
        </extensions>
      </trkpt>
      <trkpt lat="34.21226603856266" lon="108.83455045472013">
        <ele>407.13692113384604</ele>
        <time>2025-11-14T05:00:48.900000Z</time>
        <extensions>
          <gpxtpx:TrackPointExtension>
            <gpxtpx:hr>115</gpxtpx:hr>
          </gpxtpx:TrackPointExtension>
        </extensions>
      </trkpt>
      <trkpt lat="34.212262061746834" lon="108.83453379468762">
        <ele>407.009415300563</ele>
        <time>2025-11-14T05:00:49.900000Z</time>
        <extensions>
          <gpxtpx:TrackPointExtension>
            <gpxtpx:hr>115</gpxtpx:hr>
          </gpxtpx:TrackPointExtension>
        </extensions>
      </trkpt>
      <trkpt lat="34.21225939713101" lon="108.8345167374922">
        <ele>406.8964363122359</ele>
        <time>2025-11-14T05:00:50.900000Z</time>
        <extensions>
          <gpxtpx:TrackPointExtension>
            <gpxtpx:hr>115</gpxtpx:hr>
          </gpxtpx:TrackPointExtension>
        </extensions>
      </trkpt>
      <trkpt lat="34.21225795310837" lon="108.8344966871002">
        <ele>406.78455229010433</ele>
        <time>2025-11-14T05:00:51.900000Z</time>
        <extensions>
          <gpxtpx:TrackPointExtension>
            <gpxtpx:hr>115</gpxtpx:hr>
          </gpxtpx:TrackPointExtension>
        </extensions>
      </trkpt>
      <trkpt lat="34.2122574437806" lon="108.83447541679638">
        <ele>406.68756115902215</ele>
        <time>2025-11-14T05:00:52.900000Z</time>
        <extensions>
          <gpxtpx:TrackPointExtension>
            <gpxtpx:hr>115</gpxtpx:hr>
          </gpxtpx:TrackPointExtension>
        </extensions>
      </trkpt>
      <trkpt lat="34.21225800928203" lon="108.83445421860475">
        <ele>406.59961683955044</ele>
        <time>2025-11-14T05:00:53.900000Z</time>
        <extensions>
          <gpxtpx:TrackPointExtension>
            <gpxtpx:hr>115</gpxtpx:hr>
          </gpxtpx:TrackPointExtension>
        </extensions>
      </trkpt>
      <trkpt lat="34.212259746328286" lon="108.83443482055002">
        <ele>406.51005617901683</ele>
        <time>2025-11-14T05:00:54.900000Z</time>
        <extensions>
          <gpxtpx:TrackPointExtension>
            <gpxtpx:hr>113</gpxtpx:hr>
          </gpxtpx:TrackPointExtension>
        </extensions>
      </trkpt>
      <trkpt lat="34.21226240982577" lon="108.83441708793833">
        <ele>406.43153534736484</ele>
        <time>2025-11-14T05:00:55.900000Z</time>
        <extensions>
          <gpxtpx:TrackPointExtension>
            <gpxtpx:hr>113</gpxtpx:hr>
          </gpxtpx:TrackPointExtension>
        </extensions>
      </trkpt>
      <trkpt lat="34.212265755712465" lon="108.83439998849757">
        <ele>406.3682740377262</ele>
        <time>2025-11-14T05:00:56.900000Z</time>
        <extensions>
          <gpxtpx:TrackPointExtension>
            <gpxtpx:hr>113</gpxtpx:hr>
          </gpxtpx:TrackPointExtension>
        </extensions>
      </trkpt>
      <trkpt lat="34.212269471371016" lon="108.83438317715233">
        <ele>406.3138663265854</ele>
        <time>2025-11-14T05:00:57.900000Z</time>
        <extensions>
          <gpxtpx:TrackPointExtension>
            <gpxtpx:hr>113</gpxtpx:hr>
          </gpxtpx:TrackPointExtension>
        </extensions>
      </trkpt>
      <trkpt lat="34.212273520479926" lon="108.83436601724885">
        <ele>406.2676499625668</ele>
        <time>2025-11-14T05:00:58.900000Z</time>
        <extensions>
          <gpxtpx:TrackPointExtension>
            <gpxtpx:hr>113</gpxtpx:hr>
          </gpxtpx:TrackPointExtension>
        </extensions>
      </trkpt>
      <trkpt lat="34.212277597339195" lon="108.83434902630653">
        <ele>406.22852382063866</ele>
        <time>2025-11-14T05:00:59.900000Z</time>
        <extensions>
          <gpxtpx:TrackPointExtension>
            <gpxtpx:hr>115</gpxtpx:hr>
          </gpxtpx:TrackPointExtension>
        </extensions>
      </trkpt>
      <trkpt lat="34.212281542973265" lon="108.8343324334815">
        <ele>406.1886307923123</ele>
        <time>2025-11-14T05:01:00.900000Z</time>
        <extensions>
          <gpxtpx:TrackPointExtension>
            <gpxtpx:hr>115</gpxtpx:hr>
          </gpxtpx:TrackPointExtension>
        </extensions>
      </trkpt>
      <trkpt lat="34.212285631512835" lon="108.83431577071971">
        <ele>406.1524833375588</ele>
        <time>2025-11-14T05:01:01.900000Z</time>
        <extensions>
          <gpxtpx:TrackPointExtension>
            <gpxtpx:hr>115</gpxtpx:hr>
          </gpxtpx:TrackPointExtension>
        </extensions>
      </trkpt>
      <trkpt lat="34.21228979402287" lon="108.83429967188235">
        <ele>406.107843962498</ele>
        <time>2025-11-14T05:01:02.900000Z</time>
        <extensions>
          <gpxtpx:TrackPointExtension>
            <gpxtpx:hr>115</gpxtpx:hr>
          </gpxtpx:TrackPointExtension>
        </extensions>
      </trkpt>
      <trkpt lat="34.21229362566876" lon="108.83428325448098">
        <ele>406.0700412010774</ele>
        <time>2025-11-14T05:01:03.900000Z</time>
        <extensions>
          <gpxtpx:TrackPointExtension>
            <gpxtpx:hr>115</gpxtpx:hr>
          </gpxtpx:TrackPointExtension>
        </extensions>
      </trkpt>
      <trkpt lat="34.212296831796124" lon="108.83426586051762">
        <ele>406.0393320247531</ele>
        <time>2025-11-14T05:01:04.900000Z</time>
        <extensions>
          <gpxtpx:TrackPointExtension>
            <gpxtpx:hr>116</gpxtpx:hr>
          </gpxtpx:TrackPointExtension>
        </extensions>
      </trkpt>
      <trkpt lat="34.21229946357187" lon="108.83424825559791">
        <ele>406.0094806952402</ele>
        <time>2025-11-14T05:01:05.900000Z</time>
        <extensions>
          <gpxtpx:TrackPointExtension>
            <gpxtpx:hr>116</gpxtpx:hr>
          </gpxtpx:TrackPointExtension>
        </extensions>
      </trkpt>
      <trkpt lat="34.212301623600695" lon="108.83423123790453">
        <ele>405.9733987087384</ele>
        <time>2025-11-14T05:01:06.900000Z</time>
        <extensions>
          <gpxtpx:TrackPointExtension>
            <gpxtpx:hr>116</gpxtpx:hr>
          </gpxtpx:TrackPointExtension>
        </extensions>
      </trkpt>
      <trkpt lat="34.2123032869711" lon="108.83421499908927">
        <ele>405.91620092839</ele>
        <time>2025-11-14T05:01:07.900000Z</time>
        <extensions>
          <gpxtpx:TrackPointExtension>
            <gpxtpx:hr>116</gpxtpx:hr>
          </gpxtpx:TrackPointExtension>
        </extensions>
      </trkpt>
      <trkpt lat="34.21230487207712" lon="108.83419945372617">
        <ele>405.8506067870185</ele>
        <time>2025-11-14T05:01:08.900000Z</time>
        <extensions>
          <gpxtpx:TrackPointExtension>
            <gpxtpx:hr>116</gpxtpx:hr>
          </gpxtpx:TrackPointExtension>
        </extensions>
      </trkpt>
      <trkpt lat="34.21230669889025" lon="108.8341842560594">
        <ele>405.7732088929042</ele>
        <time>2025-11-14T05:01:09.900000Z</time>
        <extensions>
          <gpxtpx:TrackPointExtension>
            <gpxtpx:hr>116</gpxtpx:hr>
          </gpxtpx:TrackPointExtension>
        </extensions>
      </trkpt>
      <trkpt lat="34.21230827301191" lon="108.83416815470903">
        <ele>405.6889061136171</ele>
        <time>2025-11-14T05:01:10.900000Z</time>
        <extensions>
          <gpxtpx:TrackPointExtension>
            <gpxtpx:hr>116</gpxtpx:hr>
          </gpxtpx:TrackPointExtension>
        </extensions>
      </trkpt>
      <trkpt lat="34.2123093882243" lon="108.83415115678017">
        <ele>405.60824313014746</ele>
        <time>2025-11-14T05:01:11.900000Z</time>
        <extensions>
          <gpxtpx:TrackPointExtension>
            <gpxtpx:hr>116</gpxtpx:hr>
          </gpxtpx:TrackPointExtension>
        </extensions>
      </trkpt>
      <trkpt lat="34.21231003216932" lon="108.83413441471687">
        <ele>405.5225425316021</ele>
        <time>2025-11-14T05:01:12.900000Z</time>
        <extensions>
          <gpxtpx:TrackPointExtension>
            <gpxtpx:hr>115</gpxtpx:hr>
          </gpxtpx:TrackPointExtension>
        </extensions>
      </trkpt>
      <trkpt lat="34.2123105322791" lon="108.83411839623315">
        <ele>405.4227685360238</ele>
        <time>2025-11-14T05:01:13.900000Z</time>
        <extensions>
          <gpxtpx:TrackPointExtension>
            <gpxtpx:hr>115</gpxtpx:hr>
          </gpxtpx:TrackPointExtension>
        </extensions>
      </trkpt>
      <trkpt lat="34.21231116441271" lon="108.83410371415684">
        <ele>405.31002588383853</ele>
        <time>2025-11-14T05:01:14.900000Z</time>
        <extensions>
          <gpxtpx:TrackPointExtension>
            <gpxtpx:hr>115</gpxtpx:hr>
          </gpxtpx:TrackPointExtension>
        </extensions>
      </trkpt>
      <trkpt lat="34.21231223048972" lon="108.83409054276719">
        <ele>405.21729052159935</ele>
        <time>2025-11-14T05:01:15.900000Z</time>
        <extensions>
          <gpxtpx:TrackPointExtension>
            <gpxtpx:hr>115</gpxtpx:hr>
          </gpxtpx:TrackPointExtension>
        </extensions>
      </trkpt>
      <trkpt lat="34.212314121235835" lon="108.8340784759692">
        <ele>405.1116825900972</ele>
        <time>2025-11-14T05:01:16.900000Z</time>
        <extensions>
          <gpxtpx:TrackPointExtension>
            <gpxtpx:hr>115</gpxtpx:hr>
          </gpxtpx:TrackPointExtension>
        </extensions>
      </trkpt>
      <trkpt lat="34.21231731704095" lon="108.83406814488018">
        <ele>404.99991506990045</ele>
        <time>2025-11-14T05:01:17.900000Z</time>
        <extensions>
          <gpxtpx:TrackPointExtension>
            <gpxtpx:hr>115</gpxtpx:hr>
          </gpxtpx:TrackPointExtension>
        </extensions>
      </trkpt>
      <trkpt lat="34.21232168886546" lon="108.83405865467687">
        <ele>404.8801265079528</ele>
        <time>2025-11-14T05:01:18.900000Z</time>
        <extensions>
          <gpxtpx:TrackPointExtension>
            <gpxtpx:hr>115</gpxtpx:hr>
          </gpxtpx:TrackPointExtension>
        </extensions>
      </trkpt>
      <trkpt lat="34.21232628110612" lon="108.83404868834393">
        <ele>404.76382005400956</ele>
        <time>2025-11-14T05:01:19.900000Z</time>
        <extensions>
          <gpxtpx:TrackPointExtension>
            <gpxtpx:hr>116</gpxtpx:hr>
          </gpxtpx:TrackPointExtension>
        </extensions>
      </trkpt>
      <trkpt lat="34.21233049361804" lon="108.83403837147179">
        <ele>404.65135247819126</ele>
        <time>2025-11-14T05:01:20.900000Z</time>
        <extensions>
          <gpxtpx:TrackPointExtension>
            <gpxtpx:hr>116</gpxtpx:hr>
          </gpxtpx:TrackPointExtension>
        </extensions>
      </trkpt>
      <trkpt lat="34.21233420889126" lon="108.8340279969844">
        <ele>404.5423761373386</ele>
        <time>2025-11-14T05:01:21.900000Z</time>
        <extensions>
          <gpxtpx:TrackPointExtension>
            <gpxtpx:hr>116</gpxtpx:hr>
          </gpxtpx:TrackPointExtension>
        </extensions>
      </trkpt>
      <trkpt lat="34.21233736585557" lon="108.83401777361773">
        <ele>404.43493221048266</ele>
        <time>2025-11-14T05:01:22.900000Z</time>
        <extensions>
          <gpxtpx:TrackPointExtension>
            <gpxtpx:hr>116</gpxtpx:hr>
          </gpxtpx:TrackPointExtension>
        </extensions>
      </trkpt>
      <trkpt lat="34.21233995600712" lon="108.83400765027804">
        <ele>404.3233299795538</ele>
        <time>2025-11-14T05:01:23.900000Z</time>
        <extensions>
          <gpxtpx:TrackPointExtension>
            <gpxtpx:hr>116</gpxtpx:hr>
          </gpxtpx:TrackPointExtension>
        </extensions>
      </trkpt>
      <trkpt lat="34.21234189893242" lon="108.8339978065754">
        <ele>404.2025135848671</ele>
        <time>2025-11-14T05:01:24.900000Z</time>
        <extensions>
          <gpxtpx:TrackPointExtension>
            <gpxtpx:hr>116</gpxtpx:hr>
          </gpxtpx:TrackPointExtension>
        </extensions>
      </trkpt>
      <trkpt lat="34.21234307271818" lon="108.83398843315767">
        <ele>404.08561284281313</ele>
        <time>2025-11-14T05:01:25.900000Z</time>
        <extensions>
          <gpxtpx:TrackPointExtension>
            <gpxtpx:hr>116</gpxtpx:hr>
          </gpxtpx:TrackPointExtension>
        </extensions>
      </trkpt>
      <trkpt lat="34.212343345851274" lon="108.83397994485215">
        <ele>403.9719987530261</ele>
        <time>2025-11-14T05:01:26.900000Z</time>
        <extensions>
          <gpxtpx:TrackPointExtension>
            <gpxtpx:hr>116</gpxtpx:hr>
          </gpxtpx:TrackPointExtension>
        </extensions>
      </trkpt>
      <trkpt lat="34.21234267053034" lon="108.83397277518958">
        <ele>403.8677827408537</ele>
        <time>2025-11-14T05:01:27.900000Z</time>
        <extensions>
          <gpxtpx:TrackPointExtension>
            <gpxtpx:hr>117</gpxtpx:hr>
          </gpxtpx:TrackPointExtension>
        </extensions>
      </trkpt>
      <trkpt lat="34.21234135120031" lon="108.83396655218698">
        <ele>403.7622846532613</ele>
        <time>2025-11-14T05:01:28.900000Z</time>
        <extensions>
          <gpxtpx:TrackPointExtension>
            <gpxtpx:hr>117</gpxtpx:hr>
          </gpxtpx:TrackPointExtension>
        </extensions>
      </trkpt>
      <trkpt lat="34.21233952757601" lon="108.83396092470836">
        <ele>403.64857937023044</ele>
        <time>2025-11-14T05:01:29.900000Z</time>
        <extensions>
          <gpxtpx:TrackPointExtension>
            <gpxtpx:hr>117</gpxtpx:hr>
          </gpxtpx:TrackPointExtension>
        </extensions>
      </trkpt>
      <trkpt lat="34.21233734953254" lon="108.83395595449335">
        <ele>403.56116420123726</ele>
        <time>2025-11-14T05:01:30.900000Z</time>
        <extensions>
          <gpxtpx:TrackPointExtension>
            <gpxtpx:hr>117</gpxtpx:hr>
          </gpxtpx:TrackPointExtension>
        </extensions>
      </trkpt>
      <trkpt lat="34.21233507601615" lon="108.8339520870459">
        <ele>403.48430617246777</ele>
        <time>2025-11-14T05:01:31.900000Z</time>
        <extensions>
          <gpxtpx:TrackPointExtension>
            <gpxtpx:hr>117</gpxtpx:hr>
          </gpxtpx:TrackPointExtension>
        </extensions>
      </trkpt>
      <trkpt lat="34.21233273384052" lon="108.83394944785684">
        <ele>403.4108121851459</ele>
        <time>2025-11-14T05:01:32.900000Z</time>
        <extensions>
          <gpxtpx:TrackPointExtension>
            <gpxtpx:hr>117</gpxtpx:hr>
          </gpxtpx:TrackPointExtension>
        </extensions>
      </trkpt>
      <trkpt lat="34.212330150488974" lon="108.8339472749126">
        <ele>403.3270916091278</ele>
        <time>2025-11-14T05:01:33.900000Z</time>
        <extensions>
          <gpxtpx:TrackPointExtension>
            <gpxtpx:hr>117</gpxtpx:hr>
          </gpxtpx:TrackPointExtension>
        </extensions>
      </trkpt>
      <trkpt lat="34.2123270654537" lon="108.83394527537894">
        <ele>403.2692987853661</ele>
        <time>2025-11-14T05:01:34.900000Z</time>
        <extensions>
          <gpxtpx:TrackPointExtension>
            <gpxtpx:hr>117</gpxtpx:hr>
          </gpxtpx:TrackPointExtension>
        </extensions>
      </trkpt>
      <trkpt lat="34.21232398369202" lon="108.83394275908707">
        <ele>403.22349791415036</ele>
        <time>2025-11-14T05:01:35.900000Z</time>
        <extensions>
          <gpxtpx:TrackPointExtension>
            <gpxtpx:hr>117</gpxtpx:hr>
          </gpxtpx:TrackPointExtension>
        </extensions>
      </trkpt>
      <trkpt lat="34.212321120292835" lon="108.83393856737041">
        <ele>403.19892293494195</ele>
        <time>2025-11-14T05:01:36.900000Z</time>
        <extensions>
          <gpxtpx:TrackPointExtension>
            <gpxtpx:hr>117</gpxtpx:hr>
          </gpxtpx:TrackPointExtension>
        </extensions>
      </trkpt>
      <trkpt lat="34.21231807055978" lon="108.83393275061486">
        <ele>403.1854061316699</ele>
        <time>2025-11-14T05:01:37.900000Z</time>
        <extensions>
          <gpxtpx:TrackPointExtension>
            <gpxtpx:hr>115</gpxtpx:hr>
          </gpxtpx:TrackPointExtension>
        </extensions>
      </trkpt>
      <trkpt lat="34.21231504268045" lon="108.83392537180684">
        <ele>403.2044723974541</ele>
        <time>2025-11-14T05:01:38.900000Z</time>
        <extensions>
          <gpxtpx:TrackPointExtension>
            <gpxtpx:hr>115</gpxtpx:hr>
          </gpxtpx:TrackPointExtension>
        </extensions>
      </trkpt>
      <trkpt lat="34.2123119469934" lon="108.83391645562139">
        <ele>403.2449331060052</ele>
        <time>2025-11-14T05:01:39.900000Z</time>
        <extensions>
          <gpxtpx:TrackPointExtension>
            <gpxtpx:hr>115</gpxtpx:hr>
          </gpxtpx:TrackPointExtension>
        </extensions>
      </trkpt>
      <trkpt lat="34.2123088008671" lon="108.83390587131203">
        <ele>403.3078820258379</ele>
        <time>2025-11-14T05:01:40.900000Z</time>
        <extensions>
          <gpxtpx:TrackPointExtension>
            <gpxtpx:hr>115</gpxtpx:hr>
          </gpxtpx:TrackPointExtension>
        </extensions>
      </trkpt>
      <trkpt lat="34.2123058430749" lon="108.83389268275245">
        <ele>403.405902530998</ele>
        <time>2025-11-14T05:01:41.900000Z</time>
        <extensions>
          <gpxtpx:TrackPointExtension>
            <gpxtpx:hr>115</gpxtpx:hr>
          </gpxtpx:TrackPointExtension>
        </extensions>
      </trkpt>
      <trkpt lat="34.21230311407732" lon="108.83387629399937">
        <ele>403.54234992899</ele>
        <time>2025-11-14T05:01:42.900000Z</time>
        <extensions>
          <gpxtpx:TrackPointExtension>
            <gpxtpx:hr>115</gpxtpx:hr>
          </gpxtpx:TrackPointExtension>
        </extensions>
      </trkpt>
      <trkpt lat="34.21230077023176" lon="108.8338573238432">
        <ele>403.6866612676531</ele>
        <time>2025-11-14T05:01:43.900000Z</time>
        <extensions>
          <gpxtpx:TrackPointExtension>
            <gpxtpx:hr>116</gpxtpx:hr>
          </gpxtpx:TrackPointExtension>
        </extensions>
      </trkpt>
      <trkpt lat="34.212299005475984" lon="108.83383679758533">
        <ele>403.8423463217914</ele>
        <time>2025-11-14T05:01:44.900000Z</time>
        <extensions>
          <gpxtpx:TrackPointExtension>
            <gpxtpx:hr>116</gpxtpx:hr>
          </gpxtpx:TrackPointExtension>
        </extensions>
      </trkpt>
      <trkpt lat="34.21229748404399" lon="108.83381521322372">
        <ele>404.0128366407007</ele>
        <time>2025-11-14T05:01:45.900000Z</time>
        <extensions>
          <gpxtpx:TrackPointExtension>
            <gpxtpx:hr>116</gpxtpx:hr>
          </gpxtpx:TrackPointExtension>
        </extensions>
      </trkpt>
      <trkpt lat="34.21229592614646" lon="108.83379218495588">
        <ele>404.18419995345175</ele>
        <time>2025-11-14T05:01:46.900000Z</time>
        <extensions>
          <gpxtpx:TrackPointExtension>
            <gpxtpx:hr>116</gpxtpx:hr>
          </gpxtpx:TrackPointExtension>
        </extensions>
      </trkpt>
      <trkpt lat="34.21229437133094" lon="108.83376800309239">
        <ele>404.3610726678744</ele>
        <time>2025-11-14T05:01:47.900000Z</time>
        <extensions>
          <gpxtpx:TrackPointExtension>
            <gpxtpx:hr>116</gpxtpx:hr>
          </gpxtpx:TrackPointExtension>
        </extensions>
      </trkpt>
      <trkpt lat="34.21229281730768" lon="108.83374284624455">
        <ele>404.5299740154296</ele>
        <time>2025-11-14T05:01:48.900000Z</time>
        <extensions>
          <gpxtpx:TrackPointExtension>
            <gpxtpx:hr>116</gpxtpx:hr>
          </gpxtpx:TrackPointExtension>
        </extensions>
      </trkpt>
      <trkpt lat="34.21229138801051" lon="108.83371725504833">
        <ele>404.6886413823813</ele>
        <time>2025-11-14T05:01:49.900000Z</time>
        <extensions>
          <gpxtpx:TrackPointExtension>
            <gpxtpx:hr>116</gpxtpx:hr>
          </gpxtpx:TrackPointExtension>
        </extensions>
      </trkpt>
      <trkpt lat="34.21229043971231" lon="108.83369097905458">
        <ele>404.8508971594274</ele>
        <time>2025-11-14T05:01:50.900000Z</time>
        <extensions>
          <gpxtpx:TrackPointExtension>
            <gpxtpx:hr>115</gpxtpx:hr>
          </gpxtpx:TrackPointExtension>
        </extensions>
      </trkpt>
      <trkpt lat="34.21229024742037" lon="108.83366368617199">
        <ele>404.9957515578717</ele>
        <time>2025-11-14T05:01:51.900000Z</time>
        <extensions>
          <gpxtpx:TrackPointExtension>
            <gpxtpx:hr>115</gpxtpx:hr>
          </gpxtpx:TrackPointExtension>
        </extensions>
      </trkpt>
      <trkpt lat="34.21229058831633" lon="108.83363511237647">
        <ele>405.1479942770675</ele>
        <time>2025-11-14T05:01:52.900000Z</time>
        <extensions>
          <gpxtpx:TrackPointExtension>
            <gpxtpx:hr>115</gpxtpx:hr>
          </gpxtpx:TrackPointExtension>
        </extensions>
      </trkpt>
      <trkpt lat="34.21229111904148" lon="108.83360632131195">
        <ele>405.2893199212849</ele>
        <time>2025-11-14T05:01:53.900000Z</time>
        <extensions>
          <gpxtpx:TrackPointExtension>
            <gpxtpx:hr>115</gpxtpx:hr>
          </gpxtpx:TrackPointExtension>
        </extensions>
      </trkpt>
      <trkpt lat="34.21229161087096" lon="108.83357843928151">
        <ele>405.3998264307156</ele>
        <time>2025-11-14T05:01:54.900000Z</time>
        <extensions>
          <gpxtpx:TrackPointExtension>
            <gpxtpx:hr>115</gpxtpx:hr>
          </gpxtpx:TrackPointExtension>
        </extensions>
      </trkpt>
      <trkpt lat="34.21229187158402" lon="108.83355146517293">
        <ele>405.4999570604414</ele>
        <time>2025-11-14T05:01:55.900000Z</time>
        <extensions>
          <gpxtpx:TrackPointExtension>
            <gpxtpx:hr>115</gpxtpx:hr>
          </gpxtpx:TrackPointExtension>
        </extensions>
      </trkpt>
      <trkpt lat="34.21229171899066" lon="108.83352546375512">
        <ele>405.57198773883283</ele>
        <time>2025-11-14T05:01:56.900000Z</time>
        <extensions>
          <gpxtpx:TrackPointExtension>
            <gpxtpx:hr>114</gpxtpx:hr>
          </gpxtpx:TrackPointExtension>
        </extensions>
      </trkpt>
      <trkpt lat="34.212291595484395" lon="108.83350098451082">
        <ele>405.62615392915905</ele>
        <time>2025-11-14T05:01:57.900000Z</time>
        <extensions>
          <gpxtpx:TrackPointExtension>
            <gpxtpx:hr>114</gpxtpx:hr>
          </gpxtpx:TrackPointExtension>
        </extensions>
      </trkpt>
      <trkpt lat="34.21229191476769" lon="108.83347799240097">
        <ele>405.64760543126613</ele>
        <time>2025-11-14T05:01:58.900000Z</time>
        <extensions>
          <gpxtpx:TrackPointExtension>
            <gpxtpx:hr>114</gpxtpx:hr>
          </gpxtpx:TrackPointExtension>
        </extensions>
      </trkpt>
      <trkpt lat="34.21229280548001" lon="108.83345590308173">
        <ele>405.64111110568047</ele>
        <time>2025-11-14T05:01:59.900000Z</time>
        <extensions>
          <gpxtpx:TrackPointExtension>
            <gpxtpx:hr>113</gpxtpx:hr>
          </gpxtpx:TrackPointExtension>
        </extensions>
      </trkpt>
      <trkpt lat="34.21229398854001" lon="108.8334344017049">
        <ele>405.62713866494596</ele>
        <time>2025-11-14T05:02:00.900000Z</time>
        <extensions>
          <gpxtpx:TrackPointExtension>
            <gpxtpx:hr>113</gpxtpx:hr>
          </gpxtpx:TrackPointExtension>
        </extensions>
      </trkpt>
      <trkpt lat="34.212295099213044" lon="108.83341325418145">
        <ele>405.607509390451</ele>
        <time>2025-11-14T05:02:01.900000Z</time>
        <extensions>
          <gpxtpx:TrackPointExtension>
            <gpxtpx:hr>113</gpxtpx:hr>
          </gpxtpx:TrackPointExtension>
        </extensions>
      </trkpt>
      <trkpt lat="34.212295814774606" lon="108.83339223012155">
        <ele>405.57419668883085</ele>
        <time>2025-11-14T05:02:02.900000Z</time>
        <extensions>
          <gpxtpx:TrackPointExtension>
            <gpxtpx:hr>113</gpxtpx:hr>
          </gpxtpx:TrackPointExtension>
        </extensions>
      </trkpt>
      <trkpt lat="34.21229606722119" lon="108.83337134703144">
        <ele>405.5195085052401</ele>
        <time>2025-11-14T05:02:03.900000Z</time>
        <extensions>
          <gpxtpx:TrackPointExtension>
            <gpxtpx:hr>113</gpxtpx:hr>
          </gpxtpx:TrackPointExtension>
        </extensions>
      </trkpt>
      <trkpt lat="34.21229609540101" lon="108.8333505921348">
        <ele>405.45778892189264</ele>
        <time>2025-11-14T05:02:04.900000Z</time>
        <extensions>
          <gpxtpx:TrackPointExtension>
            <gpxtpx:hr>112</gpxtpx:hr>
          </gpxtpx:TrackPointExtension>
        </extensions>
      </trkpt>
      <trkpt lat="34.21229587635952" lon="108.83332987805962">
        <ele>405.37841129954904</ele>
        <time>2025-11-14T05:02:05.900000Z</time>
        <extensions>
          <gpxtpx:TrackPointExtension>
            <gpxtpx:hr>112</gpxtpx:hr>
          </gpxtpx:TrackPointExtension>
        </extensions>
      </trkpt>
      <trkpt lat="34.21229544288057" lon="108.8333116800122">
        <ele>405.2869860427454</ele>
        <time>2025-11-14T05:02:06.900000Z</time>
        <extensions>
          <gpxtpx:TrackPointExtension>
            <gpxtpx:hr>112</gpxtpx:hr>
          </gpxtpx:TrackPointExtension>
        </extensions>
      </trkpt>
      <trkpt lat="34.212295058340324" lon="108.83329483480085">
        <ele>405.19403081946075</ele>
        <time>2025-11-14T05:02:07.900000Z</time>
        <extensions>
          <gpxtpx:TrackPointExtension>
            <gpxtpx:hr>112</gpxtpx:hr>
          </gpxtpx:TrackPointExtension>
        </extensions>
      </trkpt>
      <trkpt lat="34.212294761712954" lon="108.83327700641145">
        <ele>405.09746963344514</ele>
        <time>2025-11-14T05:02:08.900000Z</time>
        <extensions>
          <gpxtpx:TrackPointExtension>
            <gpxtpx:hr>112</gpxtpx:hr>
          </gpxtpx:TrackPointExtension>
        </extensions>
      </trkpt>
      <trkpt lat="34.21229428923087" lon="108.83325893314736">
        <ele>404.9973926162347</ele>
        <time>2025-11-14T05:02:09.900000Z</time>
        <extensions>
          <gpxtpx:TrackPointExtension>
            <gpxtpx:hr>112</gpxtpx:hr>
          </gpxtpx:TrackPointExtension>
        </extensions>
      </trkpt>
      <trkpt lat="34.21229333468322" lon="108.83324047501267">
        <ele>404.9039936577901</ele>
        <time>2025-11-14T05:02:10.900000Z</time>
        <extensions>
          <gpxtpx:TrackPointExtension>
            <gpxtpx:hr>113</gpxtpx:hr>
          </gpxtpx:TrackPointExtension>
        </extensions>
      </trkpt>
      <trkpt lat="34.21229186786657" lon="108.83322200206042">
        <ele>404.8087074207142</ele>
        <time>2025-11-14T05:02:11.900000Z</time>
        <extensions>
          <gpxtpx:TrackPointExtension>
            <gpxtpx:hr>113</gpxtpx:hr>
          </gpxtpx:TrackPointExtension>
        </extensions>
      </trkpt>
      <trkpt lat="34.21229003077577" lon="108.83320409564793">
        <ele>404.719404338859</ele>
        <time>2025-11-14T05:02:12.900000Z</time>
        <extensions>
          <gpxtpx:TrackPointExtension>
            <gpxtpx:hr>113</gpxtpx:hr>
          </gpxtpx:TrackPointExtension>
        </extensions>
      </trkpt>
      <trkpt lat="34.21228809239419" lon="108.83318680439538">
        <ele>404.6402679402381</ele>
        <time>2025-11-14T05:02:13.900000Z</time>
        <extensions>
          <gpxtpx:TrackPointExtension>
            <gpxtpx:hr>113</gpxtpx:hr>
          </gpxtpx:TrackPointExtension>
        </extensions>
      </trkpt>
      <trkpt lat="34.21228654096725" lon="108.8331700508033">
        <ele>404.5697264028713</ele>
        <time>2025-11-14T05:02:14.900000Z</time>
        <extensions>
          <gpxtpx:TrackPointExtension>
            <gpxtpx:hr>113</gpxtpx:hr>
          </gpxtpx:TrackPointExtension>
        </extensions>
      </trkpt>
      <trkpt lat="34.21228557515326" lon="108.83315353643766">
        <ele>404.5035593835637</ele>
        <time>2025-11-14T05:02:15.900000Z</time>
        <extensions>
          <gpxtpx:TrackPointExtension>
            <gpxtpx:hr>113</gpxtpx:hr>
          </gpxtpx:TrackPointExtension>
        </extensions>
      </trkpt>
      <trkpt lat="34.21228499344704" lon="108.83313676003574">
        <ele>404.45568307861686</ele>
        <time>2025-11-14T05:02:16.900000Z</time>
        <extensions>
          <gpxtpx:TrackPointExtension>
            <gpxtpx:hr>113</gpxtpx:hr>
          </gpxtpx:TrackPointExtension>
        </extensions>
      </trkpt>
      <trkpt lat="34.21228474888095" lon="108.83311967769531">
        <ele>404.4215961685404</ele>
        <time>2025-11-14T05:02:17.900000Z</time>
        <extensions>
          <gpxtpx:TrackPointExtension>
            <gpxtpx:hr>113</gpxtpx:hr>
          </gpxtpx:TrackPointExtension>
        </extensions>
      </trkpt>
      <trkpt lat="34.2122848284316" lon="108.83310273361839">
        <ele>404.3993069147691</ele>
        <time>2025-11-14T05:02:18.900000Z</time>
        <extensions>
          <gpxtpx:TrackPointExtension>
            <gpxtpx:hr>113</gpxtpx:hr>
          </gpxtpx:TrackPointExtension>
        </extensions>
      </trkpt>
      <trkpt lat="34.21228482126215" lon="108.83308599170945">
        <ele>404.39310748968273</ele>
        <time>2025-11-14T05:02:19.900000Z</time>
        <extensions>
          <gpxtpx:TrackPointExtension>
            <gpxtpx:hr>113</gpxtpx:hr>
          </gpxtpx:TrackPointExtension>
        </extensions>
      </trkpt>
      <trkpt lat="34.21228406603219" lon="108.83306921231683">
        <ele>404.3970287544653</ele>
        <time>2025-11-14T05:02:20.900000Z</time>
        <extensions>
          <gpxtpx:TrackPointExtension>
            <gpxtpx:hr>113</gpxtpx:hr>
          </gpxtpx:TrackPointExtension>
        </extensions>
      </trkpt>
      <trkpt lat="34.212282711161585" lon="108.83305305080287">
        <ele>404.40816577523947</ele>
        <time>2025-11-14T05:02:21.900000Z</time>
        <extensions>
          <gpxtpx:TrackPointExtension>
            <gpxtpx:hr>113</gpxtpx:hr>
          </gpxtpx:TrackPointExtension>
        </extensions>
      </trkpt>
      <trkpt lat="34.21228168073883" lon="108.83303752419916">
        <ele>404.42765284888446</ele>
        <time>2025-11-14T05:02:22.900000Z</time>
        <extensions>
          <gpxtpx:TrackPointExtension>
            <gpxtpx:hr>113</gpxtpx:hr>
          </gpxtpx:TrackPointExtension>
        </extensions>
      </trkpt>
      <trkpt lat="34.212281452106645" lon="108.83302159364167">
        <ele>404.45658216811717</ele>
        <time>2025-11-14T05:02:23.900000Z</time>
        <extensions>
          <gpxtpx:TrackPointExtension>
            <gpxtpx:hr>113</gpxtpx:hr>
          </gpxtpx:TrackPointExtension>
        </extensions>
      </trkpt>
      <trkpt lat="34.21228171023939" lon="108.8330053104112">
        <ele>404.47300824150443</ele>
        <time>2025-11-14T05:02:24.900000Z</time>
        <extensions>
          <gpxtpx:TrackPointExtension>
            <gpxtpx:hr>113</gpxtpx:hr>
          </gpxtpx:TrackPointExtension>
        </extensions>
      </trkpt>
      <trkpt lat="34.21228178277061" lon="108.83298870079847">
        <ele>404.49350998550653</ele>
        <time>2025-11-14T05:02:25.900000Z</time>
        <extensions>
          <gpxtpx:TrackPointExtension>
            <gpxtpx:hr>113</gpxtpx:hr>
          </gpxtpx:TrackPointExtension>
        </extensions>
      </trkpt>
      <trkpt lat="34.212281976601005" lon="108.83297205085283">
        <ele>404.5379534382373</ele>
        <time>2025-11-14T05:02:26.900000Z</time>
        <extensions>
          <gpxtpx:TrackPointExtension>
            <gpxtpx:hr>113</gpxtpx:hr>
          </gpxtpx:TrackPointExtension>
        </extensions>
      </trkpt>
      <trkpt lat="34.212282701447755" lon="108.83295599434736">
        <ele>404.6005191747099</ele>
        <time>2025-11-14T05:02:27.900000Z</time>
        <extensions>
          <gpxtpx:TrackPointExtension>
            <gpxtpx:hr>113</gpxtpx:hr>
          </gpxtpx:TrackPointExtension>
        </extensions>
      </trkpt>
      <trkpt lat="34.21228357730402" lon="108.83294050524697">
        <ele>404.6717337779701</ele>
        <time>2025-11-14T05:02:28.900000Z</time>
        <extensions>
          <gpxtpx:TrackPointExtension>
            <gpxtpx:hr>113</gpxtpx:hr>
          </gpxtpx:TrackPointExtension>
        </extensions>
      </trkpt>
      <trkpt lat="34.21228431743743" lon="108.8329250749544">
        <ele>404.7532660057768</ele>
        <time>2025-11-14T05:02:29.900000Z</time>
        <extensions>
          <gpxtpx:TrackPointExtension>
            <gpxtpx:hr>114</gpxtpx:hr>
          </gpxtpx:TrackPointExtension>
        </extensions>
      </trkpt>
      <trkpt lat="34.21228481156141" lon="108.832909577805">
        <ele>404.8701359666884</ele>
        <time>2025-11-14T05:02:30.900000Z</time>
        <extensions>
          <gpxtpx:TrackPointExtension>
            <gpxtpx:hr>114</gpxtpx:hr>
          </gpxtpx:TrackPointExtension>
        </extensions>
      </trkpt>
      <trkpt lat="34.212285328963574" lon="108.83289436359601">
        <ele>404.983377750963</ele>
        <time>2025-11-14T05:02:31.900000Z</time>
        <extensions>
          <gpxtpx:TrackPointExtension>
            <gpxtpx:hr>114</gpxtpx:hr>
          </gpxtpx:TrackPointExtension>
        </extensions>
      </trkpt>
      <trkpt lat="34.21228635804693" lon="108.83287953377663">
        <ele>405.10044857952744</ele>
        <time>2025-11-14T05:02:32.900000Z</time>
        <extensions>
          <gpxtpx:TrackPointExtension>
            <gpxtpx:hr>113</gpxtpx:hr>
          </gpxtpx:TrackPointExtension>
        </extensions>
      </trkpt>
      <trkpt lat="34.212288360349056" lon="108.83286546096663">
        <ele>405.22209566738456</ele>
        <time>2025-11-14T05:02:33.900000Z</time>
        <extensions>
          <gpxtpx:TrackPointExtension>
            <gpxtpx:hr>113</gpxtpx:hr>
          </gpxtpx:TrackPointExtension>
        </extensions>
      </trkpt>
      <trkpt lat="34.21229182620965" lon="108.83285223965525">
        <ele>405.3575657065958</ele>
        <time>2025-11-14T05:02:34.900000Z</time>
        <extensions>
          <gpxtpx:TrackPointExtension>
            <gpxtpx:hr>113</gpxtpx:hr>
          </gpxtpx:TrackPointExtension>
        </extensions>
      </trkpt>
      <trkpt lat="34.21229654926304" lon="108.8328397170661">
        <ele>405.49772600643337</ele>
        <time>2025-11-14T05:02:35.900000Z</time>
        <extensions>
          <gpxtpx:TrackPointExtension>
            <gpxtpx:hr>113</gpxtpx:hr>
          </gpxtpx:TrackPointExtension>
        </extensions>
      </trkpt>
      <trkpt lat="34.21230322946996" lon="108.83282881571364">
        <ele>405.6470166426152</ele>
        <time>2025-11-14T05:02:36.900000Z</time>
        <extensions>
          <gpxtpx:TrackPointExtension>
            <gpxtpx:hr>113</gpxtpx:hr>
          </gpxtpx:TrackPointExtension>
        </extensions>
      </trkpt>
      <trkpt lat="34.21231254331077" lon="108.83281984775147">
        <ele>405.79399578552693</ele>
        <time>2025-11-14T05:02:37.900000Z</time>
        <extensions>
          <gpxtpx:TrackPointExtension>
            <gpxtpx:hr>113</gpxtpx:hr>
          </gpxtpx:TrackPointExtension>
        </extensions>
      </trkpt>
      <trkpt lat="34.21232328517596" lon="108.83281209029356">
        <ele>405.9346617171541</ele>
        <time>2025-11-14T05:02:38.900000Z</time>
        <extensions>
          <gpxtpx:TrackPointExtension>
            <gpxtpx:hr>113</gpxtpx:hr>
          </gpxtpx:TrackPointExtension>
        </extensions>
      </trkpt>
      <trkpt lat="34.21233441613765" lon="108.83280523974099">
        <ele>406.059983628802</ele>
        <time>2025-11-14T05:02:39.900000Z</time>
        <extensions>
          <gpxtpx:TrackPointExtension>
            <gpxtpx:hr>113</gpxtpx:hr>
          </gpxtpx:TrackPointExtension>
        </extensions>
      </trkpt>
      <trkpt lat="34.21234604923012" lon="108.83279965399049">
        <ele>406.1766480272636</ele>
        <time>2025-11-14T05:02:40.900000Z</time>
        <extensions>
          <gpxtpx:TrackPointExtension>
            <gpxtpx:hr>113</gpxtpx:hr>
          </gpxtpx:TrackPointExtension>
        </extensions>
      </trkpt>
      <trkpt lat="34.21235811514871" lon="108.83279465070949">
        <ele>406.28136727865785</ele>
        <time>2025-11-14T05:02:41.900000Z</time>
        <extensions>
          <gpxtpx:TrackPointExtension>
            <gpxtpx:hr>113</gpxtpx:hr>
          </gpxtpx:TrackPointExtension>
        </extensions>
      </trkpt>
      <trkpt lat="34.2123697353822" lon="108.83278925181148">
        <ele>406.37905136309564</ele>
        <time>2025-11-14T05:02:42.900000Z</time>
        <extensions>
          <gpxtpx:TrackPointExtension>
            <gpxtpx:hr>113</gpxtpx:hr>
          </gpxtpx:TrackPointExtension>
        </extensions>
      </trkpt>
      <trkpt lat="34.21238032026647" lon="108.83278294354656">
        <ele>406.4568720255047</ele>
        <time>2025-11-14T05:02:43.900000Z</time>
        <extensions>
          <gpxtpx:TrackPointExtension>
            <gpxtpx:hr>113</gpxtpx:hr>
          </gpxtpx:TrackPointExtension>
        </extensions>
      </trkpt>
      <trkpt lat="34.21239073408433" lon="108.83277518484869">
        <ele>406.5218615839258</ele>
        <time>2025-11-14T05:02:44.900000Z</time>
        <extensions>
          <gpxtpx:TrackPointExtension>
            <gpxtpx:hr>113</gpxtpx:hr>
          </gpxtpx:TrackPointExtension>
        </extensions>
      </trkpt>
      <trkpt lat="34.21240151739851" lon="108.8327656965214">
        <ele>406.56840573623776</ele>
        <time>2025-11-14T05:02:45.900000Z</time>
        <extensions>
          <gpxtpx:TrackPointExtension>
            <gpxtpx:hr>113</gpxtpx:hr>
          </gpxtpx:TrackPointExtension>
        </extensions>
      </trkpt>
      <trkpt lat="34.21241209004813" lon="108.83275554476553">
        <ele>406.59290990047157</ele>
        <time>2025-11-14T05:02:46.900000Z</time>
        <extensions>
          <gpxtpx:TrackPointExtension>
            <gpxtpx:hr>113</gpxtpx:hr>
          </gpxtpx:TrackPointExtension>
        </extensions>
      </trkpt>
      <trkpt lat="34.2124224670305" lon="108.83274495461312">
        <ele>406.61720578279346</ele>
        <time>2025-11-14T05:02:47.900000Z</time>
        <extensions>
          <gpxtpx:TrackPointExtension>
            <gpxtpx:hr>114</gpxtpx:hr>
          </gpxtpx:TrackPointExtension>
        </extensions>
      </trkpt>
      <trkpt lat="34.21243258012292" lon="108.83273477784348">
        <ele>406.633887629956</ele>
        <time>2025-11-14T05:02:48.900000Z</time>
        <extensions>
          <gpxtpx:TrackPointExtension>
            <gpxtpx:hr>114</gpxtpx:hr>
          </gpxtpx:TrackPointExtension>
        </extensions>
      </trkpt>
      <trkpt lat="34.21244220053431" lon="108.83272418653107">
        <ele>406.64492816943675</ele>
        <time>2025-11-14T05:02:49.900000Z</time>
        <extensions>
          <gpxtpx:TrackPointExtension>
            <gpxtpx:hr>114</gpxtpx:hr>
          </gpxtpx:TrackPointExtension>
        </extensions>
      </trkpt>
      <trkpt lat="34.21245169915662" lon="108.8327113507632">
        <ele>406.6620034677908</ele>
        <time>2025-11-14T05:02:50.900000Z</time>
        <extensions>
          <gpxtpx:TrackPointExtension>
            <gpxtpx:hr>114</gpxtpx:hr>
          </gpxtpx:TrackPointExtension>
        </extensions>
      </trkpt>
      <trkpt lat="34.21246087347712" lon="108.832696482688">
        <ele>406.6793693136424</ele>
        <time>2025-11-14T05:02:51.900000Z</time>
        <extensions>
          <gpxtpx:TrackPointExtension>
            <gpxtpx:hr>114</gpxtpx:hr>
          </gpxtpx:TrackPointExtension>
        </extensions>
      </trkpt>
      <trkpt lat="34.21246899399046" lon="108.83268137117932">
        <ele>406.6856558723375</ele>
        <time>2025-11-14T05:02:52.900000Z</time>
        <extensions>
          <gpxtpx:TrackPointExtension>
            <gpxtpx:hr>114</gpxtpx:hr>
          </gpxtpx:TrackPointExtension>
        </extensions>
      </trkpt>
      <trkpt lat="34.212476250502505" lon="108.83266654877801">
        <ele>406.6769830370322</ele>
        <time>2025-11-14T05:02:53.900000Z</time>
        <extensions>
          <gpxtpx:TrackPointExtension>
            <gpxtpx:hr>114</gpxtpx:hr>
          </gpxtpx:TrackPointExtension>
        </extensions>
      </trkpt>
      <trkpt lat="34.21248351773722" lon="108.83265177290399">
        <ele>406.68763720523566</ele>
        <time>2025-11-14T05:02:54.900000Z</time>
        <extensions>
          <gpxtpx:TrackPointExtension>
            <gpxtpx:hr>114</gpxtpx:hr>
          </gpxtpx:TrackPointExtension>
        </extensions>
      </trkpt>
      <trkpt lat="34.212491369902814" lon="108.83263750213622">
        <ele>406.7097071669996</ele>
        <time>2025-11-14T05:02:55.900000Z</time>
        <extensions>
          <gpxtpx:TrackPointExtension>
            <gpxtpx:hr>114</gpxtpx:hr>
          </gpxtpx:TrackPointExtension>
        </extensions>
      </trkpt>
      <trkpt lat="34.21250023014402" lon="108.83262357119615">
        <ele>406.75015926454216</ele>
        <time>2025-11-14T05:02:56.900000Z</time>
        <extensions>
          <gpxtpx:TrackPointExtension>
            <gpxtpx:hr>114</gpxtpx:hr>
          </gpxtpx:TrackPointExtension>
        </extensions>
      </trkpt>
      <trkpt lat="34.21250969988042" lon="108.83260994890284">
        <ele>406.7976390402764</ele>
        <time>2025-11-14T05:02:57.900000Z</time>
        <extensions>
          <gpxtpx:TrackPointExtension>
            <gpxtpx:hr>114</gpxtpx:hr>
          </gpxtpx:TrackPointExtension>
        </extensions>
      </trkpt>
      <trkpt lat="34.21251883093219" lon="108.83259768983741">
        <ele>406.8461834155023</ele>
        <time>2025-11-14T05:02:58.900000Z</time>
        <extensions>
          <gpxtpx:TrackPointExtension>
            <gpxtpx:hr>114</gpxtpx:hr>
          </gpxtpx:TrackPointExtension>
        </extensions>
      </trkpt>
      <trkpt lat="34.212528053885386" lon="108.8325867710111">
        <ele>406.8793688127771</ele>
        <time>2025-11-14T05:02:59.900000Z</time>
        <extensions>
          <gpxtpx:TrackPointExtension>
            <gpxtpx:hr>115</gpxtpx:hr>
          </gpxtpx:TrackPointExtension>
        </extensions>
      </trkpt>
      <trkpt lat="34.21253799903199" lon="108.83257650310355">
        <ele>406.9192130975425</ele>
        <time>2025-11-14T05:03:00.900000Z</time>
        <extensions>
          <gpxtpx:TrackPointExtension>
            <gpxtpx:hr>115</gpxtpx:hr>
          </gpxtpx:TrackPointExtension>
        </extensions>
      </trkpt>
      <trkpt lat="34.21254837411279" lon="108.83256786474337">
        <ele>406.9656428573653</ele>
        <time>2025-11-14T05:03:01.900000Z</time>
        <extensions>
          <gpxtpx:TrackPointExtension>
            <gpxtpx:hr>115</gpxtpx:hr>
          </gpxtpx:TrackPointExtension>
        </extensions>
      </trkpt>
      <trkpt lat="34.21255914423702" lon="108.83256077265217">
        <ele>407.0136070288718</ele>
        <time>2025-11-14T05:03:02.900000Z</time>
        <extensions>
          <gpxtpx:TrackPointExtension>
            <gpxtpx:hr>115</gpxtpx:hr>
          </gpxtpx:TrackPointExtension>
        </extensions>
      </trkpt>
      <trkpt lat="34.212569831522266" lon="108.83255471520067">
        <ele>407.05684656929225</ele>
        <time>2025-11-14T05:03:03.900000Z</time>
        <extensions>
          <gpxtpx:TrackPointExtension>
            <gpxtpx:hr>115</gpxtpx:hr>
          </gpxtpx:TrackPointExtension>
        </extensions>
      </trkpt>
      <trkpt lat="34.212580154459154" lon="108.83254933868187">
        <ele>407.07699563074857</ele>
        <time>2025-11-14T05:03:04.900000Z</time>
        <extensions>
          <gpxtpx:TrackPointExtension>
            <gpxtpx:hr>115</gpxtpx:hr>
          </gpxtpx:TrackPointExtension>
        </extensions>
      </trkpt>
      <trkpt lat="34.21259057700975" lon="108.83254378284376">
        <ele>407.0821422608569</ele>
        <time>2025-11-14T05:03:05.900000Z</time>
        <extensions>
          <gpxtpx:TrackPointExtension>
            <gpxtpx:hr>115</gpxtpx:hr>
          </gpxtpx:TrackPointExtension>
        </extensions>
      </trkpt>
      <trkpt lat="34.212601399687976" lon="108.8325380331409">
        <ele>407.07219418603927</ele>
        <time>2025-11-14T05:03:06.900000Z</time>
        <extensions>
          <gpxtpx:TrackPointExtension>
            <gpxtpx:hr>116</gpxtpx:hr>
          </gpxtpx:TrackPointExtension>
        </extensions>
      </trkpt>
      <trkpt lat="34.21261200518368" lon="108.8325325284259">
        <ele>407.0581225976348</ele>
        <time>2025-11-14T05:03:07.900000Z</time>
        <extensions>
          <gpxtpx:TrackPointExtension>
            <gpxtpx:hr>116</gpxtpx:hr>
          </gpxtpx:TrackPointExtension>
        </extensions>
      </trkpt>
      <trkpt lat="34.21262251930597" lon="108.83252750116513">
        <ele>407.05566792842</ele>
        <time>2025-11-14T05:03:08.900000Z</time>
        <extensions>
          <gpxtpx:TrackPointExtension>
            <gpxtpx:hr>116</gpxtpx:hr>
          </gpxtpx:TrackPointExtension>
        </extensions>
      </trkpt>
      <trkpt lat="34.2126331405339" lon="108.83252271975142">
        <ele>407.0514288013801</ele>
        <time>2025-11-14T05:03:09.900000Z</time>
        <extensions>
          <gpxtpx:TrackPointExtension>
            <gpxtpx:hr>116</gpxtpx:hr>
          </gpxtpx:TrackPointExtension>
        </extensions>
      </trkpt>
      <trkpt lat="34.21264266188842" lon="108.83251852243559">
        <ele>407.0436058891937</ele>
        <time>2025-11-14T05:03:10.900000Z</time>
        <extensions>
          <gpxtpx:TrackPointExtension>
            <gpxtpx:hr>116</gpxtpx:hr>
          </gpxtpx:TrackPointExtension>
        </extensions>
      </trkpt>
      <trkpt lat="34.212649122843516" lon="108.83251465043918">
        <ele>407.02808040659875</ele>
        <time>2025-11-14T05:03:11.900000Z</time>
        <extensions>
          <gpxtpx:TrackPointExtension>
            <gpxtpx:hr>115</gpxtpx:hr>
          </gpxtpx:TrackPointExtension>
        </extensions>
      </trkpt>
      <trkpt lat="34.21265157131642" lon="108.83251033691165">
        <ele>407.0099574914202</ele>
        <time>2025-11-14T05:03:12.900000Z</time>
        <extensions>
          <gpxtpx:TrackPointExtension>
            <gpxtpx:hr>115</gpxtpx:hr>
          </gpxtpx:TrackPointExtension>
        </extensions>
      </trkpt>
      <trkpt lat="34.21265115905883" lon="108.83250531386751">
        <ele>406.9935226691887</ele>
        <time>2025-11-14T05:03:13.900000Z</time>
        <extensions>
          <gpxtpx:TrackPointExtension>
            <gpxtpx:hr>115</gpxtpx:hr>
          </gpxtpx:TrackPointExtension>
        </extensions>
      </trkpt>
      <trkpt lat="34.2126497898192" lon="108.83250011899808">
        <ele>406.988600872457</ele>
        <time>2025-11-14T05:03:14.900000Z</time>
        <extensions>
          <gpxtpx:TrackPointExtension>
            <gpxtpx:hr>116</gpxtpx:hr>
          </gpxtpx:TrackPointExtension>
        </extensions>
      </trkpt>
      <trkpt lat="34.21264906066007" lon="108.83249506845921">
        <ele>406.9878774853423</ele>
        <time>2025-11-14T05:03:15.900000Z</time>
        <extensions>
          <gpxtpx:TrackPointExtension>
            <gpxtpx:hr>116</gpxtpx:hr>
          </gpxtpx:TrackPointExtension>
        </extensions>
      </trkpt>
      <trkpt lat="34.21264978667886" lon="108.83249061020743">
        <ele>407.00786868017167</ele>
        <time>2025-11-14T05:03:16.900000Z</time>
        <extensions>
          <gpxtpx:TrackPointExtension>
            <gpxtpx:hr>116</gpxtpx:hr>
          </gpxtpx:TrackPointExtension>
        </extensions>
      </trkpt>
      <trkpt lat="34.21265239247844" lon="108.83248757958287">
        <ele>407.0139542017132</ele>
        <time>2025-11-14T05:03:17.900000Z</time>
        <extensions>
          <gpxtpx:TrackPointExtension>
            <gpxtpx:hr>116</gpxtpx:hr>
          </gpxtpx:TrackPointExtension>
        </extensions>
      </trkpt>
      <trkpt lat="34.21265571641819" lon="108.83248517567742">
        <ele>407.01434670574963</ele>
        <time>2025-11-14T05:03:18.900000Z</time>
        <extensions>
          <gpxtpx:TrackPointExtension>
            <gpxtpx:hr>116</gpxtpx:hr>
          </gpxtpx:TrackPointExtension>
        </extensions>
      </trkpt>
      <trkpt lat="34.21265868883638" lon="108.83248262161818">
        <ele>407.02489656955004</ele>
        <time>2025-11-14T05:03:19.900000Z</time>
        <extensions>
          <gpxtpx:TrackPointExtension>
            <gpxtpx:hr>116</gpxtpx:hr>
          </gpxtpx:TrackPointExtension>
        </extensions>
      </trkpt>
      <trkpt lat="34.21266247008291" lon="108.83248020855144">
        <ele>407.0262924944982</ele>
        <time>2025-11-14T05:03:20.900000Z</time>
        <extensions>
          <gpxtpx:TrackPointExtension>
            <gpxtpx:hr>116</gpxtpx:hr>
          </gpxtpx:TrackPointExtension>
        </extensions>
      </trkpt>
      <trkpt lat="34.21266775411704" lon="108.83247837209888">
        <ele>407.0341520803049</ele>
        <time>2025-11-14T05:03:21.900000Z</time>
        <extensions>
          <gpxtpx:TrackPointExtension>
            <gpxtpx:hr>116</gpxtpx:hr>
          </gpxtpx:TrackPointExtension>
        </extensions>
      </trkpt>
      <trkpt lat="34.21267446623187" lon="108.83247720009152">
        <ele>407.0589069677517</ele>
        <time>2025-11-14T05:03:22.900000Z</time>
        <extensions>
          <gpxtpx:TrackPointExtension>
            <gpxtpx:hr>117</gpxtpx:hr>
          </gpxtpx:TrackPointExtension>
        </extensions>
      </trkpt>
      <trkpt lat="34.212681609971405" lon="108.83247656102077">
        <ele>407.07677112612873</ele>
        <time>2025-11-14T05:03:23.900000Z</time>
        <extensions>
          <gpxtpx:TrackPointExtension>
            <gpxtpx:hr>117</gpxtpx:hr>
          </gpxtpx:TrackPointExtension>
        </extensions>
      </trkpt>
      <trkpt lat="34.21268831280933" lon="108.83247628346001">
        <ele>407.09446072392166</ele>
        <time>2025-11-14T05:03:24.900000Z</time>
        <extensions>
          <gpxtpx:TrackPointExtension>
            <gpxtpx:hr>117</gpxtpx:hr>
          </gpxtpx:TrackPointExtension>
        </extensions>
      </trkpt>
      <trkpt lat="34.21269460102892" lon="108.83247623990884">
        <ele>407.12383559625596</ele>
        <time>2025-11-14T05:03:25.900000Z</time>
        <extensions>
          <gpxtpx:TrackPointExtension>
            <gpxtpx:hr>117</gpxtpx:hr>
          </gpxtpx:TrackPointExtension>
        </extensions>
      </trkpt>
      <trkpt lat="34.212700828649766" lon="108.83247641677093">
        <ele>407.1514683701098</ele>
        <time>2025-11-14T05:03:26.900000Z</time>
        <extensions>
          <gpxtpx:TrackPointExtension>
            <gpxtpx:hr>117</gpxtpx:hr>
          </gpxtpx:TrackPointExtension>
        </extensions>
      </trkpt>
      <trkpt lat="34.212706971298545" lon="108.83247647937391">
        <ele>407.19784441869706</ele>
        <time>2025-11-14T05:03:27.900000Z</time>
        <extensions>
          <gpxtpx:TrackPointExtension>
            <gpxtpx:hr>116</gpxtpx:hr>
          </gpxtpx:TrackPointExtension>
        </extensions>
      </trkpt>
      <trkpt lat="34.21271267388614" lon="108.83247604918579">
        <ele>407.2246806891635</ele>
        <time>2025-11-14T05:03:28.900000Z</time>
        <extensions>
          <gpxtpx:TrackPointExtension>
            <gpxtpx:hr>116</gpxtpx:hr>
          </gpxtpx:TrackPointExtension>
        </extensions>
      </trkpt>
      <trkpt lat="34.212718121945315" lon="108.83247525102585">
        <ele>407.21429070085287</ele>
        <time>2025-11-14T05:03:29.900000Z</time>
        <extensions>
          <gpxtpx:TrackPointExtension>
            <gpxtpx:hr>116</gpxtpx:hr>
          </gpxtpx:TrackPointExtension>
        </extensions>
      </trkpt>
      <trkpt lat="34.21272362146102" lon="108.83247444956955">
        <ele>407.2194667952135</ele>
        <time>2025-11-14T05:03:30.900000Z</time>
        <extensions>
          <gpxtpx:TrackPointExtension>
            <gpxtpx:hr>116</gpxtpx:hr>
          </gpxtpx:TrackPointExtension>
        </extensions>
      </trkpt>
      <trkpt lat="34.212729598701856" lon="108.83247393446538">
        <ele>407.2284716013819</ele>
        <time>2025-11-14T05:03:31.900000Z</time>
        <extensions>
          <gpxtpx:TrackPointExtension>
            <gpxtpx:hr>116</gpxtpx:hr>
          </gpxtpx:TrackPointExtension>
        </extensions>
      </trkpt>
      <trkpt lat="34.21273603798708" lon="108.83247428294553">
        <ele>407.2441681269556</ele>
        <time>2025-11-14T05:03:32.900000Z</time>
        <extensions>
          <gpxtpx:TrackPointExtension>
            <gpxtpx:hr>116</gpxtpx:hr>
          </gpxtpx:TrackPointExtension>
        </extensions>
      </trkpt>
      <trkpt lat="34.21274224726542" lon="108.83247550153088">
        <ele>407.26005649287254</ele>
        <time>2025-11-14T05:03:33.900000Z</time>
        <extensions>
          <gpxtpx:TrackPointExtension>
            <gpxtpx:hr>124</gpxtpx:hr>
          </gpxtpx:TrackPointExtension>
        </extensions>
      </trkpt>
      <trkpt lat="34.212748131327" lon="108.8324767315142">
        <ele>407.2836926076561</ele>
        <time>2025-11-14T05:03:34.900000Z</time>
        <extensions>
          <gpxtpx:TrackPointExtension>
            <gpxtpx:hr>124</gpxtpx:hr>
          </gpxtpx:TrackPointExtension>
        </extensions>
      </trkpt>
      <trkpt lat="34.21275406755215" lon="108.83247771720583">
        <ele>407.30281524080783</ele>
        <time>2025-11-14T05:03:35.900000Z</time>
        <extensions>
          <gpxtpx:TrackPointExtension>
            <gpxtpx:hr>124</gpxtpx:hr>
          </gpxtpx:TrackPointExtension>
        </extensions>
      </trkpt>
      <trkpt lat="34.212760563282316" lon="108.8324791193695">
        <ele>407.31607901118696</ele>
        <time>2025-11-14T05:03:36.900000Z</time>
        <extensions>
          <gpxtpx:TrackPointExtension>
            <gpxtpx:hr>124</gpxtpx:hr>
          </gpxtpx:TrackPointExtension>
        </extensions>
      </trkpt>
      <trkpt lat="34.212767555846824" lon="108.83248131558526">
        <ele>407.3254618635401</ele>
        <time>2025-11-14T05:03:37.900000Z</time>
        <extensions>
          <gpxtpx:TrackPointExtension>
            <gpxtpx:hr>124</gpxtpx:hr>
          </gpxtpx:TrackPointExtension>
        </extensions>
      </trkpt>
      <trkpt lat="34.21277478976822" lon="108.83248448750017">
        <ele>407.33734081313014</ele>
        <time>2025-11-14T05:03:38.900000Z</time>
        <extensions>
          <gpxtpx:TrackPointExtension>
            <gpxtpx:hr>124</gpxtpx:hr>
          </gpxtpx:TrackPointExtension>
        </extensions>
      </trkpt>
      <trkpt lat="34.21278183387763" lon="108.83248939539244">
        <ele>407.3501629065722</ele>
        <time>2025-11-14T05:03:39.900000Z</time>
        <extensions>
          <gpxtpx:TrackPointExtension>
            <gpxtpx:hr>133</gpxtpx:hr>
          </gpxtpx:TrackPointExtension>
        </extensions>
      </trkpt>
      <trkpt lat="34.21278856208269" lon="108.83249659101536">
        <ele>407.38972184062004</ele>
        <time>2025-11-14T05:03:40.900000Z</time>
        <extensions>
          <gpxtpx:TrackPointExtension>
            <gpxtpx:hr>133</gpxtpx:hr>
          </gpxtpx:TrackPointExtension>
        </extensions>
      </trkpt>
      <trkpt lat="34.212794776056526" lon="108.83250614921248">
        <ele>407.4384113615379</ele>
        <time>2025-11-14T05:03:41.900000Z</time>
        <extensions>
          <gpxtpx:TrackPointExtension>
            <gpxtpx:hr>133</gpxtpx:hr>
          </gpxtpx:TrackPointExtension>
        </extensions>
      </trkpt>
      <trkpt lat="34.21280003077802" lon="108.83251792769681">
        <ele>407.4829639894888</ele>
        <time>2025-11-14T05:03:42.900000Z</time>
        <extensions>
          <gpxtpx:TrackPointExtension>
            <gpxtpx:hr>133</gpxtpx:hr>
          </gpxtpx:TrackPointExtension>
        </extensions>
      </trkpt>
      <trkpt lat="34.21280457688497" lon="108.83253172447672">
        <ele>407.5106349559501</ele>
        <time>2025-11-14T05:03:43.900000Z</time>
        <extensions>
          <gpxtpx:TrackPointExtension>
            <gpxtpx:hr>133</gpxtpx:hr>
          </gpxtpx:TrackPointExtension>
        </extensions>
      </trkpt>
      <trkpt lat="34.212809135147914" lon="108.83254673638531">
        <ele>407.5453129261732</ele>
        <time>2025-11-14T05:03:44.900000Z</time>
        <extensions>
          <gpxtpx:TrackPointExtension>
            <gpxtpx:hr>133</gpxtpx:hr>
          </gpxtpx:TrackPointExtension>
        </extensions>
      </trkpt>
      <trkpt lat="34.212814012706296" lon="108.83256076898591">
        <ele>407.5761109376326</ele>
        <time>2025-11-14T05:03:45.900000Z</time>
        <extensions>
          <gpxtpx:TrackPointExtension>
            <gpxtpx:hr>136</gpxtpx:hr>
          </gpxtpx:TrackPointExtension>
        </extensions>
      </trkpt>
      <trkpt lat="34.21281951397528" lon="108.83257358100354">
        <ele>407.60674678441137</ele>
        <time>2025-11-14T05:03:46.900000Z</time>
        <extensions>
          <gpxtpx:TrackPointExtension>
            <gpxtpx:hr>136</gpxtpx:hr>
          </gpxtpx:TrackPointExtension>
        </extensions>
      </trkpt>
      <trkpt lat="34.21282564610741" lon="108.83258686468498">
        <ele>407.6312075778842</ele>
        <time>2025-11-14T05:03:47.900000Z</time>
        <extensions>
          <gpxtpx:TrackPointExtension>
            <gpxtpx:hr>136</gpxtpx:hr>
          </gpxtpx:TrackPointExtension>
        </extensions>
      </trkpt>
      <trkpt lat="34.21283178201767" lon="108.8326003977607">
        <ele>407.65151192061603</ele>
        <time>2025-11-14T05:03:48.900000Z</time>
        <extensions>
          <gpxtpx:TrackPointExtension>
            <gpxtpx:hr>136</gpxtpx:hr>
          </gpxtpx:TrackPointExtension>
        </extensions>
      </trkpt>
      <trkpt lat="34.21283778792843" lon="108.83261405174589">
        <ele>407.6810829928145</ele>
        <time>2025-11-14T05:03:49.900000Z</time>
        <extensions>
          <gpxtpx:TrackPointExtension>
            <gpxtpx:hr>136</gpxtpx:hr>
          </gpxtpx:TrackPointExtension>
        </extensions>
      </trkpt>
      <trkpt lat="34.21284395443793" lon="108.83262819578073">
        <ele>407.7083736592904</ele>
        <time>2025-11-14T05:03:50.900000Z</time>
        <extensions>
          <gpxtpx:TrackPointExtension>
            <gpxtpx:hr>136</gpxtpx:hr>
          </gpxtpx:TrackPointExtension>
        </extensions>
      </trkpt>
      <trkpt lat="34.21285070214912" lon="108.83264238025777">
        <ele>407.7220520740375</ele>
        <time>2025-11-14T05:03:51.900000Z</time>
        <extensions>
          <gpxtpx:TrackPointExtension>
            <gpxtpx:hr>136</gpxtpx:hr>
          </gpxtpx:TrackPointExtension>
        </extensions>
      </trkpt>
      <trkpt lat="34.21285777879662" lon="108.83265509860371">
        <ele>407.744534724392</ele>
        <time>2025-11-14T05:03:52.900000Z</time>
        <extensions>
          <gpxtpx:TrackPointExtension>
            <gpxtpx:hr>136</gpxtpx:hr>
          </gpxtpx:TrackPointExtension>
        </extensions>
      </trkpt>
      <trkpt lat="34.212865814965305" lon="108.83266645327909">
        <ele>407.7757927896455</ele>
        <time>2025-11-14T05:03:53.900000Z</time>
        <extensions>
          <gpxtpx:TrackPointExtension>
            <gpxtpx:hr>136</gpxtpx:hr>
          </gpxtpx:TrackPointExtension>
        </extensions>
      </trkpt>
      <trkpt lat="34.21287466508077" lon="108.83267695615218">
        <ele>407.8027250226587</ele>
        <time>2025-11-14T05:03:54.900000Z</time>
        <extensions>
          <gpxtpx:TrackPointExtension>
            <gpxtpx:hr>136</gpxtpx:hr>
          </gpxtpx:TrackPointExtension>
        </extensions>
      </trkpt>
      <trkpt lat="34.212883926036014" lon="108.83268661144267">
        <ele>407.8440471030772</ele>
        <time>2025-11-14T05:03:55.900000Z</time>
        <extensions>
          <gpxtpx:TrackPointExtension>
            <gpxtpx:hr>136</gpxtpx:hr>
          </gpxtpx:TrackPointExtension>
        </extensions>
      </trkpt>
      <trkpt lat="34.21289440911676" lon="108.83269577180742">
        <ele>407.87916333507746</ele>
        <time>2025-11-14T05:03:56.900000Z</time>
        <extensions>
          <gpxtpx:TrackPointExtension>
            <gpxtpx:hr>136</gpxtpx:hr>
          </gpxtpx:TrackPointExtension>
        </extensions>
      </trkpt>
      <trkpt lat="34.212906185124346" lon="108.83270405506917">
        <ele>407.91986315790564</ele>
        <time>2025-11-14T05:03:57.900000Z</time>
        <extensions>
          <gpxtpx:TrackPointExtension>
            <gpxtpx:hr>136</gpxtpx:hr>
          </gpxtpx:TrackPointExtension>
        </extensions>
      </trkpt>
      <trkpt lat="34.212918042536465" lon="108.8327110893453">
        <ele>407.95233620051295</ele>
        <time>2025-11-14T05:03:58.900000Z</time>
        <extensions>
          <gpxtpx:TrackPointExtension>
            <gpxtpx:hr>136</gpxtpx:hr>
          </gpxtpx:TrackPointExtension>
        </extensions>
      </trkpt>
      <trkpt lat="34.21293005876934" lon="108.83271719974424">
        <ele>408.0009911954403</ele>
        <time>2025-11-14T05:03:59.900000Z</time>
        <extensions>
          <gpxtpx:TrackPointExtension>
            <gpxtpx:hr>136</gpxtpx:hr>
          </gpxtpx:TrackPointExtension>
        </extensions>
      </trkpt>
      <trkpt lat="34.21294277577901" lon="108.83272260703671">
        <ele>408.0372568834573</ele>
        <time>2025-11-14T05:04:00.900000Z</time>
        <extensions>
          <gpxtpx:TrackPointExtension>
            <gpxtpx:hr>136</gpxtpx:hr>
          </gpxtpx:TrackPointExtension>
        </extensions>
      </trkpt>
      <trkpt lat="34.21295527777502" lon="108.83272659484913">
        <ele>408.0779987927526</ele>
        <time>2025-11-14T05:04:01.900000Z</time>
        <extensions>
          <gpxtpx:TrackPointExtension>
            <gpxtpx:hr>136</gpxtpx:hr>
          </gpxtpx:TrackPointExtension>
        </extensions>
      </trkpt>
      <trkpt lat="34.212967659712525" lon="108.83272898155285">
        <ele>408.1299560246989</ele>
        <time>2025-11-14T05:04:02.900000Z</time>
        <extensions>
          <gpxtpx:TrackPointExtension>
            <gpxtpx:hr>135</gpxtpx:hr>
          </gpxtpx:TrackPointExtension>
        </extensions>
      </trkpt>
      <trkpt lat="34.21298038456446" lon="108.83273032622066">
        <ele>408.1839239578694</ele>
        <time>2025-11-14T05:04:03.900000Z</time>
        <extensions>
          <gpxtpx:TrackPointExtension>
            <gpxtpx:hr>135</gpxtpx:hr>
          </gpxtpx:TrackPointExtension>
        </extensions>
      </trkpt>
      <trkpt lat="34.21299321401649" lon="108.8327308364206">
        <ele>408.239964324981</ele>
        <time>2025-11-14T05:04:04.900000Z</time>
        <extensions>
          <gpxtpx:TrackPointExtension>
            <gpxtpx:hr>135</gpxtpx:hr>
          </gpxtpx:TrackPointExtension>
        </extensions>
      </trkpt>
      <trkpt lat="34.21300655042913" lon="108.83273009341289">
        <ele>408.2991526350379</ele>
        <time>2025-11-14T05:04:05.900000Z</time>
        <extensions>
          <gpxtpx:TrackPointExtension>
            <gpxtpx:hr>135</gpxtpx:hr>
          </gpxtpx:TrackPointExtension>
        </extensions>
      </trkpt>
      <trkpt lat="34.213019807281775" lon="108.83272822546891">
        <ele>408.35802663769573</ele>
        <time>2025-11-14T05:04:06.900000Z</time>
        <extensions>
          <gpxtpx:TrackPointExtension>
            <gpxtpx:hr>135</gpxtpx:hr>
          </gpxtpx:TrackPointExtension>
        </extensions>
      </trkpt>
      <trkpt lat="34.213032900160634" lon="108.83272592218906">
        <ele>408.41466803476214</ele>
        <time>2025-11-14T05:04:07.900000Z</time>
        <extensions>
          <gpxtpx:TrackPointExtension>
            <gpxtpx:hr>135</gpxtpx:hr>
          </gpxtpx:TrackPointExtension>
        </extensions>
      </trkpt>
      <trkpt lat="34.213045845583174" lon="108.83272394585467">
        <ele>408.48213529679924</ele>
        <time>2025-11-14T05:04:08.900000Z</time>
        <extensions>
          <gpxtpx:TrackPointExtension>
            <gpxtpx:hr>135</gpxtpx:hr>
          </gpxtpx:TrackPointExtension>
        </extensions>
      </trkpt>
      <trkpt lat="34.21305871714274" lon="108.83272240151568">
        <ele>408.5407552840188</ele>
        <time>2025-11-14T05:04:09.900000Z</time>
        <extensions>
          <gpxtpx:TrackPointExtension>
            <gpxtpx:hr>134</gpxtpx:hr>
          </gpxtpx:TrackPointExtension>
        </extensions>
      </trkpt>
      <trkpt lat="34.21307138940201" lon="108.83272147550805">
        <ele>408.5952277164906</ele>
        <time>2025-11-14T05:04:10.900000Z</time>
        <extensions>
          <gpxtpx:TrackPointExtension>
            <gpxtpx:hr>134</gpxtpx:hr>
          </gpxtpx:TrackPointExtension>
        </extensions>
      </trkpt>
      <trkpt lat="34.21308382912413" lon="108.83272101268315">
        <ele>408.6364977490157</ele>
        <time>2025-11-14T05:04:11.900000Z</time>
        <extensions>
          <gpxtpx:TrackPointExtension>
            <gpxtpx:hr>134</gpxtpx:hr>
          </gpxtpx:TrackPointExtension>
        </extensions>
      </trkpt>
      <trkpt lat="34.213096967606425" lon="108.83272027515689">
        <ele>408.68054234888405</ele>
        <time>2025-11-14T05:04:12.900000Z</time>
        <extensions>
          <gpxtpx:TrackPointExtension>
            <gpxtpx:hr>134</gpxtpx:hr>
          </gpxtpx:TrackPointExtension>
        </extensions>
      </trkpt>
      <trkpt lat="34.213110634800145" lon="108.83271901021534">
        <ele>408.7248832229525</ele>
        <time>2025-11-14T05:04:13.900000Z</time>
        <extensions>
          <gpxtpx:TrackPointExtension>
            <gpxtpx:hr>134</gpxtpx:hr>
          </gpxtpx:TrackPointExtension>
        </extensions>
      </trkpt>
      <trkpt lat="34.21312360388106" lon="108.83271729263684">
        <ele>408.7628427846357</ele>
        <time>2025-11-14T05:04:14.900000Z</time>
        <extensions>
          <gpxtpx:TrackPointExtension>
            <gpxtpx:hr>133</gpxtpx:hr>
          </gpxtpx:TrackPointExtension>
        </extensions>
      </trkpt>
      <trkpt lat="34.2131361498923" lon="108.83271577229259">
        <ele>408.79775914084166</ele>
        <time>2025-11-14T05:04:15.900000Z</time>
        <extensions>
          <gpxtpx:TrackPointExtension>
            <gpxtpx:hr>133</gpxtpx:hr>
          </gpxtpx:TrackPointExtension>
        </extensions>
      </trkpt>
      <trkpt lat="34.21314859595895" lon="108.83271534934379">
        <ele>408.82863138616085</ele>
        <time>2025-11-14T05:04:16.900000Z</time>
        <extensions>
          <gpxtpx:TrackPointExtension>
            <gpxtpx:hr>133</gpxtpx:hr>
          </gpxtpx:TrackPointExtension>
        </extensions>
      </trkpt>
      <trkpt lat="34.21316080377265" lon="108.83271583051881">
        <ele>408.8680844614282</ele>
        <time>2025-11-14T05:04:17.900000Z</time>
        <extensions>
          <gpxtpx:TrackPointExtension>
            <gpxtpx:hr>133</gpxtpx:hr>
          </gpxtpx:TrackPointExtension>
        </extensions>
      </trkpt>
      <trkpt lat="34.21317372484572" lon="108.83271588619338">
        <ele>408.9074306637049</ele>
        <time>2025-11-14T05:04:18.900000Z</time>
        <extensions>
          <gpxtpx:TrackPointExtension>
            <gpxtpx:hr>133</gpxtpx:hr>
          </gpxtpx:TrackPointExtension>
        </extensions>
      </trkpt>
      <trkpt lat="34.21318635046019" lon="108.83271516544744">
        <ele>408.94559871032834</ele>
        <time>2025-11-14T05:04:19.900000Z</time>
        <extensions>
          <gpxtpx:TrackPointExtension>
            <gpxtpx:hr>131</gpxtpx:hr>
          </gpxtpx:TrackPointExtension>
        </extensions>
      </trkpt>
      <trkpt lat="34.213199076145" lon="108.83271389685525">
        <ele>408.9767241468653</ele>
        <time>2025-11-14T05:04:20.900000Z</time>
        <extensions>
          <gpxtpx:TrackPointExtension>
            <gpxtpx:hr>131</gpxtpx:hr>
          </gpxtpx:TrackPointExtension>
        </extensions>
      </trkpt>
      <trkpt lat="34.213212923645166" lon="108.83271213563684">
        <ele>408.99731060117483</ele>
        <time>2025-11-14T05:04:21.900000Z</time>
        <extensions>
          <gpxtpx:TrackPointExtension>
            <gpxtpx:hr>131</gpxtpx:hr>
          </gpxtpx:TrackPointExtension>
        </extensions>
      </trkpt>
      <trkpt lat="34.213226566789096" lon="108.8327103199114">
        <ele>409.01086707320064</ele>
        <time>2025-11-14T05:04:22.900000Z</time>
        <extensions>
          <gpxtpx:TrackPointExtension>
            <gpxtpx:hr>131</gpxtpx:hr>
          </gpxtpx:TrackPointExtension>
        </extensions>
      </trkpt>
      <trkpt lat="34.21324009437869" lon="108.8327089301899">
        <ele>409.01557878311723</ele>
        <time>2025-11-14T05:04:23.900000Z</time>
        <extensions>
          <gpxtpx:TrackPointExtension>
            <gpxtpx:hr>131</gpxtpx:hr>
          </gpxtpx:TrackPointExtension>
        </extensions>
      </trkpt>
      <trkpt lat="34.21325404977216" lon="108.8327080994652">
        <ele>409.0202469713986</ele>
        <time>2025-11-14T05:04:24.900000Z</time>
        <extensions>
          <gpxtpx:TrackPointExtension>
            <gpxtpx:hr>130</gpxtpx:hr>
          </gpxtpx:TrackPointExtension>
        </extensions>
      </trkpt>
      <trkpt lat="34.213267005047086" lon="108.83270785560606">
        <ele>409.00843812152743</ele>
        <time>2025-11-14T05:04:25.900000Z</time>
        <extensions>
          <gpxtpx:TrackPointExtension>
            <gpxtpx:hr>130</gpxtpx:hr>
          </gpxtpx:TrackPointExtension>
        </extensions>
      </trkpt>
      <trkpt lat="34.21327965003079" lon="108.8327079937006">
        <ele>408.999526550062</ele>
        <time>2025-11-14T05:04:26.900000Z</time>
        <extensions>
          <gpxtpx:TrackPointExtension>
            <gpxtpx:hr>130</gpxtpx:hr>
          </gpxtpx:TrackPointExtension>
        </extensions>
      </trkpt>
      <trkpt lat="34.21329323749377" lon="108.83270810534502">
        <ele>408.99829519260675</ele>
        <time>2025-11-14T05:04:27.900000Z</time>
        <extensions>
          <gpxtpx:TrackPointExtension>
            <gpxtpx:hr>128</gpxtpx:hr>
          </gpxtpx:TrackPointExtension>
        </extensions>
      </trkpt>
      <trkpt lat="34.21330738957438" lon="108.83270816429717">
        <ele>408.99564946535975</ele>
        <time>2025-11-14T05:04:28.900000Z</time>
        <extensions>
          <gpxtpx:TrackPointExtension>
            <gpxtpx:hr>128</gpxtpx:hr>
          </gpxtpx:TrackPointExtension>
        </extensions>
      </trkpt>
      <trkpt lat="34.213320800425215" lon="108.83270808030676">
        <ele>408.97832487057894</ele>
        <time>2025-11-14T05:04:29.900000Z</time>
        <extensions>
          <gpxtpx:TrackPointExtension>
            <gpxtpx:hr>128</gpxtpx:hr>
          </gpxtpx:TrackPointExtension>
        </extensions>
      </trkpt>
      <trkpt lat="34.213334039687695" lon="108.8327077400385">
        <ele>408.95738590788096</ele>
        <time>2025-11-14T05:04:30.900000Z</time>
        <extensions>
          <gpxtpx:TrackPointExtension>
            <gpxtpx:hr>128</gpxtpx:hr>
          </gpxtpx:TrackPointExtension>
        </extensions>
      </trkpt>
      <trkpt lat="34.213347023870185" lon="108.83270766602249">
        <ele>408.93842991348356</ele>
        <time>2025-11-14T05:04:31.900000Z</time>
        <extensions>
          <gpxtpx:TrackPointExtension>
            <gpxtpx:hr>128</gpxtpx:hr>
          </gpxtpx:TrackPointExtension>
        </extensions>
      </trkpt>
      <trkpt lat="34.21335980145485" lon="108.83270781286113">
        <ele>408.91620744857937</ele>
        <time>2025-11-14T05:04:32.900000Z</time>
        <extensions>
          <gpxtpx:TrackPointExtension>
            <gpxtpx:hr>128</gpxtpx:hr>
          </gpxtpx:TrackPointExtension>
        </extensions>
      </trkpt>
      <trkpt lat="34.2133725925457" lon="108.83270792470803">
        <ele>408.914374710992</ele>
        <time>2025-11-14T05:04:33.900000Z</time>
        <extensions>
          <gpxtpx:TrackPointExtension>
            <gpxtpx:hr>122</gpxtpx:hr>
          </gpxtpx:TrackPointExtension>
        </extensions>
      </trkpt>
      <trkpt lat="34.213385368079756" lon="108.83270821588647">
        <ele>408.9156855652109</ele>
        <time>2025-11-14T05:04:34.900000Z</time>
        <extensions>
          <gpxtpx:TrackPointExtension>
            <gpxtpx:hr>122</gpxtpx:hr>
          </gpxtpx:TrackPointExtension>
        </extensions>
      </trkpt>
      <trkpt lat="34.21339828059801" lon="108.83270864453347">
        <ele>408.9239694867283</ele>
        <time>2025-11-14T05:04:35.900000Z</time>
        <extensions>
          <gpxtpx:TrackPointExtension>
            <gpxtpx:hr>122</gpxtpx:hr>
          </gpxtpx:TrackPointExtension>
        </extensions>
      </trkpt>
      <trkpt lat="34.21341162100619" lon="108.83270915681963">
        <ele>408.9286265671253</ele>
        <time>2025-11-14T05:04:36.900000Z</time>
        <extensions>
          <gpxtpx:TrackPointExtension>
            <gpxtpx:hr>122</gpxtpx:hr>
          </gpxtpx:TrackPointExtension>
        </extensions>
      </trkpt>
      <trkpt lat="34.213425564068125" lon="108.83270962268404">
        <ele>408.93355480674654</ele>
        <time>2025-11-14T05:04:37.900000Z</time>
        <extensions>
          <gpxtpx:TrackPointExtension>
            <gpxtpx:hr>122</gpxtpx:hr>
          </gpxtpx:TrackPointExtension>
        </extensions>
      </trkpt>
      <trkpt lat="34.21343959553007" lon="108.83270974824245">
        <ele>408.9449379686266</ele>
        <time>2025-11-14T05:04:38.900000Z</time>
        <extensions>
          <gpxtpx:TrackPointExtension>
            <gpxtpx:hr>126</gpxtpx:hr>
          </gpxtpx:TrackPointExtension>
        </extensions>
      </trkpt>
      <trkpt lat="34.2134530846355" lon="108.83270946739027">
        <ele>408.9397863484919</ele>
        <time>2025-11-14T05:04:39.900000Z</time>
        <extensions>
          <gpxtpx:TrackPointExtension>
            <gpxtpx:hr>126</gpxtpx:hr>
          </gpxtpx:TrackPointExtension>
        </extensions>
      </trkpt>
      <trkpt lat="34.213466105489495" lon="108.83270876820899">
        <ele>408.94577763415873</ele>
        <time>2025-11-14T05:04:40.900000Z</time>
        <extensions>
          <gpxtpx:TrackPointExtension>
            <gpxtpx:hr>126</gpxtpx:hr>
          </gpxtpx:TrackPointExtension>
        </extensions>
      </trkpt>
      <trkpt lat="34.2134790144335" lon="108.83270779891781">
        <ele>408.95193517487496</ele>
        <time>2025-11-14T05:04:41.900000Z</time>
        <extensions>
          <gpxtpx:TrackPointExtension>
            <gpxtpx:hr>126</gpxtpx:hr>
          </gpxtpx:TrackPointExtension>
        </extensions>
      </trkpt>
      <trkpt lat="34.213491805723805" lon="108.83270635534629">
        <ele>408.956376879476</ele>
        <time>2025-11-14T05:04:42.900000Z</time>
        <extensions>
          <gpxtpx:TrackPointExtension>
            <gpxtpx:hr>126</gpxtpx:hr>
          </gpxtpx:TrackPointExtension>
        </extensions>
      </trkpt>
      <trkpt lat="34.213505085580444" lon="108.83270374042492">
        <ele>408.9516033511609</ele>
        <time>2025-11-14T05:04:43.900000Z</time>
        <extensions>
          <gpxtpx:TrackPointExtension>
            <gpxtpx:hr>126</gpxtpx:hr>
          </gpxtpx:TrackPointExtension>
        </extensions>
      </trkpt>
      <trkpt lat="34.2135184704825" lon="108.83269993956239">
        <ele>408.94186076987535</ele>
        <time>2025-11-14T05:04:44.900000Z</time>
        <extensions>
          <gpxtpx:TrackPointExtension>
            <gpxtpx:hr>126</gpxtpx:hr>
          </gpxtpx:TrackPointExtension>
        </extensions>
      </trkpt>
      <trkpt lat="34.213531657635116" lon="108.83269535651327">
        <ele>408.9172775205225</ele>
        <time>2025-11-14T05:04:45.900000Z</time>
        <extensions>
          <gpxtpx:TrackPointExtension>
            <gpxtpx:hr>125</gpxtpx:hr>
          </gpxtpx:TrackPointExtension>
        </extensions>
      </trkpt>
      <trkpt lat="34.213544428828314" lon="108.83269027051982">
        <ele>408.8942874856293</ele>
        <time>2025-11-14T05:04:46.900000Z</time>
        <extensions>
          <gpxtpx:TrackPointExtension>
            <gpxtpx:hr>125</gpxtpx:hr>
          </gpxtpx:TrackPointExtension>
        </extensions>
      </trkpt>
      <trkpt lat="34.21355699859073" lon="108.83268455472262">
        <ele>408.87937735021114</ele>
        <time>2025-11-14T05:04:47.900000Z</time>
        <extensions>
          <gpxtpx:TrackPointExtension>
            <gpxtpx:hr>125</gpxtpx:hr>
          </gpxtpx:TrackPointExtension>
        </extensions>
      </trkpt>
      <trkpt lat="34.213568744615806" lon="108.83267797683466">
        <ele>408.8636785717681</ele>
        <time>2025-11-14T05:04:48.900000Z</time>
        <extensions>
          <gpxtpx:TrackPointExtension>
            <gpxtpx:hr>125</gpxtpx:hr>
          </gpxtpx:TrackPointExtension>
        </extensions>
      </trkpt>
      <trkpt lat="34.21357966974017" lon="108.83267007796721">
        <ele>408.85156914032996</ele>
        <time>2025-11-14T05:04:49.900000Z</time>
        <extensions>
          <gpxtpx:TrackPointExtension>
            <gpxtpx:hr>125</gpxtpx:hr>
          </gpxtpx:TrackPointExtension>
        </extensions>
      </trkpt>
      <trkpt lat="34.21359083275167" lon="108.83266021009956">
        <ele>408.84442276414484</ele>
        <time>2025-11-14T05:04:50.900000Z</time>
        <extensions>
          <gpxtpx:TrackPointExtension>
            <gpxtpx:hr>125</gpxtpx:hr>
          </gpxtpx:TrackPointExtension>
        </extensions>
      </trkpt>
      <trkpt lat="34.2136014786093" lon="108.83264957367592">
        <ele>408.84746469557285</ele>
        <time>2025-11-14T05:04:51.900000Z</time>
        <extensions>
          <gpxtpx:TrackPointExtension>
            <gpxtpx:hr>125</gpxtpx:hr>
          </gpxtpx:TrackPointExtension>
        </extensions>
      </trkpt>
      <trkpt lat="34.213611330374185" lon="108.83263861134152">
        <ele>408.8487292053178</ele>
        <time>2025-11-14T05:04:52.900000Z</time>
        <extensions>
          <gpxtpx:TrackPointExtension>
            <gpxtpx:hr>125</gpxtpx:hr>
          </gpxtpx:TrackPointExtension>
        </extensions>
      </trkpt>
      <trkpt lat="34.21362076577101" lon="108.8326271533266">
        <ele>408.8453650372103</ele>
        <time>2025-11-14T05:04:53.900000Z</time>
        <extensions>
          <gpxtpx:TrackPointExtension>
            <gpxtpx:hr>125</gpxtpx:hr>
          </gpxtpx:TrackPointExtension>
        </extensions>
      </trkpt>
      <trkpt lat="34.213629948670615" lon="108.83261539076246">
        <ele>408.83352286648005</ele>
        <time>2025-11-14T05:04:54.900000Z</time>
        <extensions>
          <gpxtpx:TrackPointExtension>
            <gpxtpx:hr>126</gpxtpx:hr>
          </gpxtpx:TrackPointExtension>
        </extensions>
      </trkpt>
      <trkpt lat="34.213639358644656" lon="108.832602643099">
        <ele>408.82205600477755</ele>
        <time>2025-11-14T05:04:55.900000Z</time>
        <extensions>
          <gpxtpx:TrackPointExtension>
            <gpxtpx:hr>126</gpxtpx:hr>
          </gpxtpx:TrackPointExtension>
        </extensions>
      </trkpt>
      <trkpt lat="34.213648341927595" lon="108.83258935633492">
        <ele>408.8194553432986</ele>
        <time>2025-11-14T05:04:56.900000Z</time>
        <extensions>
          <gpxtpx:TrackPointExtension>
            <gpxtpx:hr>126</gpxtpx:hr>
          </gpxtpx:TrackPointExtension>
        </extensions>
      </trkpt>
      <trkpt lat="34.213656168075715" lon="108.83257648799547">
        <ele>408.8149280939251</ele>
        <time>2025-11-14T05:04:57.900000Z</time>
        <extensions>
          <gpxtpx:TrackPointExtension>
            <gpxtpx:hr>125</gpxtpx:hr>
          </gpxtpx:TrackPointExtension>
        </extensions>
      </trkpt>
      <trkpt lat="34.21366294410829" lon="108.83256348676596">
        <ele>408.80388162564486</ele>
        <time>2025-11-14T05:04:58.900000Z</time>
        <extensions>
          <gpxtpx:TrackPointExtension>
            <gpxtpx:hr>125</gpxtpx:hr>
          </gpxtpx:TrackPointExtension>
        </extensions>
      </trkpt>
      <trkpt lat="34.213668741724554" lon="108.83255013850052">
        <ele>408.78406645171344</ele>
        <time>2025-11-14T05:04:59.900000Z</time>
        <extensions>
          <gpxtpx:TrackPointExtension>
            <gpxtpx:hr>125</gpxtpx:hr>
          </gpxtpx:TrackPointExtension>
        </extensions>
      </trkpt>
      <trkpt lat="34.21367331683466" lon="108.8325363178347">
        <ele>408.7704954938963</ele>
        <time>2025-11-14T05:05:00.900000Z</time>
        <extensions>
          <gpxtpx:TrackPointExtension>
            <gpxtpx:hr>125</gpxtpx:hr>
          </gpxtpx:TrackPointExtension>
        </extensions>
      </trkpt>
      <trkpt lat="34.2136771318532" lon="108.8325209431559">
        <ele>408.7620090050623</ele>
        <time>2025-11-14T05:05:01.900000Z</time>
        <extensions>
          <gpxtpx:TrackPointExtension>
            <gpxtpx:hr>125</gpxtpx:hr>
          </gpxtpx:TrackPointExtension>
        </extensions>
      </trkpt>
      <trkpt lat="34.21368018544345" lon="108.83250524116461">
        <ele>408.758113973774</ele>
        <time>2025-11-14T05:05:02.900000Z</time>
        <extensions>
          <gpxtpx:TrackPointExtension>
            <gpxtpx:hr>125</gpxtpx:hr>
          </gpxtpx:TrackPointExtension>
        </extensions>
      </trkpt>
      <trkpt lat="34.21368277035967" lon="108.8324892341879">
        <ele>408.7466172510758</ele>
        <time>2025-11-14T05:05:03.900000Z</time>
        <extensions>
          <gpxtpx:TrackPointExtension>
            <gpxtpx:hr>125</gpxtpx:hr>
          </gpxtpx:TrackPointExtension>
        </extensions>
      </trkpt>
      <trkpt lat="34.213685340439085" lon="108.83247323525988">
        <ele>408.73544382303953</ele>
        <time>2025-11-14T05:05:04.900000Z</time>
        <extensions>
          <gpxtpx:TrackPointExtension>
            <gpxtpx:hr>122</gpxtpx:hr>
          </gpxtpx:TrackPointExtension>
        </extensions>
      </trkpt>
      <trkpt lat="34.21368802923641" lon="108.83245768469723">
        <ele>408.7262107850984</ele>
        <time>2025-11-14T05:05:05.900000Z</time>
        <extensions>
          <gpxtpx:TrackPointExtension>
            <gpxtpx:hr>122</gpxtpx:hr>
          </gpxtpx:TrackPointExtension>
        </extensions>
      </trkpt>
      <trkpt lat="34.21369078056047" lon="108.83244225901267">
        <ele>408.72125414200127</ele>
        <time>2025-11-14T05:05:06.900000Z</time>
        <extensions>
          <gpxtpx:TrackPointExtension>
            <gpxtpx:hr>122</gpxtpx:hr>
          </gpxtpx:TrackPointExtension>
        </extensions>
      </trkpt>
      <trkpt lat="34.213693417070886" lon="108.83242653757797">
        <ele>408.72055983915925</ele>
        <time>2025-11-14T05:05:07.900000Z</time>
        <extensions>
          <gpxtpx:TrackPointExtension>
            <gpxtpx:hr>122</gpxtpx:hr>
          </gpxtpx:TrackPointExtension>
        </extensions>
      </trkpt>
      <trkpt lat="34.21369579963426" lon="108.83240991797747">
        <ele>408.7266293913126</ele>
        <time>2025-11-14T05:05:08.900000Z</time>
        <extensions>
          <gpxtpx:TrackPointExtension>
            <gpxtpx:hr>122</gpxtpx:hr>
          </gpxtpx:TrackPointExtension>
        </extensions>
      </trkpt>
      <trkpt lat="34.21369794782792" lon="108.83239279387271">
        <ele>408.72226540278643</ele>
        <time>2025-11-14T05:05:09.900000Z</time>
        <extensions>
          <gpxtpx:TrackPointExtension>
            <gpxtpx:hr>122</gpxtpx:hr>
          </gpxtpx:TrackPointExtension>
        </extensions>
      </trkpt>
      <trkpt lat="34.21370010303715" lon="108.83237660979515">
        <ele>408.71416170708835</ele>
        <time>2025-11-14T05:05:10.900000Z</time>
        <extensions>
          <gpxtpx:TrackPointExtension>
            <gpxtpx:hr>122</gpxtpx:hr>
          </gpxtpx:TrackPointExtension>
        </extensions>
      </trkpt>
      <trkpt lat="34.21370247694475" lon="108.83236103458654">
        <ele>408.7033488797024</ele>
        <time>2025-11-14T05:05:11.900000Z</time>
        <extensions>
          <gpxtpx:TrackPointExtension>
            <gpxtpx:hr>122</gpxtpx:hr>
          </gpxtpx:TrackPointExtension>
        </extensions>
      </trkpt>
      <trkpt lat="34.21370524036023" lon="108.832344887486">
        <ele>408.6892775930464</ele>
        <time>2025-11-14T05:05:12.900000Z</time>
        <extensions>
          <gpxtpx:TrackPointExtension>
            <gpxtpx:hr>122</gpxtpx:hr>
          </gpxtpx:TrackPointExtension>
        </extensions>
      </trkpt>
      <trkpt lat="34.21370835636174" lon="108.83232961448913">
        <ele>408.68014051020145</ele>
        <time>2025-11-14T05:05:13.900000Z</time>
        <extensions>
          <gpxtpx:TrackPointExtension>
            <gpxtpx:hr>122</gpxtpx:hr>
          </gpxtpx:TrackPointExtension>
        </extensions>
      </trkpt>
      <trkpt lat="34.213712090472725" lon="108.8323145965997">
        <ele>408.6782781723887</ele>
        <time>2025-11-14T05:05:14.900000Z</time>
        <extensions>
          <gpxtpx:TrackPointExtension>
            <gpxtpx:hr>122</gpxtpx:hr>
          </gpxtpx:TrackPointExtension>
        </extensions>
      </trkpt>
      <trkpt lat="34.2137160578581" lon="108.83230004292172">
        <ele>408.66133904922754</ele>
        <time>2025-11-14T05:05:15.900000Z</time>
        <extensions>
          <gpxtpx:TrackPointExtension>
            <gpxtpx:hr>122</gpxtpx:hr>
          </gpxtpx:TrackPointExtension>
        </extensions>
      </trkpt>
      <trkpt lat="34.21371995705432" lon="108.83228626131896">
        <ele>408.6367471124977</ele>
        <time>2025-11-14T05:05:16.900000Z</time>
        <extensions>
          <gpxtpx:TrackPointExtension>
            <gpxtpx:hr>122</gpxtpx:hr>
          </gpxtpx:TrackPointExtension>
        </extensions>
      </trkpt>
      <trkpt lat="34.21372410320334" lon="108.83227169784345">
        <ele>408.59701735526323</ele>
        <time>2025-11-14T05:05:17.900000Z</time>
        <extensions>
          <gpxtpx:TrackPointExtension>
            <gpxtpx:hr>122</gpxtpx:hr>
          </gpxtpx:TrackPointExtension>
        </extensions>
      </trkpt>
      <trkpt lat="34.21372835408511" lon="108.8322574965992">
        <ele>408.5564474342391</ele>
        <time>2025-11-14T05:05:18.900000Z</time>
        <extensions>
          <gpxtpx:TrackPointExtension>
            <gpxtpx:hr>122</gpxtpx:hr>
          </gpxtpx:TrackPointExtension>
        </extensions>
      </trkpt>
      <trkpt lat="34.21373305693893" lon="108.83224329222023">
        <ele>408.5183558417484</ele>
        <time>2025-11-14T05:05:19.900000Z</time>
        <extensions>
          <gpxtpx:TrackPointExtension>
            <gpxtpx:hr>122</gpxtpx:hr>
          </gpxtpx:TrackPointExtension>
        </extensions>
      </trkpt>
      <trkpt lat="34.21373792789354" lon="108.8322293147261">
        <ele>408.4672968490049</ele>
        <time>2025-11-14T05:05:20.900000Z</time>
        <extensions>
          <gpxtpx:TrackPointExtension>
            <gpxtpx:hr>122</gpxtpx:hr>
          </gpxtpx:TrackPointExtension>
        </extensions>
      </trkpt>
      <trkpt lat="34.21374270742613" lon="108.83221561507007">
        <ele>408.4125101752579</ele>
        <time>2025-11-14T05:05:21.900000Z</time>
        <extensions>
          <gpxtpx:TrackPointExtension>
            <gpxtpx:hr>122</gpxtpx:hr>
          </gpxtpx:TrackPointExtension>
        </extensions>
      </trkpt>
      <trkpt lat="34.21374757190612" lon="108.8322019720285">
        <ele>408.3513802206144</ele>
        <time>2025-11-14T05:05:22.900000Z</time>
        <extensions>
          <gpxtpx:TrackPointExtension>
            <gpxtpx:hr>122</gpxtpx:hr>
          </gpxtpx:TrackPointExtension>
        </extensions>
      </trkpt>
      <trkpt lat="34.21375234728936" lon="108.83218829275478">
        <ele>408.2843059496954</ele>
        <time>2025-11-14T05:05:23.900000Z</time>
        <extensions>
          <gpxtpx:TrackPointExtension>
            <gpxtpx:hr>122</gpxtpx:hr>
          </gpxtpx:TrackPointExtension>
        </extensions>
      </trkpt>
      <trkpt lat="34.213757147542886" lon="108.83217366823763">
        <ele>408.2033695457503</ele>
        <time>2025-11-14T05:05:24.900000Z</time>
        <extensions>
          <gpxtpx:TrackPointExtension>
            <gpxtpx:hr>122</gpxtpx:hr>
          </gpxtpx:TrackPointExtension>
        </extensions>
      </trkpt>
      <trkpt lat="34.21376161987227" lon="108.83215984450065">
        <ele>408.115522489883</ele>
        <time>2025-11-14T05:05:25.900000Z</time>
        <extensions>
          <gpxtpx:TrackPointExtension>
            <gpxtpx:hr>122</gpxtpx:hr>
          </gpxtpx:TrackPointExtension>
        </extensions>
      </trkpt>
      <trkpt lat="34.213765911529904" lon="108.83214677586503">
        <ele>408.03644049167633</ele>
        <time>2025-11-14T05:05:26.900000Z</time>
        <extensions>
          <gpxtpx:TrackPointExtension>
            <gpxtpx:hr>122</gpxtpx:hr>
          </gpxtpx:TrackPointExtension>
        </extensions>
      </trkpt>
      <trkpt lat="34.21377067786494" lon="108.83213324612213">
        <ele>407.94127853401005</ele>
        <time>2025-11-14T05:05:27.900000Z</time>
        <extensions>
          <gpxtpx:TrackPointExtension>
            <gpxtpx:hr>122</gpxtpx:hr>
          </gpxtpx:TrackPointExtension>
        </extensions>
      </trkpt>
      <trkpt lat="34.21377621400039" lon="108.83211961925254">
        <ele>407.82853237167</ele>
        <time>2025-11-14T05:05:28.900000Z</time>
        <extensions>
          <gpxtpx:TrackPointExtension>
            <gpxtpx:hr>122</gpxtpx:hr>
          </gpxtpx:TrackPointExtension>
        </extensions>
      </trkpt>
      <trkpt lat="34.213782421412795" lon="108.832107175119">
        <ele>407.72413768898696</ele>
        <time>2025-11-14T05:05:29.900000Z</time>
        <extensions>
          <gpxtpx:TrackPointExtension>
            <gpxtpx:hr>122</gpxtpx:hr>
          </gpxtpx:TrackPointExtension>
        </extensions>
      </trkpt>
      <trkpt lat="34.21378945745789" lon="108.83209651344718">
        <ele>407.6330758705735</ele>
        <time>2025-11-14T05:05:30.900000Z</time>
        <extensions>
          <gpxtpx:TrackPointExtension>
            <gpxtpx:hr>122</gpxtpx:hr>
          </gpxtpx:TrackPointExtension>
        </extensions>
      </trkpt>
      <trkpt lat="34.21379704956459" lon="108.83208748518878">
        <ele>407.52816283050925</ele>
        <time>2025-11-14T05:05:31.900000Z</time>
        <extensions>
          <gpxtpx:TrackPointExtension>
            <gpxtpx:hr>122</gpxtpx:hr>
          </gpxtpx:TrackPointExtension>
        </extensions>
      </trkpt>
      <trkpt lat="34.21380433526351" lon="108.83208060679426">
        <ele>407.44485182128847</ele>
        <time>2025-11-14T05:05:32.900000Z</time>
        <extensions>
          <gpxtpx:TrackPointExtension>
            <gpxtpx:hr>122</gpxtpx:hr>
          </gpxtpx:TrackPointExtension>
        </extensions>
      </trkpt>
      <trkpt lat="34.21381119963692" lon="108.83207677103168">
        <ele>407.36846321914345</ele>
        <time>2025-11-14T05:05:33.900000Z</time>
        <extensions>
          <gpxtpx:TrackPointExtension>
            <gpxtpx:hr>122</gpxtpx:hr>
          </gpxtpx:TrackPointExtension>
        </extensions>
      </trkpt>
      <trkpt lat="34.213818234592594" lon="108.83207638464879">
        <ele>407.30136425979435</ele>
        <time>2025-11-14T05:05:34.900000Z</time>
        <extensions>
          <gpxtpx:TrackPointExtension>
            <gpxtpx:hr>122</gpxtpx:hr>
          </gpxtpx:TrackPointExtension>
        </extensions>
      </trkpt>
      <trkpt lat="34.213826595509" lon="108.8320784909037">
        <ele>407.2445338619873</ele>
        <time>2025-11-14T05:05:35.900000Z</time>
        <extensions>
          <gpxtpx:TrackPointExtension>
            <gpxtpx:hr>122</gpxtpx:hr>
          </gpxtpx:TrackPointExtension>
        </extensions>
      </trkpt>
      <trkpt lat="34.213835969987976" lon="108.83208228914751">
        <ele>407.19890335202217</ele>
        <time>2025-11-14T05:05:36.900000Z</time>
        <extensions>
          <gpxtpx:TrackPointExtension>
            <gpxtpx:hr>122</gpxtpx:hr>
          </gpxtpx:TrackPointExtension>
        </extensions>
      </trkpt>
      <trkpt lat="34.21384518047973" lon="108.83208713586363">
        <ele>407.16090848483145</ele>
        <time>2025-11-14T05:05:37.900000Z</time>
        <extensions>
          <gpxtpx:TrackPointExtension>
            <gpxtpx:hr>122</gpxtpx:hr>
          </gpxtpx:TrackPointExtension>
        </extensions>
      </trkpt>
      <trkpt lat="34.21385437794259" lon="108.83209249484626">
        <ele>407.14440517965704</ele>
        <time>2025-11-14T05:05:38.900000Z</time>
        <extensions>
          <gpxtpx:TrackPointExtension>
            <gpxtpx:hr>122</gpxtpx:hr>
          </gpxtpx:TrackPointExtension>
        </extensions>
      </trkpt>
      <trkpt lat="34.21386390302704" lon="108.8320980961063">
        <ele>407.1359305260703</ele>
        <time>2025-11-14T05:05:39.900000Z</time>
        <extensions>
          <gpxtpx:TrackPointExtension>
            <gpxtpx:hr>122</gpxtpx:hr>
          </gpxtpx:TrackPointExtension>
        </extensions>
      </trkpt>
      <trkpt lat="34.21387368395426" lon="108.83210330758416">
        <ele>407.1364638535306</ele>
        <time>2025-11-14T05:05:40.900000Z</time>
        <extensions>
          <gpxtpx:TrackPointExtension>
            <gpxtpx:hr>124</gpxtpx:hr>
          </gpxtpx:TrackPointExtension>
        </extensions>
      </trkpt>
      <trkpt lat="34.21388326022874" lon="108.83210827858045">
        <ele>407.16407045535743</ele>
        <time>2025-11-14T05:05:41.900000Z</time>
        <extensions>
          <gpxtpx:TrackPointExtension>
            <gpxtpx:hr>124</gpxtpx:hr>
          </gpxtpx:TrackPointExtension>
        </extensions>
      </trkpt>
      <trkpt lat="34.21389239955882" lon="108.8321132083932">
        <ele>407.20345778763294</ele>
        <time>2025-11-14T05:05:42.900000Z</time>
        <extensions>
          <gpxtpx:TrackPointExtension>
            <gpxtpx:hr>124</gpxtpx:hr>
          </gpxtpx:TrackPointExtension>
        </extensions>
      </trkpt>
      <trkpt lat="34.21390117986742" lon="108.83211790802751">
        <ele>407.242374653928</ele>
        <time>2025-11-14T05:05:43.900000Z</time>
        <extensions>
          <gpxtpx:TrackPointExtension>
            <gpxtpx:hr>124</gpxtpx:hr>
          </gpxtpx:TrackPointExtension>
        </extensions>
      </trkpt>
      <trkpt lat="34.21390991491665" lon="108.8321223152086">
        <ele>407.2603275878355</ele>
        <time>2025-11-14T05:05:44.900000Z</time>
        <extensions>
          <gpxtpx:TrackPointExtension>
            <gpxtpx:hr>124</gpxtpx:hr>
          </gpxtpx:TrackPointExtension>
        </extensions>
      </trkpt>
      <trkpt lat="34.213919090353535" lon="108.83212653482495">
        <ele>407.28410604409873</ele>
        <time>2025-11-14T05:05:45.900000Z</time>
        <extensions>
          <gpxtpx:TrackPointExtension>
            <gpxtpx:hr>124</gpxtpx:hr>
          </gpxtpx:TrackPointExtension>
        </extensions>
      </trkpt>
      <trkpt lat="34.21392865992778" lon="108.83213070867035">
        <ele>407.30752602033317</ele>
        <time>2025-11-14T05:05:46.900000Z</time>
        <extensions>
          <gpxtpx:TrackPointExtension>
            <gpxtpx:hr>124</gpxtpx:hr>
          </gpxtpx:TrackPointExtension>
        </extensions>
      </trkpt>
      <trkpt lat="34.21393862248622" lon="108.83213484987915">
        <ele>407.32790672779083</ele>
        <time>2025-11-14T05:05:47.900000Z</time>
        <extensions>
          <gpxtpx:TrackPointExtension>
            <gpxtpx:hr>124</gpxtpx:hr>
          </gpxtpx:TrackPointExtension>
        </extensions>
      </trkpt>
      <trkpt lat="34.21394882947665" lon="108.83213866906878">
        <ele>407.31411010213196</ele>
        <time>2025-11-14T05:05:48.900000Z</time>
        <extensions>
          <gpxtpx:TrackPointExtension>
            <gpxtpx:hr>124</gpxtpx:hr>
          </gpxtpx:TrackPointExtension>
        </extensions>
      </trkpt>
      <trkpt lat="34.21395836543209" lon="108.83214149582149">
        <ele>407.2920119743794</ele>
        <time>2025-11-14T05:05:49.900000Z</time>
        <extensions>
          <gpxtpx:TrackPointExtension>
            <gpxtpx:hr>124</gpxtpx:hr>
          </gpxtpx:TrackPointExtension>
        </extensions>
      </trkpt>
      <trkpt lat="34.21396726679951" lon="108.8321432937682">
        <ele>407.2647622609511</ele>
        <time>2025-11-14T05:05:50.900000Z</time>
        <extensions>
          <gpxtpx:TrackPointExtension>
            <gpxtpx:hr>122</gpxtpx:hr>
          </gpxtpx:TrackPointExtension>
        </extensions>
      </trkpt>
      <trkpt lat="34.2139761979849" lon="108.83214487535611">
        <ele>407.22285799402744</ele>
        <time>2025-11-14T05:05:51.900000Z</time>
        <extensions>
          <gpxtpx:TrackPointExtension>
            <gpxtpx:hr>122</gpxtpx:hr>
          </gpxtpx:TrackPointExtension>
        </extensions>
      </trkpt>
      <trkpt lat="34.21398537620947" lon="108.83214687011207">
        <ele>407.1631395369768</ele>
        <time>2025-11-14T05:05:52.900000Z</time>
        <extensions>
          <gpxtpx:TrackPointExtension>
            <gpxtpx:hr>122</gpxtpx:hr>
          </gpxtpx:TrackPointExtension>
        </extensions>
      </trkpt>
      <trkpt lat="34.21399458236292" lon="108.83214949173014">
        <ele>407.074010935612</ele>
        <time>2025-11-14T05:05:53.900000Z</time>
        <extensions>
          <gpxtpx:TrackPointExtension>
            <gpxtpx:hr>122</gpxtpx:hr>
          </gpxtpx:TrackPointExtension>
        </extensions>
      </trkpt>
      <trkpt lat="34.214003753334644" lon="108.83215260568088">
        <ele>406.9610932935029</ele>
        <time>2025-11-14T05:05:54.900000Z</time>
        <extensions>
          <gpxtpx:TrackPointExtension>
            <gpxtpx:hr>120</gpxtpx:hr>
          </gpxtpx:TrackPointExtension>
        </extensions>
      </trkpt>
      <trkpt lat="34.21401268778798" lon="108.8321556680585">
        <ele>406.8429561536759</ele>
        <time>2025-11-14T05:05:55.900000Z</time>
        <extensions>
          <gpxtpx:TrackPointExtension>
            <gpxtpx:hr>120</gpxtpx:hr>
          </gpxtpx:TrackPointExtension>
        </extensions>
      </trkpt>
      <trkpt lat="34.21402127016167" lon="108.83215816118762">
        <ele>406.71596969943494</ele>
        <time>2025-11-14T05:05:56.900000Z</time>
        <extensions>
          <gpxtpx:TrackPointExtension>
            <gpxtpx:hr>120</gpxtpx:hr>
          </gpxtpx:TrackPointExtension>
        </extensions>
      </trkpt>
      <trkpt lat="34.21402996569883" lon="108.83215950790843">
        <ele>406.5784761290997</ele>
        <time>2025-11-14T05:05:57.900000Z</time>
        <extensions>
          <gpxtpx:TrackPointExtension>
            <gpxtpx:hr>120</gpxtpx:hr>
          </gpxtpx:TrackPointExtension>
        </extensions>
      </trkpt>
      <trkpt lat="34.214038615272365" lon="108.83215988151208">
        <ele>406.43699995893985</ele>
        <time>2025-11-14T05:05:58.900000Z</time>
        <extensions>
          <gpxtpx:TrackPointExtension>
            <gpxtpx:hr>120</gpxtpx:hr>
          </gpxtpx:TrackPointExtension>
        </extensions>
      </trkpt>
      <trkpt lat="34.21404713012373" lon="108.83216005933">
        <ele>406.2808032138273</ele>
        <time>2025-11-14T05:05:59.900000Z</time>
        <extensions>
          <gpxtpx:TrackPointExtension>
            <gpxtpx:hr>120</gpxtpx:hr>
          </gpxtpx:TrackPointExtension>
        </extensions>
      </trkpt>
      <trkpt lat="34.21405560189799" lon="108.83216049607735">
        <ele>406.1237463122234</ele>
        <time>2025-11-14T05:06:00.900000Z</time>
        <extensions>
          <gpxtpx:TrackPointExtension>
            <gpxtpx:hr>118</gpxtpx:hr>
          </gpxtpx:TrackPointExtension>
        </extensions>
      </trkpt>
      <trkpt lat="34.214064201275036" lon="108.83216139242046">
        <ele>405.97363243531436</ele>
        <time>2025-11-14T05:06:01.900000Z</time>
        <extensions>
          <gpxtpx:TrackPointExtension>
            <gpxtpx:hr>118</gpxtpx:hr>
          </gpxtpx:TrackPointExtension>
        </extensions>
      </trkpt>
      <trkpt lat="34.21407330946323" lon="108.832162855526">
        <ele>405.8308801278472</ele>
        <time>2025-11-14T05:06:02.900000Z</time>
        <extensions>
          <gpxtpx:TrackPointExtension>
            <gpxtpx:hr>118</gpxtpx:hr>
          </gpxtpx:TrackPointExtension>
        </extensions>
      </trkpt>
      <trkpt lat="34.21408292874453" lon="108.83216507996673">
        <ele>405.70646807178855</ele>
        <time>2025-11-14T05:06:03.900000Z</time>
        <extensions>
          <gpxtpx:TrackPointExtension>
            <gpxtpx:hr>118</gpxtpx:hr>
          </gpxtpx:TrackPointExtension>
        </extensions>
      </trkpt>
      <trkpt lat="34.2140926915613" lon="108.83216831502338">
        <ele>405.59004660416394</ele>
        <time>2025-11-14T05:06:04.900000Z</time>
        <extensions>
          <gpxtpx:TrackPointExtension>
            <gpxtpx:hr>118</gpxtpx:hr>
          </gpxtpx:TrackPointExtension>
        </extensions>
      </trkpt>
      <trkpt lat="34.21410257400708" lon="108.83217245624427">
        <ele>405.4870712393895</ele>
        <time>2025-11-14T05:06:05.900000Z</time>
        <extensions>
          <gpxtpx:TrackPointExtension>
            <gpxtpx:hr>117</gpxtpx:hr>
          </gpxtpx:TrackPointExtension>
        </extensions>
      </trkpt>
      <trkpt lat="34.214112736858226" lon="108.83217714762708">
        <ele>405.40232049115</ele>
        <time>2025-11-14T05:06:06.900000Z</time>
        <extensions>
          <gpxtpx:TrackPointExtension>
            <gpxtpx:hr>117</gpxtpx:hr>
          </gpxtpx:TrackPointExtension>
        </extensions>
      </trkpt>
      <trkpt lat="34.21412275881526" lon="108.83218207427721">
        <ele>405.33083866816014</ele>
        <time>2025-11-14T05:06:07.900000Z</time>
        <extensions>
          <gpxtpx:TrackPointExtension>
            <gpxtpx:hr>117</gpxtpx:hr>
          </gpxtpx:TrackPointExtension>
        </extensions>
      </trkpt>
      <trkpt lat="34.21413234117615" lon="108.83218734128283">
        <ele>405.28349107690156</ele>
        <time>2025-11-14T05:06:08.900000Z</time>
        <extensions>
          <gpxtpx:TrackPointExtension>
            <gpxtpx:hr>118</gpxtpx:hr>
          </gpxtpx:TrackPointExtension>
        </extensions>
      </trkpt>
      <trkpt lat="34.21414183444536" lon="108.83219278374929">
        <ele>405.2430871007964</ele>
        <time>2025-11-14T05:06:09.900000Z</time>
        <extensions>
          <gpxtpx:TrackPointExtension>
            <gpxtpx:hr>118</gpxtpx:hr>
          </gpxtpx:TrackPointExtension>
        </extensions>
      </trkpt>
      <trkpt lat="34.2141515929912" lon="108.83219806570672">
        <ele>405.2280913265422</ele>
        <time>2025-11-14T05:06:10.900000Z</time>
        <extensions>
          <gpxtpx:TrackPointExtension>
            <gpxtpx:hr>118</gpxtpx:hr>
          </gpxtpx:TrackPointExtension>
        </extensions>
      </trkpt>
      <trkpt lat="34.21416188326174" lon="108.83220346309085">
        <ele>405.2369895139709</ele>
        <time>2025-11-14T05:06:11.900000Z</time>
        <extensions>
          <gpxtpx:TrackPointExtension>
            <gpxtpx:hr>118</gpxtpx:hr>
          </gpxtpx:TrackPointExtension>
        </extensions>
      </trkpt>
      <trkpt lat="34.21417268586906" lon="108.8322089689201">
        <ele>405.25101338513196</ele>
        <time>2025-11-14T05:06:12.900000Z</time>
        <extensions>
          <gpxtpx:TrackPointExtension>
            <gpxtpx:hr>118</gpxtpx:hr>
          </gpxtpx:TrackPointExtension>
        </extensions>
      </trkpt>
      <trkpt lat="34.2141835647212" lon="108.8322142708848">
        <ele>405.3087102258578</ele>
        <time>2025-11-14T05:06:13.900000Z</time>
        <extensions>
          <gpxtpx:TrackPointExtension>
            <gpxtpx:hr>118</gpxtpx:hr>
          </gpxtpx:TrackPointExtension>
        </extensions>
      </trkpt>
      <trkpt lat="34.21419442239106" lon="108.83221926625954">
        <ele>405.3689005151391</ele>
        <time>2025-11-14T05:06:14.900000Z</time>
        <extensions>
          <gpxtpx:TrackPointExtension>
            <gpxtpx:hr>118</gpxtpx:hr>
          </gpxtpx:TrackPointExtension>
        </extensions>
      </trkpt>
      <trkpt lat="34.21420527235827" lon="108.83222378032441">
        <ele>405.42880632262677</ele>
        <time>2025-11-14T05:06:15.900000Z</time>
        <extensions>
          <gpxtpx:TrackPointExtension>
            <gpxtpx:hr>118</gpxtpx:hr>
          </gpxtpx:TrackPointExtension>
        </extensions>
      </trkpt>
      <trkpt lat="34.214216481317955" lon="108.83222748593167">
        <ele>405.48062994889915</ele>
        <time>2025-11-14T05:06:16.900000Z</time>
        <extensions>
          <gpxtpx:TrackPointExtension>
            <gpxtpx:hr>118</gpxtpx:hr>
          </gpxtpx:TrackPointExtension>
        </extensions>
      </trkpt>
      <trkpt lat="34.21422782351615" lon="108.83223065705293">
        <ele>405.5170545550063</ele>
        <time>2025-11-14T05:06:17.900000Z</time>
        <extensions>
          <gpxtpx:TrackPointExtension>
            <gpxtpx:hr>118</gpxtpx:hr>
          </gpxtpx:TrackPointExtension>
        </extensions>
      </trkpt>
      <trkpt lat="34.21423846413042" lon="108.83223371652639">
        <ele>405.5289892097935</ele>
        <time>2025-11-14T05:06:18.900000Z</time>
        <extensions>
          <gpxtpx:TrackPointExtension>
            <gpxtpx:hr>118</gpxtpx:hr>
          </gpxtpx:TrackPointExtension>
        </extensions>
      </trkpt>
      <trkpt lat="34.21424886576323" lon="108.83223674001616">
        <ele>405.54592034593225</ele>
        <time>2025-11-14T05:06:19.900000Z</time>
        <extensions>
          <gpxtpx:TrackPointExtension>
            <gpxtpx:hr>118</gpxtpx:hr>
          </gpxtpx:TrackPointExtension>
        </extensions>
      </trkpt>
      <trkpt lat="34.2142602767391" lon="108.8322399329283">
        <ele>405.55997719895095</ele>
        <time>2025-11-14T05:06:20.900000Z</time>
        <extensions>
          <gpxtpx:TrackPointExtension>
            <gpxtpx:hr>118</gpxtpx:hr>
          </gpxtpx:TrackPointExtension>
        </extensions>
      </trkpt>
      <trkpt lat="34.21427234787074" lon="108.83224328592743">
        <ele>405.5735075781122</ele>
        <time>2025-11-14T05:06:21.900000Z</time>
        <extensions>
          <gpxtpx:TrackPointExtension>
            <gpxtpx:hr>118</gpxtpx:hr>
          </gpxtpx:TrackPointExtension>
        </extensions>
      </trkpt>
      <trkpt lat="34.21428403550651" lon="108.83224641322062">
        <ele>405.585362364538</ele>
        <time>2025-11-14T05:06:22.900000Z</time>
        <extensions>
          <gpxtpx:TrackPointExtension>
            <gpxtpx:hr>117</gpxtpx:hr>
          </gpxtpx:TrackPointExtension>
        </extensions>
      </trkpt>
      <trkpt lat="34.214295253836035" lon="108.83224905555936">
        <ele>405.59422216843814</ele>
        <time>2025-11-14T05:06:23.900000Z</time>
        <extensions>
          <gpxtpx:TrackPointExtension>
            <gpxtpx:hr>117</gpxtpx:hr>
          </gpxtpx:TrackPointExtension>
        </extensions>
      </trkpt>
      <trkpt lat="34.21430689622194" lon="108.83225128972448">
        <ele>405.60266538895667</ele>
        <time>2025-11-14T05:06:24.900000Z</time>
        <extensions>
          <gpxtpx:TrackPointExtension>
            <gpxtpx:hr>117</gpxtpx:hr>
          </gpxtpx:TrackPointExtension>
        </extensions>
      </trkpt>
      <trkpt lat="34.2143192016177" lon="108.83225389038947">
        <ele>405.60905028972775</ele>
        <time>2025-11-14T05:06:25.900000Z</time>
        <extensions>
          <gpxtpx:TrackPointExtension>
            <gpxtpx:hr>117</gpxtpx:hr>
          </gpxtpx:TrackPointExtension>
        </extensions>
      </trkpt>
      <trkpt lat="34.21433119794845" lon="108.83225734178177">
        <ele>405.6020569438115</ele>
        <time>2025-11-14T05:06:26.900000Z</time>
        <extensions>
          <gpxtpx:TrackPointExtension>
            <gpxtpx:hr>117</gpxtpx:hr>
          </gpxtpx:TrackPointExtension>
        </extensions>
      </trkpt>
      <trkpt lat="34.21434270197999" lon="108.83226129711583">
        <ele>405.5818805769086</ele>
        <time>2025-11-14T05:06:27.900000Z</time>
        <extensions>
          <gpxtpx:TrackPointExtension>
            <gpxtpx:hr>117</gpxtpx:hr>
          </gpxtpx:TrackPointExtension>
        </extensions>
      </trkpt>
      <trkpt lat="34.21435455011384" lon="108.83226523978608">
        <ele>405.5625290470198</ele>
        <time>2025-11-14T05:06:28.900000Z</time>
        <extensions>
          <gpxtpx:TrackPointExtension>
            <gpxtpx:hr>117</gpxtpx:hr>
          </gpxtpx:TrackPointExtension>
        </extensions>
      </trkpt>
      <trkpt lat="34.21436713775998" lon="108.83226911908287">
        <ele>405.53812438156456</ele>
        <time>2025-11-14T05:06:29.900000Z</time>
        <extensions>
          <gpxtpx:TrackPointExtension>
            <gpxtpx:hr>115</gpxtpx:hr>
          </gpxtpx:TrackPointExtension>
        </extensions>
      </trkpt>
      <trkpt lat="34.214380444031804" lon="108.83227335403964">
        <ele>405.511761396192</ele>
        <time>2025-11-14T05:06:30.900000Z</time>
        <extensions>
          <gpxtpx:TrackPointExtension>
            <gpxtpx:hr>115</gpxtpx:hr>
          </gpxtpx:TrackPointExtension>
        </extensions>
      </trkpt>
      <trkpt lat="34.214394322677876" lon="108.83227834837993">
        <ele>405.500834133476</ele>
        <time>2025-11-14T05:06:31.900000Z</time>
        <extensions>
          <gpxtpx:TrackPointExtension>
            <gpxtpx:hr>115</gpxtpx:hr>
          </gpxtpx:TrackPointExtension>
        </extensions>
      </trkpt>
      <trkpt lat="34.21440781929462" lon="108.83228323272068">
        <ele>405.493005445227</ele>
        <time>2025-11-14T05:06:32.900000Z</time>
        <extensions>
          <gpxtpx:TrackPointExtension>
            <gpxtpx:hr>115</gpxtpx:hr>
          </gpxtpx:TrackPointExtension>
        </extensions>
      </trkpt>
      <trkpt lat="34.21442108609658" lon="108.83228743096596">
        <ele>405.48082287050784</ele>
        <time>2025-11-14T05:06:33.900000Z</time>
        <extensions>
          <gpxtpx:TrackPointExtension>
            <gpxtpx:hr>115</gpxtpx:hr>
          </gpxtpx:TrackPointExtension>
        </extensions>
      </trkpt>
      <trkpt lat="34.214434731744525" lon="108.83229140258686">
        <ele>405.4693331858143</ele>
        <time>2025-11-14T05:06:34.900000Z</time>
        <extensions>
          <gpxtpx:TrackPointExtension>
            <gpxtpx:hr>115</gpxtpx:hr>
          </gpxtpx:TrackPointExtension>
        </extensions>
      </trkpt>
      <trkpt lat="34.21444832530109" lon="108.83229539082578">
        <ele>405.4685770906508</ele>
        <time>2025-11-14T05:06:35.900000Z</time>
        <extensions>
          <gpxtpx:TrackPointExtension>
            <gpxtpx:hr>115</gpxtpx:hr>
          </gpxtpx:TrackPointExtension>
        </extensions>
      </trkpt>
      <trkpt lat="34.214461931373705" lon="108.832299463546">
        <ele>405.4615221293643</ele>
        <time>2025-11-14T05:06:36.900000Z</time>
        <extensions>
          <gpxtpx:TrackPointExtension>
            <gpxtpx:hr>116</gpxtpx:hr>
          </gpxtpx:TrackPointExtension>
        </extensions>
      </trkpt>
      <trkpt lat="34.214475814933614" lon="108.83230361687093">
        <ele>405.45568216592073</ele>
        <time>2025-11-14T05:06:37.900000Z</time>
        <extensions>
          <gpxtpx:TrackPointExtension>
            <gpxtpx:hr>116</gpxtpx:hr>
          </gpxtpx:TrackPointExtension>
        </extensions>
      </trkpt>
      <trkpt lat="34.21448886755999" lon="108.8323075678144">
        <ele>405.4545169426128</ele>
        <time>2025-11-14T05:06:38.900000Z</time>
        <extensions>
          <gpxtpx:TrackPointExtension>
            <gpxtpx:hr>116</gpxtpx:hr>
          </gpxtpx:TrackPointExtension>
        </extensions>
      </trkpt>
      <trkpt lat="34.21450111172238" lon="108.83231124777963">
        <ele>405.4609442325309</ele>
        <time>2025-11-14T05:06:39.900000Z</time>
        <extensions>
          <gpxtpx:TrackPointExtension>
            <gpxtpx:hr>116</gpxtpx:hr>
          </gpxtpx:TrackPointExtension>
        </extensions>
      </trkpt>
      <trkpt lat="34.21451338432908" lon="108.83231490579854">
        <ele>405.45099013857543</ele>
        <time>2025-11-14T05:06:40.900000Z</time>
        <extensions>
          <gpxtpx:TrackPointExtension>
            <gpxtpx:hr>117</gpxtpx:hr>
          </gpxtpx:TrackPointExtension>
        </extensions>
      </trkpt>
      <trkpt lat="34.214525606170966" lon="108.83231812191737">
        <ele>405.4399117026478</ele>
        <time>2025-11-14T05:06:41.900000Z</time>
        <extensions>
          <gpxtpx:TrackPointExtension>
            <gpxtpx:hr>117</gpxtpx:hr>
          </gpxtpx:TrackPointExtension>
        </extensions>
      </trkpt>
      <trkpt lat="34.21453871597328" lon="108.83232105788366">
        <ele>405.4353988710791</ele>
        <time>2025-11-14T05:06:42.900000Z</time>
        <extensions>
          <gpxtpx:TrackPointExtension>
            <gpxtpx:hr>117</gpxtpx:hr>
          </gpxtpx:TrackPointExtension>
        </extensions>
      </trkpt>
      <trkpt lat="34.21455294054626" lon="108.83232440129464">
        <ele>405.43082344159484</ele>
        <time>2025-11-14T05:06:43.900000Z</time>
        <extensions>
          <gpxtpx:TrackPointExtension>
            <gpxtpx:hr>117</gpxtpx:hr>
          </gpxtpx:TrackPointExtension>
        </extensions>
      </trkpt>
      <trkpt lat="34.214567237083735" lon="108.83232845367897">
        <ele>405.4327276144177</ele>
        <time>2025-11-14T05:06:44.900000Z</time>
        <extensions>
          <gpxtpx:TrackPointExtension>
            <gpxtpx:hr>117</gpxtpx:hr>
          </gpxtpx:TrackPointExtension>
        </extensions>
      </trkpt>
      <trkpt lat="34.21458095166149" lon="108.83233296838188">
        <ele>405.43863870203495</ele>
        <time>2025-11-14T05:06:45.900000Z</time>
        <extensions>
          <gpxtpx:TrackPointExtension>
            <gpxtpx:hr>117</gpxtpx:hr>
          </gpxtpx:TrackPointExtension>
        </extensions>
      </trkpt>
      <trkpt lat="34.214594070708316" lon="108.83233749948573">
        <ele>405.45598297100514</ele>
        <time>2025-11-14T05:06:46.900000Z</time>
        <extensions>
          <gpxtpx:TrackPointExtension>
            <gpxtpx:hr>117</gpxtpx:hr>
          </gpxtpx:TrackPointExtension>
        </extensions>
      </trkpt>
      <trkpt lat="34.21460706850674" lon="108.8323416439625">
        <ele>405.4693098301068</ele>
        <time>2025-11-14T05:06:47.900000Z</time>
        <extensions>
          <gpxtpx:TrackPointExtension>
            <gpxtpx:hr>117</gpxtpx:hr>
          </gpxtpx:TrackPointExtension>
        </extensions>
      </trkpt>
      <trkpt lat="34.214620429338964" lon="108.83234510001265">
        <ele>405.49170659296215</ele>
        <time>2025-11-14T05:06:48.900000Z</time>
        <extensions>
          <gpxtpx:TrackPointExtension>
            <gpxtpx:hr>117</gpxtpx:hr>
          </gpxtpx:TrackPointExtension>
        </extensions>
      </trkpt>
      <trkpt lat="34.21463465573875" lon="108.83234814433969">
        <ele>405.5232175402343</ele>
        <time>2025-11-14T05:06:49.900000Z</time>
        <extensions>
          <gpxtpx:TrackPointExtension>
            <gpxtpx:hr>117</gpxtpx:hr>
          </gpxtpx:TrackPointExtension>
        </extensions>
      </trkpt>
      <trkpt lat="34.214648858798846" lon="108.83235095577348">
        <ele>405.55208299215883</ele>
        <time>2025-11-14T05:06:50.900000Z</time>
        <extensions>
          <gpxtpx:TrackPointExtension>
            <gpxtpx:hr>117</gpxtpx:hr>
          </gpxtpx:TrackPointExtension>
        </extensions>
      </trkpt>
      <trkpt lat="34.214662808504904" lon="108.83235369929639">
        <ele>405.5831542601809</ele>
        <time>2025-11-14T05:06:51.900000Z</time>
        <extensions>
          <gpxtpx:TrackPointExtension>
            <gpxtpx:hr>117</gpxtpx:hr>
          </gpxtpx:TrackPointExtension>
        </extensions>
      </trkpt>
      <trkpt lat="34.21467725188386" lon="108.8323567746888">
        <ele>405.6062384955585</ele>
        <time>2025-11-14T05:06:52.900000Z</time>
        <extensions>
          <gpxtpx:TrackPointExtension>
            <gpxtpx:hr>117</gpxtpx:hr>
          </gpxtpx:TrackPointExtension>
        </extensions>
      </trkpt>
      <trkpt lat="34.21469167380463" lon="108.83236023208111">
        <ele>405.63066379353404</ele>
        <time>2025-11-14T05:06:53.900000Z</time>
        <extensions>
          <gpxtpx:TrackPointExtension>
            <gpxtpx:hr>117</gpxtpx:hr>
          </gpxtpx:TrackPointExtension>
        </extensions>
      </trkpt>
      <trkpt lat="34.21470613247808" lon="108.8323640267906">
        <ele>405.671506033279</ele>
        <time>2025-11-14T05:06:54.900000Z</time>
        <extensions>
          <gpxtpx:TrackPointExtension>
            <gpxtpx:hr>117</gpxtpx:hr>
          </gpxtpx:TrackPointExtension>
        </extensions>
      </trkpt>
      <trkpt lat="34.214720749250745" lon="108.83236814467536">
        <ele>405.71162092871964</ele>
        <time>2025-11-14T05:06:55.900000Z</time>
        <extensions>
          <gpxtpx:TrackPointExtension>
            <gpxtpx:hr>117</gpxtpx:hr>
          </gpxtpx:TrackPointExtension>
        </extensions>
      </trkpt>
      <trkpt lat="34.21473483490505" lon="108.83237248021433">
        <ele>405.761552721262</ele>
        <time>2025-11-14T05:06:56.900000Z</time>
        <extensions>
          <gpxtpx:TrackPointExtension>
            <gpxtpx:hr>117</gpxtpx:hr>
          </gpxtpx:TrackPointExtension>
        </extensions>
      </trkpt>
      <trkpt lat="34.21474842804476" lon="108.83237706126783">
        <ele>405.81207055132836</ele>
        <time>2025-11-14T05:06:57.900000Z</time>
        <extensions>
          <gpxtpx:TrackPointExtension>
            <gpxtpx:hr>117</gpxtpx:hr>
          </gpxtpx:TrackPointExtension>
        </extensions>
      </trkpt>
      <trkpt lat="34.21476187822091" lon="108.83238164382003">
        <ele>405.85278118029237</ele>
        <time>2025-11-14T05:06:58.900000Z</time>
        <extensions>
          <gpxtpx:TrackPointExtension>
            <gpxtpx:hr>117</gpxtpx:hr>
          </gpxtpx:TrackPointExtension>
        </extensions>
      </trkpt>
      <trkpt lat="34.214775330675366" lon="108.83238634953115">
        <ele>405.894087809138</ele>
        <time>2025-11-14T05:06:59.900000Z</time>
        <extensions>
          <gpxtpx:TrackPointExtension>
            <gpxtpx:hr>117</gpxtpx:hr>
          </gpxtpx:TrackPointExtension>
        </extensions>
      </trkpt>
      <trkpt lat="34.21478812494816" lon="108.83239147406441">
        <ele>405.92575506772846</ele>
        <time>2025-11-14T05:07:00.900000Z</time>
        <extensions>
          <gpxtpx:TrackPointExtension>
            <gpxtpx:hr>117</gpxtpx:hr>
          </gpxtpx:TrackPointExtension>
        </extensions>
      </trkpt>
      <trkpt lat="34.214800555335" lon="108.83239697063709">
        <ele>405.94074365403503</ele>
        <time>2025-11-14T05:07:01.900000Z</time>
        <extensions>
          <gpxtpx:TrackPointExtension>
            <gpxtpx:hr>117</gpxtpx:hr>
          </gpxtpx:TrackPointExtension>
        </extensions>
      </trkpt>
      <trkpt lat="34.21481324581961" lon="108.8324026705776">
        <ele>405.9563285242766</ele>
        <time>2025-11-14T05:07:02.900000Z</time>
        <extensions>
          <gpxtpx:TrackPointExtension>
            <gpxtpx:hr>117</gpxtpx:hr>
          </gpxtpx:TrackPointExtension>
        </extensions>
      </trkpt>
      <trkpt lat="34.21482589062206" lon="108.83240795635443">
        <ele>405.9619440957904</ele>
        <time>2025-11-14T05:07:03.900000Z</time>
        <extensions>
          <gpxtpx:TrackPointExtension>
            <gpxtpx:hr>117</gpxtpx:hr>
          </gpxtpx:TrackPointExtension>
        </extensions>
      </trkpt>
      <trkpt lat="34.21483878623243" lon="108.83241261992187">
        <ele>405.97714612819254</ele>
        <time>2025-11-14T05:07:04.900000Z</time>
        <extensions>
          <gpxtpx:TrackPointExtension>
            <gpxtpx:hr>117</gpxtpx:hr>
          </gpxtpx:TrackPointExtension>
        </extensions>
      </trkpt>
      <trkpt lat="34.21485170037911" lon="108.8324166661295">
        <ele>405.98287455923855</ele>
        <time>2025-11-14T05:07:05.900000Z</time>
        <extensions>
          <gpxtpx:TrackPointExtension>
            <gpxtpx:hr>117</gpxtpx:hr>
          </gpxtpx:TrackPointExtension>
        </extensions>
      </trkpt>
      <trkpt lat="34.21486455305158" lon="108.83242019201396">
        <ele>405.99269499257207</ele>
        <time>2025-11-14T05:07:06.900000Z</time>
        <extensions>
          <gpxtpx:TrackPointExtension>
            <gpxtpx:hr>117</gpxtpx:hr>
          </gpxtpx:TrackPointExtension>
        </extensions>
      </trkpt>
      <trkpt lat="34.214877798276" lon="108.83242362513019">
        <ele>405.99972692877054</ele>
        <time>2025-11-14T05:07:07.900000Z</time>
        <extensions>
          <gpxtpx:TrackPointExtension>
            <gpxtpx:hr>117</gpxtpx:hr>
          </gpxtpx:TrackPointExtension>
        </extensions>
      </trkpt>
      <trkpt lat="34.21489120155884" lon="108.83242736966044">
        <ele>406.0127352103591</ele>
        <time>2025-11-14T05:07:08.900000Z</time>
        <extensions>
          <gpxtpx:TrackPointExtension>
            <gpxtpx:hr>118</gpxtpx:hr>
          </gpxtpx:TrackPointExtension>
        </extensions>
      </trkpt>
      <trkpt lat="34.214903616982724" lon="108.83243150324591">
        <ele>406.0207739667967</ele>
        <time>2025-11-14T05:07:09.900000Z</time>
        <extensions>
          <gpxtpx:TrackPointExtension>
            <gpxtpx:hr>118</gpxtpx:hr>
          </gpxtpx:TrackPointExtension>
        </extensions>
      </trkpt>
      <trkpt lat="34.21491530345935" lon="108.83243629139525">
        <ele>406.03656198084354</ele>
        <time>2025-11-14T05:07:10.900000Z</time>
        <extensions>
          <gpxtpx:TrackPointExtension>
            <gpxtpx:hr>118</gpxtpx:hr>
          </gpxtpx:TrackPointExtension>
        </extensions>
      </trkpt>
      <trkpt lat="34.21492732003007" lon="108.83244146705292">
        <ele>406.0507725998759</ele>
        <time>2025-11-14T05:07:11.900000Z</time>
        <extensions>
          <gpxtpx:TrackPointExtension>
            <gpxtpx:hr>118</gpxtpx:hr>
          </gpxtpx:TrackPointExtension>
        </extensions>
      </trkpt>
      <trkpt lat="34.214939343574294" lon="108.83244623839506">
        <ele>406.06763508636504</ele>
        <time>2025-11-14T05:07:12.900000Z</time>
        <extensions>
          <gpxtpx:TrackPointExtension>
            <gpxtpx:hr>119</gpxtpx:hr>
          </gpxtpx:TrackPointExtension>
        </extensions>
      </trkpt>
      <trkpt lat="34.21495112901682" lon="108.83245062156124">
        <ele>406.08531405683607</ele>
        <time>2025-11-14T05:07:13.900000Z</time>
        <extensions>
          <gpxtpx:TrackPointExtension>
            <gpxtpx:hr>119</gpxtpx:hr>
          </gpxtpx:TrackPointExtension>
        </extensions>
      </trkpt>
      <trkpt lat="34.21496290742782" lon="108.83245510856429">
        <ele>406.09252482652664</ele>
        <time>2025-11-14T05:07:14.900000Z</time>
        <extensions>
          <gpxtpx:TrackPointExtension>
            <gpxtpx:hr>119</gpxtpx:hr>
          </gpxtpx:TrackPointExtension>
        </extensions>
      </trkpt>
      <trkpt lat="34.21497497613017" lon="108.83245982842836">
        <ele>406.09349713940173</ele>
        <time>2025-11-14T05:07:15.900000Z</time>
        <extensions>
          <gpxtpx:TrackPointExtension>
            <gpxtpx:hr>119</gpxtpx:hr>
          </gpxtpx:TrackPointExtension>
        </extensions>
      </trkpt>
      <trkpt lat="34.21498707949435" lon="108.83246434681236">
        <ele>406.1059431871399</ele>
        <time>2025-11-14T05:07:16.900000Z</time>
        <extensions>
          <gpxtpx:TrackPointExtension>
            <gpxtpx:hr>119</gpxtpx:hr>
          </gpxtpx:TrackPointExtension>
        </extensions>
      </trkpt>
      <trkpt lat="34.214998644407196" lon="108.83246843820096">
        <ele>406.1209761062637</ele>
        <time>2025-11-14T05:07:17.900000Z</time>
        <extensions>
          <gpxtpx:TrackPointExtension>
            <gpxtpx:hr>119</gpxtpx:hr>
          </gpxtpx:TrackPointExtension>
        </extensions>
      </trkpt>
      <trkpt lat="34.21500986583526" lon="108.83247234736098">
        <ele>406.13756078574806</ele>
        <time>2025-11-14T05:07:18.900000Z</time>
        <extensions>
          <gpxtpx:TrackPointExtension>
            <gpxtpx:hr>119</gpxtpx:hr>
          </gpxtpx:TrackPointExtension>
        </extensions>
      </trkpt>
      <trkpt lat="34.2150213779902" lon="108.83247599559769">
        <ele>406.15100454725325</ele>
        <time>2025-11-14T05:07:19.900000Z</time>
        <extensions>
          <gpxtpx:TrackPointExtension>
            <gpxtpx:hr>117</gpxtpx:hr>
          </gpxtpx:TrackPointExtension>
        </extensions>
      </trkpt>
      <trkpt lat="34.215033068493916" lon="108.8324792672306">
        <ele>406.16754188761115</ele>
        <time>2025-11-14T05:07:20.900000Z</time>
        <extensions>
          <gpxtpx:TrackPointExtension>
            <gpxtpx:hr>117</gpxtpx:hr>
          </gpxtpx:TrackPointExtension>
        </extensions>
      </trkpt>
      <trkpt lat="34.21504478722513" lon="108.83248223609358">
        <ele>406.15649757161736</ele>
        <time>2025-11-14T05:07:21.900000Z</time>
        <extensions>
          <gpxtpx:TrackPointExtension>
            <gpxtpx:hr>117</gpxtpx:hr>
          </gpxtpx:TrackPointExtension>
        </extensions>
      </trkpt>
      <trkpt lat="34.21505663994269" lon="108.83248485809443">
        <ele>406.13887875154614</ele>
        <time>2025-11-14T05:07:22.900000Z</time>
        <extensions>
          <gpxtpx:TrackPointExtension>
            <gpxtpx:hr>117</gpxtpx:hr>
          </gpxtpx:TrackPointExtension>
        </extensions>
      </trkpt>
      <trkpt lat="34.21506872279733" lon="108.8324872934456">
        <ele>406.12079551722854</ele>
        <time>2025-11-14T05:07:23.900000Z</time>
        <extensions>
          <gpxtpx:TrackPointExtension>
            <gpxtpx:hr>117</gpxtpx:hr>
          </gpxtpx:TrackPointExtension>
        </extensions>
      </trkpt>
      <trkpt lat="34.215081065830766" lon="108.83248989019313">
        <ele>406.08472318202257</ele>
        <time>2025-11-14T05:07:24.900000Z</time>
        <extensions>
          <gpxtpx:TrackPointExtension>
            <gpxtpx:hr>117</gpxtpx:hr>
          </gpxtpx:TrackPointExtension>
        </extensions>
      </trkpt>
      <trkpt lat="34.21509341624904" lon="108.8324929860957">
        <ele>406.0274427961558</ele>
        <time>2025-11-14T05:07:25.900000Z</time>
        <extensions>
          <gpxtpx:TrackPointExtension>
            <gpxtpx:hr>117</gpxtpx:hr>
          </gpxtpx:TrackPointExtension>
        </extensions>
      </trkpt>
      <trkpt lat="34.21510539617989" lon="108.83249635342678">
        <ele>405.9669123152271</ele>
        <time>2025-11-14T05:07:26.900000Z</time>
        <extensions>
          <gpxtpx:TrackPointExtension>
            <gpxtpx:hr>117</gpxtpx:hr>
          </gpxtpx:TrackPointExtension>
        </extensions>
      </trkpt>
      <trkpt lat="34.21511690769547" lon="108.83249961169528">
        <ele>405.90021545719355</ele>
        <time>2025-11-14T05:07:27.900000Z</time>
        <extensions>
          <gpxtpx:TrackPointExtension>
            <gpxtpx:hr>117</gpxtpx:hr>
          </gpxtpx:TrackPointExtension>
        </extensions>
      </trkpt>
      <trkpt lat="34.21512826666413" lon="108.83250275119931">
        <ele>405.8291570013389</ele>
        <time>2025-11-14T05:07:28.900000Z</time>
        <extensions>
          <gpxtpx:TrackPointExtension>
            <gpxtpx:hr>117</gpxtpx:hr>
          </gpxtpx:TrackPointExtension>
        </extensions>
      </trkpt>
      <trkpt lat="34.21513947013679" lon="108.8325056156304">
        <ele>405.7619268624112</ele>
        <time>2025-11-14T05:07:29.900000Z</time>
        <extensions>
          <gpxtpx:TrackPointExtension>
            <gpxtpx:hr>115</gpxtpx:hr>
          </gpxtpx:TrackPointExtension>
        </extensions>
      </trkpt>
      <trkpt lat="34.21515033067957" lon="108.83250812224041">
        <ele>405.6905367821455</ele>
        <time>2025-11-14T05:07:30.900000Z</time>
        <extensions>
          <gpxtpx:TrackPointExtension>
            <gpxtpx:hr>115</gpxtpx:hr>
          </gpxtpx:TrackPointExtension>
        </extensions>
      </trkpt>
      <trkpt lat="34.21516140872554" lon="108.8325105667656">
        <ele>405.61600883770734</ele>
        <time>2025-11-14T05:07:31.900000Z</time>
        <extensions>
          <gpxtpx:TrackPointExtension>
            <gpxtpx:hr>115</gpxtpx:hr>
          </gpxtpx:TrackPointExtension>
        </extensions>
      </trkpt>
      <trkpt lat="34.21517297672652" lon="108.83251323625485">
        <ele>405.551026920788</ele>
        <time>2025-11-14T05:07:32.900000Z</time>
        <extensions>
          <gpxtpx:TrackPointExtension>
            <gpxtpx:hr>115</gpxtpx:hr>
          </gpxtpx:TrackPointExtension>
        </extensions>
      </trkpt>
      <trkpt lat="34.21518451001208" lon="108.83251594261398">
        <ele>405.4689133996144</ele>
        <time>2025-11-14T05:07:33.900000Z</time>
        <extensions>
          <gpxtpx:TrackPointExtension>
            <gpxtpx:hr>115</gpxtpx:hr>
          </gpxtpx:TrackPointExtension>
        </extensions>
      </trkpt>
      <trkpt lat="34.21519584735376" lon="108.83251821784367">
        <ele>405.37999763991684</ele>
        <time>2025-11-14T05:07:34.900000Z</time>
        <extensions>
          <gpxtpx:TrackPointExtension>
            <gpxtpx:hr>114</gpxtpx:hr>
          </gpxtpx:TrackPointExtension>
        </extensions>
      </trkpt>
      <trkpt lat="34.21520693287296" lon="108.83251963456922">
        <ele>405.2735850661993</ele>
        <time>2025-11-14T05:07:35.900000Z</time>
        <extensions>
          <gpxtpx:TrackPointExtension>
            <gpxtpx:hr>114</gpxtpx:hr>
          </gpxtpx:TrackPointExtension>
        </extensions>
      </trkpt>
      <trkpt lat="34.21521725241237" lon="108.83252025421369">
        <ele>405.18241745606065</ele>
        <time>2025-11-14T05:07:36.900000Z</time>
        <extensions>
          <gpxtpx:TrackPointExtension>
            <gpxtpx:hr>114</gpxtpx:hr>
          </gpxtpx:TrackPointExtension>
        </extensions>
      </trkpt>
      <trkpt lat="34.21522624529767" lon="108.8325205281498">
        <ele>405.0962377637625</ele>
        <time>2025-11-14T05:07:37.900000Z</time>
        <extensions>
          <gpxtpx:TrackPointExtension>
            <gpxtpx:hr>114</gpxtpx:hr>
          </gpxtpx:TrackPointExtension>
        </extensions>
      </trkpt>
      <trkpt lat="34.21523375147507" lon="108.83252091962437">
        <ele>405.0148728862405</ele>
        <time>2025-11-14T05:07:38.900000Z</time>
        <extensions>
          <gpxtpx:TrackPointExtension>
            <gpxtpx:hr>114</gpxtpx:hr>
          </gpxtpx:TrackPointExtension>
        </extensions>
      </trkpt>
      <trkpt lat="34.21523992569287" lon="108.83252159994106">
        <ele>404.93355773948133</ele>
        <time>2025-11-14T05:07:39.900000Z</time>
        <extensions>
          <gpxtpx:TrackPointExtension>
            <gpxtpx:hr>114</gpxtpx:hr>
          </gpxtpx:TrackPointExtension>
        </extensions>
      </trkpt>
      <trkpt lat="34.21524584998986" lon="108.83252251680999">
        <ele>404.86121677048504</ele>
        <time>2025-11-14T05:07:40.900000Z</time>
        <extensions>
          <gpxtpx:TrackPointExtension>
            <gpxtpx:hr>114</gpxtpx:hr>
          </gpxtpx:TrackPointExtension>
        </extensions>
      </trkpt>
      <trkpt lat="34.21525282405099" lon="108.832523573911">
        <ele>404.80262803658843</ele>
        <time>2025-11-14T05:07:41.900000Z</time>
        <extensions>
          <gpxtpx:TrackPointExtension>
            <gpxtpx:hr>114</gpxtpx:hr>
          </gpxtpx:TrackPointExtension>
        </extensions>
      </trkpt>
      <trkpt lat="34.21526115730931" lon="108.83252442859309">
        <ele>404.77093289233744</ele>
        <time>2025-11-14T05:07:42.900000Z</time>
        <extensions>
          <gpxtpx:TrackPointExtension>
            <gpxtpx:hr>114</gpxtpx:hr>
          </gpxtpx:TrackPointExtension>
        </extensions>
      </trkpt>
      <trkpt lat="34.21527107253378" lon="108.83252450787586">
        <ele>404.7467979695648</ele>
        <time>2025-11-14T05:07:43.900000Z</time>
        <extensions>
          <gpxtpx:TrackPointExtension>
            <gpxtpx:hr>115</gpxtpx:hr>
          </gpxtpx:TrackPointExtension>
        </extensions>
      </trkpt>
      <trkpt lat="34.21528246170001" lon="108.83252394485389">
        <ele>404.7271905746311</ele>
        <time>2025-11-14T05:07:44.900000Z</time>
        <extensions>
          <gpxtpx:TrackPointExtension>
            <gpxtpx:hr>115</gpxtpx:hr>
          </gpxtpx:TrackPointExtension>
        </extensions>
      </trkpt>
      <trkpt lat="34.21529470050498" lon="108.83252322028652">
        <ele>404.71157045383006</ele>
        <time>2025-11-14T05:07:45.900000Z</time>
        <extensions>
          <gpxtpx:TrackPointExtension>
            <gpxtpx:hr>115</gpxtpx:hr>
          </gpxtpx:TrackPointExtension>
        </extensions>
      </trkpt>
      <trkpt lat="34.21530752980543" lon="108.83252269102077">
        <ele>404.7132244370878</ele>
        <time>2025-11-14T05:07:46.900000Z</time>
        <extensions>
          <gpxtpx:TrackPointExtension>
            <gpxtpx:hr>115</gpxtpx:hr>
          </gpxtpx:TrackPointExtension>
        </extensions>
      </trkpt>
      <trkpt lat="34.21532063253159" lon="108.8325225024442">
        <ele>404.73115047998726</ele>
        <time>2025-11-14T05:07:47.900000Z</time>
        <extensions>
          <gpxtpx:TrackPointExtension>
            <gpxtpx:hr>115</gpxtpx:hr>
          </gpxtpx:TrackPointExtension>
        </extensions>
      </trkpt>
      <trkpt lat="34.215333938906994" lon="108.8325225121035">
        <ele>404.73088979162276</ele>
        <time>2025-11-14T05:07:48.900000Z</time>
        <extensions>
          <gpxtpx:TrackPointExtension>
            <gpxtpx:hr>115</gpxtpx:hr>
          </gpxtpx:TrackPointExtension>
        </extensions>
      </trkpt>
      <trkpt lat="34.215346589683996" lon="108.83252273038407">
        <ele>404.74471423588693</ele>
        <time>2025-11-14T05:07:49.900000Z</time>
        <extensions>
          <gpxtpx:TrackPointExtension>
            <gpxtpx:hr>121</gpxtpx:hr>
          </gpxtpx:TrackPointExtension>
        </extensions>
      </trkpt>
      <trkpt lat="34.215358163031475" lon="108.8325237069396">
        <ele>404.79130374919623</ele>
        <time>2025-11-14T05:07:50.900000Z</time>
        <extensions>
          <gpxtpx:TrackPointExtension>
            <gpxtpx:hr>121</gpxtpx:hr>
          </gpxtpx:TrackPointExtension>
        </extensions>
      </trkpt>
      <trkpt lat="34.2153702472712" lon="108.83252547747956">
        <ele>404.86544485297054</ele>
        <time>2025-11-14T05:07:51.900000Z</time>
        <extensions>
          <gpxtpx:TrackPointExtension>
            <gpxtpx:hr>121</gpxtpx:hr>
          </gpxtpx:TrackPointExtension>
        </extensions>
      </trkpt>
      <trkpt lat="34.21538381424313" lon="108.83252785068233">
        <ele>404.91905341576785</ele>
        <time>2025-11-14T05:07:52.900000Z</time>
        <extensions>
          <gpxtpx:TrackPointExtension>
            <gpxtpx:hr>121</gpxtpx:hr>
          </gpxtpx:TrackPointExtension>
        </extensions>
      </trkpt>
      <trkpt lat="34.21539887785947" lon="108.83253113215797">
        <ele>404.9741196334362</ele>
        <time>2025-11-14T05:07:53.900000Z</time>
        <extensions>
          <gpxtpx:TrackPointExtension>
            <gpxtpx:hr>121</gpxtpx:hr>
          </gpxtpx:TrackPointExtension>
        </extensions>
      </trkpt>
      <trkpt lat="34.21541444246238" lon="108.83253587882136">
        <ele>405.03504286147654</ele>
        <time>2025-11-14T05:07:54.900000Z</time>
        <extensions>
          <gpxtpx:TrackPointExtension>
            <gpxtpx:hr>121</gpxtpx:hr>
          </gpxtpx:TrackPointExtension>
        </extensions>
      </trkpt>
      <trkpt lat="34.21542902699726" lon="108.83254203690683">
        <ele>405.11354435049</ele>
        <time>2025-11-14T05:07:55.900000Z</time>
        <extensions>
          <gpxtpx:TrackPointExtension>
            <gpxtpx:hr>121</gpxtpx:hr>
          </gpxtpx:TrackPointExtension>
        </extensions>
      </trkpt>
      <trkpt lat="34.215442927680236" lon="108.8325494381466">
        <ele>405.1964879138395</ele>
        <time>2025-11-14T05:07:56.900000Z</time>
        <extensions>
          <gpxtpx:TrackPointExtension>
            <gpxtpx:hr>122</gpxtpx:hr>
          </gpxtpx:TrackPointExtension>
        </extensions>
      </trkpt>
      <trkpt lat="34.2154560098025" lon="108.83255699093387">
        <ele>405.2626408841461</ele>
        <time>2025-11-14T05:07:57.900000Z</time>
        <extensions>
          <gpxtpx:TrackPointExtension>
            <gpxtpx:hr>122</gpxtpx:hr>
          </gpxtpx:TrackPointExtension>
        </extensions>
      </trkpt>
      <trkpt lat="34.21546786564869" lon="108.83256426546322">
        <ele>405.313252158463</ele>
        <time>2025-11-14T05:07:58.900000Z</time>
        <extensions>
          <gpxtpx:TrackPointExtension>
            <gpxtpx:hr>122</gpxtpx:hr>
          </gpxtpx:TrackPointExtension>
        </extensions>
      </trkpt>
      <trkpt lat="34.215480351698226" lon="108.83257136354399">
        <ele>405.37127868644893</ele>
        <time>2025-11-14T05:07:59.900000Z</time>
        <extensions>
          <gpxtpx:TrackPointExtension>
            <gpxtpx:hr>122</gpxtpx:hr>
          </gpxtpx:TrackPointExtension>
        </extensions>
      </trkpt>
      <trkpt lat="34.21549406717354" lon="108.83257752498967">
        <ele>405.4189602602273</ele>
        <time>2025-11-14T05:08:00.900000Z</time>
        <extensions>
          <gpxtpx:TrackPointExtension>
            <gpxtpx:hr>122</gpxtpx:hr>
          </gpxtpx:TrackPointExtension>
        </extensions>
      </trkpt>
      <trkpt lat="34.215508653505715" lon="108.83258291910981">
        <ele>405.45697967801243</ele>
        <time>2025-11-14T05:08:01.900000Z</time>
        <extensions>
          <gpxtpx:TrackPointExtension>
            <gpxtpx:hr>122</gpxtpx:hr>
          </gpxtpx:TrackPointExtension>
        </extensions>
      </trkpt>
      <trkpt lat="34.2155224708506" lon="108.83258744580509">
        <ele>405.50795430503786</ele>
        <time>2025-11-14T05:08:02.900000Z</time>
        <extensions>
          <gpxtpx:TrackPointExtension>
            <gpxtpx:hr>122</gpxtpx:hr>
          </gpxtpx:TrackPointExtension>
        </extensions>
      </trkpt>
      <trkpt lat="34.21553565605459" lon="108.83259106363036">
        <ele>405.54382835142314</ele>
        <time>2025-11-14T05:08:03.900000Z</time>
        <extensions>
          <gpxtpx:TrackPointExtension>
            <gpxtpx:hr>122</gpxtpx:hr>
          </gpxtpx:TrackPointExtension>
        </extensions>
      </trkpt>
      <trkpt lat="34.215548569707074" lon="108.83259379505519">
        <ele>405.5750254234299</ele>
        <time>2025-11-14T05:08:04.900000Z</time>
        <extensions>
          <gpxtpx:TrackPointExtension>
            <gpxtpx:hr>124</gpxtpx:hr>
          </gpxtpx:TrackPointExtension>
        </extensions>
      </trkpt>
      <trkpt lat="34.21556134107493" lon="108.83259601081133">
        <ele>405.60453636944294</ele>
        <time>2025-11-14T05:08:05.900000Z</time>
        <extensions>
          <gpxtpx:TrackPointExtension>
            <gpxtpx:hr>124</gpxtpx:hr>
          </gpxtpx:TrackPointExtension>
        </extensions>
      </trkpt>
      <trkpt lat="34.21557507174663" lon="108.83259821123224">
        <ele>405.6417946713045</ele>
        <time>2025-11-14T05:08:06.900000Z</time>
        <extensions>
          <gpxtpx:TrackPointExtension>
            <gpxtpx:hr>124</gpxtpx:hr>
          </gpxtpx:TrackPointExtension>
        </extensions>
      </trkpt>
      <trkpt lat="34.215589144165335" lon="108.83260042269426">
        <ele>405.67635816242546</ele>
        <time>2025-11-14T05:08:07.900000Z</time>
        <extensions>
          <gpxtpx:TrackPointExtension>
            <gpxtpx:hr>124</gpxtpx:hr>
          </gpxtpx:TrackPointExtension>
        </extensions>
      </trkpt>
      <trkpt lat="34.21560242699552" lon="108.83260280998937">
        <ele>405.7035546870902</ele>
        <time>2025-11-14T05:08:08.900000Z</time>
        <extensions>
          <gpxtpx:TrackPointExtension>
            <gpxtpx:hr>125</gpxtpx:hr>
          </gpxtpx:TrackPointExtension>
        </extensions>
      </trkpt>
      <trkpt lat="34.21561548943583" lon="108.83260571395007">
        <ele>405.7223659027368</ele>
        <time>2025-11-14T05:08:09.900000Z</time>
        <extensions>
          <gpxtpx:TrackPointExtension>
            <gpxtpx:hr>125</gpxtpx:hr>
          </gpxtpx:TrackPointExtension>
        </extensions>
      </trkpt>
      <trkpt lat="34.21562965590657" lon="108.8326093848963">
        <ele>405.7433957820758</ele>
        <time>2025-11-14T05:08:10.900000Z</time>
        <extensions>
          <gpxtpx:TrackPointExtension>
            <gpxtpx:hr>125</gpxtpx:hr>
          </gpxtpx:TrackPointExtension>
        </extensions>
      </trkpt>
      <trkpt lat="34.21564423668482" lon="108.83261348373637">
        <ele>405.7617475707084</ele>
        <time>2025-11-14T05:08:11.900000Z</time>
        <extensions>
          <gpxtpx:TrackPointExtension>
            <gpxtpx:hr>125</gpxtpx:hr>
          </gpxtpx:TrackPointExtension>
        </extensions>
      </trkpt>
      <trkpt lat="34.21565871746304" lon="108.83261734041125">
        <ele>405.77725635655224</ele>
        <time>2025-11-14T05:08:12.900000Z</time>
        <extensions>
          <gpxtpx:TrackPointExtension>
            <gpxtpx:hr>125</gpxtpx:hr>
          </gpxtpx:TrackPointExtension>
        </extensions>
      </trkpt>
      <trkpt lat="34.21567279424764" lon="108.83262066334908">
        <ele>405.79383692052215</ele>
        <time>2025-11-14T05:08:13.900000Z</time>
        <extensions>
          <gpxtpx:TrackPointExtension>
            <gpxtpx:hr>125</gpxtpx:hr>
          </gpxtpx:TrackPointExtension>
        </extensions>
      </trkpt>
      <trkpt lat="34.21568665661935" lon="108.83262359097768">
        <ele>405.81039352249354</ele>
        <time>2025-11-14T05:08:14.900000Z</time>
        <extensions>
          <gpxtpx:TrackPointExtension>
            <gpxtpx:hr>125</gpxtpx:hr>
          </gpxtpx:TrackPointExtension>
        </extensions>
      </trkpt>
      <trkpt lat="34.21569954822646" lon="108.83262615437883">
        <ele>405.81784169748425</ele>
        <time>2025-11-14T05:08:15.900000Z</time>
        <extensions>
          <gpxtpx:TrackPointExtension>
            <gpxtpx:hr>125</gpxtpx:hr>
          </gpxtpx:TrackPointExtension>
        </extensions>
      </trkpt>
      <trkpt lat="34.21571205528213" lon="108.83262884591795">
        <ele>405.81016698665917</ele>
        <time>2025-11-14T05:08:16.900000Z</time>
        <extensions>
          <gpxtpx:TrackPointExtension>
            <gpxtpx:hr>125</gpxtpx:hr>
          </gpxtpx:TrackPointExtension>
        </extensions>
      </trkpt>
      <trkpt lat="34.21572468787567" lon="108.83263177894797">
        <ele>405.8013577889651</ele>
        <time>2025-11-14T05:08:17.900000Z</time>
        <extensions>
          <gpxtpx:TrackPointExtension>
            <gpxtpx:hr>125</gpxtpx:hr>
          </gpxtpx:TrackPointExtension>
        </extensions>
      </trkpt>
      <trkpt lat="34.215737399328795" lon="108.83263480914566">
        <ele>405.79119033925235</ele>
        <time>2025-11-14T05:08:18.900000Z</time>
        <extensions>
          <gpxtpx:TrackPointExtension>
            <gpxtpx:hr>125</gpxtpx:hr>
          </gpxtpx:TrackPointExtension>
        </extensions>
      </trkpt>
      <trkpt lat="34.21575096464261" lon="108.83263855121771">
        <ele>405.7796724559739</ele>
        <time>2025-11-14T05:08:19.900000Z</time>
        <extensions>
          <gpxtpx:TrackPointExtension>
            <gpxtpx:hr>126</gpxtpx:hr>
          </gpxtpx:TrackPointExtension>
        </extensions>
      </trkpt>
      <trkpt lat="34.21576484082359" lon="108.83264288386854">
        <ele>405.7710053343326</ele>
        <time>2025-11-14T05:08:20.900000Z</time>
        <extensions>
          <gpxtpx:TrackPointExtension>
            <gpxtpx:hr>126</gpxtpx:hr>
          </gpxtpx:TrackPointExtension>
        </extensions>
      </trkpt>
      <trkpt lat="34.215778672735375" lon="108.8326469728208">
        <ele>405.75573878828436</ele>
        <time>2025-11-14T05:08:21.900000Z</time>
        <extensions>
          <gpxtpx:TrackPointExtension>
            <gpxtpx:hr>126</gpxtpx:hr>
          </gpxtpx:TrackPointExtension>
        </extensions>
      </trkpt>
      <trkpt lat="34.21579230393547" lon="108.83265041015008">
        <ele>405.73722124658525</ele>
        <time>2025-11-14T05:08:22.900000Z</time>
        <extensions>
          <gpxtpx:TrackPointExtension>
            <gpxtpx:hr>126</gpxtpx:hr>
          </gpxtpx:TrackPointExtension>
        </extensions>
      </trkpt>
      <trkpt lat="34.21580531325828" lon="108.83265271451376">
        <ele>405.705024221912</ele>
        <time>2025-11-14T05:08:23.900000Z</time>
        <extensions>
          <gpxtpx:TrackPointExtension>
            <gpxtpx:hr>126</gpxtpx:hr>
          </gpxtpx:TrackPointExtension>
        </extensions>
      </trkpt>
      <trkpt lat="34.21581778025905" lon="108.8326540894087">
        <ele>405.6628527780995</ele>
        <time>2025-11-14T05:08:24.900000Z</time>
        <extensions>
          <gpxtpx:TrackPointExtension>
            <gpxtpx:hr>126</gpxtpx:hr>
          </gpxtpx:TrackPointExtension>
        </extensions>
      </trkpt>
      <trkpt lat="34.21583024778728" lon="108.83265559808304">
        <ele>405.62028591614217</ele>
        <time>2025-11-14T05:08:25.900000Z</time>
        <extensions>
          <gpxtpx:TrackPointExtension>
            <gpxtpx:hr>125</gpxtpx:hr>
          </gpxtpx:TrackPointExtension>
        </extensions>
      </trkpt>
      <trkpt lat="34.215842828444686" lon="108.8326575357302">
        <ele>405.58666913211346</ele>
        <time>2025-11-14T05:08:26.900000Z</time>
        <extensions>
          <gpxtpx:TrackPointExtension>
            <gpxtpx:hr>125</gpxtpx:hr>
          </gpxtpx:TrackPointExtension>
        </extensions>
      </trkpt>
      <trkpt lat="34.21585555193983" lon="108.83265952396602">
        <ele>405.5541430301964</ele>
        <time>2025-11-14T05:08:27.900000Z</time>
        <extensions>
          <gpxtpx:TrackPointExtension>
            <gpxtpx:hr>125</gpxtpx:hr>
          </gpxtpx:TrackPointExtension>
        </extensions>
      </trkpt>
      <trkpt lat="34.21586889409667" lon="108.83266129872513">
        <ele>405.5463468749076</ele>
        <time>2025-11-14T05:08:28.900000Z</time>
        <extensions>
          <gpxtpx:TrackPointExtension>
            <gpxtpx:hr>125</gpxtpx:hr>
          </gpxtpx:TrackPointExtension>
        </extensions>
      </trkpt>
      <trkpt lat="34.21588279813538" lon="108.83266274748225">
        <ele>405.53805093094707</ele>
        <time>2025-11-14T05:08:29.900000Z</time>
        <extensions>
          <gpxtpx:TrackPointExtension>
            <gpxtpx:hr>125</gpxtpx:hr>
          </gpxtpx:TrackPointExtension>
        </extensions>
      </trkpt>
      <trkpt lat="34.215896810198174" lon="108.83266375979626">
        <ele>405.53435119148344</ele>
        <time>2025-11-14T05:08:30.900000Z</time>
        <extensions>
          <gpxtpx:TrackPointExtension>
            <gpxtpx:hr>125</gpxtpx:hr>
          </gpxtpx:TrackPointExtension>
        </extensions>
      </trkpt>
      <trkpt lat="34.21591081188607" lon="108.83266453028467">
        <ele>405.53469128347933</ele>
        <time>2025-11-14T05:08:31.900000Z</time>
        <extensions>
          <gpxtpx:TrackPointExtension>
            <gpxtpx:hr>125</gpxtpx:hr>
          </gpxtpx:TrackPointExtension>
        </extensions>
      </trkpt>
      <trkpt lat="34.215924486911035" lon="108.83266519619556">
        <ele>405.5494313547388</ele>
        <time>2025-11-14T05:08:32.900000Z</time>
        <extensions>
          <gpxtpx:TrackPointExtension>
            <gpxtpx:hr>125</gpxtpx:hr>
          </gpxtpx:TrackPointExtension>
        </extensions>
      </trkpt>
      <trkpt lat="34.21593734671284" lon="108.83266552742495">
        <ele>405.5826753852889</ele>
        <time>2025-11-14T05:08:33.900000Z</time>
        <extensions>
          <gpxtpx:TrackPointExtension>
            <gpxtpx:hr>125</gpxtpx:hr>
          </gpxtpx:TrackPointExtension>
        </extensions>
      </trkpt>
      <trkpt lat="34.21594884261837" lon="108.83266555874611">
        <ele>405.6372514106333</ele>
        <time>2025-11-14T05:08:34.900000Z</time>
        <extensions>
          <gpxtpx:TrackPointExtension>
            <gpxtpx:hr>125</gpxtpx:hr>
          </gpxtpx:TrackPointExtension>
        </extensions>
      </trkpt>
      <trkpt lat="34.21595902980395" lon="108.8326660007794">
        <ele>405.70808891486377</ele>
        <time>2025-11-14T05:08:35.900000Z</time>
        <extensions>
          <gpxtpx:TrackPointExtension>
            <gpxtpx:hr>126</gpxtpx:hr>
          </gpxtpx:TrackPointExtension>
        </extensions>
      </trkpt>
      <trkpt lat="34.215969031224425" lon="108.83266671491359">
        <ele>405.7862170692533</ele>
        <time>2025-11-14T05:08:36.900000Z</time>
        <extensions>
          <gpxtpx:TrackPointExtension>
            <gpxtpx:hr>126</gpxtpx:hr>
          </gpxtpx:TrackPointExtension>
        </extensions>
      </trkpt>
      <trkpt lat="34.21598029703185" lon="108.83266764423546">
        <ele>405.85561409499496</ele>
        <time>2025-11-14T05:08:37.900000Z</time>
        <extensions>
          <gpxtpx:TrackPointExtension>
            <gpxtpx:hr>126</gpxtpx:hr>
          </gpxtpx:TrackPointExtension>
        </extensions>
      </trkpt>
      <trkpt lat="34.21599340794907" lon="108.8326693678597">
        <ele>405.93559067416936</ele>
        <time>2025-11-14T05:08:38.900000Z</time>
        <extensions>
          <gpxtpx:TrackPointExtension>
            <gpxtpx:hr>126</gpxtpx:hr>
          </gpxtpx:TrackPointExtension>
        </extensions>
      </trkpt>
      <trkpt lat="34.21600751685869" lon="108.83267170752451">
        <ele>406.01421565096825</ele>
        <time>2025-11-14T05:08:39.900000Z</time>
        <extensions>
          <gpxtpx:TrackPointExtension>
            <gpxtpx:hr>125</gpxtpx:hr>
          </gpxtpx:TrackPointExtension>
        </extensions>
      </trkpt>
      <trkpt lat="34.216021802932424" lon="108.8326739102959">
        <ele>406.0869782026857</ele>
        <time>2025-11-14T05:08:40.900000Z</time>
        <extensions>
          <gpxtpx:TrackPointExtension>
            <gpxtpx:hr>125</gpxtpx:hr>
          </gpxtpx:TrackPointExtension>
        </extensions>
      </trkpt>
      <trkpt lat="34.21603605365504" lon="108.8326755093849">
        <ele>406.1444062180817</ele>
        <time>2025-11-14T05:08:41.900000Z</time>
        <extensions>
          <gpxtpx:TrackPointExtension>
            <gpxtpx:hr>125</gpxtpx:hr>
          </gpxtpx:TrackPointExtension>
        </extensions>
      </trkpt>
      <trkpt lat="34.21605018772318" lon="108.83267655464769">
        <ele>406.1824132036418</ele>
        <time>2025-11-14T05:08:42.900000Z</time>
        <extensions>
          <gpxtpx:TrackPointExtension>
            <gpxtpx:hr>125</gpxtpx:hr>
          </gpxtpx:TrackPointExtension>
        </extensions>
      </trkpt>
      <trkpt lat="34.21606413091512" lon="108.83267690902896">
        <ele>406.2338034827262</ele>
        <time>2025-11-14T05:08:43.900000Z</time>
        <extensions>
          <gpxtpx:TrackPointExtension>
            <gpxtpx:hr>124</gpxtpx:hr>
          </gpxtpx:TrackPointExtension>
        </extensions>
      </trkpt>
      <trkpt lat="34.21607762338102" lon="108.83267652529226">
        <ele>406.28802049160004</ele>
        <time>2025-11-14T05:08:44.900000Z</time>
        <extensions>
          <gpxtpx:TrackPointExtension>
            <gpxtpx:hr>124</gpxtpx:hr>
          </gpxtpx:TrackPointExtension>
        </extensions>
      </trkpt>
      <trkpt lat="34.2160905516462" lon="108.83267581086476">
        <ele>406.3166523296386</ele>
        <time>2025-11-14T05:08:45.900000Z</time>
        <extensions>
          <gpxtpx:TrackPointExtension>
            <gpxtpx:hr>124</gpxtpx:hr>
          </gpxtpx:TrackPointExtension>
        </extensions>
      </trkpt>
      <trkpt lat="34.21610350017101" lon="108.83267525034773">
        <ele>406.3494017822668</ele>
        <time>2025-11-14T05:08:46.900000Z</time>
        <extensions>
          <gpxtpx:TrackPointExtension>
            <gpxtpx:hr>124</gpxtpx:hr>
          </gpxtpx:TrackPointExtension>
        </extensions>
      </trkpt>
      <trkpt lat="34.216115926988664" lon="108.83267477521491">
        <ele>406.37625008728355</ele>
        <time>2025-11-14T05:08:47.900000Z</time>
        <extensions>
          <gpxtpx:TrackPointExtension>
            <gpxtpx:hr>124</gpxtpx:hr>
          </gpxtpx:TrackPointExtension>
        </extensions>
      </trkpt>
      <trkpt lat="34.2161279407691" lon="108.832674564623">
        <ele>406.3837748868391</ele>
        <time>2025-11-14T05:08:48.900000Z</time>
        <extensions>
          <gpxtpx:TrackPointExtension>
            <gpxtpx:hr>124</gpxtpx:hr>
          </gpxtpx:TrackPointExtension>
        </extensions>
      </trkpt>
      <trkpt lat="34.21614070539119" lon="108.83267489138612">
        <ele>406.39144014939666</ele>
        <time>2025-11-14T05:08:49.900000Z</time>
        <extensions>
          <gpxtpx:TrackPointExtension>
            <gpxtpx:hr>124</gpxtpx:hr>
          </gpxtpx:TrackPointExtension>
        </extensions>
      </trkpt>
      <trkpt lat="34.21615301056921" lon="108.83267532010485">
        <ele>406.38984785880893</ele>
        <time>2025-11-14T05:08:50.900000Z</time>
        <extensions>
          <gpxtpx:TrackPointExtension>
            <gpxtpx:hr>124</gpxtpx:hr>
          </gpxtpx:TrackPointExtension>
        </extensions>
      </trkpt>
      <trkpt lat="34.216165111342264" lon="108.83267495695952">
        <ele>406.3878469001502</ele>
        <time>2025-11-14T05:08:51.900000Z</time>
        <extensions>
          <gpxtpx:TrackPointExtension>
            <gpxtpx:hr>124</gpxtpx:hr>
          </gpxtpx:TrackPointExtension>
        </extensions>
      </trkpt>
      <trkpt lat="34.21617816574371" lon="108.83267397057668">
        <ele>406.3930355673656</ele>
        <time>2025-11-14T05:08:52.900000Z</time>
        <extensions>
          <gpxtpx:TrackPointExtension>
            <gpxtpx:hr>124</gpxtpx:hr>
          </gpxtpx:TrackPointExtension>
        </extensions>
      </trkpt>
      <trkpt lat="34.21619153502479" lon="108.83267287130342">
        <ele>406.40954134240746</ele>
        <time>2025-11-14T05:08:53.900000Z</time>
        <extensions>
          <gpxtpx:TrackPointExtension>
            <gpxtpx:hr>124</gpxtpx:hr>
          </gpxtpx:TrackPointExtension>
        </extensions>
      </trkpt>
      <trkpt lat="34.21620445676129" lon="108.83267162901427">
        <ele>406.4170341398567</ele>
        <time>2025-11-14T05:08:54.900000Z</time>
        <extensions>
          <gpxtpx:TrackPointExtension>
            <gpxtpx:hr>124</gpxtpx:hr>
          </gpxtpx:TrackPointExtension>
        </extensions>
      </trkpt>
      <trkpt lat="34.21621732877001" lon="108.83267010206343">
        <ele>406.4041782543063</ele>
        <time>2025-11-14T05:08:55.900000Z</time>
        <extensions>
          <gpxtpx:TrackPointExtension>
            <gpxtpx:hr>124</gpxtpx:hr>
          </gpxtpx:TrackPointExtension>
        </extensions>
      </trkpt>
      <trkpt lat="34.21623060064341" lon="108.83266766856171">
        <ele>406.38115646597</ele>
        <time>2025-11-14T05:08:56.900000Z</time>
        <extensions>
          <gpxtpx:TrackPointExtension>
            <gpxtpx:hr>125</gpxtpx:hr>
          </gpxtpx:TrackPointExtension>
        </extensions>
      </trkpt>
      <trkpt lat="34.21624398209275" lon="108.8326638620507">
        <ele>406.35790078993887</ele>
        <time>2025-11-14T05:08:57.900000Z</time>
        <extensions>
          <gpxtpx:TrackPointExtension>
            <gpxtpx:hr>125</gpxtpx:hr>
          </gpxtpx:TrackPointExtension>
        </extensions>
      </trkpt>
      <trkpt lat="34.21625711769562" lon="108.83265875193362">
        <ele>406.3370430385694</ele>
        <time>2025-11-14T05:08:58.900000Z</time>
        <extensions>
          <gpxtpx:TrackPointExtension>
            <gpxtpx:hr>125</gpxtpx:hr>
          </gpxtpx:TrackPointExtension>
        </extensions>
      </trkpt>
      <trkpt lat="34.216270037972116" lon="108.83265298602214">
        <ele>406.29928594082594</ele>
        <time>2025-11-14T05:08:59.900000Z</time>
        <extensions>
          <gpxtpx:TrackPointExtension>
            <gpxtpx:hr>125</gpxtpx:hr>
          </gpxtpx:TrackPointExtension>
        </extensions>
      </trkpt>
      <trkpt lat="34.2162827567137" lon="108.83264726399831">
        <ele>406.2528003975749</ele>
        <time>2025-11-14T05:09:00.900000Z</time>
        <extensions>
          <gpxtpx:TrackPointExtension>
            <gpxtpx:hr>125</gpxtpx:hr>
          </gpxtpx:TrackPointExtension>
        </extensions>
      </trkpt>
      <trkpt lat="34.21629518780907" lon="108.83264176573944">
        <ele>406.2016384815797</ele>
        <time>2025-11-14T05:09:01.900000Z</time>
        <extensions>
          <gpxtpx:TrackPointExtension>
            <gpxtpx:hr>125</gpxtpx:hr>
          </gpxtpx:TrackPointExtension>
        </extensions>
      </trkpt>
      <trkpt lat="34.21630776485649" lon="108.83263633546117">
        <ele>406.14366694539785</ele>
        <time>2025-11-14T05:09:02.900000Z</time>
        <extensions>
          <gpxtpx:TrackPointExtension>
            <gpxtpx:hr>125</gpxtpx:hr>
          </gpxtpx:TrackPointExtension>
        </extensions>
      </trkpt>
      <trkpt lat="34.216320305742244" lon="108.83263100639627">
        <ele>406.08815364260226</ele>
        <time>2025-11-14T05:09:03.900000Z</time>
        <extensions>
          <gpxtpx:TrackPointExtension>
            <gpxtpx:hr>125</gpxtpx:hr>
          </gpxtpx:TrackPointExtension>
        </extensions>
      </trkpt>
      <trkpt lat="34.216332146975056" lon="108.83262548921141">
        <ele>406.03315890580416</ele>
        <time>2025-11-14T05:09:04.900000Z</time>
        <extensions>
          <gpxtpx:TrackPointExtension>
            <gpxtpx:hr>125</gpxtpx:hr>
          </gpxtpx:TrackPointExtension>
        </extensions>
      </trkpt>
      <trkpt lat="34.21634391886911" lon="108.83261958371284">
        <ele>405.9686799533665</ele>
        <time>2025-11-14T05:09:05.900000Z</time>
        <extensions>
          <gpxtpx:TrackPointExtension>
            <gpxtpx:hr>124</gpxtpx:hr>
          </gpxtpx:TrackPointExtension>
        </extensions>
      </trkpt>
      <trkpt lat="34.21635627491447" lon="108.83261364066864">
        <ele>405.901610464789</ele>
        <time>2025-11-14T05:09:06.900000Z</time>
        <extensions>
          <gpxtpx:TrackPointExtension>
            <gpxtpx:hr>124</gpxtpx:hr>
          </gpxtpx:TrackPointExtension>
        </extensions>
      </trkpt>
      <trkpt lat="34.216368702639066" lon="108.83260782116898">
        <ele>405.83127173036337</ele>
        <time>2025-11-14T05:09:07.900000Z</time>
        <extensions>
          <gpxtpx:TrackPointExtension>
            <gpxtpx:hr>124</gpxtpx:hr>
          </gpxtpx:TrackPointExtension>
        </extensions>
      </trkpt>
      <trkpt lat="34.216380786860384" lon="108.83260226778879">
        <ele>405.7623359039426</ele>
        <time>2025-11-14T05:09:08.900000Z</time>
        <extensions>
          <gpxtpx:TrackPointExtension>
            <gpxtpx:hr>124</gpxtpx:hr>
          </gpxtpx:TrackPointExtension>
        </extensions>
      </trkpt>
      <trkpt lat="34.21639235757431" lon="108.83259711030594">
        <ele>405.6932589765638</ele>
        <time>2025-11-14T05:09:09.900000Z</time>
        <extensions>
          <gpxtpx:TrackPointExtension>
            <gpxtpx:hr>124</gpxtpx:hr>
          </gpxtpx:TrackPointExtension>
        </extensions>
      </trkpt>
      <trkpt lat="34.21640343699308" lon="108.83259225721092">
        <ele>405.61951074935496</ele>
        <time>2025-11-14T05:09:10.900000Z</time>
        <extensions>
          <gpxtpx:TrackPointExtension>
            <gpxtpx:hr>124</gpxtpx:hr>
          </gpxtpx:TrackPointExtension>
        </extensions>
      </trkpt>
      <trkpt lat="34.21641413623962" lon="108.83258737224882">
        <ele>405.53613761253655</ele>
        <time>2025-11-14T05:09:11.900000Z</time>
        <extensions>
          <gpxtpx:TrackPointExtension>
            <gpxtpx:hr>124</gpxtpx:hr>
          </gpxtpx:TrackPointExtension>
        </extensions>
      </trkpt>
      <trkpt lat="34.216424656453086" lon="108.83258246122654">
        <ele>405.45587676856667</ele>
        <time>2025-11-14T05:09:12.900000Z</time>
        <extensions>
          <gpxtpx:TrackPointExtension>
            <gpxtpx:hr>124</gpxtpx:hr>
          </gpxtpx:TrackPointExtension>
        </extensions>
      </trkpt>
      <trkpt lat="34.216435435598974" lon="108.83257749146895">
        <ele>405.38985649868846</ele>
        <time>2025-11-14T05:09:13.900000Z</time>
        <extensions>
          <gpxtpx:TrackPointExtension>
            <gpxtpx:hr>122</gpxtpx:hr>
          </gpxtpx:TrackPointExtension>
        </extensions>
      </trkpt>
      <trkpt lat="34.216446970277545" lon="108.83257244912288">
        <ele>405.31839781906456</ele>
        <time>2025-11-14T05:09:14.900000Z</time>
        <extensions>
          <gpxtpx:TrackPointExtension>
            <gpxtpx:hr>122</gpxtpx:hr>
          </gpxtpx:TrackPointExtension>
        </extensions>
      </trkpt>
      <trkpt lat="34.216459668757416" lon="108.83256762793191">
        <ele>405.26269920077175</ele>
        <time>2025-11-14T05:09:15.900000Z</time>
        <extensions>
          <gpxtpx:TrackPointExtension>
            <gpxtpx:hr>122</gpxtpx:hr>
          </gpxtpx:TrackPointExtension>
        </extensions>
      </trkpt>
      <trkpt lat="34.216472688216726" lon="108.83256335697251">
        <ele>405.225749373436</ele>
        <time>2025-11-14T05:09:16.900000Z</time>
        <extensions>
          <gpxtpx:TrackPointExtension>
            <gpxtpx:hr>122</gpxtpx:hr>
          </gpxtpx:TrackPointExtension>
        </extensions>
      </trkpt>
      <trkpt lat="34.21648586569301" lon="108.83255898744788">
        <ele>405.2004865910858</ele>
        <time>2025-11-14T05:09:17.900000Z</time>
        <extensions>
          <gpxtpx:TrackPointExtension>
            <gpxtpx:hr>122</gpxtpx:hr>
          </gpxtpx:TrackPointExtension>
        </extensions>
      </trkpt>
      <trkpt lat="34.21649880647787" lon="108.83255393492814">
        <ele>405.1997968610376</ele>
        <time>2025-11-14T05:09:18.900000Z</time>
        <extensions>
          <gpxtpx:TrackPointExtension>
            <gpxtpx:hr>122</gpxtpx:hr>
          </gpxtpx:TrackPointExtension>
        </extensions>
      </trkpt>
      <trkpt lat="34.216510973202055" lon="108.83254870366474">
        <ele>405.2287677852437</ele>
        <time>2025-11-14T05:09:19.900000Z</time>
        <extensions>
          <gpxtpx:TrackPointExtension>
            <gpxtpx:hr>122</gpxtpx:hr>
          </gpxtpx:TrackPointExtension>
        </extensions>
      </trkpt>
      <trkpt lat="34.216523289970134" lon="108.8325435631528">
        <ele>405.2644823808223</ele>
        <time>2025-11-14T05:09:20.900000Z</time>
        <extensions>
          <gpxtpx:TrackPointExtension>
            <gpxtpx:hr>121</gpxtpx:hr>
          </gpxtpx:TrackPointExtension>
        </extensions>
      </trkpt>
      <trkpt lat="34.216535785769935" lon="108.83253873789651">
        <ele>405.31195238325745</ele>
        <time>2025-11-14T05:09:21.900000Z</time>
        <extensions>
          <gpxtpx:TrackPointExtension>
            <gpxtpx:hr>121</gpxtpx:hr>
          </gpxtpx:TrackPointExtension>
        </extensions>
      </trkpt>
      <trkpt lat="34.21654873018133" lon="108.83253392865386">
        <ele>405.36952459905297</ele>
        <time>2025-11-14T05:09:22.900000Z</time>
        <extensions>
          <gpxtpx:TrackPointExtension>
            <gpxtpx:hr>121</gpxtpx:hr>
          </gpxtpx:TrackPointExtension>
        </extensions>
      </trkpt>
      <trkpt lat="34.21656229400205" lon="108.83252919424376">
        <ele>405.4276512209326</ele>
        <time>2025-11-14T05:09:23.900000Z</time>
        <extensions>
          <gpxtpx:TrackPointExtension>
            <gpxtpx:hr>121</gpxtpx:hr>
          </gpxtpx:TrackPointExtension>
        </extensions>
      </trkpt>
      <trkpt lat="34.21657549516002" lon="108.83252493284073">
        <ele>405.4815153228119</ele>
        <time>2025-11-14T05:09:24.900000Z</time>
        <extensions>
          <gpxtpx:TrackPointExtension>
            <gpxtpx:hr>121</gpxtpx:hr>
          </gpxtpx:TrackPointExtension>
        </extensions>
      </trkpt>
      <trkpt lat="34.21658803175423" lon="108.83252133705717">
        <ele>405.5417803581804</ele>
        <time>2025-11-14T05:09:25.900000Z</time>
        <extensions>
          <gpxtpx:TrackPointExtension>
            <gpxtpx:hr>121</gpxtpx:hr>
          </gpxtpx:TrackPointExtension>
        </extensions>
      </trkpt>
      <trkpt lat="34.21660049446407" lon="108.83251842544797">
        <ele>405.6071571810171</ele>
        <time>2025-11-14T05:09:26.900000Z</time>
        <extensions>
          <gpxtpx:TrackPointExtension>
            <gpxtpx:hr>121</gpxtpx:hr>
          </gpxtpx:TrackPointExtension>
        </extensions>
      </trkpt>
      <trkpt lat="34.216613190128626" lon="108.83251622136945">
        <ele>405.67763929534703</ele>
        <time>2025-11-14T05:09:27.900000Z</time>
        <extensions>
          <gpxtpx:TrackPointExtension>
            <gpxtpx:hr>121</gpxtpx:hr>
          </gpxtpx:TrackPointExtension>
        </extensions>
      </trkpt>
      <trkpt lat="34.216626210246794" lon="108.83251414510994">
        <ele>405.74183915928006</ele>
        <time>2025-11-14T05:09:28.900000Z</time>
        <extensions>
          <gpxtpx:TrackPointExtension>
            <gpxtpx:hr>121</gpxtpx:hr>
          </gpxtpx:TrackPointExtension>
        </extensions>
      </trkpt>
      <trkpt lat="34.21663971789883" lon="108.83251135700918">
        <ele>405.8150237612426</ele>
        <time>2025-11-14T05:09:29.900000Z</time>
        <extensions>
          <gpxtpx:TrackPointExtension>
            <gpxtpx:hr>122</gpxtpx:hr>
          </gpxtpx:TrackPointExtension>
        </extensions>
      </trkpt>
      <trkpt lat="34.21665345257646" lon="108.83250744969187">
        <ele>405.8709602225572</ele>
        <time>2025-11-14T05:09:30.900000Z</time>
        <extensions>
          <gpxtpx:TrackPointExtension>
            <gpxtpx:hr>122</gpxtpx:hr>
          </gpxtpx:TrackPointExtension>
        </extensions>
      </trkpt>
      <trkpt lat="34.216666973598734" lon="108.83250240610921">
        <ele>405.90869677998126</ele>
        <time>2025-11-14T05:09:31.900000Z</time>
        <extensions>
          <gpxtpx:TrackPointExtension>
            <gpxtpx:hr>122</gpxtpx:hr>
          </gpxtpx:TrackPointExtension>
        </extensions>
      </trkpt>
      <trkpt lat="34.216680309129124" lon="108.83249655853876">
        <ele>405.9319996573031</ele>
        <time>2025-11-14T05:09:32.900000Z</time>
        <extensions>
          <gpxtpx:TrackPointExtension>
            <gpxtpx:hr>122</gpxtpx:hr>
          </gpxtpx:TrackPointExtension>
        </extensions>
      </trkpt>
      <trkpt lat="34.216693596026225" lon="108.83249062957721">
        <ele>405.9538765642792</ele>
        <time>2025-11-14T05:09:33.900000Z</time>
        <extensions>
          <gpxtpx:TrackPointExtension>
            <gpxtpx:hr>121</gpxtpx:hr>
          </gpxtpx:TrackPointExtension>
        </extensions>
      </trkpt>
      <trkpt lat="34.21670670968398" lon="108.83248470160149">
        <ele>405.98251168988645</ele>
        <time>2025-11-14T05:09:34.900000Z</time>
        <extensions>
          <gpxtpx:TrackPointExtension>
            <gpxtpx:hr>121</gpxtpx:hr>
          </gpxtpx:TrackPointExtension>
        </extensions>
      </trkpt>
      <trkpt lat="34.21671943678051" lon="108.83247869289704">
        <ele>406.01974508259445</ele>
        <time>2025-11-14T05:09:35.900000Z</time>
        <extensions>
          <gpxtpx:TrackPointExtension>
            <gpxtpx:hr>121</gpxtpx:hr>
          </gpxtpx:TrackPointExtension>
        </extensions>
      </trkpt>
      <trkpt lat="34.2167318848644" lon="108.8324735918689">
        <ele>406.045073796995</ele>
        <time>2025-11-14T05:09:36.900000Z</time>
        <extensions>
          <gpxtpx:TrackPointExtension>
            <gpxtpx:hr>121</gpxtpx:hr>
          </gpxtpx:TrackPointExtension>
        </extensions>
      </trkpt>
      <trkpt lat="34.216743711954436" lon="108.83246999338587">
        <ele>406.0788519643247</ele>
        <time>2025-11-14T05:09:37.900000Z</time>
        <extensions>
          <gpxtpx:TrackPointExtension>
            <gpxtpx:hr>121</gpxtpx:hr>
          </gpxtpx:TrackPointExtension>
        </extensions>
      </trkpt>
      <trkpt lat="34.21675513071372" lon="108.83246710839188">
        <ele>406.1066830968484</ele>
        <time>2025-11-14T05:09:38.900000Z</time>
        <extensions>
          <gpxtpx:TrackPointExtension>
            <gpxtpx:hr>119</gpxtpx:hr>
          </gpxtpx:TrackPointExtension>
        </extensions>
      </trkpt>
      <trkpt lat="34.216766783936265" lon="108.83246477538417">
        <ele>406.1281316457316</ele>
        <time>2025-11-14T05:09:39.900000Z</time>
        <extensions>
          <gpxtpx:TrackPointExtension>
            <gpxtpx:hr>119</gpxtpx:hr>
          </gpxtpx:TrackPointExtension>
        </extensions>
      </trkpt>
      <trkpt lat="34.2167786503663" lon="108.83246318278955">
        <ele>406.154987167567</ele>
        <time>2025-11-14T05:09:40.900000Z</time>
        <extensions>
          <gpxtpx:TrackPointExtension>
            <gpxtpx:hr>119</gpxtpx:hr>
          </gpxtpx:TrackPointExtension>
        </extensions>
      </trkpt>
      <trkpt lat="34.216790865933056" lon="108.83246171105385">
        <ele>406.1864990191534</ele>
        <time>2025-11-14T05:09:41.900000Z</time>
        <extensions>
          <gpxtpx:TrackPointExtension>
            <gpxtpx:hr>119</gpxtpx:hr>
          </gpxtpx:TrackPointExtension>
        </extensions>
      </trkpt>
      <trkpt lat="34.21680363478863" lon="108.83245993596012">
        <ele>406.236619242467</ele>
        <time>2025-11-14T05:09:42.900000Z</time>
        <extensions>
          <gpxtpx:TrackPointExtension>
            <gpxtpx:hr>119</gpxtpx:hr>
          </gpxtpx:TrackPointExtension>
        </extensions>
      </trkpt>
      <trkpt lat="34.21681695567225" lon="108.83245793240603">
        <ele>406.28364556562155</ele>
        <time>2025-11-14T05:09:43.900000Z</time>
        <extensions>
          <gpxtpx:TrackPointExtension>
            <gpxtpx:hr>118</gpxtpx:hr>
          </gpxtpx:TrackPointExtension>
        </extensions>
      </trkpt>
      <trkpt lat="34.21683086550836" lon="108.83245580703486">
        <ele>406.33398306183517</ele>
        <time>2025-11-14T05:09:44.900000Z</time>
        <extensions>
          <gpxtpx:TrackPointExtension>
            <gpxtpx:hr>118</gpxtpx:hr>
          </gpxtpx:TrackPointExtension>
        </extensions>
      </trkpt>
      <trkpt lat="34.21684510356333" lon="108.83245378223431">
        <ele>406.3785738879815</ele>
        <time>2025-11-14T05:09:45.900000Z</time>
        <extensions>
          <gpxtpx:TrackPointExtension>
            <gpxtpx:hr>118</gpxtpx:hr>
          </gpxtpx:TrackPointExtension>
        </extensions>
      </trkpt>
      <trkpt lat="34.21685845917949" lon="108.83245211116177">
        <ele>406.4139598393813</ele>
        <time>2025-11-14T05:09:46.900000Z</time>
        <extensions>
          <gpxtpx:TrackPointExtension>
            <gpxtpx:hr>118</gpxtpx:hr>
          </gpxtpx:TrackPointExtension>
        </extensions>
      </trkpt>
      <trkpt lat="34.21687124085268" lon="108.83245061473355">
        <ele>406.4501615036279</ele>
        <time>2025-11-14T05:09:47.900000Z</time>
        <extensions>
          <gpxtpx:TrackPointExtension>
            <gpxtpx:hr>115</gpxtpx:hr>
          </gpxtpx:TrackPointExtension>
        </extensions>
      </trkpt>
      <trkpt lat="34.2168847035553" lon="108.83244847760362">
        <ele>406.473286004737</ele>
        <time>2025-11-14T05:09:48.900000Z</time>
        <extensions>
          <gpxtpx:TrackPointExtension>
            <gpxtpx:hr>115</gpxtpx:hr>
          </gpxtpx:TrackPointExtension>
        </extensions>
      </trkpt>
      <trkpt lat="34.21689798796666" lon="108.83244557279224">
        <ele>406.4863398820162</ele>
        <time>2025-11-14T05:09:49.900000Z</time>
        <extensions>
          <gpxtpx:TrackPointExtension>
            <gpxtpx:hr>115</gpxtpx:hr>
          </gpxtpx:TrackPointExtension>
        </extensions>
      </trkpt>
      <trkpt lat="34.21691112233202" lon="108.83244249560086">
        <ele>406.49382981378585</ele>
        <time>2025-11-14T05:09:50.900000Z</time>
        <extensions>
          <gpxtpx:TrackPointExtension>
            <gpxtpx:hr>115</gpxtpx:hr>
          </gpxtpx:TrackPointExtension>
        </extensions>
      </trkpt>
      <trkpt lat="34.216923983606364" lon="108.83243959331858">
        <ele>406.48702251166105</ele>
        <time>2025-11-14T05:09:51.900000Z</time>
        <extensions>
          <gpxtpx:TrackPointExtension>
            <gpxtpx:hr>115</gpxtpx:hr>
          </gpxtpx:TrackPointExtension>
        </extensions>
      </trkpt>
      <trkpt lat="34.21693681150944" lon="108.83243687143111">
        <ele>406.470594570972</ele>
        <time>2025-11-14T05:09:52.900000Z</time>
        <extensions>
          <gpxtpx:TrackPointExtension>
            <gpxtpx:hr>115</gpxtpx:hr>
          </gpxtpx:TrackPointExtension>
        </extensions>
      </trkpt>
      <trkpt lat="34.21695040602866" lon="108.83243405773237">
        <ele>406.45096129365265</ele>
        <time>2025-11-14T05:09:53.900000Z</time>
        <extensions>
          <gpxtpx:TrackPointExtension>
            <gpxtpx:hr>115</gpxtpx:hr>
          </gpxtpx:TrackPointExtension>
        </extensions>
      </trkpt>
      <trkpt lat="34.216964236874816" lon="108.83243107091573">
        <ele>406.41871898435056</ele>
        <time>2025-11-14T05:09:54.900000Z</time>
        <extensions>
          <gpxtpx:TrackPointExtension>
            <gpxtpx:hr>115</gpxtpx:hr>
          </gpxtpx:TrackPointExtension>
        </extensions>
      </trkpt>
      <trkpt lat="34.216978271201754" lon="108.83242785960955">
        <ele>406.3833601800725</ele>
        <time>2025-11-14T05:09:55.900000Z</time>
        <extensions>
          <gpxtpx:TrackPointExtension>
            <gpxtpx:hr>115</gpxtpx:hr>
          </gpxtpx:TrackPointExtension>
        </extensions>
      </trkpt>
      <trkpt lat="34.216992463349285" lon="108.83242463058804">
        <ele>406.3564485870302</ele>
        <time>2025-11-14T05:09:56.900000Z</time>
        <extensions>
          <gpxtpx:TrackPointExtension>
            <gpxtpx:hr>115</gpxtpx:hr>
          </gpxtpx:TrackPointExtension>
        </extensions>
      </trkpt>
      <trkpt lat="34.21700637506943" lon="108.83242168556701">
        <ele>406.336328137666</ele>
        <time>2025-11-14T05:09:57.900000Z</time>
        <extensions>
          <gpxtpx:TrackPointExtension>
            <gpxtpx:hr>115</gpxtpx:hr>
          </gpxtpx:TrackPointExtension>
        </extensions>
      </trkpt>
      <trkpt lat="34.21701973783425" lon="108.83241827478514">
        <ele>406.30127803608775</ele>
        <time>2025-11-14T05:09:58.900000Z</time>
        <extensions>
          <gpxtpx:TrackPointExtension>
            <gpxtpx:hr>115</gpxtpx:hr>
          </gpxtpx:TrackPointExtension>
        </extensions>
      </trkpt>
      <trkpt lat="34.217032663992235" lon="108.83241413399618">
        <ele>406.2623651539907</ele>
        <time>2025-11-14T05:09:59.900000Z</time>
        <extensions>
          <gpxtpx:TrackPointExtension>
            <gpxtpx:hr>115</gpxtpx:hr>
          </gpxtpx:TrackPointExtension>
        </extensions>
      </trkpt>
      <trkpt lat="34.21704559781025" lon="108.83240996373446">
        <ele>406.2368860132992</ele>
        <time>2025-11-14T05:10:00.900000Z</time>
        <extensions>
          <gpxtpx:TrackPointExtension>
            <gpxtpx:hr>115</gpxtpx:hr>
          </gpxtpx:TrackPointExtension>
        </extensions>
      </trkpt>
      <trkpt lat="34.21705897787569" lon="108.83240610310347">
        <ele>406.19930149707943</ele>
        <time>2025-11-14T05:10:01.900000Z</time>
        <extensions>
          <gpxtpx:TrackPointExtension>
            <gpxtpx:hr>118</gpxtpx:hr>
          </gpxtpx:TrackPointExtension>
        </extensions>
      </trkpt>
      <trkpt lat="34.2170727220555" lon="108.83240229993262">
        <ele>406.1562901586294</ele>
        <time>2025-11-14T05:10:02.900000Z</time>
        <extensions>
          <gpxtpx:TrackPointExtension>
            <gpxtpx:hr>118</gpxtpx:hr>
          </gpxtpx:TrackPointExtension>
        </extensions>
      </trkpt>
      <trkpt lat="34.217086321930495" lon="108.83239842150876">
        <ele>406.1292291758582</ele>
        <time>2025-11-14T05:10:03.900000Z</time>
        <extensions>
          <gpxtpx:TrackPointExtension>
            <gpxtpx:hr>118</gpxtpx:hr>
          </gpxtpx:TrackPointExtension>
        </extensions>
      </trkpt>
      <trkpt lat="34.21709931529895" lon="108.83239425931266">
        <ele>406.0998479863629</ele>
        <time>2025-11-14T05:10:04.900000Z</time>
        <extensions>
          <gpxtpx:TrackPointExtension>
            <gpxtpx:hr>115</gpxtpx:hr>
          </gpxtpx:TrackPointExtension>
        </extensions>
      </trkpt>
      <trkpt lat="34.21711181378539" lon="108.83238966497562">
        <ele>406.06460859812796</ele>
        <time>2025-11-14T05:10:05.900000Z</time>
        <extensions>
          <gpxtpx:TrackPointExtension>
            <gpxtpx:hr>115</gpxtpx:hr>
          </gpxtpx:TrackPointExtension>
        </extensions>
      </trkpt>
      <trkpt lat="34.217124264303884" lon="108.8323848389661">
        <ele>406.0454450538382</ele>
        <time>2025-11-14T05:10:06.900000Z</time>
        <extensions>
          <gpxtpx:TrackPointExtension>
            <gpxtpx:hr>115</gpxtpx:hr>
          </gpxtpx:TrackPointExtension>
        </extensions>
      </trkpt>
      <trkpt lat="34.217137000931416" lon="108.83238034308347">
        <ele>406.0188042707741</ele>
        <time>2025-11-14T05:10:07.900000Z</time>
        <extensions>
          <gpxtpx:TrackPointExtension>
            <gpxtpx:hr>115</gpxtpx:hr>
          </gpxtpx:TrackPointExtension>
        </extensions>
      </trkpt>
      <trkpt lat="34.2171500089377" lon="108.83237632578086">
        <ele>405.97406780719757</ele>
        <time>2025-11-14T05:10:08.900000Z</time>
        <extensions>
          <gpxtpx:TrackPointExtension>
            <gpxtpx:hr>115</gpxtpx:hr>
          </gpxtpx:TrackPointExtension>
        </extensions>
      </trkpt>
      <trkpt lat="34.21716316962044" lon="108.83237244376483">
        <ele>405.9280536407605</ele>
        <time>2025-11-14T05:10:09.900000Z</time>
        <extensions>
          <gpxtpx:TrackPointExtension>
            <gpxtpx:hr>115</gpxtpx:hr>
          </gpxtpx:TrackPointExtension>
        </extensions>
      </trkpt>
      <trkpt lat="34.21717615923872" lon="108.83236867332126">
        <ele>405.88458949141204</ele>
        <time>2025-11-14T05:10:10.900000Z</time>
        <extensions>
          <gpxtpx:TrackPointExtension>
            <gpxtpx:hr>115</gpxtpx:hr>
          </gpxtpx:TrackPointExtension>
        </extensions>
      </trkpt>
      <trkpt lat="34.21718900388902" lon="108.83236533601884">
        <ele>405.8570260629058</ele>
        <time>2025-11-14T05:10:11.900000Z</time>
        <extensions>
          <gpxtpx:TrackPointExtension>
            <gpxtpx:hr>115</gpxtpx:hr>
          </gpxtpx:TrackPointExtension>
        </extensions>
      </trkpt>
      <trkpt lat="34.21720180408499" lon="108.83236215362744">
        <ele>405.83586577977985</ele>
        <time>2025-11-14T05:10:12.900000Z</time>
        <extensions>
          <gpxtpx:TrackPointExtension>
            <gpxtpx:hr>115</gpxtpx:hr>
          </gpxtpx:TrackPointExtension>
        </extensions>
      </trkpt>
      <trkpt lat="34.21721455163186" lon="108.83235882363182">
        <ele>405.8145386585966</ele>
        <time>2025-11-14T05:10:13.900000Z</time>
        <extensions>
          <gpxtpx:TrackPointExtension>
            <gpxtpx:hr>115</gpxtpx:hr>
          </gpxtpx:TrackPointExtension>
        </extensions>
      </trkpt>
      <trkpt lat="34.217227154984165" lon="108.83235541185046">
        <ele>405.7876999238506</ele>
        <time>2025-11-14T05:10:14.900000Z</time>
        <extensions>
          <gpxtpx:TrackPointExtension>
            <gpxtpx:hr>115</gpxtpx:hr>
          </gpxtpx:TrackPointExtension>
        </extensions>
      </trkpt>
      <trkpt lat="34.21723946460161" lon="108.83235197797111">
        <ele>405.7522862488404</ele>
        <time>2025-11-14T05:10:15.900000Z</time>
        <extensions>
          <gpxtpx:TrackPointExtension>
            <gpxtpx:hr>115</gpxtpx:hr>
          </gpxtpx:TrackPointExtension>
        </extensions>
      </trkpt>
      <trkpt lat="34.21725146943124" lon="108.83234841806859">
        <ele>405.7241055862978</ele>
        <time>2025-11-14T05:10:16.900000Z</time>
        <extensions>
          <gpxtpx:TrackPointExtension>
            <gpxtpx:hr>115</gpxtpx:hr>
          </gpxtpx:TrackPointExtension>
        </extensions>
      </trkpt>
      <trkpt lat="34.21726304639081" lon="108.83234458949978">
        <ele>405.706137355417</ele>
        <time>2025-11-14T05:10:17.900000Z</time>
        <extensions>
          <gpxtpx:TrackPointExtension>
            <gpxtpx:hr>115</gpxtpx:hr>
          </gpxtpx:TrackPointExtension>
        </extensions>
      </trkpt>
      <trkpt lat="34.21727459552565" lon="108.83234040398132">
        <ele>405.67239016201347</ele>
        <time>2025-11-14T05:10:18.900000Z</time>
        <extensions>
          <gpxtpx:TrackPointExtension>
            <gpxtpx:hr>115</gpxtpx:hr>
          </gpxtpx:TrackPointExtension>
        </extensions>
      </trkpt>
      <trkpt lat="34.217287001908645" lon="108.83233579502115">
        <ele>405.63039456214756</ele>
        <time>2025-11-14T05:10:19.900000Z</time>
        <extensions>
          <gpxtpx:TrackPointExtension>
            <gpxtpx:hr>115</gpxtpx:hr>
          </gpxtpx:TrackPointExtension>
        </extensions>
      </trkpt>
      <trkpt lat="34.21729946580698" lon="108.83233139535159">
        <ele>405.60165078472346</ele>
        <time>2025-11-14T05:10:20.900000Z</time>
        <extensions>
          <gpxtpx:TrackPointExtension>
            <gpxtpx:hr>115</gpxtpx:hr>
          </gpxtpx:TrackPointExtension>
        </extensions>
      </trkpt>
      <trkpt lat="34.21731177520078" lon="108.8323274004757">
        <ele>405.5727375606075</ele>
        <time>2025-11-14T05:10:21.900000Z</time>
        <extensions>
          <gpxtpx:TrackPointExtension>
            <gpxtpx:hr>115</gpxtpx:hr>
          </gpxtpx:TrackPointExtension>
        </extensions>
      </trkpt>
      <trkpt lat="34.21732393689501" lon="108.83232414470433">
        <ele>405.5187117587775</ele>
        <time>2025-11-14T05:10:22.900000Z</time>
        <extensions>
          <gpxtpx:TrackPointExtension>
            <gpxtpx:hr>115</gpxtpx:hr>
          </gpxtpx:TrackPointExtension>
        </extensions>
      </trkpt>
      <trkpt lat="34.217335899396126" lon="108.83232161342069">
        <ele>405.46041235048324</ele>
        <time>2025-11-14T05:10:23.900000Z</time>
        <extensions>
          <gpxtpx:TrackPointExtension>
            <gpxtpx:hr>115</gpxtpx:hr>
          </gpxtpx:TrackPointExtension>
        </extensions>
      </trkpt>
      <trkpt lat="34.21734835623934" lon="108.83231891815872">
        <ele>405.40274476259947</ele>
        <time>2025-11-14T05:10:24.900000Z</time>
        <extensions>
          <gpxtpx:TrackPointExtension>
            <gpxtpx:hr>115</gpxtpx:hr>
          </gpxtpx:TrackPointExtension>
        </extensions>
      </trkpt>
      <trkpt lat="34.2173606272758" lon="108.83231577235506">
        <ele>405.3503081453964</ele>
        <time>2025-11-14T05:10:25.900000Z</time>
        <extensions>
          <gpxtpx:TrackPointExtension>
            <gpxtpx:hr>115</gpxtpx:hr>
          </gpxtpx:TrackPointExtension>
        </extensions>
      </trkpt>
      <trkpt lat="34.21737260007738" lon="108.83231204213597">
        <ele>405.29973915219307</ele>
        <time>2025-11-14T05:10:26.900000Z</time>
        <extensions>
          <gpxtpx:TrackPointExtension>
            <gpxtpx:hr>115</gpxtpx:hr>
          </gpxtpx:TrackPointExtension>
        </extensions>
      </trkpt>
      <trkpt lat="34.21738522212572" lon="108.83230766599796">
        <ele>405.24833994638175</ele>
        <time>2025-11-14T05:10:27.900000Z</time>
        <extensions>
          <gpxtpx:TrackPointExtension>
            <gpxtpx:hr>115</gpxtpx:hr>
          </gpxtpx:TrackPointExtension>
        </extensions>
      </trkpt>
      <trkpt lat="34.21739881936544" lon="108.8323024037059">
        <ele>405.2110083196312</ele>
        <time>2025-11-14T05:10:28.900000Z</time>
        <extensions>
          <gpxtpx:TrackPointExtension>
            <gpxtpx:hr>115</gpxtpx:hr>
          </gpxtpx:TrackPointExtension>
        </extensions>
      </trkpt>
      <trkpt lat="34.21741239808825" lon="108.83229649254167">
        <ele>405.1817736616358</ele>
        <time>2025-11-14T05:10:29.900000Z</time>
        <extensions>
          <gpxtpx:TrackPointExtension>
            <gpxtpx:hr>114</gpxtpx:hr>
          </gpxtpx:TrackPointExtension>
        </extensions>
      </trkpt>
      <trkpt lat="34.2174257385755" lon="108.83229077477334">
        <ele>405.1490520937368</ele>
        <time>2025-11-14T05:10:30.900000Z</time>
        <extensions>
          <gpxtpx:TrackPointExtension>
            <gpxtpx:hr>114</gpxtpx:hr>
          </gpxtpx:TrackPointExtension>
        </extensions>
      </trkpt>
      <trkpt lat="34.21743930128203" lon="108.83228568535795">
        <ele>405.1149016469717</ele>
        <time>2025-11-14T05:10:31.900000Z</time>
        <extensions>
          <gpxtpx:TrackPointExtension>
            <gpxtpx:hr>114</gpxtpx:hr>
          </gpxtpx:TrackPointExtension>
        </extensions>
      </trkpt>
      <trkpt lat="34.21745278766588" lon="108.83228103953773">
        <ele>405.0779458647594</ele>
        <time>2025-11-14T05:10:32.900000Z</time>
        <extensions>
          <gpxtpx:TrackPointExtension>
            <gpxtpx:hr>114</gpxtpx:hr>
          </gpxtpx:TrackPointExtension>
        </extensions>
      </trkpt>
      <trkpt lat="34.21746631194356" lon="108.83227656058106">
        <ele>405.040763027966</ele>
        <time>2025-11-14T05:10:33.900000Z</time>
        <extensions>
          <gpxtpx:TrackPointExtension>
            <gpxtpx:hr>114</gpxtpx:hr>
          </gpxtpx:TrackPointExtension>
        </extensions>
      </trkpt>
      <trkpt lat="34.21747983858098" lon="108.83227211894237">
        <ele>405.0204194188118</ele>
        <time>2025-11-14T05:10:34.900000Z</time>
        <extensions>
          <gpxtpx:TrackPointExtension>
            <gpxtpx:hr>114</gpxtpx:hr>
          </gpxtpx:TrackPointExtension>
        </extensions>
      </trkpt>
      <trkpt lat="34.21749319929457" lon="108.83226752975382">
        <ele>405.0090993773192</ele>
        <time>2025-11-14T05:10:35.900000Z</time>
        <extensions>
          <gpxtpx:TrackPointExtension>
            <gpxtpx:hr>116</gpxtpx:hr>
          </gpxtpx:TrackPointExtension>
        </extensions>
      </trkpt>
      <trkpt lat="34.21750646101502" lon="108.83226248452138">
        <ele>404.99455477669835</ele>
        <time>2025-11-14T05:10:36.900000Z</time>
        <extensions>
          <gpxtpx:TrackPointExtension>
            <gpxtpx:hr>116</gpxtpx:hr>
          </gpxtpx:TrackPointExtension>
        </extensions>
      </trkpt>
      <trkpt lat="34.217519722994226" lon="108.83225694185526">
        <ele>404.99528350587934</ele>
        <time>2025-11-14T05:10:37.900000Z</time>
        <extensions>
          <gpxtpx:TrackPointExtension>
            <gpxtpx:hr>116</gpxtpx:hr>
          </gpxtpx:TrackPointExtension>
        </extensions>
      </trkpt>
      <trkpt lat="34.21753269548324" lon="108.83225120731215">
        <ele>404.99329975713044</ele>
        <time>2025-11-14T05:10:38.900000Z</time>
        <extensions>
          <gpxtpx:TrackPointExtension>
            <gpxtpx:hr>116</gpxtpx:hr>
          </gpxtpx:TrackPointExtension>
        </extensions>
      </trkpt>
      <trkpt lat="34.21754533092337" lon="108.83224612007143">
        <ele>405.01140226982534</ele>
        <time>2025-11-14T05:10:39.900000Z</time>
        <extensions>
          <gpxtpx:TrackPointExtension>
            <gpxtpx:hr>116</gpxtpx:hr>
          </gpxtpx:TrackPointExtension>
        </extensions>
      </trkpt>
      <trkpt lat="34.21755743009836" lon="108.83224242157466">
        <ele>405.02335535828024</ele>
        <time>2025-11-14T05:10:40.900000Z</time>
        <extensions>
          <gpxtpx:TrackPointExtension>
            <gpxtpx:hr>115</gpxtpx:hr>
          </gpxtpx:TrackPointExtension>
        </extensions>
      </trkpt>
      <trkpt lat="34.21756939030251" lon="108.83223950982286">
        <ele>405.03482195176184</ele>
        <time>2025-11-14T05:10:41.900000Z</time>
        <extensions>
          <gpxtpx:TrackPointExtension>
            <gpxtpx:hr>115</gpxtpx:hr>
          </gpxtpx:TrackPointExtension>
        </extensions>
      </trkpt>
      <trkpt lat="34.21758138597064" lon="108.83223664679707">
        <ele>405.04386604577303</ele>
        <time>2025-11-14T05:10:42.900000Z</time>
        <extensions>
          <gpxtpx:TrackPointExtension>
            <gpxtpx:hr>115</gpxtpx:hr>
          </gpxtpx:TrackPointExtension>
        </extensions>
      </trkpt>
      <trkpt lat="34.21759389220511" lon="108.8322332766026">
        <ele>405.0583358928561</ele>
        <time>2025-11-14T05:10:43.900000Z</time>
        <extensions>
          <gpxtpx:TrackPointExtension>
            <gpxtpx:hr>115</gpxtpx:hr>
          </gpxtpx:TrackPointExtension>
        </extensions>
      </trkpt>
      <trkpt lat="34.21760737520423" lon="108.83223035506616">
        <ele>405.07392514683306</ele>
        <time>2025-11-14T05:10:44.900000Z</time>
        <extensions>
          <gpxtpx:TrackPointExtension>
            <gpxtpx:hr>118</gpxtpx:hr>
          </gpxtpx:TrackPointExtension>
        </extensions>
      </trkpt>
      <trkpt lat="34.217621042490386" lon="108.83222804293477">
        <ele>405.0891852043569</ele>
        <time>2025-11-14T05:10:45.900000Z</time>
        <extensions>
          <gpxtpx:TrackPointExtension>
            <gpxtpx:hr>118</gpxtpx:hr>
          </gpxtpx:TrackPointExtension>
        </extensions>
      </trkpt>
      <trkpt lat="34.217634607623275" lon="108.83222535507636">
        <ele>405.12713278178126</ele>
        <time>2025-11-14T05:10:46.900000Z</time>
        <extensions>
          <gpxtpx:TrackPointExtension>
            <gpxtpx:hr>118</gpxtpx:hr>
          </gpxtpx:TrackPointExtension>
        </extensions>
      </trkpt>
      <trkpt lat="34.217648568872946" lon="108.83222222217728">
        <ele>405.1739945085719</ele>
        <time>2025-11-14T05:10:47.900000Z</time>
        <extensions>
          <gpxtpx:TrackPointExtension>
            <gpxtpx:hr>118</gpxtpx:hr>
          </gpxtpx:TrackPointExtension>
        </extensions>
      </trkpt>
      <trkpt lat="34.21766241338885" lon="108.83221848504395">
        <ele>405.2145931413397</ele>
        <time>2025-11-14T05:10:48.900000Z</time>
        <extensions>
          <gpxtpx:TrackPointExtension>
            <gpxtpx:hr>115</gpxtpx:hr>
          </gpxtpx:TrackPointExtension>
        </extensions>
      </trkpt>
      <trkpt lat="34.21767559048497" lon="108.83221456767482">
        <ele>405.2468931982294</ele>
        <time>2025-11-14T05:10:49.900000Z</time>
        <extensions>
          <gpxtpx:TrackPointExtension>
            <gpxtpx:hr>115</gpxtpx:hr>
          </gpxtpx:TrackPointExtension>
        </extensions>
      </trkpt>
      <trkpt lat="34.217688088152755" lon="108.83221073245392">
        <ele>405.2837590817362</ele>
        <time>2025-11-14T05:10:50.900000Z</time>
        <extensions>
          <gpxtpx:TrackPointExtension>
            <gpxtpx:hr>115</gpxtpx:hr>
          </gpxtpx:TrackPointExtension>
        </extensions>
      </trkpt>
      <trkpt lat="34.21770039160434" lon="108.83220701589576">
        <ele>405.3330763755366</ele>
        <time>2025-11-14T05:10:51.900000Z</time>
        <extensions>
          <gpxtpx:TrackPointExtension>
            <gpxtpx:hr>115</gpxtpx:hr>
          </gpxtpx:TrackPointExtension>
        </extensions>
      </trkpt>
      <trkpt lat="34.21771217107576" lon="108.83220324897681">
        <ele>405.377557227388</ele>
        <time>2025-11-14T05:10:52.900000Z</time>
        <extensions>
          <gpxtpx:TrackPointExtension>
            <gpxtpx:hr>115</gpxtpx:hr>
          </gpxtpx:TrackPointExtension>
        </extensions>
      </trkpt>
      <trkpt lat="34.21772373646446" lon="108.83219924482802">
        <ele>405.4220806043595</ele>
        <time>2025-11-14T05:10:53.900000Z</time>
        <extensions>
          <gpxtpx:TrackPointExtension>
            <gpxtpx:hr>115</gpxtpx:hr>
          </gpxtpx:TrackPointExtension>
        </extensions>
      </trkpt>
      <trkpt lat="34.217735461048214" lon="108.8321946277019">
        <ele>405.46897675842047</ele>
        <time>2025-11-14T05:10:54.900000Z</time>
        <extensions>
          <gpxtpx:TrackPointExtension>
            <gpxtpx:hr>115</gpxtpx:hr>
          </gpxtpx:TrackPointExtension>
        </extensions>
      </trkpt>
      <trkpt lat="34.217745785218064" lon="108.8321900073458">
        <ele>405.5159127730876</ele>
        <time>2025-11-14T05:10:55.900000Z</time>
        <extensions>
          <gpxtpx:TrackPointExtension>
            <gpxtpx:hr>115</gpxtpx:hr>
          </gpxtpx:TrackPointExtension>
        </extensions>
      </trkpt>
      <trkpt lat="34.2177560284815" lon="108.83218508622022">
        <ele>405.5630131624639</ele>
        <time>2025-11-14T05:10:56.900000Z</time>
        <extensions>
          <gpxtpx:TrackPointExtension>
            <gpxtpx:hr>115</gpxtpx:hr>
          </gpxtpx:TrackPointExtension>
        </extensions>
      </trkpt>
      <trkpt lat="34.2177682014479" lon="108.83217955357006">
        <ele>405.6075450545177</ele>
        <time>2025-11-14T05:10:57.900000Z</time>
        <extensions>
          <gpxtpx:TrackPointExtension>
            <gpxtpx:hr>121</gpxtpx:hr>
          </gpxtpx:TrackPointExtension>
        </extensions>
      </trkpt>
      <trkpt lat="34.21778108859375" lon="108.83217462549342">
        <ele>405.6466878838837</ele>
        <time>2025-11-14T05:10:58.900000Z</time>
        <extensions>
          <gpxtpx:TrackPointExtension>
            <gpxtpx:hr>121</gpxtpx:hr>
          </gpxtpx:TrackPointExtension>
        </extensions>
      </trkpt>
      <trkpt lat="34.21779387549506" lon="108.83217040845607">
        <ele>405.6733122365549</ele>
        <time>2025-11-14T05:10:59.900000Z</time>
        <extensions>
          <gpxtpx:TrackPointExtension>
            <gpxtpx:hr>121</gpxtpx:hr>
          </gpxtpx:TrackPointExtension>
        </extensions>
      </trkpt>
      <trkpt lat="34.21780665225434" lon="108.83216644841335">
        <ele>405.69412402343005</ele>
        <time>2025-11-14T05:11:00.900000Z</time>
        <extensions>
          <gpxtpx:TrackPointExtension>
            <gpxtpx:hr>121</gpxtpx:hr>
          </gpxtpx:TrackPointExtension>
        </extensions>
      </trkpt>
      <trkpt lat="34.21781937221585" lon="108.8321623260798">
        <ele>405.7252342486754</ele>
        <time>2025-11-14T05:11:01.900000Z</time>
        <extensions>
          <gpxtpx:TrackPointExtension>
            <gpxtpx:hr>121</gpxtpx:hr>
          </gpxtpx:TrackPointExtension>
        </extensions>
      </trkpt>
      <trkpt lat="34.21783204689642" lon="108.83215794592398">
        <ele>405.74656232539564</ele>
        <time>2025-11-14T05:11:02.900000Z</time>
        <extensions>
          <gpxtpx:TrackPointExtension>
            <gpxtpx:hr>121</gpxtpx:hr>
          </gpxtpx:TrackPointExtension>
        </extensions>
      </trkpt>
      <trkpt lat="34.2178444377342" lon="108.83215306776741">
        <ele>405.7729322500527</ele>
        <time>2025-11-14T05:11:03.900000Z</time>
        <extensions>
          <gpxtpx:TrackPointExtension>
            <gpxtpx:hr>121</gpxtpx:hr>
          </gpxtpx:TrackPointExtension>
        </extensions>
      </trkpt>
      <trkpt lat="34.217856531957665" lon="108.83214752355096">
        <ele>405.7885699234903</ele>
        <time>2025-11-14T05:11:04.900000Z</time>
        <extensions>
          <gpxtpx:TrackPointExtension>
            <gpxtpx:hr>121</gpxtpx:hr>
          </gpxtpx:TrackPointExtension>
        </extensions>
      </trkpt>
      <trkpt lat="34.2178685624138" lon="108.83214162572214">
        <ele>405.80467803776264</ele>
        <time>2025-11-14T05:11:05.900000Z</time>
        <extensions>
          <gpxtpx:TrackPointExtension>
            <gpxtpx:hr>121</gpxtpx:hr>
          </gpxtpx:TrackPointExtension>
        </extensions>
      </trkpt>
      <trkpt lat="34.217880914865944" lon="108.83213608109132">
        <ele>405.8120650378987</ele>
        <time>2025-11-14T05:11:06.900000Z</time>
        <extensions>
          <gpxtpx:TrackPointExtension>
            <gpxtpx:hr>121</gpxtpx:hr>
          </gpxtpx:TrackPointExtension>
        </extensions>
      </trkpt>
      <trkpt lat="34.21789369268829" lon="108.83213126935722">
        <ele>405.8186232196167</ele>
        <time>2025-11-14T05:11:07.900000Z</time>
        <extensions>
          <gpxtpx:TrackPointExtension>
            <gpxtpx:hr>121</gpxtpx:hr>
          </gpxtpx:TrackPointExtension>
        </extensions>
      </trkpt>
      <trkpt lat="34.21790667700657" lon="108.83212689325548">
        <ele>405.8220687964931</ele>
        <time>2025-11-14T05:11:08.900000Z</time>
        <extensions>
          <gpxtpx:TrackPointExtension>
            <gpxtpx:hr>121</gpxtpx:hr>
          </gpxtpx:TrackPointExtension>
        </extensions>
      </trkpt>
      <trkpt lat="34.217919493011" lon="108.83212240182907">
        <ele>405.8133092978969</ele>
        <time>2025-11-14T05:11:09.900000Z</time>
        <extensions>
          <gpxtpx:TrackPointExtension>
            <gpxtpx:hr>120</gpxtpx:hr>
          </gpxtpx:TrackPointExtension>
        </extensions>
      </trkpt>
      <trkpt lat="34.21793196628004" lon="108.83211774328812">
        <ele>405.8007627064362</ele>
        <time>2025-11-14T05:11:10.900000Z</time>
        <extensions>
          <gpxtpx:TrackPointExtension>
            <gpxtpx:hr>120</gpxtpx:hr>
          </gpxtpx:TrackPointExtension>
        </extensions>
      </trkpt>
      <trkpt lat="34.21794416596074" lon="108.83211286574681">
        <ele>405.78523721639067</ele>
        <time>2025-11-14T05:11:11.900000Z</time>
        <extensions>
          <gpxtpx:TrackPointExtension>
            <gpxtpx:hr>120</gpxtpx:hr>
          </gpxtpx:TrackPointExtension>
        </extensions>
      </trkpt>
      <trkpt lat="34.217956369379614" lon="108.83210787690258">
        <ele>405.75906550418586</ele>
        <time>2025-11-14T05:11:12.900000Z</time>
        <extensions>
          <gpxtpx:TrackPointExtension>
            <gpxtpx:hr>120</gpxtpx:hr>
          </gpxtpx:TrackPointExtension>
        </extensions>
      </trkpt>
      <trkpt lat="34.21796876410495" lon="108.83210295114458">
        <ele>405.7310640066862</ele>
        <time>2025-11-14T05:11:13.900000Z</time>
        <extensions>
          <gpxtpx:TrackPointExtension>
            <gpxtpx:hr>120</gpxtpx:hr>
          </gpxtpx:TrackPointExtension>
        </extensions>
      </trkpt>
      <trkpt lat="34.21798149710334" lon="108.83209807866635">
        <ele>405.6978996330872</ele>
        <time>2025-11-14T05:11:14.900000Z</time>
        <extensions>
          <gpxtpx:TrackPointExtension>
            <gpxtpx:hr>120</gpxtpx:hr>
          </gpxtpx:TrackPointExtension>
        </extensions>
      </trkpt>
      <trkpt lat="34.21799445768673" lon="108.83209344293336">
        <ele>405.6736403554678</ele>
        <time>2025-11-14T05:11:15.900000Z</time>
        <extensions>
          <gpxtpx:TrackPointExtension>
            <gpxtpx:hr>121</gpxtpx:hr>
          </gpxtpx:TrackPointExtension>
        </extensions>
      </trkpt>
      <trkpt lat="34.21800749504843" lon="108.83208934651357">
        <ele>405.65691482741386</ele>
        <time>2025-11-14T05:11:16.900000Z</time>
        <extensions>
          <gpxtpx:TrackPointExtension>
            <gpxtpx:hr>121</gpxtpx:hr>
          </gpxtpx:TrackPointExtension>
        </extensions>
      </trkpt>
      <trkpt lat="34.21802063335555" lon="108.8320859201747">
        <ele>405.6417010743171</ele>
        <time>2025-11-14T05:11:17.900000Z</time>
        <extensions>
          <gpxtpx:TrackPointExtension>
            <gpxtpx:hr>121</gpxtpx:hr>
          </gpxtpx:TrackPointExtension>
        </extensions>
      </trkpt>
      <trkpt lat="34.21803366820848" lon="108.83208267173652">
        <ele>405.6300992136821</ele>
        <time>2025-11-14T05:11:18.900000Z</time>
        <extensions>
          <gpxtpx:TrackPointExtension>
            <gpxtpx:hr>121</gpxtpx:hr>
          </gpxtpx:TrackPointExtension>
        </extensions>
      </trkpt>
      <trkpt lat="34.21804662271102" lon="108.83207888260256">
        <ele>405.641934578307</ele>
        <time>2025-11-14T05:11:19.900000Z</time>
        <extensions>
          <gpxtpx:TrackPointExtension>
            <gpxtpx:hr>113</gpxtpx:hr>
          </gpxtpx:TrackPointExtension>
        </extensions>
      </trkpt>
      <trkpt lat="34.21805936133681" lon="108.83207412417269">
        <ele>405.6644877521321</ele>
        <time>2025-11-14T05:11:20.900000Z</time>
        <extensions>
          <gpxtpx:TrackPointExtension>
            <gpxtpx:hr>113</gpxtpx:hr>
          </gpxtpx:TrackPointExtension>
        </extensions>
      </trkpt>
      <trkpt lat="34.21807196382913" lon="108.83206837289303">
        <ele>405.6936874203384</ele>
        <time>2025-11-14T05:11:21.900000Z</time>
        <extensions>
          <gpxtpx:TrackPointExtension>
            <gpxtpx:hr>113</gpxtpx:hr>
          </gpxtpx:TrackPointExtension>
        </extensions>
      </trkpt>
      <trkpt lat="34.21808450743437" lon="108.83206242714039">
        <ele>405.7345608724281</ele>
        <time>2025-11-14T05:11:22.900000Z</time>
        <extensions>
          <gpxtpx:TrackPointExtension>
            <gpxtpx:hr>113</gpxtpx:hr>
          </gpxtpx:TrackPointExtension>
        </extensions>
      </trkpt>
      <trkpt lat="34.21809706045024" lon="108.83205679594136">
        <ele>405.75887225568295</ele>
        <time>2025-11-14T05:11:23.900000Z</time>
        <extensions>
          <gpxtpx:TrackPointExtension>
            <gpxtpx:hr>113</gpxtpx:hr>
          </gpxtpx:TrackPointExtension>
        </extensions>
      </trkpt>
      <trkpt lat="34.21810953302626" lon="108.83205135252607">
        <ele>405.76604637876153</ele>
        <time>2025-11-14T05:11:24.900000Z</time>
        <extensions>
          <gpxtpx:TrackPointExtension>
            <gpxtpx:hr>113</gpxtpx:hr>
          </gpxtpx:TrackPointExtension>
        </extensions>
      </trkpt>
      <trkpt lat="34.218121928719384" lon="108.83204581184721">
        <ele>405.763948389329</ele>
        <time>2025-11-14T05:11:25.900000Z</time>
        <extensions>
          <gpxtpx:TrackPointExtension>
            <gpxtpx:hr>113</gpxtpx:hr>
          </gpxtpx:TrackPointExtension>
        </extensions>
      </trkpt>
      <trkpt lat="34.21813396142766" lon="108.83203986899443">
        <ele>405.77090448420495</ele>
        <time>2025-11-14T05:11:26.900000Z</time>
        <extensions>
          <gpxtpx:TrackPointExtension>
            <gpxtpx:hr>120</gpxtpx:hr>
          </gpxtpx:TrackPointExtension>
        </extensions>
      </trkpt>
      <trkpt lat="34.21814497917577" lon="108.83203344417501">
        <ele>405.78439089655876</ele>
        <time>2025-11-14T05:11:27.900000Z</time>
        <extensions>
          <gpxtpx:TrackPointExtension>
            <gpxtpx:hr>120</gpxtpx:hr>
          </gpxtpx:TrackPointExtension>
        </extensions>
      </trkpt>
      <trkpt lat="34.21815432414863" lon="108.83202681401895">
        <ele>405.8042934257537</ele>
        <time>2025-11-14T05:11:28.900000Z</time>
        <extensions>
          <gpxtpx:TrackPointExtension>
            <gpxtpx:hr>120</gpxtpx:hr>
          </gpxtpx:TrackPointExtension>
        </extensions>
      </trkpt>
      <trkpt lat="34.218162951736026" lon="108.83202026536244">
        <ele>405.8238000292331</ele>
        <time>2025-11-14T05:11:29.900000Z</time>
        <extensions>
          <gpxtpx:TrackPointExtension>
            <gpxtpx:hr>119</gpxtpx:hr>
          </gpxtpx:TrackPointExtension>
        </extensions>
      </trkpt>
      <trkpt lat="34.21817187448065" lon="108.83201364183576">
        <ele>405.86676260083914</ele>
        <time>2025-11-14T05:11:30.900000Z</time>
        <extensions>
          <gpxtpx:TrackPointExtension>
            <gpxtpx:hr>119</gpxtpx:hr>
          </gpxtpx:TrackPointExtension>
        </extensions>
      </trkpt>
      <trkpt lat="34.218180878114346" lon="108.83200682334338">
        <ele>405.91206300165504</ele>
        <time>2025-11-14T05:11:31.900000Z</time>
        <extensions>
          <gpxtpx:TrackPointExtension>
            <gpxtpx:hr>119</gpxtpx:hr>
          </gpxtpx:TrackPointExtension>
        </extensions>
      </trkpt>
      <trkpt lat="34.218189516437796" lon="108.8320000801844">
        <ele>405.9520256863907</ele>
        <time>2025-11-14T05:11:32.900000Z</time>
        <extensions>
          <gpxtpx:TrackPointExtension>
            <gpxtpx:hr>119</gpxtpx:hr>
          </gpxtpx:TrackPointExtension>
        </extensions>
      </trkpt>
      <trkpt lat="34.21819835236959" lon="108.83199291424688">
        <ele>405.9966416526586</ele>
        <time>2025-11-14T05:11:33.900000Z</time>
        <extensions>
          <gpxtpx:TrackPointExtension>
            <gpxtpx:hr>119</gpxtpx:hr>
          </gpxtpx:TrackPointExtension>
        </extensions>
      </trkpt>
      <trkpt lat="34.218207738835304" lon="108.83198428548691">
        <ele>406.05453712679446</ele>
        <time>2025-11-14T05:11:34.900000Z</time>
        <extensions>
          <gpxtpx:TrackPointExtension>
            <gpxtpx:hr>116</gpxtpx:hr>
          </gpxtpx:TrackPointExtension>
        </extensions>
      </trkpt>
      <trkpt lat="34.21821574089515" lon="108.8319731396399">
        <ele>406.0984046822414</ele>
        <time>2025-11-14T05:11:35.900000Z</time>
        <extensions>
          <gpxtpx:TrackPointExtension>
            <gpxtpx:hr>116</gpxtpx:hr>
          </gpxtpx:TrackPointExtension>
        </extensions>
      </trkpt>
      <trkpt lat="34.218219935067836" lon="108.8319593468792">
        <ele>406.10651784576476</ele>
        <time>2025-11-14T05:11:36.900000Z</time>
        <extensions>
          <gpxtpx:TrackPointExtension>
            <gpxtpx:hr>116</gpxtpx:hr>
          </gpxtpx:TrackPointExtension>
        </extensions>
      </trkpt>
      <trkpt lat="34.2182203687836" lon="108.83194401992563">
        <ele>406.1207245346159</ele>
        <time>2025-11-14T05:11:37.900000Z</time>
        <extensions>
          <gpxtpx:TrackPointExtension>
            <gpxtpx:hr>116</gpxtpx:hr>
          </gpxtpx:TrackPointExtension>
        </extensions>
      </trkpt>
      <trkpt lat="34.21821897668944" lon="108.83192822823582">
        <ele>406.11658942420036</ele>
        <time>2025-11-14T05:11:38.900000Z</time>
        <extensions>
          <gpxtpx:TrackPointExtension>
            <gpxtpx:hr>116</gpxtpx:hr>
          </gpxtpx:TrackPointExtension>
        </extensions>
      </trkpt>
      <trkpt lat="34.218217581998694" lon="108.83191179424604">
        <ele>406.1071167960763</ele>
        <time>2025-11-14T05:11:39.900000Z</time>
        <extensions>
          <gpxtpx:TrackPointExtension>
            <gpxtpx:hr>115</gpxtpx:hr>
          </gpxtpx:TrackPointExtension>
        </extensions>
      </trkpt>
      <trkpt lat="34.21821697667403" lon="108.83189471661558">
        <ele>406.08001795131713</ele>
        <time>2025-11-14T05:11:40.900000Z</time>
        <extensions>
          <gpxtpx:TrackPointExtension>
            <gpxtpx:hr>115</gpxtpx:hr>
          </gpxtpx:TrackPointExtension>
        </extensions>
      </trkpt>
      <trkpt lat="34.21821743409461" lon="108.8318777998014">
        <ele>406.0552414432168</ele>
        <time>2025-11-14T05:11:41.900000Z</time>
        <extensions>
          <gpxtpx:TrackPointExtension>
            <gpxtpx:hr>115</gpxtpx:hr>
          </gpxtpx:TrackPointExtension>
        </extensions>
      </trkpt>
      <trkpt lat="34.21821905333048" lon="108.83186154887227">
        <ele>406.03413018677384</ele>
        <time>2025-11-14T05:11:42.900000Z</time>
        <extensions>
          <gpxtpx:TrackPointExtension>
            <gpxtpx:hr>115</gpxtpx:hr>
          </gpxtpx:TrackPointExtension>
        </extensions>
      </trkpt>
      <trkpt lat="34.21822134778731" lon="108.83184642351337">
        <ele>406.0155460089445</ele>
        <time>2025-11-14T05:11:43.900000Z</time>
        <extensions>
          <gpxtpx:TrackPointExtension>
            <gpxtpx:hr>115</gpxtpx:hr>
          </gpxtpx:TrackPointExtension>
        </extensions>
      </trkpt>
      <trkpt lat="34.21822460125141" lon="108.8318331305928">
        <ele>405.9917660616338</ele>
        <time>2025-11-14T05:11:44.900000Z</time>
        <extensions>
          <gpxtpx:TrackPointExtension>
            <gpxtpx:hr>108</gpxtpx:hr>
          </gpxtpx:TrackPointExtension>
        </extensions>
      </trkpt>
      <trkpt lat="34.21822972422205" lon="108.83182215440301">
        <ele>405.9776585223153</ele>
        <time>2025-11-14T05:11:45.900000Z</time>
        <extensions>
          <gpxtpx:TrackPointExtension>
            <gpxtpx:hr>108</gpxtpx:hr>
          </gpxtpx:TrackPointExtension>
        </extensions>
      </trkpt>
      <trkpt lat="34.21823731007123" lon="108.83181268305692">
        <ele>405.9607050847262</ele>
        <time>2025-11-14T05:11:46.900000Z</time>
        <extensions>
          <gpxtpx:TrackPointExtension>
            <gpxtpx:hr>108</gpxtpx:hr>
          </gpxtpx:TrackPointExtension>
        </extensions>
      </trkpt>
      <trkpt lat="34.21824695550192" lon="108.83180372767448">
        <ele>405.93911052588373</ele>
        <time>2025-11-14T05:11:47.900000Z</time>
        <extensions>
          <gpxtpx:TrackPointExtension>
            <gpxtpx:hr>108</gpxtpx:hr>
          </gpxtpx:TrackPointExtension>
        </extensions>
      </trkpt>
      <trkpt lat="34.2182580480702" lon="108.8317952373076">
        <ele>405.904059831053</ele>
        <time>2025-11-14T05:11:48.900000Z</time>
        <extensions>
          <gpxtpx:TrackPointExtension>
            <gpxtpx:hr>108</gpxtpx:hr>
          </gpxtpx:TrackPointExtension>
        </extensions>
      </trkpt>
      <trkpt lat="34.2182699768376" lon="108.83178754373708">
        <ele>405.8635939033702</ele>
        <time>2025-11-14T05:11:49.900000Z</time>
        <extensions>
          <gpxtpx:TrackPointExtension>
            <gpxtpx:hr>108</gpxtpx:hr>
          </gpxtpx:TrackPointExtension>
        </extensions>
      </trkpt>
      <trkpt lat="34.21828195884714" lon="108.8317816241396">
        <ele>405.8175409846008</ele>
        <time>2025-11-14T05:11:50.900000Z</time>
        <extensions>
          <gpxtpx:TrackPointExtension>
            <gpxtpx:hr>108</gpxtpx:hr>
          </gpxtpx:TrackPointExtension>
        </extensions>
      </trkpt>
      <trkpt lat="34.21829363431456" lon="108.83177827025891">
        <ele>405.77213736530393</ele>
        <time>2025-11-14T05:11:51.900000Z</time>
        <extensions>
          <gpxtpx:TrackPointExtension>
            <gpxtpx:hr>108</gpxtpx:hr>
          </gpxtpx:TrackPointExtension>
        </extensions>
      </trkpt>
      <trkpt lat="34.21830453199671" lon="108.831776880085">
        <ele>405.7323199575767</ele>
        <time>2025-11-14T05:11:52.900000Z</time>
        <extensions>
          <gpxtpx:TrackPointExtension>
            <gpxtpx:hr>108</gpxtpx:hr>
          </gpxtpx:TrackPointExtension>
        </extensions>
      </trkpt>
      <trkpt lat="34.21831572056533" lon="108.83177687111092">
        <ele>405.6948406826705</ele>
        <time>2025-11-14T05:11:53.900000Z</time>
        <extensions>
          <gpxtpx:TrackPointExtension>
            <gpxtpx:hr>108</gpxtpx:hr>
          </gpxtpx:TrackPointExtension>
        </extensions>
      </trkpt>
      <trkpt lat="34.218327814249285" lon="108.83177755638779">
        <ele>405.66109668370336</ele>
        <time>2025-11-14T05:11:54.900000Z</time>
        <extensions>
          <gpxtpx:TrackPointExtension>
            <gpxtpx:hr>109</gpxtpx:hr>
          </gpxtpx:TrackPointExtension>
        </extensions>
      </trkpt>
      <trkpt lat="34.2183400194346" lon="108.83177817657739">
        <ele>405.62739005777985</ele>
        <time>2025-11-14T05:11:55.900000Z</time>
        <extensions>
          <gpxtpx:TrackPointExtension>
            <gpxtpx:hr>109</gpxtpx:hr>
          </gpxtpx:TrackPointExtension>
        </extensions>
      </trkpt>
      <trkpt lat="34.21835243205933" lon="108.83177788626774">
        <ele>405.6136597683653</ele>
        <time>2025-11-14T05:11:56.900000Z</time>
        <extensions>
          <gpxtpx:TrackPointExtension>
            <gpxtpx:hr>109</gpxtpx:hr>
          </gpxtpx:TrackPointExtension>
        </extensions>
      </trkpt>
      <trkpt lat="34.21836526936738" lon="108.83177569969757">
        <ele>405.6055761585012</ele>
        <time>2025-11-14T05:11:57.900000Z</time>
        <extensions>
          <gpxtpx:TrackPointExtension>
            <gpxtpx:hr>109</gpxtpx:hr>
          </gpxtpx:TrackPointExtension>
        </extensions>
      </trkpt>
      <trkpt lat="34.21837835065207" lon="108.83177209994547">
        <ele>405.6128359474242</ele>
        <time>2025-11-14T05:11:58.900000Z</time>
        <extensions>
          <gpxtpx:TrackPointExtension>
            <gpxtpx:hr>109</gpxtpx:hr>
          </gpxtpx:TrackPointExtension>
        </extensions>
      </trkpt>
      <trkpt lat="34.21839159610785" lon="108.83176829095264">
        <ele>405.65406734962016</ele>
        <time>2025-11-14T05:11:59.900000Z</time>
        <extensions>
          <gpxtpx:TrackPointExtension>
            <gpxtpx:hr>109</gpxtpx:hr>
          </gpxtpx:TrackPointExtension>
        </extensions>
      </trkpt>
      <trkpt lat="34.218404804971414" lon="108.83176424267042">
        <ele>405.6918877605349</ele>
        <time>2025-11-14T05:12:00.900000Z</time>
        <extensions>
          <gpxtpx:TrackPointExtension>
            <gpxtpx:hr>109</gpxtpx:hr>
          </gpxtpx:TrackPointExtension>
        </extensions>
      </trkpt>
      <trkpt lat="34.218417868309686" lon="108.83175962580472">
        <ele>405.74744876567274</ele>
        <time>2025-11-14T05:12:01.900000Z</time>
        <extensions>
          <gpxtpx:TrackPointExtension>
            <gpxtpx:hr>109</gpxtpx:hr>
          </gpxtpx:TrackPointExtension>
        </extensions>
      </trkpt>
      <trkpt lat="34.21843065484587" lon="108.83175426963854">
        <ele>405.8133115330711</ele>
        <time>2025-11-14T05:12:02.900000Z</time>
        <extensions>
          <gpxtpx:TrackPointExtension>
            <gpxtpx:hr>109</gpxtpx:hr>
          </gpxtpx:TrackPointExtension>
        </extensions>
      </trkpt>
      <trkpt lat="34.218443204230795" lon="108.8317485438924">
        <ele>405.8759690448642</ele>
        <time>2025-11-14T05:12:03.900000Z</time>
        <extensions>
          <gpxtpx:TrackPointExtension>
            <gpxtpx:hr>109</gpxtpx:hr>
          </gpxtpx:TrackPointExtension>
        </extensions>
      </trkpt>
      <trkpt lat="34.21845563710616" lon="108.83174329288717">
        <ele>405.94019414205104</ele>
        <time>2025-11-14T05:12:04.900000Z</time>
        <extensions>
          <gpxtpx:TrackPointExtension>
            <gpxtpx:hr>111</gpxtpx:hr>
          </gpxtpx:TrackPointExtension>
        </extensions>
      </trkpt>
      <trkpt lat="34.21846796743513" lon="108.83173855650391">
        <ele>405.99926916882396</ele>
        <time>2025-11-14T05:12:05.900000Z</time>
        <extensions>
          <gpxtpx:TrackPointExtension>
            <gpxtpx:hr>111</gpxtpx:hr>
          </gpxtpx:TrackPointExtension>
        </extensions>
      </trkpt>
      <trkpt lat="34.218480066850624" lon="108.83173399268195">
        <ele>406.0401636334136</ele>
        <time>2025-11-14T05:12:06.900000Z</time>
        <extensions>
          <gpxtpx:TrackPointExtension>
            <gpxtpx:hr>111</gpxtpx:hr>
          </gpxtpx:TrackPointExtension>
        </extensions>
      </trkpt>
      <trkpt lat="34.218492032937135" lon="108.83172975395212">
        <ele>406.0729274339974</ele>
        <time>2025-11-14T05:12:07.900000Z</time>
        <extensions>
          <gpxtpx:TrackPointExtension>
            <gpxtpx:hr>111</gpxtpx:hr>
          </gpxtpx:TrackPointExtension>
        </extensions>
      </trkpt>
      <trkpt lat="34.2185041278261" lon="108.83172583310866">
        <ele>406.1218981696293</ele>
        <time>2025-11-14T05:12:08.900000Z</time>
        <extensions>
          <gpxtpx:TrackPointExtension>
            <gpxtpx:hr>111</gpxtpx:hr>
          </gpxtpx:TrackPointExtension>
        </extensions>
      </trkpt>
      <trkpt lat="34.21851691445006" lon="108.83172267078777">
        <ele>406.1707299668342</ele>
        <time>2025-11-14T05:12:09.900000Z</time>
        <extensions>
          <gpxtpx:TrackPointExtension>
            <gpxtpx:hr>111</gpxtpx:hr>
          </gpxtpx:TrackPointExtension>
        </extensions>
      </trkpt>
      <trkpt lat="34.218530186517576" lon="108.83172059481666">
        <ele>406.2259099269286</ele>
        <time>2025-11-14T05:12:10.900000Z</time>
        <extensions>
          <gpxtpx:TrackPointExtension>
            <gpxtpx:hr>115</gpxtpx:hr>
          </gpxtpx:TrackPointExtension>
        </extensions>
      </trkpt>
      <trkpt lat="34.21854308409985" lon="108.83171926639758">
        <ele>406.2921143723652</ele>
        <time>2025-11-14T05:12:11.900000Z</time>
        <extensions>
          <gpxtpx:TrackPointExtension>
            <gpxtpx:hr>115</gpxtpx:hr>
          </gpxtpx:TrackPointExtension>
        </extensions>
      </trkpt>
      <trkpt lat="34.21855489245858" lon="108.83171769378208">
        <ele>406.3634205237031</ele>
        <time>2025-11-14T05:12:12.900000Z</time>
        <extensions>
          <gpxtpx:TrackPointExtension>
            <gpxtpx:hr>115</gpxtpx:hr>
          </gpxtpx:TrackPointExtension>
        </extensions>
      </trkpt>
      <trkpt lat="34.21856629990603" lon="108.83171509762298">
        <ele>406.42677269130945</ele>
        <time>2025-11-14T05:12:13.900000Z</time>
        <extensions>
          <gpxtpx:TrackPointExtension>
            <gpxtpx:hr>115</gpxtpx:hr>
          </gpxtpx:TrackPointExtension>
        </extensions>
      </trkpt>
      <trkpt lat="34.2185783207173" lon="108.83171149799165">
        <ele>406.48872652463615</ele>
        <time>2025-11-14T05:12:14.900000Z</time>
        <extensions>
          <gpxtpx:TrackPointExtension>
            <gpxtpx:hr>115</gpxtpx:hr>
          </gpxtpx:TrackPointExtension>
        </extensions>
      </trkpt>
      <trkpt lat="34.218590055300794" lon="108.83170692058523">
        <ele>406.53787709306926</ele>
        <time>2025-11-14T05:12:15.900000Z</time>
        <extensions>
          <gpxtpx:TrackPointExtension>
            <gpxtpx:hr>112</gpxtpx:hr>
          </gpxtpx:TrackPointExtension>
        </extensions>
      </trkpt>
      <trkpt lat="34.21860020958387" lon="108.83170151249686">
        <ele>406.5971255414188</ele>
        <time>2025-11-14T05:12:16.900000Z</time>
        <extensions>
          <gpxtpx:TrackPointExtension>
            <gpxtpx:hr>112</gpxtpx:hr>
          </gpxtpx:TrackPointExtension>
        </extensions>
      </trkpt>
      <trkpt lat="34.218609278653204" lon="108.83169559708303">
        <ele>406.65452550165355</ele>
        <time>2025-11-14T05:12:17.900000Z</time>
        <extensions>
          <gpxtpx:TrackPointExtension>
            <gpxtpx:hr>112</gpxtpx:hr>
          </gpxtpx:TrackPointExtension>
        </extensions>
      </trkpt>
      <trkpt lat="34.218618621510906" lon="108.8316893317043">
        <ele>406.69842026848346</ele>
        <time>2025-11-14T05:12:18.900000Z</time>
        <extensions>
          <gpxtpx:TrackPointExtension>
            <gpxtpx:hr>112</gpxtpx:hr>
          </gpxtpx:TrackPointExtension>
        </extensions>
      </trkpt>
      <trkpt lat="34.21862853881165" lon="108.83168268414579">
        <ele>406.73017712309957</ele>
        <time>2025-11-14T05:12:19.900000Z</time>
        <extensions>
          <gpxtpx:TrackPointExtension>
            <gpxtpx:hr>113</gpxtpx:hr>
          </gpxtpx:TrackPointExtension>
        </extensions>
      </trkpt>
      <trkpt lat="34.21863897620093" lon="108.83167495674336">
        <ele>406.760337036103</ele>
        <time>2025-11-14T05:12:20.900000Z</time>
        <extensions>
          <gpxtpx:TrackPointExtension>
            <gpxtpx:hr>113</gpxtpx:hr>
          </gpxtpx:TrackPointExtension>
        </extensions>
      </trkpt>
      <trkpt lat="34.21864943066127" lon="108.83166567241996">
        <ele>406.7725914847106</ele>
        <time>2025-11-14T05:12:21.900000Z</time>
        <extensions>
          <gpxtpx:TrackPointExtension>
            <gpxtpx:hr>113</gpxtpx:hr>
          </gpxtpx:TrackPointExtension>
        </extensions>
      </trkpt>
      <trkpt lat="34.21865854710847" lon="108.83165475933014">
        <ele>406.79090819042176</ele>
        <time>2025-11-14T05:12:22.900000Z</time>
        <extensions>
          <gpxtpx:TrackPointExtension>
            <gpxtpx:hr>113</gpxtpx:hr>
          </gpxtpx:TrackPointExtension>
        </extensions>
      </trkpt>
      <trkpt lat="34.218665520377634" lon="108.83164311005075">
        <ele>406.79712146148086</ele>
        <time>2025-11-14T05:12:23.900000Z</time>
        <extensions>
          <gpxtpx:TrackPointExtension>
            <gpxtpx:hr>113</gpxtpx:hr>
          </gpxtpx:TrackPointExtension>
        </extensions>
      </trkpt>
      <trkpt lat="34.21867153703485" lon="108.83163149229975">
        <ele>406.7828557062894</ele>
        <time>2025-11-14T05:12:24.900000Z</time>
        <extensions>
          <gpxtpx:TrackPointExtension>
            <gpxtpx:hr>114</gpxtpx:hr>
          </gpxtpx:TrackPointExtension>
        </extensions>
      </trkpt>
      <trkpt lat="34.21867724099804" lon="108.83161865603545">
        <ele>406.742568786256</ele>
        <time>2025-11-14T05:12:25.900000Z</time>
        <extensions>
          <gpxtpx:TrackPointExtension>
            <gpxtpx:hr>114</gpxtpx:hr>
          </gpxtpx:TrackPointExtension>
        </extensions>
      </trkpt>
      <trkpt lat="34.218680568620435" lon="108.83160425144312">
        <ele>406.69761653151363</ele>
        <time>2025-11-14T05:12:26.900000Z</time>
        <extensions>
          <gpxtpx:TrackPointExtension>
            <gpxtpx:hr>114</gpxtpx:hr>
          </gpxtpx:TrackPointExtension>
        </extensions>
      </trkpt>
      <trkpt lat="34.21868121016191" lon="108.83158819335142">
        <ele>406.6466882536188</ele>
        <time>2025-11-14T05:12:27.900000Z</time>
        <extensions>
          <gpxtpx:TrackPointExtension>
            <gpxtpx:hr>114</gpxtpx:hr>
          </gpxtpx:TrackPointExtension>
        </extensions>
      </trkpt>
      <trkpt lat="34.21868093512036" lon="108.83157114300825">
        <ele>406.57851415127516</ele>
        <time>2025-11-14T05:12:28.900000Z</time>
        <extensions>
          <gpxtpx:TrackPointExtension>
            <gpxtpx:hr>114</gpxtpx:hr>
          </gpxtpx:TrackPointExtension>
        </extensions>
      </trkpt>
      <trkpt lat="34.21868076103004" lon="108.83155381824349">
        <ele>406.4930251138285</ele>
        <time>2025-11-14T05:12:29.900000Z</time>
        <extensions>
          <gpxtpx:TrackPointExtension>
            <gpxtpx:hr>114</gpxtpx:hr>
          </gpxtpx:TrackPointExtension>
        </extensions>
      </trkpt>
      <trkpt lat="34.218680318653114" lon="108.83153679007869">
        <ele>406.4033259861171</ele>
        <time>2025-11-14T05:12:30.900000Z</time>
        <extensions>
          <gpxtpx:TrackPointExtension>
            <gpxtpx:hr>114</gpxtpx:hr>
          </gpxtpx:TrackPointExtension>
        </extensions>
      </trkpt>
      <trkpt lat="34.21867904438294" lon="108.83152028239654">
        <ele>406.3077468890697</ele>
        <time>2025-11-14T05:12:31.900000Z</time>
        <extensions>
          <gpxtpx:TrackPointExtension>
            <gpxtpx:hr>115</gpxtpx:hr>
          </gpxtpx:TrackPointExtension>
        </extensions>
      </trkpt>
      <trkpt lat="34.21867742626903" lon="108.8315048037054">
        <ele>406.2017256822437</ele>
        <time>2025-11-14T05:12:32.900000Z</time>
        <extensions>
          <gpxtpx:TrackPointExtension>
            <gpxtpx:hr>115</gpxtpx:hr>
          </gpxtpx:TrackPointExtension>
        </extensions>
      </trkpt>
      <trkpt lat="34.218676343027184" lon="108.83149181046738">
        <ele>406.1027613757178</ele>
        <time>2025-11-14T05:12:33.900000Z</time>
        <extensions>
          <gpxtpx:TrackPointExtension>
            <gpxtpx:hr>115</gpxtpx:hr>
          </gpxtpx:TrackPointExtension>
        </extensions>
      </trkpt>
      <trkpt lat="34.21867670982196" lon="108.83148168390666">
        <ele>406.013687399216</ele>
        <time>2025-11-14T05:12:34.900000Z</time>
        <extensions>
          <gpxtpx:TrackPointExtension>
            <gpxtpx:hr>115</gpxtpx:hr>
          </gpxtpx:TrackPointExtension>
        </extensions>
      </trkpt>
      <trkpt lat="34.21867926664617" lon="108.8314716625406">
        <ele>405.93846309464425</ele>
        <time>2025-11-14T05:12:35.900000Z</time>
        <extensions>
          <gpxtpx:TrackPointExtension>
            <gpxtpx:hr>116</gpxtpx:hr>
          </gpxtpx:TrackPointExtension>
        </extensions>
      </trkpt>
      <trkpt lat="34.21868426529992" lon="108.83145983536238">
        <ele>405.8771090628579</ele>
        <time>2025-11-14T05:12:36.900000Z</time>
        <extensions>
          <gpxtpx:TrackPointExtension>
            <gpxtpx:hr>116</gpxtpx:hr>
          </gpxtpx:TrackPointExtension>
        </extensions>
      </trkpt>
      <trkpt lat="34.21869175502271" lon="108.83144688398502">
        <ele>405.82958993688226</ele>
        <time>2025-11-14T05:12:37.900000Z</time>
        <extensions>
          <gpxtpx:TrackPointExtension>
            <gpxtpx:hr>116</gpxtpx:hr>
          </gpxtpx:TrackPointExtension>
        </extensions>
      </trkpt>
      <trkpt lat="34.21870088017233" lon="108.83143464291445">
        <ele>405.7855698009953</ele>
        <time>2025-11-14T05:12:38.900000Z</time>
        <extensions>
          <gpxtpx:TrackPointExtension>
            <gpxtpx:hr>116</gpxtpx:hr>
          </gpxtpx:TrackPointExtension>
        </extensions>
      </trkpt>
      <trkpt lat="34.218710524037334" lon="108.83142381461776">
        <ele>405.73527387715876</ele>
        <time>2025-11-14T05:12:39.900000Z</time>
        <extensions>
          <gpxtpx:TrackPointExtension>
            <gpxtpx:hr>116</gpxtpx:hr>
          </gpxtpx:TrackPointExtension>
        </extensions>
      </trkpt>
      <trkpt lat="34.21872009752936" lon="108.83141309231685">
        <ele>405.6777528608218</ele>
        <time>2025-11-14T05:12:40.900000Z</time>
        <extensions>
          <gpxtpx:TrackPointExtension>
            <gpxtpx:hr>116</gpxtpx:hr>
          </gpxtpx:TrackPointExtension>
        </extensions>
      </trkpt>
      <trkpt lat="34.218729376970686" lon="108.83140208268145">
        <ele>405.64544059708714</ele>
        <time>2025-11-14T05:12:41.900000Z</time>
        <extensions>
          <gpxtpx:TrackPointExtension>
            <gpxtpx:hr>116</gpxtpx:hr>
          </gpxtpx:TrackPointExtension>
        </extensions>
      </trkpt>
      <trkpt lat="34.21873895563104" lon="108.8313916579732">
        <ele>405.62659656163305</ele>
        <time>2025-11-14T05:12:42.900000Z</time>
        <extensions>
          <gpxtpx:TrackPointExtension>
            <gpxtpx:hr>116</gpxtpx:hr>
          </gpxtpx:TrackPointExtension>
        </extensions>
      </trkpt>
      <trkpt lat="34.21874951937871" lon="108.83138298239732">
        <ele>405.6270773848519</ele>
        <time>2025-11-14T05:12:43.900000Z</time>
        <extensions>
          <gpxtpx:TrackPointExtension>
            <gpxtpx:hr>116</gpxtpx:hr>
          </gpxtpx:TrackPointExtension>
        </extensions>
      </trkpt>
      <trkpt lat="34.21876063545386" lon="108.83137542811842">
        <ele>405.64049836434424</ele>
        <time>2025-11-14T05:12:44.900000Z</time>
        <extensions>
          <gpxtpx:TrackPointExtension>
            <gpxtpx:hr>116</gpxtpx:hr>
          </gpxtpx:TrackPointExtension>
        </extensions>
      </trkpt>
      <trkpt lat="34.218771692368314" lon="108.83136744153411">
        <ele>405.6571426996961</ele>
        <time>2025-11-14T05:12:45.900000Z</time>
        <extensions>
          <gpxtpx:TrackPointExtension>
            <gpxtpx:hr>116</gpxtpx:hr>
          </gpxtpx:TrackPointExtension>
        </extensions>
      </trkpt>
      <trkpt lat="34.21878235867674" lon="108.83135903242535">
        <ele>405.67549840640277</ele>
        <time>2025-11-14T05:12:46.900000Z</time>
        <extensions>
          <gpxtpx:TrackPointExtension>
            <gpxtpx:hr>116</gpxtpx:hr>
          </gpxtpx:TrackPointExtension>
        </extensions>
      </trkpt>
      <trkpt lat="34.2187925952696" lon="108.83135088055934">
        <ele>405.69553543720394</ele>
        <time>2025-11-14T05:12:47.900000Z</time>
        <extensions>
          <gpxtpx:TrackPointExtension>
            <gpxtpx:hr>116</gpxtpx:hr>
          </gpxtpx:TrackPointExtension>
        </extensions>
      </trkpt>
      <trkpt lat="34.218802618167" lon="108.83134345440239">
        <ele>405.72602000646293</ele>
        <time>2025-11-14T05:12:48.900000Z</time>
        <extensions>
          <gpxtpx:TrackPointExtension>
            <gpxtpx:hr>116</gpxtpx:hr>
          </gpxtpx:TrackPointExtension>
        </extensions>
      </trkpt>
      <trkpt lat="34.21881151229887" lon="108.83133700072803">
        <ele>405.77121587097645</ele>
        <time>2025-11-14T05:12:49.900000Z</time>
        <extensions>
          <gpxtpx:TrackPointExtension>
            <gpxtpx:hr>116</gpxtpx:hr>
          </gpxtpx:TrackPointExtension>
        </extensions>
      </trkpt>
      <trkpt lat="34.21881982998538" lon="108.83133063256216">
        <ele>405.8314300933853</ele>
        <time>2025-11-14T05:12:50.900000Z</time>
        <extensions>
          <gpxtpx:TrackPointExtension>
            <gpxtpx:hr>117</gpxtpx:hr>
          </gpxtpx:TrackPointExtension>
        </extensions>
      </trkpt>
      <trkpt lat="34.218829340796226" lon="108.83132403394256">
        <ele>405.88170655816793</ele>
        <time>2025-11-14T05:12:51.900000Z</time>
        <extensions>
          <gpxtpx:TrackPointExtension>
            <gpxtpx:hr>117</gpxtpx:hr>
          </gpxtpx:TrackPointExtension>
        </extensions>
      </trkpt>
      <trkpt lat="34.21884007204444" lon="108.83131838790844">
        <ele>405.9218845786527</ele>
        <time>2025-11-14T05:12:52.900000Z</time>
        <extensions>
          <gpxtpx:TrackPointExtension>
            <gpxtpx:hr>117</gpxtpx:hr>
          </gpxtpx:TrackPointExtension>
        </extensions>
      </trkpt>
      <trkpt lat="34.2188510721214" lon="108.83131430095453">
        <ele>405.9434970570728</ele>
        <time>2025-11-14T05:12:53.900000Z</time>
        <extensions>
          <gpxtpx:TrackPointExtension>
            <gpxtpx:hr>117</gpxtpx:hr>
          </gpxtpx:TrackPointExtension>
        </extensions>
      </trkpt>
      <trkpt lat="34.21886246277358" lon="108.83131048325318">
        <ele>405.9534908449277</ele>
        <time>2025-11-14T05:12:54.900000Z</time>
        <extensions>
          <gpxtpx:TrackPointExtension>
            <gpxtpx:hr>117</gpxtpx:hr>
          </gpxtpx:TrackPointExtension>
        </extensions>
      </trkpt>
      <trkpt lat="34.21887494169264" lon="108.8313059891316">
        <ele>405.9659308977425</ele>
        <time>2025-11-14T05:12:55.900000Z</time>
        <extensions>
          <gpxtpx:TrackPointExtension>
            <gpxtpx:hr>119</gpxtpx:hr>
          </gpxtpx:TrackPointExtension>
        </extensions>
      </trkpt>
      <trkpt lat="34.218888111496575" lon="108.83130079579139">
        <ele>405.9918596185744</ele>
        <time>2025-11-14T05:12:56.900000Z</time>
        <extensions>
          <gpxtpx:TrackPointExtension>
            <gpxtpx:hr>119</gpxtpx:hr>
          </gpxtpx:TrackPointExtension>
        </extensions>
      </trkpt>
      <trkpt lat="34.21890136963623" lon="108.83129462678514">
        <ele>406.01558698900044</ele>
        <time>2025-11-14T05:12:57.900000Z</time>
        <extensions>
          <gpxtpx:TrackPointExtension>
            <gpxtpx:hr>119</gpxtpx:hr>
          </gpxtpx:TrackPointExtension>
        </extensions>
      </trkpt>
      <trkpt lat="34.2189145610277" lon="108.83128740777114">
        <ele>406.03873038850725</ele>
        <time>2025-11-14T05:12:58.900000Z</time>
        <extensions>
          <gpxtpx:TrackPointExtension>
            <gpxtpx:hr>119</gpxtpx:hr>
          </gpxtpx:TrackPointExtension>
        </extensions>
      </trkpt>
      <trkpt lat="34.218927661483754" lon="108.83127951840234">
        <ele>406.06183674000204</ele>
        <time>2025-11-14T05:12:59.900000Z</time>
        <extensions>
          <gpxtpx:TrackPointExtension>
            <gpxtpx:hr>116</gpxtpx:hr>
          </gpxtpx:TrackPointExtension>
        </extensions>
      </trkpt>
      <trkpt lat="34.21894088219206" lon="108.83127118137278">
        <ele>406.09526080451906</ele>
        <time>2025-11-14T05:13:00.900000Z</time>
        <extensions>
          <gpxtpx:TrackPointExtension>
            <gpxtpx:hr>116</gpxtpx:hr>
          </gpxtpx:TrackPointExtension>
        </extensions>
      </trkpt>
      <trkpt lat="34.218954253108464" lon="108.8312631163459">
        <ele>406.1306428173557</ele>
        <time>2025-11-14T05:13:01.900000Z</time>
        <extensions>
          <gpxtpx:TrackPointExtension>
            <gpxtpx:hr>116</gpxtpx:hr>
          </gpxtpx:TrackPointExtension>
        </extensions>
      </trkpt>
      <trkpt lat="34.21896782950083" lon="108.83125627602439">
        <ele>406.1692754710093</ele>
        <time>2025-11-14T05:13:02.900000Z</time>
        <extensions>
          <gpxtpx:TrackPointExtension>
            <gpxtpx:hr>116</gpxtpx:hr>
          </gpxtpx:TrackPointExtension>
        </extensions>
      </trkpt>
      <trkpt lat="34.21898140776127" lon="108.83125081748604">
        <ele>406.2119951294735</ele>
        <time>2025-11-14T05:13:03.900000Z</time>
        <extensions>
          <gpxtpx:TrackPointExtension>
            <gpxtpx:hr>116</gpxtpx:hr>
          </gpxtpx:TrackPointExtension>
        </extensions>
      </trkpt>
      <trkpt lat="34.21899510579845" lon="108.83124628381736">
        <ele>406.25972736347467</ele>
        <time>2025-11-14T05:13:04.900000Z</time>
        <extensions>
          <gpxtpx:TrackPointExtension>
            <gpxtpx:hr>117</gpxtpx:hr>
          </gpxtpx:TrackPointExtension>
        </extensions>
      </trkpt>
      <trkpt lat="34.21900900111157" lon="108.83124224347551">
        <ele>406.30599753558636</ele>
        <time>2025-11-14T05:13:05.900000Z</time>
        <extensions>
          <gpxtpx:TrackPointExtension>
            <gpxtpx:hr>117</gpxtpx:hr>
          </gpxtpx:TrackPointExtension>
        </extensions>
      </trkpt>
      <trkpt lat="34.2190230785239" lon="108.83123821982113">
        <ele>406.3519732132554</ele>
        <time>2025-11-14T05:13:06.900000Z</time>
        <extensions>
          <gpxtpx:TrackPointExtension>
            <gpxtpx:hr>117</gpxtpx:hr>
          </gpxtpx:TrackPointExtension>
        </extensions>
      </trkpt>
      <trkpt lat="34.219037039005144" lon="108.83123371356774">
        <ele>406.40537252742797</ele>
        <time>2025-11-14T05:13:07.900000Z</time>
        <extensions>
          <gpxtpx:TrackPointExtension>
            <gpxtpx:hr>117</gpxtpx:hr>
          </gpxtpx:TrackPointExtension>
        </extensions>
      </trkpt>
      <trkpt lat="34.21905055868508" lon="108.83122888750617">
        <ele>406.46082362532616</ele>
        <time>2025-11-14T05:13:08.900000Z</time>
        <extensions>
          <gpxtpx:TrackPointExtension>
            <gpxtpx:hr>117</gpxtpx:hr>
          </gpxtpx:TrackPointExtension>
        </extensions>
      </trkpt>
      <trkpt lat="34.219063861056924" lon="108.83122402976858">
        <ele>406.51776697300375</ele>
        <time>2025-11-14T05:13:09.900000Z</time>
        <extensions>
          <gpxtpx:TrackPointExtension>
            <gpxtpx:hr>117</gpxtpx:hr>
          </gpxtpx:TrackPointExtension>
        </extensions>
      </trkpt>
      <trkpt lat="34.219076719387196" lon="108.83121926502078">
        <ele>406.5797553388402</ele>
        <time>2025-11-14T05:13:10.900000Z</time>
        <extensions>
          <gpxtpx:TrackPointExtension>
            <gpxtpx:hr>117</gpxtpx:hr>
          </gpxtpx:TrackPointExtension>
        </extensions>
      </trkpt>
      <trkpt lat="34.219089035934424" lon="108.83121496715852">
        <ele>406.6658404003829</ele>
        <time>2025-11-14T05:13:11.900000Z</time>
        <extensions>
          <gpxtpx:TrackPointExtension>
            <gpxtpx:hr>116</gpxtpx:hr>
          </gpxtpx:TrackPointExtension>
        </extensions>
      </trkpt>
      <trkpt lat="34.219100852945786" lon="108.83121154312491">
        <ele>406.7576836925</ele>
        <time>2025-11-14T05:13:12.900000Z</time>
        <extensions>
          <gpxtpx:TrackPointExtension>
            <gpxtpx:hr>116</gpxtpx:hr>
          </gpxtpx:TrackPointExtension>
        </extensions>
      </trkpt>
      <trkpt lat="34.219112272749214" lon="108.83120882461371">
        <ele>406.81590011902153</ele>
        <time>2025-11-14T05:13:13.900000Z</time>
        <extensions>
          <gpxtpx:TrackPointExtension>
            <gpxtpx:hr>116</gpxtpx:hr>
          </gpxtpx:TrackPointExtension>
        </extensions>
      </trkpt>
      <trkpt lat="34.219123158784505" lon="108.83120663663648">
        <ele>406.8638813402504</ele>
        <time>2025-11-14T05:13:14.900000Z</time>
        <extensions>
          <gpxtpx:TrackPointExtension>
            <gpxtpx:hr>116</gpxtpx:hr>
          </gpxtpx:TrackPointExtension>
        </extensions>
      </trkpt>
      <trkpt lat="34.21913395363334" lon="108.83120447170452">
        <ele>406.9209872763604</ele>
        <time>2025-11-14T05:13:15.900000Z</time>
        <extensions>
          <gpxtpx:TrackPointExtension>
            <gpxtpx:hr>116</gpxtpx:hr>
          </gpxtpx:TrackPointExtension>
        </extensions>
      </trkpt>
      <trkpt lat="34.219145234327804" lon="108.83120210239953">
        <ele>407.01026340946555</ele>
        <time>2025-11-14T05:13:16.900000Z</time>
        <extensions>
          <gpxtpx:TrackPointExtension>
            <gpxtpx:hr>116</gpxtpx:hr>
          </gpxtpx:TrackPointExtension>
        </extensions>
      </trkpt>
      <trkpt lat="34.21915686333007" lon="108.8311999040383">
        <ele>407.07847298588604</ele>
        <time>2025-11-14T05:13:17.900000Z</time>
        <extensions>
          <gpxtpx:TrackPointExtension>
            <gpxtpx:hr>116</gpxtpx:hr>
          </gpxtpx:TrackPointExtension>
        </extensions>
      </trkpt>
      <trkpt lat="34.219168685337564" lon="108.83119788589485">
        <ele>407.137967181392</ele>
        <time>2025-11-14T05:13:18.900000Z</time>
        <extensions>
          <gpxtpx:TrackPointExtension>
            <gpxtpx:hr>116</gpxtpx:hr>
          </gpxtpx:TrackPointExtension>
        </extensions>
      </trkpt>
      <trkpt lat="34.21918015669831" lon="108.83119562180738">
        <ele>407.2261598156765</ele>
        <time>2025-11-14T05:13:19.900000Z</time>
        <extensions>
          <gpxtpx:TrackPointExtension>
            <gpxtpx:hr>116</gpxtpx:hr>
          </gpxtpx:TrackPointExtension>
        </extensions>
      </trkpt>
      <trkpt lat="34.219190723123575" lon="108.83119285076832">
        <ele>407.3265188606456</ele>
        <time>2025-11-14T05:13:20.900000Z</time>
        <extensions>
          <gpxtpx:TrackPointExtension>
            <gpxtpx:hr>116</gpxtpx:hr>
          </gpxtpx:TrackPointExtension>
        </extensions>
      </trkpt>
      <trkpt lat="34.21920093331611" lon="108.83118946185964">
        <ele>407.4205739395693</ele>
        <time>2025-11-14T05:13:21.900000Z</time>
        <extensions>
          <gpxtpx:TrackPointExtension>
            <gpxtpx:hr>116</gpxtpx:hr>
          </gpxtpx:TrackPointExtension>
        </extensions>
      </trkpt>
      <trkpt lat="34.2192115840687" lon="108.83118521479697">
        <ele>407.5086877150461</ele>
        <time>2025-11-14T05:13:22.900000Z</time>
        <extensions>
          <gpxtpx:TrackPointExtension>
            <gpxtpx:hr>116</gpxtpx:hr>
          </gpxtpx:TrackPointExtension>
        </extensions>
      </trkpt>
      <trkpt lat="34.219222645226196" lon="108.83117982564704">
        <ele>407.5880455337465</ele>
        <time>2025-11-14T05:13:23.900000Z</time>
        <extensions>
          <gpxtpx:TrackPointExtension>
            <gpxtpx:hr>116</gpxtpx:hr>
          </gpxtpx:TrackPointExtension>
        </extensions>
      </trkpt>
      <trkpt lat="34.21923394338356" lon="108.83117424478799">
        <ele>407.65355394687504</ele>
        <time>2025-11-14T05:13:24.900000Z</time>
        <extensions>
          <gpxtpx:TrackPointExtension>
            <gpxtpx:hr>114</gpxtpx:hr>
          </gpxtpx:TrackPointExtension>
        </extensions>
      </trkpt>
      <trkpt lat="34.21924303343704" lon="108.83116864390023">
        <ele>407.7109633460641</ele>
        <time>2025-11-14T05:13:25.900000Z</time>
        <extensions>
          <gpxtpx:TrackPointExtension>
            <gpxtpx:hr>114</gpxtpx:hr>
          </gpxtpx:TrackPointExtension>
        </extensions>
      </trkpt>
      <trkpt lat="34.21924804084419" lon="108.83116268225314">
        <ele>407.75205746665597</ele>
        <time>2025-11-14T05:13:26.900000Z</time>
        <extensions>
          <gpxtpx:TrackPointExtension>
            <gpxtpx:hr>114</gpxtpx:hr>
          </gpxtpx:TrackPointExtension>
        </extensions>
      </trkpt>
      <trkpt lat="34.21925155631692" lon="108.83115624130731">
        <ele>407.7773412996903</ele>
        <time>2025-11-14T05:13:27.900000Z</time>
        <extensions>
          <gpxtpx:TrackPointExtension>
            <gpxtpx:hr>114</gpxtpx:hr>
          </gpxtpx:TrackPointExtension>
        </extensions>
      </trkpt>
      <trkpt lat="34.21925652637134" lon="108.83114903927958">
        <ele>407.7886273590848</ele>
        <time>2025-11-14T05:13:28.900000Z</time>
        <extensions>
          <gpxtpx:TrackPointExtension>
            <gpxtpx:hr>114</gpxtpx:hr>
          </gpxtpx:TrackPointExtension>
        </extensions>
      </trkpt>
      <trkpt lat="34.2192634815256" lon="108.83114143466106">
        <ele>407.7540382100269</ele>
        <time>2025-11-14T05:13:29.900000Z</time>
        <extensions>
          <gpxtpx:TrackPointExtension>
            <gpxtpx:hr>115</gpxtpx:hr>
          </gpxtpx:TrackPointExtension>
        </extensions>
      </trkpt>
      <trkpt lat="34.21927218429422" lon="108.83113321188739">
        <ele>407.7207660935819</ele>
        <time>2025-11-14T05:13:30.900000Z</time>
        <extensions>
          <gpxtpx:TrackPointExtension>
            <gpxtpx:hr>115</gpxtpx:hr>
          </gpxtpx:TrackPointExtension>
        </extensions>
      </trkpt>
      <trkpt lat="34.21928226737341" lon="108.83112427934381">
        <ele>407.6635316237807</ele>
        <time>2025-11-14T05:13:31.900000Z</time>
        <extensions>
          <gpxtpx:TrackPointExtension>
            <gpxtpx:hr>115</gpxtpx:hr>
          </gpxtpx:TrackPointExtension>
        </extensions>
      </trkpt>
      <trkpt lat="34.219293229460504" lon="108.83111518856076">
        <ele>407.5649422220886</ele>
        <time>2025-11-14T05:13:32.900000Z</time>
        <extensions>
          <gpxtpx:TrackPointExtension>
            <gpxtpx:hr>115</gpxtpx:hr>
          </gpxtpx:TrackPointExtension>
        </extensions>
      </trkpt>
      <trkpt lat="34.219304978016375" lon="108.83110637589735">
        <ele>407.42559704277664</ele>
        <time>2025-11-14T05:13:33.900000Z</time>
        <extensions>
          <gpxtpx:TrackPointExtension>
            <gpxtpx:hr>115</gpxtpx:hr>
          </gpxtpx:TrackPointExtension>
        </extensions>
      </trkpt>
      <trkpt lat="34.21931726183579" lon="108.83109791668588">
        <ele>407.2567011062056</ele>
        <time>2025-11-14T05:13:34.900000Z</time>
        <extensions>
          <gpxtpx:TrackPointExtension>
            <gpxtpx:hr>112</gpxtpx:hr>
          </gpxtpx:TrackPointExtension>
        </extensions>
      </trkpt>
      <trkpt lat="34.21932998349989" lon="108.83108956765274">
        <ele>407.0871820785105</ele>
        <time>2025-11-14T05:13:35.900000Z</time>
        <extensions>
          <gpxtpx:TrackPointExtension>
            <gpxtpx:hr>112</gpxtpx:hr>
          </gpxtpx:TrackPointExtension>
        </extensions>
      </trkpt>
      <trkpt lat="34.2193429561772" lon="108.83108098075785">
        <ele>406.8961866348982</ele>
        <time>2025-11-14T05:13:36.900000Z</time>
        <extensions>
          <gpxtpx:TrackPointExtension>
            <gpxtpx:hr>112</gpxtpx:hr>
          </gpxtpx:TrackPointExtension>
        </extensions>
      </trkpt>
      <trkpt lat="34.219355767184624" lon="108.83107238316366">
        <ele>406.708409614861</ele>
        <time>2025-11-14T05:13:37.900000Z</time>
        <extensions>
          <gpxtpx:TrackPointExtension>
            <gpxtpx:hr>112</gpxtpx:hr>
          </gpxtpx:TrackPointExtension>
        </extensions>
      </trkpt>
      <trkpt lat="34.219368057037634" lon="108.83106414898607">
        <ele>406.5051807546988</ele>
        <time>2025-11-14T05:13:38.900000Z</time>
        <extensions>
          <gpxtpx:TrackPointExtension>
            <gpxtpx:hr>115</gpxtpx:hr>
          </gpxtpx:TrackPointExtension>
        </extensions>
      </trkpt>
      <trkpt lat="34.219380298722406" lon="108.83105636124424">
        <ele>406.30341506097466</ele>
        <time>2025-11-14T05:13:39.900000Z</time>
        <extensions>
          <gpxtpx:TrackPointExtension>
            <gpxtpx:hr>115</gpxtpx:hr>
          </gpxtpx:TrackPointExtension>
        </extensions>
      </trkpt>
      <trkpt lat="34.21939267655334" lon="108.83104941853698">
        <ele>406.1378317894414</ele>
        <time>2025-11-14T05:13:40.900000Z</time>
        <extensions>
          <gpxtpx:TrackPointExtension>
            <gpxtpx:hr>115</gpxtpx:hr>
          </gpxtpx:TrackPointExtension>
        </extensions>
      </trkpt>
      <trkpt lat="34.2194048616771" lon="108.83104253807635">
        <ele>405.9830819815397</ele>
        <time>2025-11-14T05:13:41.900000Z</time>
        <extensions>
          <gpxtpx:TrackPointExtension>
            <gpxtpx:hr>115</gpxtpx:hr>
          </gpxtpx:TrackPointExtension>
        </extensions>
      </trkpt>
      <trkpt lat="34.219416696672596" lon="108.8310352263952">
        <ele>405.8178974445909</ele>
        <time>2025-11-14T05:13:42.900000Z</time>
        <extensions>
          <gpxtpx:TrackPointExtension>
            <gpxtpx:hr>115</gpxtpx:hr>
          </gpxtpx:TrackPointExtension>
        </extensions>
      </trkpt>
      <trkpt lat="34.21942830543644" lon="108.83102840138069">
        <ele>405.66185867600143</ele>
        <time>2025-11-14T05:13:43.900000Z</time>
        <extensions>
          <gpxtpx:TrackPointExtension>
            <gpxtpx:hr>115</gpxtpx:hr>
          </gpxtpx:TrackPointExtension>
        </extensions>
      </trkpt>
      <trkpt lat="34.219440292118534" lon="108.8310221680607">
        <ele>405.54711847379804</ele>
        <time>2025-11-14T05:13:44.900000Z</time>
        <extensions>
          <gpxtpx:TrackPointExtension>
            <gpxtpx:hr>115</gpxtpx:hr>
          </gpxtpx:TrackPointExtension>
        </extensions>
      </trkpt>
      <trkpt lat="34.21945299550608" lon="108.83101653825688">
        <ele>405.4582478972152</ele>
        <time>2025-11-14T05:13:45.900000Z</time>
        <extensions>
          <gpxtpx:TrackPointExtension>
            <gpxtpx:hr>116</gpxtpx:hr>
          </gpxtpx:TrackPointExtension>
        </extensions>
      </trkpt>
      <trkpt lat="34.21946649446198" lon="108.83101209572796">
        <ele>405.3750794734806</ele>
        <time>2025-11-14T05:13:46.900000Z</time>
        <extensions>
          <gpxtpx:TrackPointExtension>
            <gpxtpx:hr>116</gpxtpx:hr>
          </gpxtpx:TrackPointExtension>
        </extensions>
      </trkpt>
      <trkpt lat="34.21947990900021" lon="108.83100861088796">
        <ele>405.28370329272</ele>
        <time>2025-11-14T05:13:47.900000Z</time>
        <extensions>
          <gpxtpx:TrackPointExtension>
            <gpxtpx:hr>116</gpxtpx:hr>
          </gpxtpx:TrackPointExtension>
        </extensions>
      </trkpt>
      <trkpt lat="34.21949283660306" lon="108.83100518904837">
        <ele>405.2077912548557</ele>
        <time>2025-11-14T05:13:48.900000Z</time>
        <extensions>
          <gpxtpx:TrackPointExtension>
            <gpxtpx:hr>116</gpxtpx:hr>
          </gpxtpx:TrackPointExtension>
        </extensions>
      </trkpt>
      <trkpt lat="34.21950574271172" lon="108.8310014558848">
        <ele>405.1349361343309</ele>
        <time>2025-11-14T05:13:49.900000Z</time>
        <extensions>
          <gpxtpx:TrackPointExtension>
            <gpxtpx:hr>116</gpxtpx:hr>
          </gpxtpx:TrackPointExtension>
        </extensions>
      </trkpt>
      <trkpt lat="34.21951914682912" lon="108.83099829041139">
        <ele>405.05470417812467</ele>
        <time>2025-11-14T05:13:50.900000Z</time>
        <extensions>
          <gpxtpx:TrackPointExtension>
            <gpxtpx:hr>115</gpxtpx:hr>
          </gpxtpx:TrackPointExtension>
        </extensions>
      </trkpt>
      <trkpt lat="34.219532420566345" lon="108.83099590744841">
        <ele>404.9796806052327</ele>
        <time>2025-11-14T05:13:51.900000Z</time>
        <extensions>
          <gpxtpx:TrackPointExtension>
            <gpxtpx:hr>115</gpxtpx:hr>
          </gpxtpx:TrackPointExtension>
        </extensions>
      </trkpt>
      <trkpt lat="34.219544312921215" lon="108.83099356952427">
        <ele>404.938612007536</ele>
        <time>2025-11-14T05:13:52.900000Z</time>
        <extensions>
          <gpxtpx:TrackPointExtension>
            <gpxtpx:hr>115</gpxtpx:hr>
          </gpxtpx:TrackPointExtension>
        </extensions>
      </trkpt>
      <trkpt lat="34.21955516763757" lon="108.83099067209766">
        <ele>404.89839389454573</ele>
        <time>2025-11-14T05:13:53.900000Z</time>
        <extensions>
          <gpxtpx:TrackPointExtension>
            <gpxtpx:hr>115</gpxtpx:hr>
          </gpxtpx:TrackPointExtension>
        </extensions>
      </trkpt>
      <trkpt lat="34.21956616796466" lon="108.83098684967798">
        <ele>404.86507213208824</ele>
        <time>2025-11-14T05:13:54.900000Z</time>
        <extensions>
          <gpxtpx:TrackPointExtension>
            <gpxtpx:hr>115</gpxtpx:hr>
          </gpxtpx:TrackPointExtension>
        </extensions>
      </trkpt>
      <trkpt lat="34.21957783964625" lon="108.83098228858151">
        <ele>404.8367441818118</ele>
        <time>2025-11-14T05:13:55.900000Z</time>
        <extensions>
          <gpxtpx:TrackPointExtension>
            <gpxtpx:hr>116</gpxtpx:hr>
          </gpxtpx:TrackPointExtension>
        </extensions>
      </trkpt>
      <trkpt lat="34.219590126654936" lon="108.83097789459535">
        <ele>404.8127096956596</ele>
        <time>2025-11-14T05:13:56.900000Z</time>
        <extensions>
          <gpxtpx:TrackPointExtension>
            <gpxtpx:hr>116</gpxtpx:hr>
          </gpxtpx:TrackPointExtension>
        </extensions>
      </trkpt>
      <trkpt lat="34.219602494653934" lon="108.8309741326427">
        <ele>404.7603645250201</ele>
        <time>2025-11-14T05:13:57.900000Z</time>
        <extensions>
          <gpxtpx:TrackPointExtension>
            <gpxtpx:hr>116</gpxtpx:hr>
          </gpxtpx:TrackPointExtension>
        </extensions>
      </trkpt>
      <trkpt lat="34.21961448691836" lon="108.83097052897458">
        <ele>404.7196266250685</ele>
        <time>2025-11-14T05:13:58.900000Z</time>
        <extensions>
          <gpxtpx:TrackPointExtension>
            <gpxtpx:hr>116</gpxtpx:hr>
          </gpxtpx:TrackPointExtension>
        </extensions>
      </trkpt>
      <trkpt lat="34.219626145823675" lon="108.83096647398773">
        <ele>404.68712885212153</ele>
        <time>2025-11-14T05:13:59.900000Z</time>
        <extensions>
          <gpxtpx:TrackPointExtension>
            <gpxtpx:hr>116</gpxtpx:hr>
          </gpxtpx:TrackPointExtension>
        </extensions>
      </trkpt>
      <trkpt lat="34.219637492794284" lon="108.83096225305684">
        <ele>404.7116028666496</ele>
        <time>2025-11-14T05:14:00.900000Z</time>
        <extensions>
          <gpxtpx:TrackPointExtension>
            <gpxtpx:hr>116</gpxtpx:hr>
          </gpxtpx:TrackPointExtension>
        </extensions>
      </trkpt>
      <trkpt lat="34.219648862394706" lon="108.83095793847703">
        <ele>404.7391544645652</ele>
        <time>2025-11-14T05:14:01.900000Z</time>
        <extensions>
          <gpxtpx:TrackPointExtension>
            <gpxtpx:hr>116</gpxtpx:hr>
          </gpxtpx:TrackPointExtension>
        </extensions>
      </trkpt>
      <trkpt lat="34.21966069282755" lon="108.83095335777607">
        <ele>404.77677423413843</ele>
        <time>2025-11-14T05:14:02.900000Z</time>
        <extensions>
          <gpxtpx:TrackPointExtension>
            <gpxtpx:hr>116</gpxtpx:hr>
          </gpxtpx:TrackPointExtension>
        </extensions>
      </trkpt>
      <trkpt lat="34.21967298059095" lon="108.83094903352426">
        <ele>404.8059856072068</ele>
        <time>2025-11-14T05:14:03.900000Z</time>
        <extensions>
          <gpxtpx:TrackPointExtension>
            <gpxtpx:hr>116</gpxtpx:hr>
          </gpxtpx:TrackPointExtension>
        </extensions>
      </trkpt>
      <trkpt lat="34.21968542278823" lon="108.83094504734717">
        <ele>404.8370414702222</ele>
        <time>2025-11-14T05:14:04.900000Z</time>
        <extensions>
          <gpxtpx:TrackPointExtension>
            <gpxtpx:hr>116</gpxtpx:hr>
          </gpxtpx:TrackPointExtension>
        </extensions>
      </trkpt>
      <trkpt lat="34.21969752052255" lon="108.83094109343054">
        <ele>404.84444334730506</ele>
        <time>2025-11-14T05:14:05.900000Z</time>
        <extensions>
          <gpxtpx:TrackPointExtension>
            <gpxtpx:hr>115</gpxtpx:hr>
          </gpxtpx:TrackPointExtension>
        </extensions>
      </trkpt>
      <trkpt lat="34.21970865909632" lon="108.83093652875407">
        <ele>404.8598760878667</ele>
        <time>2025-11-14T05:14:06.900000Z</time>
        <extensions>
          <gpxtpx:TrackPointExtension>
            <gpxtpx:hr>115</gpxtpx:hr>
          </gpxtpx:TrackPointExtension>
        </extensions>
      </trkpt>
      <trkpt lat="34.21971913937751" lon="108.8309307907893">
        <ele>404.8957547880709</ele>
        <time>2025-11-14T05:14:07.900000Z</time>
        <extensions>
          <gpxtpx:TrackPointExtension>
            <gpxtpx:hr>115</gpxtpx:hr>
          </gpxtpx:TrackPointExtension>
        </extensions>
      </trkpt>
      <trkpt lat="34.219729768289916" lon="108.83092417255338">
        <ele>404.9551337668672</ele>
        <time>2025-11-14T05:14:08.900000Z</time>
        <extensions>
          <gpxtpx:TrackPointExtension>
            <gpxtpx:hr>115</gpxtpx:hr>
          </gpxtpx:TrackPointExtension>
        </extensions>
      </trkpt>
      <trkpt lat="34.21974043814454" lon="108.83091712095002">
        <ele>405.01020624116063</ele>
        <time>2025-11-14T05:14:09.900000Z</time>
        <extensions>
          <gpxtpx:TrackPointExtension>
            <gpxtpx:hr>115</gpxtpx:hr>
          </gpxtpx:TrackPointExtension>
        </extensions>
      </trkpt>
      <trkpt lat="34.21975083924496" lon="108.83090980631955">
        <ele>405.05747034493834</ele>
        <time>2025-11-14T05:14:10.900000Z</time>
        <extensions>
          <gpxtpx:TrackPointExtension>
            <gpxtpx:hr>115</gpxtpx:hr>
          </gpxtpx:TrackPointExtension>
        </extensions>
      </trkpt>
      <trkpt lat="34.21976140953438" lon="108.83090275193628">
        <ele>405.1033090315759</ele>
        <time>2025-11-14T05:14:11.900000Z</time>
        <extensions>
          <gpxtpx:TrackPointExtension>
            <gpxtpx:hr>116</gpxtpx:hr>
          </gpxtpx:TrackPointExtension>
        </extensions>
      </trkpt>
      <trkpt lat="34.21977250079444" lon="108.83089653116667">
        <ele>405.14886295981705</ele>
        <time>2025-11-14T05:14:12.900000Z</time>
        <extensions>
          <gpxtpx:TrackPointExtension>
            <gpxtpx:hr>116</gpxtpx:hr>
          </gpxtpx:TrackPointExtension>
        </extensions>
      </trkpt>
      <trkpt lat="34.21978430575361" lon="108.8308914491078">
        <ele>405.2129910485819</ele>
        <time>2025-11-14T05:14:13.900000Z</time>
        <extensions>
          <gpxtpx:TrackPointExtension>
            <gpxtpx:hr>116</gpxtpx:hr>
          </gpxtpx:TrackPointExtension>
        </extensions>
      </trkpt>
      <trkpt lat="34.21979669681789" lon="108.83088725568439">
        <ele>405.28989823069423</ele>
        <time>2025-11-14T05:14:14.900000Z</time>
        <extensions>
          <gpxtpx:TrackPointExtension>
            <gpxtpx:hr>115</gpxtpx:hr>
          </gpxtpx:TrackPointExtension>
        </extensions>
      </trkpt>
      <trkpt lat="34.219809230797765" lon="108.83088373108328">
        <ele>405.36560798995197</ele>
        <time>2025-11-14T05:14:15.900000Z</time>
        <extensions>
          <gpxtpx:TrackPointExtension>
            <gpxtpx:hr>115</gpxtpx:hr>
          </gpxtpx:TrackPointExtension>
        </extensions>
      </trkpt>
      <trkpt lat="34.21982177372104" lon="108.83088067161279">
        <ele>405.4359687399119</ele>
        <time>2025-11-14T05:14:16.900000Z</time>
        <extensions>
          <gpxtpx:TrackPointExtension>
            <gpxtpx:hr>115</gpxtpx:hr>
          </gpxtpx:TrackPointExtension>
        </extensions>
      </trkpt>
      <trkpt lat="34.21983405985426" lon="108.830878173173">
        <ele>405.4879288803786</ele>
        <time>2025-11-14T05:14:17.900000Z</time>
        <extensions>
          <gpxtpx:TrackPointExtension>
            <gpxtpx:hr>115</gpxtpx:hr>
          </gpxtpx:TrackPointExtension>
        </extensions>
      </trkpt>
      <trkpt lat="34.219845177161005" lon="108.83087673981215">
        <ele>405.51043034065515</ele>
        <time>2025-11-14T05:14:18.900000Z</time>
        <extensions>
          <gpxtpx:TrackPointExtension>
            <gpxtpx:hr>114</gpxtpx:hr>
          </gpxtpx:TrackPointExtension>
        </extensions>
      </trkpt>
      <trkpt lat="34.21985435659729" lon="108.83087657503988">
        <ele>405.5067425603047</ele>
        <time>2025-11-14T05:14:19.900000Z</time>
        <extensions>
          <gpxtpx:TrackPointExtension>
            <gpxtpx:hr>114</gpxtpx:hr>
          </gpxtpx:TrackPointExtension>
        </extensions>
      </trkpt>
      <trkpt lat="34.219862833065164" lon="108.8308765593689">
        <ele>405.5108805214986</ele>
        <time>2025-11-14T05:14:20.900000Z</time>
        <extensions>
          <gpxtpx:TrackPointExtension>
            <gpxtpx:hr>114</gpxtpx:hr>
          </gpxtpx:TrackPointExtension>
        </extensions>
      </trkpt>
      <trkpt lat="34.21987243526572" lon="108.8308757798728">
        <ele>405.51073610875756</ele>
        <time>2025-11-14T05:14:21.900000Z</time>
        <extensions>
          <gpxtpx:TrackPointExtension>
            <gpxtpx:hr>114</gpxtpx:hr>
          </gpxtpx:TrackPointExtension>
        </extensions>
      </trkpt>
      <trkpt lat="34.21988388569495" lon="108.83087377689472">
        <ele>405.4960910435766</ele>
        <time>2025-11-14T05:14:22.900000Z</time>
        <extensions>
          <gpxtpx:TrackPointExtension>
            <gpxtpx:hr>114</gpxtpx:hr>
          </gpxtpx:TrackPointExtension>
        </extensions>
      </trkpt>
      <trkpt lat="34.21989755011294" lon="108.83087031774264">
        <ele>405.4542242651805</ele>
        <time>2025-11-14T05:14:23.900000Z</time>
        <extensions>
          <gpxtpx:TrackPointExtension>
            <gpxtpx:hr>114</gpxtpx:hr>
          </gpxtpx:TrackPointExtension>
        </extensions>
      </trkpt>
      <trkpt lat="34.219911994358846" lon="108.83086589218263">
        <ele>405.4013656033203</ele>
        <time>2025-11-14T05:14:24.900000Z</time>
        <extensions>
          <gpxtpx:TrackPointExtension>
            <gpxtpx:hr>114</gpxtpx:hr>
          </gpxtpx:TrackPointExtension>
        </extensions>
      </trkpt>
      <trkpt lat="34.21992561601789" lon="108.83086094797032">
        <ele>405.35341093316674</ele>
        <time>2025-11-14T05:14:25.900000Z</time>
        <extensions>
          <gpxtpx:TrackPointExtension>
            <gpxtpx:hr>118</gpxtpx:hr>
          </gpxtpx:TrackPointExtension>
        </extensions>
      </trkpt>
      <trkpt lat="34.21993918787992" lon="108.83085453543376">
        <ele>405.31297507416457</ele>
        <time>2025-11-14T05:14:26.900000Z</time>
        <extensions>
          <gpxtpx:TrackPointExtension>
            <gpxtpx:hr>118</gpxtpx:hr>
          </gpxtpx:TrackPointExtension>
        </extensions>
      </trkpt>
      <trkpt lat="34.21995284842517" lon="108.8308463142725">
        <ele>405.29450499638915</ele>
        <time>2025-11-14T05:14:27.900000Z</time>
        <extensions>
          <gpxtpx:TrackPointExtension>
            <gpxtpx:hr>118</gpxtpx:hr>
          </gpxtpx:TrackPointExtension>
        </extensions>
      </trkpt>
      <trkpt lat="34.21996605547732" lon="108.83083692196007">
        <ele>405.25522688403726</ele>
        <time>2025-11-14T05:14:28.900000Z</time>
        <extensions>
          <gpxtpx:TrackPointExtension>
            <gpxtpx:hr>118</gpxtpx:hr>
          </gpxtpx:TrackPointExtension>
        </extensions>
      </trkpt>
      <trkpt lat="34.21997928956041" lon="108.83082683290961">
        <ele>405.19245521817356</ele>
        <time>2025-11-14T05:14:29.900000Z</time>
        <extensions>
          <gpxtpx:TrackPointExtension>
            <gpxtpx:hr>118</gpxtpx:hr>
          </gpxtpx:TrackPointExtension>
        </extensions>
      </trkpt>
      <trkpt lat="34.219992373399826" lon="108.83081709288655">
        <ele>405.12761051021516</ele>
        <time>2025-11-14T05:14:30.900000Z</time>
        <extensions>
          <gpxtpx:TrackPointExtension>
            <gpxtpx:hr>116</gpxtpx:hr>
          </gpxtpx:TrackPointExtension>
        </extensions>
      </trkpt>
      <trkpt lat="34.22000526376939" lon="108.83080872010552">
        <ele>405.0635988758877</ele>
        <time>2025-11-14T05:14:31.900000Z</time>
        <extensions>
          <gpxtpx:TrackPointExtension>
            <gpxtpx:hr>116</gpxtpx:hr>
          </gpxtpx:TrackPointExtension>
        </extensions>
      </trkpt>
      <trkpt lat="34.2200177777952" lon="108.83080170451218">
        <ele>405.0049121007323</ele>
        <time>2025-11-14T05:14:32.900000Z</time>
        <extensions>
          <gpxtpx:TrackPointExtension>
            <gpxtpx:hr>116</gpxtpx:hr>
          </gpxtpx:TrackPointExtension>
        </extensions>
      </trkpt>
      <trkpt lat="34.22002944469742" lon="108.83079517257242">
        <ele>404.99057411029935</ele>
        <time>2025-11-14T05:14:33.900000Z</time>
        <extensions>
          <gpxtpx:TrackPointExtension>
            <gpxtpx:hr>116</gpxtpx:hr>
          </gpxtpx:TrackPointExtension>
        </extensions>
      </trkpt>
      <trkpt lat="34.22004085279275" lon="108.83078893049401">
        <ele>404.973919166252</ele>
        <time>2025-11-14T05:14:34.900000Z</time>
        <extensions>
          <gpxtpx:TrackPointExtension>
            <gpxtpx:hr>116</gpxtpx:hr>
          </gpxtpx:TrackPointExtension>
        </extensions>
      </trkpt>
      <trkpt lat="34.22005249703055" lon="108.83078351065458">
        <ele>404.9384962655604</ele>
        <time>2025-11-14T05:14:35.900000Z</time>
        <extensions>
          <gpxtpx:TrackPointExtension>
            <gpxtpx:hr>114</gpxtpx:hr>
          </gpxtpx:TrackPointExtension>
        </extensions>
      </trkpt>
      <trkpt lat="34.220064375561094" lon="108.83077765703382">
        <ele>404.8954034643248</ele>
        <time>2025-11-14T05:14:36.900000Z</time>
        <extensions>
          <gpxtpx:TrackPointExtension>
            <gpxtpx:hr>114</gpxtpx:hr>
          </gpxtpx:TrackPointExtension>
        </extensions>
      </trkpt>
      <trkpt lat="34.220075307094376" lon="108.83076863743148">
        <ele>404.81477988976985</ele>
        <time>2025-11-14T05:14:37.900000Z</time>
        <extensions>
          <gpxtpx:TrackPointExtension>
            <gpxtpx:hr>114</gpxtpx:hr>
          </gpxtpx:TrackPointExtension>
        </extensions>
      </trkpt>
      <trkpt lat="34.22008392661647" lon="108.83075584403453">
        <ele>404.7476681685075</ele>
        <time>2025-11-14T05:14:38.900000Z</time>
        <extensions>
          <gpxtpx:TrackPointExtension>
            <gpxtpx:hr>114</gpxtpx:hr>
          </gpxtpx:TrackPointExtension>
        </extensions>
      </trkpt>
      <trkpt lat="34.220090537925564" lon="108.83074075562612">
        <ele>404.68918233923614</ele>
        <time>2025-11-14T05:14:39.900000Z</time>
        <extensions>
          <gpxtpx:TrackPointExtension>
            <gpxtpx:hr>111</gpxtpx:hr>
          </gpxtpx:TrackPointExtension>
        </extensions>
      </trkpt>
      <trkpt lat="34.22009632247956" lon="108.83072515016723">
        <ele>404.64408328942955</ele>
        <time>2025-11-14T05:14:40.900000Z</time>
        <extensions>
          <gpxtpx:TrackPointExtension>
            <gpxtpx:hr>111</gpxtpx:hr>
          </gpxtpx:TrackPointExtension>
        </extensions>
      </trkpt>
      <trkpt lat="34.22010200140475" lon="108.83071000740763">
        <ele>404.592286625877</ele>
        <time>2025-11-14T05:14:41.900000Z</time>
        <extensions>
          <gpxtpx:TrackPointExtension>
            <gpxtpx:hr>111</gpxtpx:hr>
          </gpxtpx:TrackPointExtension>
        </extensions>
      </trkpt>
      <trkpt lat="34.22010751050122" lon="108.83069590599453">
        <ele>404.52709001954645</ele>
        <time>2025-11-14T05:14:42.900000Z</time>
        <extensions>
          <gpxtpx:TrackPointExtension>
            <gpxtpx:hr>106</gpxtpx:hr>
          </gpxtpx:TrackPointExtension>
        </extensions>
      </trkpt>
      <trkpt lat="34.220113222501304" lon="108.83068247295107">
        <ele>404.47309259139</ele>
        <time>2025-11-14T05:14:43.900000Z</time>
        <extensions>
          <gpxtpx:TrackPointExtension>
            <gpxtpx:hr>106</gpxtpx:hr>
          </gpxtpx:TrackPointExtension>
        </extensions>
      </trkpt>
      <trkpt lat="34.22011924612008" lon="108.8306694501447">
        <ele>404.43026994075626</ele>
        <time>2025-11-14T05:14:44.900000Z</time>
        <extensions>
          <gpxtpx:TrackPointExtension>
            <gpxtpx:hr>106</gpxtpx:hr>
          </gpxtpx:TrackPointExtension>
        </extensions>
      </trkpt>
      <trkpt lat="34.22012390396989" lon="108.83065760618192">
        <ele>404.39439176023006</ele>
        <time>2025-11-14T05:14:45.900000Z</time>
        <extensions>
          <gpxtpx:TrackPointExtension>
            <gpxtpx:hr>106</gpxtpx:hr>
          </gpxtpx:TrackPointExtension>
        </extensions>
      </trkpt>
      <trkpt lat="34.22012574237391" lon="108.83064692791206">
        <ele>404.3447911031544</ele>
        <time>2025-11-14T05:14:46.900000Z</time>
        <extensions>
          <gpxtpx:TrackPointExtension>
            <gpxtpx:hr>106</gpxtpx:hr>
          </gpxtpx:TrackPointExtension>
        </extensions>
      </trkpt>
      <trkpt lat="34.22012503099925" lon="108.83063673078755">
        <ele>404.3101542778313</ele>
        <time>2025-11-14T05:14:47.900000Z</time>
        <extensions>
          <gpxtpx:TrackPointExtension>
            <gpxtpx:hr>106</gpxtpx:hr>
          </gpxtpx:TrackPointExtension>
        </extensions>
      </trkpt>
      <trkpt lat="34.22012284323119" lon="108.83062512947214">
        <ele>404.3003190634772</ele>
        <time>2025-11-14T05:14:48.900000Z</time>
        <extensions>
          <gpxtpx:TrackPointExtension>
            <gpxtpx:hr>106</gpxtpx:hr>
          </gpxtpx:TrackPointExtension>
        </extensions>
      </trkpt>
      <trkpt lat="34.220120431031724" lon="108.83061060332663">
        <ele>404.29171460308135</ele>
        <time>2025-11-14T05:14:49.900000Z</time>
        <extensions>
          <gpxtpx:TrackPointExtension>
            <gpxtpx:hr>107</gpxtpx:hr>
          </gpxtpx:TrackPointExtension>
        </extensions>
      </trkpt>
      <trkpt lat="34.22011864670248" lon="108.83059418070306">
        <ele>404.2801988264546</ele>
        <time>2025-11-14T05:14:50.900000Z</time>
        <extensions>
          <gpxtpx:TrackPointExtension>
            <gpxtpx:hr>107</gpxtpx:hr>
          </gpxtpx:TrackPointExtension>
        </extensions>
      </trkpt>
      <trkpt lat="34.22011769655384" lon="108.83057718887835">
        <ele>404.27815609332174</ele>
        <time>2025-11-14T05:14:51.900000Z</time>
        <extensions>
          <gpxtpx:TrackPointExtension>
            <gpxtpx:hr>107</gpxtpx:hr>
          </gpxtpx:TrackPointExtension>
        </extensions>
      </trkpt>
      <trkpt lat="34.22011699761099" lon="108.83055996043375">
        <ele>404.2823317106813</ele>
        <time>2025-11-14T05:14:52.900000Z</time>
        <extensions>
          <gpxtpx:TrackPointExtension>
            <gpxtpx:hr>107</gpxtpx:hr>
          </gpxtpx:TrackPointExtension>
        </extensions>
      </trkpt>
      <trkpt lat="34.220116429464255" lon="108.83054288399737">
        <ele>404.29742109030485</ele>
        <time>2025-11-14T05:14:53.900000Z</time>
        <extensions>
          <gpxtpx:TrackPointExtension>
            <gpxtpx:hr>107</gpxtpx:hr>
          </gpxtpx:TrackPointExtension>
        </extensions>
      </trkpt>
      <trkpt lat="34.22011586238863" lon="108.83052700461455">
        <ele>404.3214906901121</ele>
        <time>2025-11-14T05:14:54.900000Z</time>
        <extensions>
          <gpxtpx:TrackPointExtension>
            <gpxtpx:hr>107</gpxtpx:hr>
          </gpxtpx:TrackPointExtension>
        </extensions>
      </trkpt>
      <trkpt lat="34.22011476961392" lon="108.83051256610686">
        <ele>404.3629435785115</ele>
        <time>2025-11-14T05:14:55.900000Z</time>
        <extensions>
          <gpxtpx:TrackPointExtension>
            <gpxtpx:hr>115</gpxtpx:hr>
          </gpxtpx:TrackPointExtension>
        </extensions>
      </trkpt>
      <trkpt lat="34.220113363894924" lon="108.83049868994135">
        <ele>404.422157230787</ele>
        <time>2025-11-14T05:14:56.900000Z</time>
        <extensions>
          <gpxtpx:TrackPointExtension>
            <gpxtpx:hr>115</gpxtpx:hr>
          </gpxtpx:TrackPointExtension>
        </extensions>
      </trkpt>
      <trkpt lat="34.22011249321748" lon="108.83048375191748">
        <ele>404.47260720748454</ele>
        <time>2025-11-14T05:14:57.900000Z</time>
        <extensions>
          <gpxtpx:TrackPointExtension>
            <gpxtpx:hr>115</gpxtpx:hr>
          </gpxtpx:TrackPointExtension>
        </extensions>
      </trkpt>
      <trkpt lat="34.22011263644728" lon="108.83046724343836">
        <ele>404.51595371123403</ele>
        <time>2025-11-14T05:14:58.900000Z</time>
        <extensions>
          <gpxtpx:TrackPointExtension>
            <gpxtpx:hr>115</gpxtpx:hr>
          </gpxtpx:TrackPointExtension>
        </extensions>
      </trkpt>
      <trkpt lat="34.220113281286345" lon="108.83045123714018">
        <ele>404.5448847236112</ele>
        <time>2025-11-14T05:14:59.900000Z</time>
        <extensions>
          <gpxtpx:TrackPointExtension>
            <gpxtpx:hr>115</gpxtpx:hr>
          </gpxtpx:TrackPointExtension>
        </extensions>
      </trkpt>
      <trkpt lat="34.220113232215496" lon="108.83043829105878">
        <ele>404.5841518966481</ele>
        <time>2025-11-14T05:15:00.900000Z</time>
        <extensions>
          <gpxtpx:TrackPointExtension>
            <gpxtpx:hr>115</gpxtpx:hr>
          </gpxtpx:TrackPointExtension>
        </extensions>
      </trkpt>
      <trkpt lat="34.22011143727604" lon="108.83042874772157">
        <ele>404.6254072729498</ele>
        <time>2025-11-14T05:15:01.900000Z</time>
        <extensions>
          <gpxtpx:TrackPointExtension>
            <gpxtpx:hr>115</gpxtpx:hr>
          </gpxtpx:TrackPointExtension>
        </extensions>
      </trkpt>
      <trkpt lat="34.22010782348245" lon="108.8304203801162">
        <ele>404.6582848522812</ele>
        <time>2025-11-14T05:15:02.900000Z</time>
        <extensions>
          <gpxtpx:TrackPointExtension>
            <gpxtpx:hr>115</gpxtpx:hr>
          </gpxtpx:TrackPointExtension>
        </extensions>
      </trkpt>
      <trkpt lat="34.220103563779794" lon="108.8304110461464">
        <ele>404.6991760926321</ele>
        <time>2025-11-14T05:15:03.900000Z</time>
        <extensions>
          <gpxtpx:TrackPointExtension>
            <gpxtpx:hr>115</gpxtpx:hr>
          </gpxtpx:TrackPointExtension>
        </extensions>
      </trkpt>
      <trkpt lat="34.220100052530206" lon="108.83040070284657">
        <ele>404.7401098534465</ele>
        <time>2025-11-14T05:15:04.900000Z</time>
        <extensions>
          <gpxtpx:TrackPointExtension>
            <gpxtpx:hr>115</gpxtpx:hr>
          </gpxtpx:TrackPointExtension>
        </extensions>
      </trkpt>
      <trkpt lat="34.22009808204998" lon="108.83038994438144">
        <ele>404.7896813824773</ele>
        <time>2025-11-14T05:15:05.900000Z</time>
        <extensions>
          <gpxtpx:TrackPointExtension>
            <gpxtpx:hr>116</gpxtpx:hr>
          </gpxtpx:TrackPointExtension>
        </extensions>
      </trkpt>
      <trkpt lat="34.220097067540756" lon="108.8303793695353">
        <ele>404.86252223234624</ele>
        <time>2025-11-14T05:15:06.900000Z</time>
        <extensions>
          <gpxtpx:TrackPointExtension>
            <gpxtpx:hr>116</gpxtpx:hr>
          </gpxtpx:TrackPointExtension>
        </extensions>
      </trkpt>
      <trkpt lat="34.22009543783059" lon="108.83036984629614">
        <ele>404.91239709593356</ele>
        <time>2025-11-14T05:15:07.900000Z</time>
        <extensions>
          <gpxtpx:TrackPointExtension>
            <gpxtpx:hr>116</gpxtpx:hr>
          </gpxtpx:TrackPointExtension>
        </extensions>
      </trkpt>
      <trkpt lat="34.220093009854004" lon="108.83036190095724">
        <ele>404.9473094083369</ele>
        <time>2025-11-14T05:15:08.900000Z</time>
        <extensions>
          <gpxtpx:TrackPointExtension>
            <gpxtpx:hr>116</gpxtpx:hr>
          </gpxtpx:TrackPointExtension>
        </extensions>
      </trkpt>
      <trkpt lat="34.220090215225795" lon="108.8303556082173">
        <ele>404.979593379423</ele>
        <time>2025-11-14T05:15:09.900000Z</time>
        <extensions>
          <gpxtpx:TrackPointExtension>
            <gpxtpx:hr>116</gpxtpx:hr>
          </gpxtpx:TrackPointExtension>
        </extensions>
      </trkpt>
      <trkpt lat="34.220087193526375" lon="108.83035020108207">
        <ele>405.0075062112883</ele>
        <time>2025-11-14T05:15:10.900000Z</time>
        <extensions>
          <gpxtpx:TrackPointExtension>
            <gpxtpx:hr>115</gpxtpx:hr>
          </gpxtpx:TrackPointExtension>
        </extensions>
      </trkpt>
      <trkpt lat="34.22008412727271" lon="108.83034561692058">
        <ele>405.0351729141548</ele>
        <time>2025-11-14T05:15:11.900000Z</time>
        <extensions>
          <gpxtpx:TrackPointExtension>
            <gpxtpx:hr>115</gpxtpx:hr>
          </gpxtpx:TrackPointExtension>
        </extensions>
      </trkpt>
      <trkpt lat="34.220081099546036" lon="108.83034283633808">
        <ele>405.06103150267154</ele>
        <time>2025-11-14T05:15:12.900000Z</time>
        <extensions>
          <gpxtpx:TrackPointExtension>
            <gpxtpx:hr>115</gpxtpx:hr>
          </gpxtpx:TrackPointExtension>
        </extensions>
      </trkpt>
      <trkpt lat="34.220078758707814" lon="108.83034136925332">
        <ele>405.0811193669215</ele>
        <time>2025-11-14T05:15:13.900000Z</time>
        <extensions>
          <gpxtpx:TrackPointExtension>
            <gpxtpx:hr>115</gpxtpx:hr>
          </gpxtpx:TrackPointExtension>
        </extensions>
      </trkpt>
      <trkpt lat="34.22007668053186" lon="108.83034054391368">
        <ele>405.1004169313237</ele>
        <time>2025-11-14T05:15:14.900000Z</time>
        <extensions>
          <gpxtpx:TrackPointExtension>
            <gpxtpx:hr>115</gpxtpx:hr>
          </gpxtpx:TrackPointExtension>
        </extensions>
      </trkpt>
      <trkpt lat="34.220074189293285" lon="108.83033880000893">
        <ele>405.1183379916474</ele>
        <time>2025-11-14T05:15:15.900000Z</time>
        <extensions>
          <gpxtpx:TrackPointExtension>
            <gpxtpx:hr>114</gpxtpx:hr>
          </gpxtpx:TrackPointExtension>
        </extensions>
      </trkpt>
      <trkpt lat="34.22007081157738" lon="108.83033529242955">
        <ele>405.131638597697</ele>
        <time>2025-11-14T05:15:16.900000Z</time>
        <extensions>
          <gpxtpx:TrackPointExtension>
            <gpxtpx:hr>114</gpxtpx:hr>
          </gpxtpx:TrackPointExtension>
        </extensions>
      </trkpt>
      <trkpt lat="34.22006650977195" lon="108.83033044875316">
        <ele>405.1396025111899</ele>
        <time>2025-11-14T05:15:17.900000Z</time>
        <extensions>
          <gpxtpx:TrackPointExtension>
            <gpxtpx:hr>114</gpxtpx:hr>
          </gpxtpx:TrackPointExtension>
        </extensions>
      </trkpt>
      <trkpt lat="34.22006201010554" lon="108.83032547300542">
        <ele>405.1440246971324</ele>
        <time>2025-11-14T05:15:18.900000Z</time>
        <extensions>
          <gpxtpx:TrackPointExtension>
            <gpxtpx:hr>114</gpxtpx:hr>
          </gpxtpx:TrackPointExtension>
        </extensions>
      </trkpt>
      <trkpt lat="34.22005851000839" lon="108.83032146822815">
        <ele>405.14721441455185</ele>
        <time>2025-11-14T05:15:19.900000Z</time>
        <extensions>
          <gpxtpx:TrackPointExtension>
            <gpxtpx:hr>114</gpxtpx:hr>
          </gpxtpx:TrackPointExtension>
        </extensions>
      </trkpt>
      <trkpt lat="34.220056629777844" lon="108.83031835272958">
        <ele>405.15625509712845</ele>
        <time>2025-11-14T05:15:20.900000Z</time>
        <extensions>
          <gpxtpx:TrackPointExtension>
            <gpxtpx:hr>114</gpxtpx:hr>
          </gpxtpx:TrackPointExtension>
        </extensions>
      </trkpt>
      <trkpt lat="34.22005574919125" lon="108.83031607581094">
        <ele>405.165380702354</ele>
        <time>2025-11-14T05:15:21.900000Z</time>
        <extensions>
          <gpxtpx:TrackPointExtension>
            <gpxtpx:hr>114</gpxtpx:hr>
          </gpxtpx:TrackPointExtension>
        </extensions>
      </trkpt>
      <trkpt lat="34.22005501238558" lon="108.83031407210899">
        <ele>405.1724540479481</ele>
        <time>2025-11-14T05:15:22.900000Z</time>
        <extensions>
          <gpxtpx:TrackPointExtension>
            <gpxtpx:hr>114</gpxtpx:hr>
          </gpxtpx:TrackPointExtension>
        </extensions>
      </trkpt>
      <trkpt lat="34.22005402774181" lon="108.83031166080511">
        <ele>405.1781273605302</ele>
        <time>2025-11-14T05:15:23.900000Z</time>
        <extensions>
          <gpxtpx:TrackPointExtension>
            <gpxtpx:hr>114</gpxtpx:hr>
          </gpxtpx:TrackPointExtension>
        </extensions>
      </trkpt>
      <trkpt lat="34.22005259980573" lon="108.83030840970493">
        <ele>405.18523478414863</ele>
        <time>2025-11-14T05:15:24.900000Z</time>
        <extensions>
          <gpxtpx:TrackPointExtension>
            <gpxtpx:hr>114</gpxtpx:hr>
          </gpxtpx:TrackPointExtension>
        </extensions>
      </trkpt>
      <trkpt lat="34.22005054800975" lon="108.83030400399458">
        <ele>405.1926571521908</ele>
        <time>2025-11-14T05:15:25.900000Z</time>
        <extensions>
          <gpxtpx:TrackPointExtension>
            <gpxtpx:hr>112</gpxtpx:hr>
          </gpxtpx:TrackPointExtension>
        </extensions>
      </trkpt>
      <trkpt lat="34.22004799727741" lon="108.83029863258966">
        <ele>405.2019295049831</ele>
        <time>2025-11-14T05:15:26.900000Z</time>
        <extensions>
          <gpxtpx:TrackPointExtension>
            <gpxtpx:hr>112</gpxtpx:hr>
          </gpxtpx:TrackPointExtension>
        </extensions>
      </trkpt>
      <trkpt lat="34.22004520771472" lon="108.8302927043431">
        <ele>405.2103494480252</ele>
        <time>2025-11-14T05:15:27.900000Z</time>
        <extensions>
          <gpxtpx:TrackPointExtension>
            <gpxtpx:hr>112</gpxtpx:hr>
          </gpxtpx:TrackPointExtension>
        </extensions>
      </trkpt>
      <trkpt lat="34.22004241393771" lon="108.83028658817668">
        <ele>405.2197614274919</ele>
        <time>2025-11-14T05:15:28.900000Z</time>
        <extensions>
          <gpxtpx:TrackPointExtension>
            <gpxtpx:hr>112</gpxtpx:hr>
          </gpxtpx:TrackPointExtension>
        </extensions>
      </trkpt>
      <trkpt lat="34.22003985556218" lon="108.83028045044311">
        <ele>405.2299810387194</ele>
        <time>2025-11-14T05:15:29.900000Z</time>
        <extensions>
          <gpxtpx:TrackPointExtension>
            <gpxtpx:hr>112</gpxtpx:hr>
          </gpxtpx:TrackPointExtension>
        </extensions>
      </trkpt>
      <trkpt lat="34.22003773493522" lon="108.83027460343787">
        <ele>405.24040103238076</ele>
        <time>2025-11-14T05:15:30.900000Z</time>
        <extensions>
          <gpxtpx:TrackPointExtension>
            <gpxtpx:hr>112</gpxtpx:hr>
          </gpxtpx:TrackPointExtension>
        </extensions>
      </trkpt>
      <trkpt lat="34.22003606367512" lon="108.83026937067986">
        <ele>405.2505923435092</ele>
        <time>2025-11-14T05:15:31.900000Z</time>
        <extensions>
          <gpxtpx:TrackPointExtension>
            <gpxtpx:hr>114</gpxtpx:hr>
          </gpxtpx:TrackPointExtension>
        </extensions>
      </trkpt>
      <trkpt lat="34.220034720495796" lon="108.83026498678426">
        <ele>405.26029578689486</ele>
        <time>2025-11-14T05:15:32.900000Z</time>
        <extensions>
          <gpxtpx:TrackPointExtension>
            <gpxtpx:hr>114</gpxtpx:hr>
          </gpxtpx:TrackPointExtension>
        </extensions>
      </trkpt>
      <trkpt lat="34.22003360717181" lon="108.83026132724598">
        <ele>405.2694593956694</ele>
        <time>2025-11-14T05:15:33.900000Z</time>
        <extensions>
          <gpxtpx:TrackPointExtension>
            <gpxtpx:hr>114</gpxtpx:hr>
          </gpxtpx:TrackPointExtension>
        </extensions>
      </trkpt>
      <trkpt lat="34.22003262010218" lon="108.83025806354954">
        <ele>405.27813016436994</ele>
        <time>2025-11-14T05:15:34.900000Z</time>
        <extensions>
          <gpxtpx:TrackPointExtension>
            <gpxtpx:hr>114</gpxtpx:hr>
          </gpxtpx:TrackPointExtension>
        </extensions>
      </trkpt>
      <trkpt lat="34.22003163113053" lon="108.8302547539446">
        <ele>405.28691224288195</ele>
        <time>2025-11-14T05:15:36Z</time>
        <extensions>
          <gpxtpx:TrackPointExtension>
            <gpxtpx:hr>114</gpxtpx:hr>
          </gpxtpx:TrackPointExtension>
        </extensions>
      </trkpt>
      <trkpt lat="34.22003073791587" lon="108.83025172530873">
        <ele>405.29476424865425</ele>
        <time>2025-11-14T05:15:37Z</time>
        <extensions>
          <gpxtpx:TrackPointExtension>
            <gpxtpx:hr>114</gpxtpx:hr>
          </gpxtpx:TrackPointExtension>
        </extensions>
      </trkpt>
      <trkpt lat="34.220029861603244" lon="108.8302487214326">
        <ele>405.3023819345981</ele>
        <time>2025-11-14T05:15:38Z</time>
        <extensions>
          <gpxtpx:TrackPointExtension>
            <gpxtpx:hr>114</gpxtpx:hr>
          </gpxtpx:TrackPointExtension>
        </extensions>
      </trkpt>
      <trkpt lat="34.22002899756046" lon="108.83024573418483">
        <ele>405.30984993465245</ele>
        <time>2025-11-14T05:15:39Z</time>
        <extensions>
          <gpxtpx:TrackPointExtension>
            <gpxtpx:hr>114</gpxtpx:hr>
          </gpxtpx:TrackPointExtension>
        </extensions>
      </trkpt>
    </trkseg>
  </trk>
</gpx>