<?xml version="1.0" encoding="UTF-8"?>
<gpx xmlns="http://www.topografix.com/GPX/1/1" xmlns:gpxtpx="http://www.garmin.com/xmlschemas/TrackPointExtension/v1" xmlns:xsi="http://www.w3.org/2001/XMLSchema-instance" xsi:schemaLocation="http://www.topografix.com/GPX/1/1 http://www.topografix.com/GPX/1/1/gpx.xsd" version="1.1" creator="gpx.py -- https://github.com/tkrajina/gpxpy">
  <trk>
    <name>gpx from keep</name>
    <type>Walk</type>
    <trkseg>
      <trkpt lat="34.22533133154847" lon="108.8281762852321">
        <ele>403.39106382150203</ele>
        <time>2025-12-07T10:43:04Z</time>
      </trkpt>
      <trkpt lat="34.22533171379891" lon="108.82817630661503">
        <ele>403.33771379850805</ele>
        <time>2025-12-07T10:43:05Z</time>
      </trkpt>
      <trkpt lat="34.22533225264286" lon="108.82817696233747">
        <ele>403.28870774712414</ele>
        <time>2025-12-07T10:43:06Z</time>
      </trkpt>
      <trkpt lat="34.22533263710629" lon="108.82817738722682">
        <ele>403.2419863715768</ele>
        <time>2025-12-07T10:43:06.900000Z</time>
      </trkpt>
      <trkpt lat="34.22533292551277" lon="108.82817776374827">
        <ele>403.19842496328056</ele>
        <time>2025-12-07T10:43:08Z</time>
      </trkpt>
      <trkpt lat="34.22533371748998" lon="108.82817896525202">
        <ele>403.17399191483855</ele>
        <time>2025-12-07T10:43:09Z</time>
      </trkpt>
      <trkpt lat="34.22533464348894" lon="108.82818045875347">
        <ele>403.15501322504133</ele>
        <time>2025-12-07T10:43:09.900000Z</time>
      </trkpt>
      <trkpt lat="34.225335298087735" lon="108.82818191339724">
        <ele>403.14645111747086</ele>
        <time>2025-12-07T10:43:10.900000Z</time>
      </trkpt>
      <trkpt lat="34.225336125917394" lon="108.8281835950649">
        <ele>403.15513275004923</ele>
        <time>2025-12-07T10:43:11.900000Z</time>
      </trkpt>
      <trkpt lat="34.2253363877405" lon="108.828185832971">
        <ele>402.98665496800095</ele>
        <time>2025-12-07T10:43:12.900000Z</time>
      </trkpt>
      <trkpt lat="34.22533733258803" lon="108.82818804546525">
        <ele>402.85111429542303</ele>
        <time>2025-12-07T10:43:13.900000Z</time>
      </trkpt>
      <trkpt lat="34.225339214132575" lon="108.82818938023713">
        <ele>402.72864268161356</ele>
        <time>2025-12-07T10:43:14.900000Z</time>
      </trkpt>
      <trkpt lat="34.225342046567214" lon="108.8281896851591">
        <ele>402.6197050996125</ele>
        <time>2025-12-07T10:43:15.900000Z</time>
      </trkpt>
      <trkpt lat="34.22534376388645" lon="108.82818982131364">
        <ele>402.5132594164461</ele>
        <time>2025-12-07T10:43:16.900000Z</time>
      </trkpt>
      <trkpt lat="34.22534396268112" lon="108.82818990727664">
        <ele>402.41069461684674</ele>
        <time>2025-12-07T10:43:17.900000Z</time>
      </trkpt>
      <trkpt lat="34.22534369923752" lon="108.82819015768243">
        <ele>402.30487915501</ele>
        <time>2025-12-07T10:43:18.900000Z</time>
      </trkpt>
      <trkpt lat="34.22534320375812" lon="108.8281905269276">
        <ele>402.1970808999613</ele>
        <time>2025-12-07T10:43:19.900000Z</time>
      </trkpt>
      <trkpt lat="34.22534292280091" lon="108.82819075588309">
        <ele>402.0925946254283</ele>
        <time>2025-12-07T10:43:20.900000Z</time>
      </trkpt>
      <trkpt lat="34.22534282169646" lon="108.82819092119665">
        <ele>401.98103261366487</ele>
        <time>2025-12-07T10:43:21.900000Z</time>
      </trkpt>
      <trkpt lat="34.22534297968684" lon="108.82819146230432">
        <ele>401.9090816983953</ele>
        <time>2025-12-07T10:43:22.900000Z</time>
      </trkpt>
      <trkpt lat="34.22534394246074" lon="108.82819240193533">
        <ele>401.8500385582447</ele>
        <time>2025-12-07T10:43:23.900000Z</time>
      </trkpt>
      <trkpt lat="34.225346025569436" lon="108.82819313336844">
        <ele>401.80711989477277</ele>
        <time>2025-12-07T10:43:24.900000Z</time>
      </trkpt>
      <trkpt lat="34.225349329220805" lon="108.82819321405177">
        <ele>401.7831129813567</ele>
        <time>2025-12-07T10:43:25.900000Z</time>
      </trkpt>
      <trkpt lat="34.22535313689929" lon="108.82819295981281">
        <ele>401.78342071548104</ele>
        <time>2025-12-07T10:43:26.900000Z</time>
      </trkpt>
      <trkpt lat="34.22535709137356" lon="108.82819258582397">
        <ele>401.802728892304</ele>
        <time>2025-12-07T10:43:27.900000Z</time>
      </trkpt>
      <trkpt lat="34.22536240275649" lon="108.82819168635397">
        <ele>401.84405575692654</ele>
        <time>2025-12-07T10:43:28.900000Z</time>
      </trkpt>
      <trkpt lat="34.22537363242918" lon="108.82818918996634">
        <ele>401.8998090736568</ele>
        <time>2025-12-07T10:43:29.900000Z</time>
      </trkpt>
      <trkpt lat="34.225516833221484" lon="108.8281557587015">
        <ele>402.9018553048372</ele>
        <time>2025-12-07T10:43:39.900000Z</time>
        <extensions>
          <gpxtpx:TrackPointExtension>
            <gpxtpx:hr>109</gpxtpx:hr>
          </gpxtpx:TrackPointExtension>
        </extensions>
      </trkpt>
      <trkpt lat="34.2255265503634" lon="108.82815474283717">
        <ele>403.0524955559522</ele>
        <time>2025-12-07T10:43:40.900000Z</time>
        <extensions>
          <gpxtpx:TrackPointExtension>
            <gpxtpx:hr>109</gpxtpx:hr>
          </gpxtpx:TrackPointExtension>
        </extensions>
      </trkpt>
      <trkpt lat="34.22553508920946" lon="108.82815479693389">
        <ele>403.18454590812325</ele>
        <time>2025-12-07T10:43:41.900000Z</time>
        <extensions>
          <gpxtpx:TrackPointExtension>
            <gpxtpx:hr>109</gpxtpx:hr>
          </gpxtpx:TrackPointExtension>
        </extensions>
      </trkpt>
      <trkpt lat="34.22555068879128" lon="108.82815445073437">
        <ele>403.3072493011132</ele>
        <time>2025-12-07T10:43:43Z</time>
        <extensions>
          <gpxtpx:TrackPointExtension>
            <gpxtpx:hr>109</gpxtpx:hr>
          </gpxtpx:TrackPointExtension>
        </extensions>
      </trkpt>
      <trkpt lat="34.2255668668401" lon="108.82815415988166">
        <ele>403.4031665241346</ele>
        <time>2025-12-07T10:43:44Z</time>
        <extensions>
          <gpxtpx:TrackPointExtension>
            <gpxtpx:hr>109</gpxtpx:hr>
          </gpxtpx:TrackPointExtension>
        </extensions>
      </trkpt>
      <trkpt lat="34.225583116358045" lon="108.82815369483166">
        <ele>403.4853251641616</ele>
        <time>2025-12-07T10:43:45Z</time>
        <extensions>
          <gpxtpx:TrackPointExtension>
            <gpxtpx:hr>109</gpxtpx:hr>
          </gpxtpx:TrackPointExtension>
        </extensions>
      </trkpt>
      <trkpt lat="34.22559790067413" lon="108.82815296672224">
        <ele>403.555606527254</ele>
        <time>2025-12-07T10:43:46Z</time>
        <extensions>
          <gpxtpx:TrackPointExtension>
            <gpxtpx:hr>109</gpxtpx:hr>
          </gpxtpx:TrackPointExtension>
        </extensions>
      </trkpt>
      <trkpt lat="34.22561184364184" lon="108.8281521941132">
        <ele>403.614914720878</ele>
        <time>2025-12-07T10:43:47Z</time>
        <extensions>
          <gpxtpx:TrackPointExtension>
            <gpxtpx:hr>109</gpxtpx:hr>
          </gpxtpx:TrackPointExtension>
        </extensions>
      </trkpt>
      <trkpt lat="34.22562538896083" lon="108.828151464589">
        <ele>403.66543372441083</ele>
        <time>2025-12-07T10:43:48Z</time>
        <extensions>
          <gpxtpx:TrackPointExtension>
            <gpxtpx:hr>109</gpxtpx:hr>
          </gpxtpx:TrackPointExtension>
        </extensions>
      </trkpt>
      <trkpt lat="34.22563850122538" lon="108.82815060285105">
        <ele>403.71005322318524</ele>
        <time>2025-12-07T10:43:49Z</time>
        <extensions>
          <gpxtpx:TrackPointExtension>
            <gpxtpx:hr>109</gpxtpx:hr>
          </gpxtpx:TrackPointExtension>
        </extensions>
      </trkpt>
      <trkpt lat="34.22565117195682" lon="108.82814947360198">
        <ele>403.750725902617</ele>
        <time>2025-12-07T10:43:50Z</time>
        <extensions>
          <gpxtpx:TrackPointExtension>
            <gpxtpx:hr>109</gpxtpx:hr>
          </gpxtpx:TrackPointExtension>
        </extensions>
      </trkpt>
      <trkpt lat="34.22566362710587" lon="108.82814818745182">
        <ele>403.78935559187084</ele>
        <time>2025-12-07T10:43:51Z</time>
        <extensions>
          <gpxtpx:TrackPointExtension>
            <gpxtpx:hr>109</gpxtpx:hr>
          </gpxtpx:TrackPointExtension>
        </extensions>
      </trkpt>
      <trkpt lat="34.22567585506773" lon="108.82814771610732">
        <ele>403.82455849833786</ele>
        <time>2025-12-07T10:43:52Z</time>
      </trkpt>
      <trkpt lat="34.2256877644933" lon="108.82814794305197">
        <ele>403.8592169638723</ele>
        <time>2025-12-07T10:43:53Z</time>
      </trkpt>
      <trkpt lat="34.22569950832917" lon="108.82814859994009">
        <ele>403.8946378370747</ele>
        <time>2025-12-07T10:43:54Z</time>
      </trkpt>
      <trkpt lat="34.22571084706864" lon="108.8281497913196">
        <ele>403.9332226039842</ele>
        <time>2025-12-07T10:43:55Z</time>
      </trkpt>
      <trkpt lat="34.22572079152667" lon="108.82815159823681">
        <ele>403.9756005452946</ele>
        <time>2025-12-07T10:43:56Z</time>
      </trkpt>
      <trkpt lat="34.22572959092522" lon="108.82815428809946">
        <ele>404.02155491150916</ele>
        <time>2025-12-07T10:43:57Z</time>
      </trkpt>
      <trkpt lat="34.22573840007373" lon="108.82815783869955">
        <ele>404.07263583596796</ele>
        <time>2025-12-07T10:43:58Z</time>
      </trkpt>
      <trkpt lat="34.225747873095024" lon="108.82816215030209">
        <ele>404.128900709562</ele>
        <time>2025-12-07T10:43:59Z</time>
      </trkpt>
      <trkpt lat="34.225758329491605" lon="108.82816674848328">
        <ele>404.1898870803416</ele>
        <time>2025-12-07T10:44:00Z</time>
      </trkpt>
      <trkpt lat="34.22577222312297" lon="108.8281746034875">
        <ele>404.2484385352582</ele>
        <time>2025-12-07T10:44:01Z</time>
      </trkpt>
      <trkpt lat="34.22578583045022" lon="108.8281809112147">
        <ele>404.30474216490984</ele>
        <time>2025-12-07T10:44:02Z</time>
      </trkpt>
      <trkpt lat="34.22579861832776" lon="108.82818754031925">
        <ele>404.35991467535496</ele>
        <time>2025-12-07T10:44:03Z</time>
      </trkpt>
      <trkpt lat="34.22581051772999" lon="108.82819563993283">
        <ele>404.42464988678694</ele>
        <time>2025-12-07T10:44:04Z</time>
      </trkpt>
      <trkpt lat="34.22582263039048" lon="108.8282056177424">
        <ele>404.5132008716464</ele>
        <time>2025-12-07T10:44:05Z</time>
      </trkpt>
      <trkpt lat="34.22583422974684" lon="108.82821667788974">
        <ele>404.61256849206984</ele>
        <time>2025-12-07T10:44:06Z</time>
      </trkpt>
      <trkpt lat="34.225844292525146" lon="108.82822829953918">
        <ele>404.7228386513889</ele>
        <time>2025-12-07T10:44:07Z</time>
      </trkpt>
      <trkpt lat="34.225854188549434" lon="108.82824216711039">
        <ele>404.8491727542132</ele>
        <time>2025-12-07T10:44:08Z</time>
      </trkpt>
      <trkpt lat="34.225865089625955" lon="108.82825869944865">
        <ele>404.9604789754376</ele>
        <time>2025-12-07T10:44:09Z</time>
      </trkpt>
      <trkpt lat="34.225875428979684" lon="108.82827525758528">
        <ele>405.09071180038154</ele>
        <time>2025-12-07T10:44:10Z</time>
      </trkpt>
      <trkpt lat="34.22588660382174" lon="108.8282907896863">
        <ele>405.23856982402503</ele>
        <time>2025-12-07T10:44:11Z</time>
      </trkpt>
      <trkpt lat="34.225899600767136" lon="108.82830505380537">
        <ele>405.3792621670291</ele>
        <time>2025-12-07T10:44:12Z</time>
      </trkpt>
      <trkpt lat="34.22591147656892" lon="108.82831712457894">
        <ele>405.5131039349362</ele>
        <time>2025-12-07T10:44:13Z</time>
      </trkpt>
      <trkpt lat="34.22592192398092" lon="108.82832757496972">
        <ele>405.6358526647091</ele>
        <time>2025-12-07T10:44:14Z</time>
      </trkpt>
      <trkpt lat="34.22593176958531" lon="108.82833668797043">
        <ele>405.7270229142159</ele>
        <time>2025-12-07T10:44:15Z</time>
      </trkpt>
      <trkpt lat="34.225940963699955" lon="108.82834416817839">
        <ele>405.81829886417836</ele>
        <time>2025-12-07T10:44:16Z</time>
      </trkpt>
      <trkpt lat="34.225949703496056" lon="108.8283504742823">
        <ele>405.92439375817776</ele>
        <time>2025-12-07T10:44:17Z</time>
      </trkpt>
      <trkpt lat="34.22595808326899" lon="108.82835630103848">
        <ele>405.99143830128014</ele>
        <time>2025-12-07T10:44:18Z</time>
      </trkpt>
      <trkpt lat="34.22596658513776" lon="108.82836230926763">
        <ele>406.0505202943459</ele>
        <time>2025-12-07T10:44:19Z</time>
      </trkpt>
      <trkpt lat="34.22597550964763" lon="108.82836837862506">
        <ele>406.0854222550988</ele>
        <time>2025-12-07T10:44:20Z</time>
      </trkpt>
      <trkpt lat="34.225984534920265" lon="108.82837407517204">
        <ele>406.1096318680793</ele>
        <time>2025-12-07T10:44:21Z</time>
      </trkpt>
      <trkpt lat="34.22599372543819" lon="108.82837945030855">
        <ele>406.07082775607705</ele>
        <time>2025-12-07T10:44:22Z</time>
      </trkpt>
      <trkpt lat="34.22600330819136" lon="108.82838442878759">
        <ele>405.9836913784966</ele>
        <time>2025-12-07T10:44:23Z</time>
      </trkpt>
      <trkpt lat="34.226013186048895" lon="108.82838898740508">
        <ele>405.8684932561591</ele>
        <time>2025-12-07T10:44:24Z</time>
      </trkpt>
      <trkpt lat="34.22602295281049" lon="108.82839319743026">
        <ele>405.76045980118215</ele>
        <time>2025-12-07T10:44:25Z</time>
      </trkpt>
      <trkpt lat="34.22603212326894" lon="108.82839676940749">
        <ele>405.6898098606616</ele>
        <time>2025-12-07T10:44:26Z</time>
      </trkpt>
      <trkpt lat="34.22604090433477" lon="108.82839947962186">
        <ele>405.62669758405536</ele>
        <time>2025-12-07T10:44:27Z</time>
      </trkpt>
      <trkpt lat="34.226050140340384" lon="108.82840154842236">
        <ele>405.5988518400118</ele>
        <time>2025-12-07T10:44:28Z</time>
      </trkpt>
      <trkpt lat="34.2260601677525" lon="108.82840330308183">
        <ele>405.53747466392815</ele>
        <time>2025-12-07T10:44:29Z</time>
      </trkpt>
      <trkpt lat="34.22607051522473" lon="108.82840476163945">
        <ele>405.46975371520966</ele>
        <time>2025-12-07T10:44:30Z</time>
      </trkpt>
      <trkpt lat="34.226080628051456" lon="108.82840596144284">
        <ele>405.39782060310245</ele>
        <time>2025-12-07T10:44:31Z</time>
      </trkpt>
      <trkpt lat="34.226090513346065" lon="108.82840720802328">
        <ele>405.30962307937443</ele>
        <time>2025-12-07T10:44:32Z</time>
      </trkpt>
      <trkpt lat="34.22610055621437" lon="108.82840876171889">
        <ele>405.29010052327067</ele>
        <time>2025-12-07T10:44:33Z</time>
      </trkpt>
      <trkpt lat="34.22611110014001" lon="108.82841033156984">
        <ele>405.32137505710125</ele>
        <time>2025-12-07T10:44:34Z</time>
      </trkpt>
      <trkpt lat="34.22612226541198" lon="108.82841178393144">
        <ele>405.33211882412434</ele>
        <time>2025-12-07T10:44:35Z</time>
      </trkpt>
      <trkpt lat="34.226133439202606" lon="108.828413409684">
        <ele>405.36523730121553</ele>
        <time>2025-12-07T10:44:36Z</time>
      </trkpt>
      <trkpt lat="34.22614381776694" lon="108.82841526172672">
        <ele>405.4095039162785</ele>
        <time>2025-12-07T10:44:37Z</time>
      </trkpt>
      <trkpt lat="34.22615339986742" lon="108.82841706141215">
        <ele>405.45074294228107</ele>
        <time>2025-12-07T10:44:38Z</time>
      </trkpt>
      <trkpt lat="34.22616310041285" lon="108.8284186874681">
        <ele>405.4867311157286</ele>
        <time>2025-12-07T10:44:39Z</time>
      </trkpt>
      <trkpt lat="34.226173714543975" lon="108.82842031778142">
        <ele>405.5251308893785</ele>
        <time>2025-12-07T10:44:40Z</time>
      </trkpt>
      <trkpt lat="34.226184888880724" lon="108.82842181765058">
        <ele>405.5644130120054</ele>
        <time>2025-12-07T10:44:41Z</time>
      </trkpt>
      <trkpt lat="34.226195960983006" lon="108.82842300672118">
        <ele>405.5973436841741</ele>
        <time>2025-12-07T10:44:42Z</time>
      </trkpt>
      <trkpt lat="34.22620722647141" lon="108.82842370021976">
        <ele>405.6177783412859</ele>
        <time>2025-12-07T10:44:43Z</time>
      </trkpt>
      <trkpt lat="34.2262190632298" lon="108.82842372136398">
        <ele>405.61773205175996</ele>
        <time>2025-12-07T10:44:44Z</time>
      </trkpt>
      <trkpt lat="34.22623145857402" lon="108.82842333590534">
        <ele>405.59053715039045</ele>
        <time>2025-12-07T10:44:45Z</time>
      </trkpt>
      <trkpt lat="34.22624388535718" lon="108.82842259272563">
        <ele>405.51639919448644</ele>
        <time>2025-12-07T10:44:46Z</time>
      </trkpt>
      <trkpt lat="34.22625574271364" lon="108.82842117173226">
        <ele>405.43562337290496</ele>
        <time>2025-12-07T10:44:47Z</time>
      </trkpt>
      <trkpt lat="34.226267337906854" lon="108.82841954876966">
        <ele>405.399600032717</ele>
        <time>2025-12-07T10:44:48Z</time>
      </trkpt>
      <trkpt lat="34.22627913231236" lon="108.82841843710955">
        <ele>405.3791752625257</ele>
        <time>2025-12-07T10:44:49Z</time>
      </trkpt>
      <trkpt lat="34.226291315941225" lon="108.82841795865644">
        <ele>405.35625341534615</ele>
        <time>2025-12-07T10:44:50Z</time>
      </trkpt>
      <trkpt lat="34.2263034181109" lon="108.82841816073612">
        <ele>405.31861028820276</ele>
        <time>2025-12-07T10:44:51Z</time>
      </trkpt>
      <trkpt lat="34.22631499582368" lon="108.82841898829514">
        <ele>405.3298590760678</ele>
        <time>2025-12-07T10:44:52Z</time>
      </trkpt>
      <trkpt lat="34.22632667791719" lon="108.82841968492193">
        <ele>405.3437980040908</ele>
        <time>2025-12-07T10:44:53Z</time>
      </trkpt>
      <trkpt lat="34.22633899572262" lon="108.82841974886541">
        <ele>405.362378009595</ele>
        <time>2025-12-07T10:44:54Z</time>
      </trkpt>
      <trkpt lat="34.22635194163436" lon="108.82841888107464">
        <ele>405.36381597444415</ele>
        <time>2025-12-07T10:44:55Z</time>
      </trkpt>
      <trkpt lat="34.226364598269576" lon="108.82841776652822">
        <ele>405.3725417563692</ele>
        <time>2025-12-07T10:44:56Z</time>
      </trkpt>
      <trkpt lat="34.22637704446793" lon="108.82841706667759">
        <ele>405.4043915644288</ele>
        <time>2025-12-07T10:44:57Z</time>
      </trkpt>
      <trkpt lat="34.22638937277291" lon="108.82841643183617">
        <ele>405.4420812660828</ele>
        <time>2025-12-07T10:44:58Z</time>
      </trkpt>
      <trkpt lat="34.22640118156183" lon="108.8284143013538">
        <ele>405.46477299463004</ele>
        <time>2025-12-07T10:44:59Z</time>
      </trkpt>
      <trkpt lat="34.22641306295911" lon="108.82841005484791">
        <ele>405.50192303583026</ele>
        <time>2025-12-07T10:45:00Z</time>
      </trkpt>
      <trkpt lat="34.226425260722884" lon="108.82840448559938">
        <ele>405.51046106684953</ele>
        <time>2025-12-07T10:45:01Z</time>
      </trkpt>
      <trkpt lat="34.22643771972996" lon="108.82839827187865">
        <ele>405.48415424861014</ele>
        <time>2025-12-07T10:45:02Z</time>
      </trkpt>
      <trkpt lat="34.226450756846326" lon="108.82839183534065">
        <ele>405.4337632525712</ele>
        <time>2025-12-07T10:45:03Z</time>
      </trkpt>
      <trkpt lat="34.226464926462825" lon="108.8283853432096">
        <ele>405.3837222997099</ele>
        <time>2025-12-07T10:45:04Z</time>
      </trkpt>
      <trkpt lat="34.226480246274576" lon="108.82837871618058">
        <ele>405.35672007128596</ele>
        <time>2025-12-07T10:45:05Z</time>
      </trkpt>
      <trkpt lat="34.226496290447045" lon="108.82837232342183">
        <ele>405.32526940479875</ele>
        <time>2025-12-07T10:45:06Z</time>
      </trkpt>
      <trkpt lat="34.226512817092775" lon="108.82836698331771">
        <ele>405.24313191417605</ele>
        <time>2025-12-07T10:45:07Z</time>
      </trkpt>
      <trkpt lat="34.22652975045731" lon="108.82836332530285">
        <ele>405.18249601870775</ele>
        <time>2025-12-07T10:45:08Z</time>
      </trkpt>
      <trkpt lat="34.22654681400601" lon="108.82836167347502">
        <ele>405.14288810640574</ele>
        <time>2025-12-07T10:45:09Z</time>
      </trkpt>
      <trkpt lat="34.22656349557336" lon="108.82836162616866">
        <ele>405.1483608353883</ele>
        <time>2025-12-07T10:45:10Z</time>
      </trkpt>
      <trkpt lat="34.22657972626132" lon="108.82836240350983">
        <ele>405.14900275412947</ele>
        <time>2025-12-07T10:45:11Z</time>
      </trkpt>
      <trkpt lat="34.22659536592038" lon="108.82836350225466">
        <ele>405.168925951235</ele>
        <time>2025-12-07T10:45:12Z</time>
      </trkpt>
      <trkpt lat="34.226609755143905" lon="108.8283646081283">
        <ele>405.14298315439373</ele>
        <time>2025-12-07T10:45:13Z</time>
      </trkpt>
      <trkpt lat="34.22662327800625" lon="108.82836653994418">
        <ele>405.1033189315349</ele>
        <time>2025-12-07T10:45:14Z</time>
      </trkpt>
      <trkpt lat="34.226636638254845" lon="108.82837000218419">
        <ele>405.0941603416577</ele>
        <time>2025-12-07T10:45:15Z</time>
      </trkpt>
      <trkpt lat="34.22664936098251" lon="108.82837439600858">
        <ele>405.098252652213</ele>
        <time>2025-12-07T10:45:16Z</time>
      </trkpt>
      <trkpt lat="34.22666121900025" lon="108.82837932555204">
        <ele>405.10675087943673</ele>
        <time>2025-12-07T10:45:17Z</time>
      </trkpt>
      <trkpt lat="34.22667210560828" lon="108.82838473200056">
        <ele>405.12286471761763</ele>
        <time>2025-12-07T10:45:18Z</time>
      </trkpt>
      <trkpt lat="34.22668220367938" lon="108.82839039532591">
        <ele>405.0941287698224</ele>
        <time>2025-12-07T10:45:19Z</time>
      </trkpt>
      <trkpt lat="34.22669179054755" lon="108.82839590185736">
        <ele>405.0599734792486</ele>
        <time>2025-12-07T10:45:20Z</time>
      </trkpt>
      <trkpt lat="34.226701141799815" lon="108.82840054912319">
        <ele>405.06472630705684</ele>
        <time>2025-12-07T10:45:21Z</time>
      </trkpt>
      <trkpt lat="34.22670982878572" lon="108.82840443695102">
        <ele>405.08486290834844</ele>
        <time>2025-12-07T10:45:22Z</time>
      </trkpt>
      <trkpt lat="34.22671774150384" lon="108.82840823504763">
        <ele>405.0399473803118</ele>
        <time>2025-12-07T10:45:23Z</time>
      </trkpt>
      <trkpt lat="34.22672549623789" lon="108.82841166879192">
        <ele>405.0415865276009</ele>
        <time>2025-12-07T10:45:24Z</time>
      </trkpt>
      <trkpt lat="34.22673324447496" lon="108.82841465046674">
        <ele>405.08728580828756</ele>
        <time>2025-12-07T10:45:25Z</time>
      </trkpt>
      <trkpt lat="34.22674110464514" lon="108.82841724488563">
        <ele>405.12388281337917</ele>
        <time>2025-12-07T10:45:26Z</time>
      </trkpt>
      <trkpt lat="34.22674952136539" lon="108.8284200866114">
        <ele>405.1364492205903</ele>
        <time>2025-12-07T10:45:27Z</time>
      </trkpt>
      <trkpt lat="34.22675897981772" lon="108.82842400748599">
        <ele>405.16638405341655</ele>
        <time>2025-12-07T10:45:28Z</time>
      </trkpt>
      <trkpt lat="34.22676925854831" lon="108.82842880661202">
        <ele>405.2048226064071</ele>
        <time>2025-12-07T10:45:29Z</time>
      </trkpt>
      <trkpt lat="34.22678041458443" lon="108.8284348369901">
        <ele>405.23480335623026</ele>
        <time>2025-12-07T10:45:30Z</time>
      </trkpt>
      <trkpt lat="34.22679242294269" lon="108.82844229274562">
        <ele>405.25585159193724</ele>
        <time>2025-12-07T10:45:31Z</time>
      </trkpt>
      <trkpt lat="34.226804420309755" lon="108.82844999569787">
        <ele>405.26262674760073</ele>
        <time>2025-12-07T10:45:32Z</time>
      </trkpt>
      <trkpt lat="34.226816184321265" lon="108.82845699549914">
        <ele>405.25241422932595</ele>
        <time>2025-12-07T10:45:33Z</time>
      </trkpt>
      <trkpt lat="34.22682807527427" lon="108.8284633326142">
        <ele>405.21675125695765</ele>
        <time>2025-12-07T10:45:34Z</time>
      </trkpt>
      <trkpt lat="34.2268396792673" lon="108.82846861791671">
        <ele>405.1466927770525</ele>
        <time>2025-12-07T10:45:35Z</time>
      </trkpt>
      <trkpt lat="34.22685147975761" lon="108.82847261406681">
        <ele>405.10048056952655</ele>
        <time>2025-12-07T10:45:36Z</time>
      </trkpt>
      <trkpt lat="34.22686417246727" lon="108.82847548686496">
        <ele>405.05798939894885</ele>
        <time>2025-12-07T10:45:37Z</time>
      </trkpt>
      <trkpt lat="34.22687757116116" lon="108.82847715022186">
        <ele>405.0286399675533</ele>
        <time>2025-12-07T10:45:38Z</time>
      </trkpt>
      <trkpt lat="34.22689107492101" lon="108.82847784277769">
        <ele>404.97922942601144</ele>
        <time>2025-12-07T10:45:39Z</time>
      </trkpt>
      <trkpt lat="34.22690423663512" lon="108.82847766569782">
        <ele>404.9308677883819</ele>
        <time>2025-12-07T10:45:40Z</time>
      </trkpt>
      <trkpt lat="34.22691689902852" lon="108.82847666806545">
        <ele>404.8540115682408</ele>
        <time>2025-12-07T10:45:41Z</time>
      </trkpt>
      <trkpt lat="34.22692955251449" lon="108.82847510982212">
        <ele>404.7723881471902</ele>
        <time>2025-12-07T10:45:42Z</time>
      </trkpt>
      <trkpt lat="34.226942695308395" lon="108.8284738840885">
        <ele>404.7474646884948</ele>
        <time>2025-12-07T10:45:43Z</time>
      </trkpt>
      <trkpt lat="34.22695550159806" lon="108.82847384522977">
        <ele>404.72859461419284</ele>
        <time>2025-12-07T10:45:44Z</time>
      </trkpt>
      <trkpt lat="34.22696801542718" lon="108.82847382077489">
        <ele>404.7331548295915</ele>
        <time>2025-12-07T10:45:45Z</time>
      </trkpt>
      <trkpt lat="34.22698048716226" lon="108.82847338474535">
        <ele>404.7677380591631</ele>
        <time>2025-12-07T10:45:46Z</time>
      </trkpt>
      <trkpt lat="34.226992058533625" lon="108.82847217638918">
        <ele>404.791661308147</ele>
        <time>2025-12-07T10:45:47Z</time>
      </trkpt>
      <trkpt lat="34.22700236718352" lon="108.82846913056254">
        <ele>404.82706001214683</ele>
        <time>2025-12-07T10:45:48Z</time>
      </trkpt>
      <trkpt lat="34.22701105346394" lon="108.82846509531025">
        <ele>404.87094125244766</ele>
        <time>2025-12-07T10:45:49Z</time>
      </trkpt>
      <trkpt lat="34.22701787037022" lon="108.82846102103554">
        <ele>404.9127515871078</ele>
        <time>2025-12-07T10:45:50Z</time>
      </trkpt>
      <trkpt lat="34.227023463438364" lon="108.82845708113115">
        <ele>404.9674891522154</ele>
        <time>2025-12-07T10:45:51Z</time>
      </trkpt>
      <trkpt lat="34.22702883734112" lon="108.82845274477037">
        <ele>405.01716206315905</ele>
        <time>2025-12-07T10:45:52Z</time>
      </trkpt>
      <trkpt lat="34.22703473193454" lon="108.82844806202255">
        <ele>405.07216775324196</ele>
        <time>2025-12-07T10:45:53Z</time>
      </trkpt>
      <trkpt lat="34.22704132565967" lon="108.82844388375011">
        <ele>405.1320974640548</ele>
        <time>2025-12-07T10:45:54Z</time>
      </trkpt>
      <trkpt lat="34.22704925661529" lon="108.82844111432425">
        <ele>405.16618208028376</ele>
        <time>2025-12-07T10:45:55Z</time>
      </trkpt>
      <trkpt lat="34.22705941000951" lon="108.82844012671116">
        <ele>405.17781857308</ele>
        <time>2025-12-07T10:45:56Z</time>
      </trkpt>
      <trkpt lat="34.22707167288307" lon="108.82844094696178">
        <ele>405.191075113602</ele>
        <time>2025-12-07T10:45:57Z</time>
      </trkpt>
      <trkpt lat="34.2270850868394" lon="108.82844301456817">
        <ele>405.17370614688843</ele>
        <time>2025-12-07T10:45:58Z</time>
      </trkpt>
      <trkpt lat="34.22709834021348" lon="108.82844587583693">
        <ele>405.1561823748052</ele>
        <time>2025-12-07T10:45:59Z</time>
        <extensions>
          <gpxtpx:TrackPointExtension>
            <gpxtpx:hr>111</gpxtpx:hr>
          </gpxtpx:TrackPointExtension>
        </extensions>
      </trkpt>
      <trkpt lat="34.227110899212654" lon="108.82844910010981">
        <ele>405.17295965272933</ele>
        <time>2025-12-07T10:46:00Z</time>
        <extensions>
          <gpxtpx:TrackPointExtension>
            <gpxtpx:hr>111</gpxtpx:hr>
          </gpxtpx:TrackPointExtension>
        </extensions>
      </trkpt>
      <trkpt lat="34.22712370518964" lon="108.82845285013623">
        <ele>405.212046219036</ele>
        <time>2025-12-07T10:46:01Z</time>
        <extensions>
          <gpxtpx:TrackPointExtension>
            <gpxtpx:hr>111</gpxtpx:hr>
          </gpxtpx:TrackPointExtension>
        </extensions>
      </trkpt>
      <trkpt lat="34.2271371382779" lon="108.82845707164975">
        <ele>405.24851597100496</ele>
        <time>2025-12-07T10:46:02Z</time>
        <extensions>
          <gpxtpx:TrackPointExtension>
            <gpxtpx:hr>111</gpxtpx:hr>
          </gpxtpx:TrackPointExtension>
        </extensions>
      </trkpt>
      <trkpt lat="34.227150659687034" lon="108.82846090473167">
        <ele>405.22782852500677</ele>
        <time>2025-12-07T10:46:03Z</time>
        <extensions>
          <gpxtpx:TrackPointExtension>
            <gpxtpx:hr>111</gpxtpx:hr>
          </gpxtpx:TrackPointExtension>
        </extensions>
      </trkpt>
      <trkpt lat="34.22716389691081" lon="108.82846407109952">
        <ele>405.20378192607313</ele>
        <time>2025-12-07T10:46:04Z</time>
        <extensions>
          <gpxtpx:TrackPointExtension>
            <gpxtpx:hr>111</gpxtpx:hr>
          </gpxtpx:TrackPointExtension>
        </extensions>
      </trkpt>
      <trkpt lat="34.22717692049683" lon="108.82846691923565">
        <ele>405.2090227389708</ele>
        <time>2025-12-07T10:46:05Z</time>
        <extensions>
          <gpxtpx:TrackPointExtension>
            <gpxtpx:hr>111</gpxtpx:hr>
          </gpxtpx:TrackPointExtension>
        </extensions>
      </trkpt>
      <trkpt lat="34.22718927583497" lon="108.82846960043227">
        <ele>405.24537851382047</ele>
        <time>2025-12-07T10:46:06Z</time>
        <extensions>
          <gpxtpx:TrackPointExtension>
            <gpxtpx:hr>111</gpxtpx:hr>
          </gpxtpx:TrackPointExtension>
        </extensions>
      </trkpt>
      <trkpt lat="34.227200337105664" lon="108.82847213888887">
        <ele>405.28816415928304</ele>
        <time>2025-12-07T10:46:07Z</time>
        <extensions>
          <gpxtpx:TrackPointExtension>
            <gpxtpx:hr>111</gpxtpx:hr>
          </gpxtpx:TrackPointExtension>
        </extensions>
      </trkpt>
      <trkpt lat="34.22721043540766" lon="108.82847473353063">
        <ele>405.3354806471616</ele>
        <time>2025-12-07T10:46:08Z</time>
        <extensions>
          <gpxtpx:TrackPointExtension>
            <gpxtpx:hr>111</gpxtpx:hr>
          </gpxtpx:TrackPointExtension>
        </extensions>
      </trkpt>
      <trkpt lat="34.227219815616195" lon="108.8284771828549">
        <ele>405.36158672440797</ele>
        <time>2025-12-07T10:46:09Z</time>
        <extensions>
          <gpxtpx:TrackPointExtension>
            <gpxtpx:hr>111</gpxtpx:hr>
          </gpxtpx:TrackPointExtension>
        </extensions>
      </trkpt>
      <trkpt lat="34.227229028873246" lon="108.82847934403644">
        <ele>405.38427241519094</ele>
        <time>2025-12-07T10:46:10Z</time>
        <extensions>
          <gpxtpx:TrackPointExtension>
            <gpxtpx:hr>111</gpxtpx:hr>
          </gpxtpx:TrackPointExtension>
        </extensions>
      </trkpt>
      <trkpt lat="34.22723864912518" lon="108.82848114229535">
        <ele>405.40734281763434</ele>
        <time>2025-12-07T10:46:11Z</time>
        <extensions>
          <gpxtpx:TrackPointExtension>
            <gpxtpx:hr>111</gpxtpx:hr>
          </gpxtpx:TrackPointExtension>
        </extensions>
      </trkpt>
      <trkpt lat="34.22724937581477" lon="108.82848266557903">
        <ele>405.4365080706775</ele>
        <time>2025-12-07T10:46:12Z</time>
        <extensions>
          <gpxtpx:TrackPointExtension>
            <gpxtpx:hr>111</gpxtpx:hr>
          </gpxtpx:TrackPointExtension>
        </extensions>
      </trkpt>
      <trkpt lat="34.227261525497674" lon="108.82848385615412">
        <ele>405.461214045994</ele>
        <time>2025-12-07T10:46:13Z</time>
        <extensions>
          <gpxtpx:TrackPointExtension>
            <gpxtpx:hr>111</gpxtpx:hr>
          </gpxtpx:TrackPointExtension>
        </extensions>
      </trkpt>
      <trkpt lat="34.22727404838001" lon="108.8284847479712">
        <ele>405.50134965218604</ele>
        <time>2025-12-07T10:46:14Z</time>
        <extensions>
          <gpxtpx:TrackPointExtension>
            <gpxtpx:hr>111</gpxtpx:hr>
          </gpxtpx:TrackPointExtension>
        </extensions>
      </trkpt>
      <trkpt lat="34.227286130390894" lon="108.82848439806291">
        <ele>405.5393473589793</ele>
        <time>2025-12-07T10:46:15Z</time>
        <extensions>
          <gpxtpx:TrackPointExtension>
            <gpxtpx:hr>111</gpxtpx:hr>
          </gpxtpx:TrackPointExtension>
        </extensions>
      </trkpt>
      <trkpt lat="34.22729778316242" lon="108.82848223324366">
        <ele>405.56322400458157</ele>
        <time>2025-12-07T10:46:16Z</time>
        <extensions>
          <gpxtpx:TrackPointExtension>
            <gpxtpx:hr>111</gpxtpx:hr>
          </gpxtpx:TrackPointExtension>
        </extensions>
      </trkpt>
      <trkpt lat="34.22730968333472" lon="108.82847893542404">
        <ele>405.51111093722284</ele>
        <time>2025-12-07T10:46:17Z</time>
        <extensions>
          <gpxtpx:TrackPointExtension>
            <gpxtpx:hr>111</gpxtpx:hr>
          </gpxtpx:TrackPointExtension>
        </extensions>
      </trkpt>
      <trkpt lat="34.22732275270895" lon="108.82847510433768">
        <ele>405.4393716007471</ele>
        <time>2025-12-07T10:46:18Z</time>
        <extensions>
          <gpxtpx:TrackPointExtension>
            <gpxtpx:hr>111</gpxtpx:hr>
          </gpxtpx:TrackPointExtension>
        </extensions>
      </trkpt>
      <trkpt lat="34.227336902224884" lon="108.8284709001462">
        <ele>405.3977853823453</ele>
        <time>2025-12-07T10:46:19Z</time>
      </trkpt>
      <trkpt lat="34.227351055622655" lon="108.82846666632437">
        <ele>405.3710263092071</ele>
        <time>2025-12-07T10:46:20Z</time>
      </trkpt>
      <trkpt lat="34.22736452213814" lon="108.82846314751295">
        <ele>405.31080442573875</ele>
        <time>2025-12-07T10:46:21Z</time>
      </trkpt>
      <trkpt lat="34.22737754006085" lon="108.82846055265367">
        <ele>405.2307376470417</ele>
        <time>2025-12-07T10:46:22Z</time>
      </trkpt>
      <trkpt lat="34.22739045043102" lon="108.82845884493676">
        <ele>405.1773082157597</ele>
        <time>2025-12-07T10:46:23Z</time>
      </trkpt>
      <trkpt lat="34.22740381402587" lon="108.82845786103235">
        <ele>405.15006857644767</ele>
        <time>2025-12-07T10:46:24Z</time>
      </trkpt>
      <trkpt lat="34.22741815184762" lon="108.82845719583165">
        <ele>405.09989249240607</ele>
        <time>2025-12-07T10:46:25Z</time>
      </trkpt>
      <trkpt lat="34.2274328249727" lon="108.82845633106139">
        <ele>405.0624735644087</ele>
        <time>2025-12-07T10:46:26Z</time>
      </trkpt>
      <trkpt lat="34.22744667718863" lon="108.82845505400341">
        <ele>405.01124128326774</ele>
        <time>2025-12-07T10:46:27Z</time>
      </trkpt>
      <trkpt lat="34.227460491376156" lon="108.82845245948859">
        <ele>404.9714805120602</ele>
        <time>2025-12-07T10:46:28Z</time>
      </trkpt>
      <trkpt lat="34.22747584783729" lon="108.8284483016238">
        <ele>404.9736075401306</ele>
        <time>2025-12-07T10:46:29Z</time>
      </trkpt>
      <trkpt lat="34.22749209630583" lon="108.8284437297542">
        <ele>404.9422118552029</ele>
        <time>2025-12-07T10:46:30Z</time>
      </trkpt>
      <trkpt lat="34.22750733258934" lon="108.82843995859456">
        <ele>404.88970828894526</ele>
        <time>2025-12-07T10:46:31Z</time>
      </trkpt>
      <trkpt lat="34.227522154467614" lon="108.8284363652045">
        <ele>404.81666556280106</ele>
        <time>2025-12-07T10:46:32Z</time>
      </trkpt>
      <trkpt lat="34.227537321870614" lon="108.82843498678534">
        <ele>404.7501939339563</ele>
        <time>2025-12-07T10:46:33Z</time>
      </trkpt>
      <trkpt lat="34.22755201418832" lon="108.82843472651297">
        <ele>404.67249619215727</ele>
        <time>2025-12-07T10:46:34Z</time>
      </trkpt>
      <trkpt lat="34.22756561688204" lon="108.82843606847231">
        <ele>404.5783695662394</ele>
        <time>2025-12-07T10:46:35Z</time>
      </trkpt>
      <trkpt lat="34.22757845967458" lon="108.82843911139051">
        <ele>404.46749277971685</ele>
        <time>2025-12-07T10:46:36Z</time>
      </trkpt>
      <trkpt lat="34.22758972030629" lon="108.82844398797457">
        <ele>404.3462613718584</ele>
        <time>2025-12-07T10:46:37Z</time>
      </trkpt>
      <trkpt lat="34.22759934714276" lon="108.8284512396998">
        <ele>404.2201835690066</ele>
        <time>2025-12-07T10:46:38Z</time>
      </trkpt>
      <trkpt lat="34.22760815768167" lon="108.82846142077773">
        <ele>404.08010078780353</ele>
        <time>2025-12-07T10:46:39Z</time>
      </trkpt>
      <trkpt lat="34.227616609320364" lon="108.82847442407697">
        <ele>403.9285555491224</ele>
        <time>2025-12-07T10:46:40Z</time>
      </trkpt>
      <trkpt lat="34.22762474644251" lon="108.82848775319016">
        <ele>403.7675416385755</ele>
        <time>2025-12-07T10:46:41Z</time>
      </trkpt>
      <trkpt lat="34.227631784405375" lon="108.82850412684877">
        <ele>403.60648469720036</ele>
        <time>2025-12-07T10:46:42Z</time>
      </trkpt>
      <trkpt lat="34.2276376959028" lon="108.82852449650578">
        <ele>403.44330622721463</ele>
        <time>2025-12-07T10:46:42.900000Z</time>
      </trkpt>
      <trkpt lat="34.22764381751694" lon="108.82854330628382">
        <ele>403.27864020876586</ele>
        <time>2025-12-07T10:46:43.900000Z</time>
      </trkpt>
      <trkpt lat="34.22765043942574" lon="108.82855893585271">
        <ele>403.121947966516</ele>
        <time>2025-12-07T10:46:44.900000Z</time>
      </trkpt>
      <trkpt lat="34.22765796455908" lon="108.82857102964626">
        <ele>402.9710057405755</ele>
        <time>2025-12-07T10:46:45.900000Z</time>
      </trkpt>
      <trkpt lat="34.22766693489822" lon="108.82857901021518">
        <ele>402.8279365208</ele>
        <time>2025-12-07T10:46:46.900000Z</time>
      </trkpt>
      <trkpt lat="34.22767744125639" lon="108.82858349056508">
        <ele>402.71513286512345</ele>
        <time>2025-12-07T10:46:47.900000Z</time>
      </trkpt>
      <trkpt lat="34.22768948169252" lon="108.82858622938346">
        <ele>402.5933912973851</ele>
        <time>2025-12-07T10:46:48.900000Z</time>
      </trkpt>
      <trkpt lat="34.22770244161698" lon="108.82858816719343">
        <ele>402.4621190279722</ele>
        <time>2025-12-07T10:46:49.900000Z</time>
      </trkpt>
      <trkpt lat="34.22771589260533" lon="108.82858976083804">
        <ele>402.35330693237484</ele>
        <time>2025-12-07T10:46:50.900000Z</time>
      </trkpt>
      <trkpt lat="34.227729435891774" lon="108.82859190389574">
        <ele>402.2541036317125</ele>
        <time>2025-12-07T10:46:51.900000Z</time>
      </trkpt>
      <trkpt lat="34.22774291464385" lon="108.82859497713426">
        <ele>402.14704949967563</ele>
        <time>2025-12-07T10:46:52.900000Z</time>
      </trkpt>
      <trkpt lat="34.22775640698097" lon="108.82859767748356">
        <ele>402.0387950325385</ele>
        <time>2025-12-07T10:46:53.900000Z</time>
      </trkpt>
      <trkpt lat="34.22777002572112" lon="108.8285991651867">
        <ele>401.9416331825778</ele>
        <time>2025-12-07T10:46:54.900000Z</time>
      </trkpt>
      <trkpt lat="34.22778357364677" lon="108.82860060657754">
        <ele>401.8405469264835</ele>
        <time>2025-12-07T10:46:55.900000Z</time>
      </trkpt>
      <trkpt lat="34.22779683869125" lon="108.82860313421985">
        <ele>401.7531952923164</ele>
        <time>2025-12-07T10:46:56.900000Z</time>
      </trkpt>
      <trkpt lat="34.22780947271431" lon="108.82860657401267">
        <ele>401.6812981842086</ele>
        <time>2025-12-07T10:46:57.900000Z</time>
      </trkpt>
      <trkpt lat="34.22782231556119" lon="108.82860937721644">
        <ele>401.62262129224837</ele>
        <time>2025-12-07T10:46:58.900000Z</time>
      </trkpt>
      <trkpt lat="34.22783577536964" lon="108.8286107648379">
        <ele>401.56101072300225</ele>
        <time>2025-12-07T10:46:59.900000Z</time>
      </trkpt>
      <trkpt lat="34.22784923469949" lon="108.82861101572905">
        <ele>401.5153322201222</ele>
        <time>2025-12-07T10:47:00.900000Z</time>
      </trkpt>
      <trkpt lat="34.22786283301754" lon="108.8286111384152">
        <ele>401.4836967717856</ele>
        <time>2025-12-07T10:47:01.900000Z</time>
      </trkpt>
      <trkpt lat="34.227876345223535" lon="108.82861102044815">
        <ele>401.457243447192</ele>
        <time>2025-12-07T10:47:02.900000Z</time>
      </trkpt>
      <trkpt lat="34.227888755082155" lon="108.82861023379178">
        <ele>401.4347427673638</ele>
        <time>2025-12-07T10:47:03.900000Z</time>
      </trkpt>
      <trkpt lat="34.227899985701036" lon="108.82860987132406">
        <ele>401.42533982917666</ele>
        <time>2025-12-07T10:47:04.900000Z</time>
      </trkpt>
      <trkpt lat="34.2279111123625" lon="108.82861097086565">
        <ele>401.42711379472166</ele>
        <time>2025-12-07T10:47:05.900000Z</time>
      </trkpt>
      <trkpt lat="34.22792307533094" lon="108.8286131471303">
        <ele>401.44229327328503</ele>
        <time>2025-12-07T10:47:07Z</time>
      </trkpt>
      <trkpt lat="34.227935188864706" lon="108.82861547093896">
        <ele>401.4614489292726</ele>
        <time>2025-12-07T10:47:08Z</time>
      </trkpt>
      <trkpt lat="34.22794727538733" lon="108.8286180286616">
        <ele>401.4832133250311</ele>
        <time>2025-12-07T10:47:09Z</time>
      </trkpt>
      <trkpt lat="34.227959927189936" lon="108.82862162911574">
        <ele>401.5036479923874</ele>
        <time>2025-12-07T10:47:10Z</time>
      </trkpt>
      <trkpt lat="34.22797257260954" lon="108.8286259851325">
        <ele>401.52327387593687</ele>
        <time>2025-12-07T10:47:11Z</time>
      </trkpt>
      <trkpt lat="34.22798459695188" lon="108.82863027480738">
        <ele>401.54056260176003</ele>
        <time>2025-12-07T10:47:12Z</time>
      </trkpt>
      <trkpt lat="34.22799608001857" lon="108.82863421207149">
        <ele>401.5455335592851</ele>
        <time>2025-12-07T10:47:13Z</time>
      </trkpt>
      <trkpt lat="34.22800766510897" lon="108.8286380846964">
        <ele>401.5574213685468</ele>
        <time>2025-12-07T10:47:14Z</time>
      </trkpt>
      <trkpt lat="34.228019436929344" lon="108.82864190976684">
        <ele>401.5745915444568</ele>
        <time>2025-12-07T10:47:15Z</time>
      </trkpt>
      <trkpt lat="34.22803155442751" lon="108.82864536457927">
        <ele>401.577924920246</ele>
        <time>2025-12-07T10:47:16Z</time>
      </trkpt>
      <trkpt lat="34.22804387443996" lon="108.82864892516999">
        <ele>401.56978300306946</ele>
        <time>2025-12-07T10:47:17Z</time>
      </trkpt>
      <trkpt lat="34.22805527044451" lon="108.82865303491583">
        <ele>401.5536026638001</ele>
        <time>2025-12-07T10:47:18Z</time>
      </trkpt>
      <trkpt lat="34.22806582980389" lon="108.82865770822549">
        <ele>401.5262375045568</ele>
        <time>2025-12-07T10:47:19Z</time>
      </trkpt>
      <trkpt lat="34.22807675608817" lon="108.82866265694737">
        <ele>401.4903209032491</ele>
        <time>2025-12-07T10:47:20Z</time>
      </trkpt>
      <trkpt lat="34.22808854826796" lon="108.82866792415814">
        <ele>401.45541528519243</ele>
        <time>2025-12-07T10:47:21Z</time>
      </trkpt>
      <trkpt lat="34.22809994287576" lon="108.82867368808465">
        <ele>401.4167356612161</ele>
        <time>2025-12-07T10:47:22Z</time>
      </trkpt>
      <trkpt lat="34.22810976475658" lon="108.82868059531155">
        <ele>401.38357194233686</ele>
        <time>2025-12-07T10:47:23Z</time>
      </trkpt>
      <trkpt lat="34.22811861645984" lon="108.82868892249552">
        <ele>401.3568529030308</ele>
        <time>2025-12-07T10:47:24Z</time>
      </trkpt>
      <trkpt lat="34.22812763623021" lon="108.8286973378929">
        <ele>401.3358538756147</ele>
        <time>2025-12-07T10:47:25Z</time>
      </trkpt>
      <trkpt lat="34.22813764647589" lon="108.82870397336445">
        <ele>401.3192121312022</ele>
        <time>2025-12-07T10:47:26Z</time>
      </trkpt>
      <trkpt lat="34.22814879198015" lon="108.82870781486676">
        <ele>401.28743914328516</ele>
        <time>2025-12-07T10:47:27Z</time>
      </trkpt>
      <trkpt lat="34.22816102119993" lon="108.82870964042165">
        <ele>401.260741812177</ele>
        <time>2025-12-07T10:47:28Z</time>
      </trkpt>
      <trkpt lat="34.228174107735946" lon="108.82871042483235">
        <ele>401.2340255314484</ele>
        <time>2025-12-07T10:47:29Z</time>
      </trkpt>
      <trkpt lat="34.22818712362758" lon="108.82871083684515">
        <ele>401.2162536336109</ele>
        <time>2025-12-07T10:47:30Z</time>
      </trkpt>
      <trkpt lat="34.22819927040113" lon="108.8287112433781">
        <ele>401.1916778245941</ele>
        <time>2025-12-07T10:47:31Z</time>
      </trkpt>
      <trkpt lat="34.22821090927087" lon="108.82871161539529">
        <ele>401.1681110179052</ele>
        <time>2025-12-07T10:47:32Z</time>
      </trkpt>
      <trkpt lat="34.22822270204885" lon="108.82871231293765">
        <ele>401.14095723908395</ele>
        <time>2025-12-07T10:47:33Z</time>
      </trkpt>
      <trkpt lat="34.228234884321374" lon="108.82871350913123">
        <ele>401.13308302499354</ele>
        <time>2025-12-07T10:47:34Z</time>
      </trkpt>
      <trkpt lat="34.22824678749054" lon="108.8287153610007">
        <ele>401.11877217516303</ele>
        <time>2025-12-07T10:47:35Z</time>
      </trkpt>
      <trkpt lat="34.2282578832395" lon="108.82871626620248">
        <ele>401.1218116171658</ele>
        <time>2025-12-07T10:47:36Z</time>
      </trkpt>
      <trkpt lat="34.22827012896656" lon="108.82871441027682">
        <ele>401.1314290519804</ele>
        <time>2025-12-07T10:47:37Z</time>
      </trkpt>
      <trkpt lat="34.22828256796022" lon="108.82870958277249">
        <ele>401.140800117515</ele>
        <time>2025-12-07T10:47:38Z</time>
      </trkpt>
      <trkpt lat="34.228294174775556" lon="108.82870230037952">
        <ele>401.1607157466933</ele>
        <time>2025-12-07T10:47:39Z</time>
      </trkpt>
      <trkpt lat="34.22830514787305" lon="108.82869511983169">
        <ele>401.18346959073097</ele>
        <time>2025-12-07T10:47:40Z</time>
      </trkpt>
      <trkpt lat="34.22831347075233" lon="108.82869187505736">
        <ele>401.21766280941665</ele>
        <time>2025-12-07T10:47:41Z</time>
      </trkpt>
      <trkpt lat="34.228320979626886" lon="108.82869152133601">
        <ele>401.2392125725746</ele>
        <time>2025-12-07T10:47:42Z</time>
      </trkpt>
      <trkpt lat="34.22833007763467" lon="108.82869144387429">
        <ele>401.2617456447333</ele>
        <time>2025-12-07T10:47:43Z</time>
      </trkpt>
      <trkpt lat="34.2283405611047" lon="108.82869181839139">
        <ele>401.28113255184144</ele>
        <time>2025-12-07T10:47:44Z</time>
      </trkpt>
      <trkpt lat="34.22835189783669" lon="108.82869246873088">
        <ele>401.30015401449054</ele>
        <time>2025-12-07T10:47:45Z</time>
      </trkpt>
      <trkpt lat="34.228363319988986" lon="108.82869315411384">
        <ele>401.3196558849886</ele>
        <time>2025-12-07T10:47:46Z</time>
      </trkpt>
      <trkpt lat="34.228374136256924" lon="108.82869373534412">
        <ele>401.32812707778066</ele>
        <time>2025-12-07T10:47:47Z</time>
      </trkpt>
      <trkpt lat="34.228383315307745" lon="108.82869415028084">
        <ele>401.3352946843952</ele>
        <time>2025-12-07T10:47:48Z</time>
      </trkpt>
      <trkpt lat="34.22839031573332" lon="108.82869483062339">
        <ele>401.33973910845816</ele>
        <time>2025-12-07T10:47:49Z</time>
      </trkpt>
      <trkpt lat="34.22839500838453" lon="108.82869602607795">
        <ele>401.34016808122396</ele>
        <time>2025-12-07T10:47:50Z</time>
      </trkpt>
      <trkpt lat="34.228397507117016" lon="108.82869714001366">
        <ele>401.33059164788574</ele>
        <time>2025-12-07T10:47:51Z</time>
      </trkpt>
      <trkpt lat="34.228398839202846" lon="108.82869784313559">
        <ele>401.3184676878154</ele>
        <time>2025-12-07T10:47:51.900000Z</time>
      </trkpt>
      <trkpt lat="34.22839952662246" lon="108.82869818341713">
        <ele>401.30381134338677</ele>
        <time>2025-12-07T10:47:52.900000Z</time>
      </trkpt>
      <trkpt lat="34.22839985882925" lon="108.82869826757207">
        <ele>401.2827660413459</ele>
        <time>2025-12-07T10:47:53.900000Z</time>
      </trkpt>
      <trkpt lat="34.22840004298017" lon="108.82869818687404">
        <ele>401.2605314720422</ele>
        <time>2025-12-07T10:47:54.900000Z</time>
      </trkpt>
      <trkpt lat="34.2284001562025" lon="108.82869801429106">
        <ele>401.2352557275444</ele>
        <time>2025-12-07T10:47:55.900000Z</time>
      </trkpt>
      <trkpt lat="34.228400352727135" lon="108.82869784085682">
        <ele>401.2079739207402</ele>
        <time>2025-12-07T10:47:56.900000Z</time>
      </trkpt>
      <trkpt lat="34.22840054125743" lon="108.82869762483952">
        <ele>401.1627142354846</ele>
        <time>2025-12-07T10:47:57.900000Z</time>
      </trkpt>
      <trkpt lat="34.22840064174331" lon="108.82869735519223">
        <ele>401.099878388457</ele>
        <time>2025-12-07T10:47:58.900000Z</time>
      </trkpt>
      <trkpt lat="34.22840079154655" lon="108.82869704727479">
        <ele>401.04670645296574</ele>
        <time>2025-12-07T10:47:59.900000Z</time>
      </trkpt>
      <trkpt lat="34.22840109623175" lon="108.82869672615944">
        <ele>400.99215280171484</ele>
        <time>2025-12-07T10:48:00.900000Z</time>
      </trkpt>
      <trkpt lat="34.228401551652425" lon="108.82869636965988">
        <ele>400.9397270800546</ele>
        <time>2025-12-07T10:48:01.900000Z</time>
      </trkpt>
      <trkpt lat="34.228402136051876" lon="108.82869604839402">
        <ele>400.88585033174604</ele>
        <time>2025-12-07T10:48:02.900000Z</time>
      </trkpt>
      <trkpt lat="34.22840301173467" lon="108.82869591647268">
        <ele>400.83161748573184</ele>
        <time>2025-12-07T10:48:03.900000Z</time>
      </trkpt>
      <trkpt lat="34.228404286446235" lon="108.82869606723904">
        <ele>400.7938484996557</ele>
        <time>2025-12-07T10:48:04.900000Z</time>
      </trkpt>
      <trkpt lat="34.228406276177154" lon="108.82869665987268">
        <ele>400.76122849527746</ele>
        <time>2025-12-07T10:48:05.900000Z</time>
      </trkpt>
      <trkpt lat="34.228409527116256" lon="108.82869793946088">
        <ele>400.72531150095165</ele>
        <time>2025-12-07T10:48:06.900000Z</time>
      </trkpt>
      <trkpt lat="34.22841487909416" lon="108.82870017870263">
        <ele>400.68279188871384</ele>
        <time>2025-12-07T10:48:07.900000Z</time>
      </trkpt>
      <trkpt lat="34.22842255728443" lon="108.82870317804105">
        <ele>400.65333663579077</ele>
        <time>2025-12-07T10:48:08.900000Z</time>
      </trkpt>
      <trkpt lat="34.22843217529587" lon="108.82870724901667">
        <ele>400.6323546152562</ele>
        <time>2025-12-07T10:48:09.900000Z</time>
      </trkpt>
      <trkpt lat="34.228444570158004" lon="108.82871257621764">
        <ele>400.6164450487122</ele>
        <time>2025-12-07T10:48:10.900000Z</time>
      </trkpt>
      <trkpt lat="34.22845890846229" lon="108.82871819687891">
        <ele>400.602397069335</ele>
        <time>2025-12-07T10:48:11.900000Z</time>
      </trkpt>
      <trkpt lat="34.228472375721246" lon="108.82872346297397">
        <ele>400.59851128514856</ele>
        <time>2025-12-07T10:48:12.900000Z</time>
      </trkpt>
      <trkpt lat="34.22848442303669" lon="108.82872833147084">
        <ele>400.59451573342085</ele>
        <time>2025-12-07T10:48:13.900000Z</time>
      </trkpt>
      <trkpt lat="34.22849617182658" lon="108.82873307016857">
        <ele>400.590970643796</ele>
        <time>2025-12-07T10:48:14.900000Z</time>
      </trkpt>
      <trkpt lat="34.228508190372544" lon="108.82873777335931">
        <ele>400.5949373515323</ele>
        <time>2025-12-07T10:48:15.900000Z</time>
      </trkpt>
      <trkpt lat="34.228519927765376" lon="108.82874245708987">
        <ele>400.595970002003</ele>
        <time>2025-12-07T10:48:16.900000Z</time>
      </trkpt>
      <trkpt lat="34.22853088327408" lon="108.82874687184702">
        <ele>400.5931880865246</ele>
        <time>2025-12-07T10:48:17.900000Z</time>
      </trkpt>
      <trkpt lat="34.22854171809344" lon="108.82875067181732">
        <ele>400.60005031712353</ele>
        <time>2025-12-07T10:48:18.900000Z</time>
      </trkpt>
      <trkpt lat="34.22855322893121" lon="108.82875389661743">
        <ele>400.61553057003766</ele>
        <time>2025-12-07T10:48:19.900000Z</time>
      </trkpt>
      <trkpt lat="34.2285655135386" lon="108.82875680873475">
        <ele>400.64112058095634</ele>
        <time>2025-12-07T10:48:20.900000Z</time>
      </trkpt>
      <trkpt lat="34.22857830495476" lon="108.82875935454977">
        <ele>400.66847154218704</ele>
        <time>2025-12-07T10:48:21.900000Z</time>
      </trkpt>
      <trkpt lat="34.228591087026686" lon="108.82876088804032">
        <ele>400.6944052083418</ele>
        <time>2025-12-07T10:48:22.900000Z</time>
      </trkpt>
      <trkpt lat="34.22860346015411" lon="108.8287609453731">
        <ele>400.7191410176456</ele>
        <time>2025-12-07T10:48:23.900000Z</time>
      </trkpt>
      <trkpt lat="34.228615812098354" lon="108.82876008698555">
        <ele>400.7392486501485</ele>
        <time>2025-12-07T10:48:24.900000Z</time>
      </trkpt>
      <trkpt lat="34.228628276578974" lon="108.82875938333441">
        <ele>400.7860803399235</ele>
        <time>2025-12-07T10:48:25.900000Z</time>
      </trkpt>
      <trkpt lat="34.22864072511515" lon="108.82875951516785">
        <ele>400.83452729322016</ele>
        <time>2025-12-07T10:48:26.900000Z</time>
      </trkpt>
      <trkpt lat="34.22865303609428" lon="108.82876054892091">
        <ele>400.90228679031134</ele>
        <time>2025-12-07T10:48:27.900000Z</time>
        <extensions>
          <gpxtpx:TrackPointExtension>
            <gpxtpx:hr>110</gpxtpx:hr>
          </gpxtpx:TrackPointExtension>
        </extensions>
      </trkpt>
      <trkpt lat="34.22866454567647" lon="108.82876207349226">
        <ele>400.9791188724339</ele>
        <time>2025-12-07T10:48:28.900000Z</time>
        <extensions>
          <gpxtpx:TrackPointExtension>
            <gpxtpx:hr>110</gpxtpx:hr>
          </gpxtpx:TrackPointExtension>
        </extensions>
      </trkpt>
      <trkpt lat="34.228675244663826" lon="108.82876352000368">
        <ele>401.06431605573744</ele>
        <time>2025-12-07T10:48:29.900000Z</time>
        <extensions>
          <gpxtpx:TrackPointExtension>
            <gpxtpx:hr>110</gpxtpx:hr>
          </gpxtpx:TrackPointExtension>
        </extensions>
      </trkpt>
      <trkpt lat="34.228685732845925" lon="108.82876459012802">
        <ele>401.1674571353942</ele>
        <time>2025-12-07T10:48:30.900000Z</time>
        <extensions>
          <gpxtpx:TrackPointExtension>
            <gpxtpx:hr>110</gpxtpx:hr>
          </gpxtpx:TrackPointExtension>
        </extensions>
      </trkpt>
      <trkpt lat="34.2286964003613" lon="108.82876549956963">
        <ele>401.29189440701157</ele>
        <time>2025-12-07T10:48:31.900000Z</time>
        <extensions>
          <gpxtpx:TrackPointExtension>
            <gpxtpx:hr>110</gpxtpx:hr>
          </gpxtpx:TrackPointExtension>
        </extensions>
      </trkpt>
      <trkpt lat="34.22870749643383" lon="108.82876671147127">
        <ele>401.417157352902</ele>
        <time>2025-12-07T10:48:32.900000Z</time>
        <extensions>
          <gpxtpx:TrackPointExtension>
            <gpxtpx:hr>110</gpxtpx:hr>
          </gpxtpx:TrackPointExtension>
        </extensions>
      </trkpt>
      <trkpt lat="34.22871927597814" lon="108.82876846856584">
        <ele>401.5539617454633</ele>
        <time>2025-12-07T10:48:33.900000Z</time>
        <extensions>
          <gpxtpx:TrackPointExtension>
            <gpxtpx:hr>110</gpxtpx:hr>
          </gpxtpx:TrackPointExtension>
        </extensions>
      </trkpt>
      <trkpt lat="34.22873204210457" lon="108.8287708660056">
        <ele>401.69778069201857</ele>
        <time>2025-12-07T10:48:34.900000Z</time>
        <extensions>
          <gpxtpx:TrackPointExtension>
            <gpxtpx:hr>110</gpxtpx:hr>
          </gpxtpx:TrackPointExtension>
        </extensions>
      </trkpt>
      <trkpt lat="34.22874546378313" lon="108.82877356051209">
        <ele>401.8367270119488</ele>
        <time>2025-12-07T10:48:35.900000Z</time>
        <extensions>
          <gpxtpx:TrackPointExtension>
            <gpxtpx:hr>110</gpxtpx:hr>
          </gpxtpx:TrackPointExtension>
        </extensions>
      </trkpt>
      <trkpt lat="34.22875862330722" lon="108.82877574227946">
        <ele>401.9771117689088</ele>
        <time>2025-12-07T10:48:36.900000Z</time>
        <extensions>
          <gpxtpx:TrackPointExtension>
            <gpxtpx:hr>110</gpxtpx:hr>
          </gpxtpx:TrackPointExtension>
        </extensions>
      </trkpt>
      <trkpt lat="34.22877111118491" lon="108.82877754414982">
        <ele>402.1282372055575</ele>
        <time>2025-12-07T10:48:37.900000Z</time>
        <extensions>
          <gpxtpx:TrackPointExtension>
            <gpxtpx:hr>110</gpxtpx:hr>
          </gpxtpx:TrackPointExtension>
        </extensions>
      </trkpt>
      <trkpt lat="34.22878339202505" lon="108.828779560894">
        <ele>402.28319045715034</ele>
        <time>2025-12-07T10:48:38.900000Z</time>
        <extensions>
          <gpxtpx:TrackPointExtension>
            <gpxtpx:hr>110</gpxtpx:hr>
          </gpxtpx:TrackPointExtension>
        </extensions>
      </trkpt>
      <trkpt lat="34.228795376230984" lon="108.82878190392852">
        <ele>402.4415955860168</ele>
        <time>2025-12-07T10:48:39.900000Z</time>
        <extensions>
          <gpxtpx:TrackPointExtension>
            <gpxtpx:hr>110</gpxtpx:hr>
          </gpxtpx:TrackPointExtension>
        </extensions>
      </trkpt>
      <trkpt lat="34.22880669803537" lon="108.82878439343651">
        <ele>402.5884119030088</ele>
        <time>2025-12-07T10:48:40.900000Z</time>
        <extensions>
          <gpxtpx:TrackPointExtension>
            <gpxtpx:hr>110</gpxtpx:hr>
          </gpxtpx:TrackPointExtension>
        </extensions>
      </trkpt>
      <trkpt lat="34.22881744964215" lon="108.82878701381773">
        <ele>402.7221950246021</ele>
        <time>2025-12-07T10:48:41.900000Z</time>
        <extensions>
          <gpxtpx:TrackPointExtension>
            <gpxtpx:hr>110</gpxtpx:hr>
          </gpxtpx:TrackPointExtension>
        </extensions>
      </trkpt>
      <trkpt lat="34.228827880106635" lon="108.82878934980981">
        <ele>402.8525939853862</ele>
        <time>2025-12-07T10:48:42.900000Z</time>
        <extensions>
          <gpxtpx:TrackPointExtension>
            <gpxtpx:hr>110</gpxtpx:hr>
          </gpxtpx:TrackPointExtension>
        </extensions>
      </trkpt>
      <trkpt lat="34.22883818700215" lon="108.82879064810045">
        <ele>402.97351842932403</ele>
        <time>2025-12-07T10:48:43.900000Z</time>
        <extensions>
          <gpxtpx:TrackPointExtension>
            <gpxtpx:hr>110</gpxtpx:hr>
          </gpxtpx:TrackPointExtension>
        </extensions>
      </trkpt>
      <trkpt lat="34.22884919529334" lon="108.82879094053851">
        <ele>403.07850284315646</ele>
        <time>2025-12-07T10:48:44.900000Z</time>
        <extensions>
          <gpxtpx:TrackPointExtension>
            <gpxtpx:hr>110</gpxtpx:hr>
          </gpxtpx:TrackPointExtension>
        </extensions>
      </trkpt>
      <trkpt lat="34.22886108412857" lon="108.82879086605584">
        <ele>403.16702962946147</ele>
        <time>2025-12-07T10:48:45.900000Z</time>
        <extensions>
          <gpxtpx:TrackPointExtension>
            <gpxtpx:hr>110</gpxtpx:hr>
          </gpxtpx:TrackPointExtension>
        </extensions>
      </trkpt>
      <trkpt lat="34.22887311753241" lon="108.82879059695085">
        <ele>403.25010861456394</ele>
        <time>2025-12-07T10:48:46.900000Z</time>
        <extensions>
          <gpxtpx:TrackPointExtension>
            <gpxtpx:hr>110</gpxtpx:hr>
          </gpxtpx:TrackPointExtension>
        </extensions>
      </trkpt>
      <trkpt lat="34.22888513725948" lon="108.82879030894917">
        <ele>403.3157265968621</ele>
        <time>2025-12-07T10:48:47.900000Z</time>
      </trkpt>
      <trkpt lat="34.22889756892221" lon="108.82879000084448">
        <ele>403.36093532294035</ele>
        <time>2025-12-07T10:48:48.900000Z</time>
      </trkpt>
      <trkpt lat="34.22891057007931" lon="108.82878941430648">
        <ele>403.3911509718746</ele>
        <time>2025-12-07T10:48:49.900000Z</time>
      </trkpt>
      <trkpt lat="34.228923203721834" lon="108.82878843194233">
        <ele>403.41538592707366</ele>
        <time>2025-12-07T10:48:50.900000Z</time>
      </trkpt>
      <trkpt lat="34.22893524011289" lon="108.82878729334092">
        <ele>403.42367890663445</ele>
        <time>2025-12-07T10:48:51.900000Z</time>
      </trkpt>
      <trkpt lat="34.22894729216489" lon="108.8287856655279">
        <ele>403.4155626790598</ele>
        <time>2025-12-07T10:48:52.900000Z</time>
      </trkpt>
      <trkpt lat="34.22895982188875" lon="108.82878349128383">
        <ele>403.4041748410091</ele>
        <time>2025-12-07T10:48:53.900000Z</time>
      </trkpt>
      <trkpt lat="34.22897266066532" lon="108.8287813192562">
        <ele>403.4065833427012</ele>
        <time>2025-12-07T10:48:54.900000Z</time>
      </trkpt>
      <trkpt lat="34.22898568938086" lon="108.82877949102046">
        <ele>403.3993357839063</ele>
        <time>2025-12-07T10:48:55.900000Z</time>
      </trkpt>
      <trkpt lat="34.228999098141124" lon="108.82877786646829">
        <ele>403.4004510594532</ele>
        <time>2025-12-07T10:48:56.900000Z</time>
      </trkpt>
      <trkpt lat="34.22901179349918" lon="108.8287760617683">
        <ele>403.3966373289004</ele>
        <time>2025-12-07T10:48:57.900000Z</time>
      </trkpt>
      <trkpt lat="34.229024019911805" lon="108.82877410012378">
        <ele>403.3915405208245</ele>
        <time>2025-12-07T10:48:58.900000Z</time>
      </trkpt>
      <trkpt lat="34.22903673321375" lon="108.82877259931989">
        <ele>403.3800955284387</ele>
        <time>2025-12-07T10:48:59.900000Z</time>
      </trkpt>
      <trkpt lat="34.22904899958672" lon="108.82877209783639">
        <ele>403.37483712285757</ele>
        <time>2025-12-07T10:49:00.900000Z</time>
      </trkpt>
      <trkpt lat="34.229059940427796" lon="108.82877260353085">
        <ele>403.36908845137805</ele>
        <time>2025-12-07T10:49:01.900000Z</time>
      </trkpt>
      <trkpt lat="34.22906857489586" lon="108.82877364598274">
        <ele>403.3681517932564</ele>
        <time>2025-12-07T10:49:02.900000Z</time>
      </trkpt>
      <trkpt lat="34.22907462466205" lon="108.82877454081368">
        <ele>403.3664100151509</ele>
        <time>2025-12-07T10:49:03.900000Z</time>
      </trkpt>
      <trkpt lat="34.229078179362865" lon="108.82877497007368">
        <ele>403.3659164821729</ele>
        <time>2025-12-07T10:49:04.900000Z</time>
      </trkpt>
      <trkpt lat="34.22907947622801" lon="108.82877484896603">
        <ele>403.3650513049215</ele>
        <time>2025-12-07T10:49:05.900000Z</time>
      </trkpt>
      <trkpt lat="34.229079552519394" lon="108.82877426706982">
        <ele>403.36437782272696</ele>
        <time>2025-12-07T10:49:06.900000Z</time>
      </trkpt>
      <trkpt lat="34.22907922705432" lon="108.82877365139073">
        <ele>403.3637360697612</ele>
        <time>2025-12-07T10:49:07.900000Z</time>
      </trkpt>
      <trkpt lat="34.22907888219895" lon="108.82877325716403">
        <ele>403.36274641379714</ele>
        <time>2025-12-07T10:49:08.900000Z</time>
      </trkpt>
      <trkpt lat="34.2290787486501" lon="108.82877295588536">
        <ele>403.35755538009107</ele>
        <time>2025-12-07T10:49:09.900000Z</time>
      </trkpt>
      <trkpt lat="34.229078793325584" lon="108.82877274766003">
        <ele>403.34849099069834</ele>
        <time>2025-12-07T10:49:10.900000Z</time>
      </trkpt>
      <trkpt lat="34.22907890200878" lon="108.82877267518698">
        <ele>403.3447875780985</ele>
        <time>2025-12-07T10:49:12Z</time>
      </trkpt>
      <trkpt lat="34.22907907150967" lon="108.8287726955079">
        <ele>403.3292125593871</ele>
        <time>2025-12-07T10:49:13Z</time>
      </trkpt>
      <trkpt lat="34.22907941579254" lon="108.82877274396816">
        <ele>403.31081249844283</ele>
        <time>2025-12-07T10:49:14Z</time>
      </trkpt>
      <trkpt lat="34.22907994892972" lon="108.82877281388372">
        <ele>403.28362766467035</ele>
        <time>2025-12-07T10:49:15Z</time>
      </trkpt>
      <trkpt lat="34.229080682322454" lon="108.82877290420308">
        <ele>403.2533343518153</ele>
        <time>2025-12-07T10:49:16Z</time>
      </trkpt>
      <trkpt lat="34.22908159981156" lon="108.82877302165886">
        <ele>403.2241210490465</ele>
        <time>2025-12-07T10:49:17Z</time>
      </trkpt>
      <trkpt lat="34.22908274784015" lon="108.82877319392107">
        <ele>403.1907518673688</ele>
        <time>2025-12-07T10:49:18Z</time>
      </trkpt>
      <trkpt lat="34.22908445238208" lon="108.82877343261366">
        <ele>403.1566901654005</ele>
        <time>2025-12-07T10:49:19Z</time>
      </trkpt>
      <trkpt lat="34.2290872587356" lon="108.82877372839425">
        <ele>403.13115662150085</ele>
        <time>2025-12-07T10:49:20Z</time>
      </trkpt>
      <trkpt lat="34.22909221661539" lon="108.8287739631198">
        <ele>403.10705361980945</ele>
        <time>2025-12-07T10:49:21Z</time>
      </trkpt>
      <trkpt lat="34.22910002924413" lon="108.82877396194401">
        <ele>403.08143701031804</ele>
        <time>2025-12-07T10:49:22Z</time>
      </trkpt>
      <trkpt lat="34.229110230804274" lon="108.82877360047367">
        <ele>403.04967254027724</ele>
        <time>2025-12-07T10:49:23Z</time>
      </trkpt>
      <trkpt lat="34.229121532462926" lon="108.82877323338379">
        <ele>403.0202336162329</ele>
        <time>2025-12-07T10:49:24Z</time>
      </trkpt>
      <trkpt lat="34.22913294062633" lon="108.8287731958342">
        <ele>403.0036672418937</ele>
        <time>2025-12-07T10:49:25Z</time>
      </trkpt>
      <trkpt lat="34.229143864404485" lon="108.82877347863835">
        <ele>402.98533352743834</ele>
        <time>2025-12-07T10:49:26Z</time>
      </trkpt>
      <trkpt lat="34.22915453794028" lon="108.82877388472494">
        <ele>402.9568796688691</ele>
        <time>2025-12-07T10:49:27Z</time>
      </trkpt>
      <trkpt lat="34.229165488949846" lon="108.8287744575113">
        <ele>402.92787019442767</ele>
        <time>2025-12-07T10:49:28Z</time>
      </trkpt>
      <trkpt lat="34.22917696165391" lon="108.82877562616612">
        <ele>402.90956950187683</ele>
        <time>2025-12-07T10:49:29Z</time>
      </trkpt>
      <trkpt lat="34.229189380051025" lon="108.82877739695064">
        <ele>402.89103796985</ele>
        <time>2025-12-07T10:49:30Z</time>
      </trkpt>
      <trkpt lat="34.22920255713877" lon="108.82877905595944">
        <ele>402.8780671264976</ele>
        <time>2025-12-07T10:49:31Z</time>
      </trkpt>
      <trkpt lat="34.22921570909775" lon="108.8287798741949">
        <ele>402.8666387628764</ele>
        <time>2025-12-07T10:49:32Z</time>
      </trkpt>
      <trkpt lat="34.229229073863884" lon="108.82877990243038">
        <ele>402.8466106755659</ele>
        <time>2025-12-07T10:49:33Z</time>
      </trkpt>
      <trkpt lat="34.22924251678764" lon="108.82878030729327">
        <ele>402.8383237756789</ele>
        <time>2025-12-07T10:49:34Z</time>
      </trkpt>
      <trkpt lat="34.22925572141469" lon="108.8287819784339">
        <ele>402.83337283786386</ele>
        <time>2025-12-07T10:49:35Z</time>
      </trkpt>
      <trkpt lat="34.22926892427109" lon="108.82878390570536">
        <ele>402.8296509468928</ele>
        <time>2025-12-07T10:49:36Z</time>
      </trkpt>
      <trkpt lat="34.22928155823352" lon="108.82878531384189">
        <ele>402.8157123327255</ele>
        <time>2025-12-07T10:49:37Z</time>
      </trkpt>
      <trkpt lat="34.22929285835048" lon="108.8287865447505">
        <ele>402.7895940197632</ele>
        <time>2025-12-07T10:49:38Z</time>
      </trkpt>
      <trkpt lat="34.229302988326815" lon="108.82878740072876">
        <ele>402.77748272940516</ele>
        <time>2025-12-07T10:49:39Z</time>
      </trkpt>
      <trkpt lat="34.22931407549046" lon="108.82878763131596">
        <ele>402.7633899599314</ele>
        <time>2025-12-07T10:49:40Z</time>
      </trkpt>
      <trkpt lat="34.22932688622409" lon="108.82878765333477">
        <ele>402.7431953372434</ele>
        <time>2025-12-07T10:49:41Z</time>
        <extensions>
          <gpxtpx:TrackPointExtension>
            <gpxtpx:hr>108</gpxtpx:hr>
          </gpxtpx:TrackPointExtension>
        </extensions>
      </trkpt>
      <trkpt lat="34.22933919859431" lon="108.82878807042903">
        <ele>402.73039947263896</ele>
        <time>2025-12-07T10:49:42Z</time>
        <extensions>
          <gpxtpx:TrackPointExtension>
            <gpxtpx:hr>108</gpxtpx:hr>
          </gpxtpx:TrackPointExtension>
        </extensions>
      </trkpt>
      <trkpt lat="34.22935017715939" lon="108.8287897878591">
        <ele>402.7206718530506</ele>
        <time>2025-12-07T10:49:43Z</time>
        <extensions>
          <gpxtpx:TrackPointExtension>
            <gpxtpx:hr>108</gpxtpx:hr>
          </gpxtpx:TrackPointExtension>
        </extensions>
      </trkpt>
      <trkpt lat="34.22936107935823" lon="108.82879242590778">
        <ele>402.72433589957654</ele>
        <time>2025-12-07T10:49:44Z</time>
        <extensions>
          <gpxtpx:TrackPointExtension>
            <gpxtpx:hr>108</gpxtpx:hr>
          </gpxtpx:TrackPointExtension>
        </extensions>
      </trkpt>
      <trkpt lat="34.22937220853581" lon="108.82879467112969">
        <ele>402.7212423114106</ele>
        <time>2025-12-07T10:49:45Z</time>
        <extensions>
          <gpxtpx:TrackPointExtension>
            <gpxtpx:hr>108</gpxtpx:hr>
          </gpxtpx:TrackPointExtension>
        </extensions>
      </trkpt>
      <trkpt lat="34.229383069711496" lon="108.82879629158816">
        <ele>402.71837295405567</ele>
        <time>2025-12-07T10:49:46Z</time>
        <extensions>
          <gpxtpx:TrackPointExtension>
            <gpxtpx:hr>108</gpxtpx:hr>
          </gpxtpx:TrackPointExtension>
        </extensions>
      </trkpt>
      <trkpt lat="34.22939404179975" lon="108.82879728307702">
        <ele>402.7122261170298</ele>
        <time>2025-12-07T10:49:47Z</time>
        <extensions>
          <gpxtpx:TrackPointExtension>
            <gpxtpx:hr>108</gpxtpx:hr>
          </gpxtpx:TrackPointExtension>
        </extensions>
      </trkpt>
      <trkpt lat="34.2294056874963" lon="108.82879798177242">
        <ele>402.72863350529224</ele>
        <time>2025-12-07T10:49:48Z</time>
        <extensions>
          <gpxtpx:TrackPointExtension>
            <gpxtpx:hr>108</gpxtpx:hr>
          </gpxtpx:TrackPointExtension>
        </extensions>
      </trkpt>
      <trkpt lat="34.229417524490856" lon="108.82879891366214">
        <ele>402.7554662618786</ele>
        <time>2025-12-07T10:49:49Z</time>
        <extensions>
          <gpxtpx:TrackPointExtension>
            <gpxtpx:hr>108</gpxtpx:hr>
          </gpxtpx:TrackPointExtension>
        </extensions>
      </trkpt>
      <trkpt lat="34.229428791387804" lon="108.82880001342313">
        <ele>402.7918668212369</ele>
        <time>2025-12-07T10:49:50Z</time>
        <extensions>
          <gpxtpx:TrackPointExtension>
            <gpxtpx:hr>108</gpxtpx:hr>
          </gpxtpx:TrackPointExtension>
        </extensions>
      </trkpt>
      <trkpt lat="34.22943989840447" lon="108.82880128815785">
        <ele>402.8362563159317</ele>
        <time>2025-12-07T10:49:51Z</time>
        <extensions>
          <gpxtpx:TrackPointExtension>
            <gpxtpx:hr>108</gpxtpx:hr>
          </gpxtpx:TrackPointExtension>
        </extensions>
      </trkpt>
      <trkpt lat="34.229450581211715" lon="108.82880256543585">
        <ele>402.9046927941963</ele>
        <time>2025-12-07T10:49:52Z</time>
        <extensions>
          <gpxtpx:TrackPointExtension>
            <gpxtpx:hr>108</gpxtpx:hr>
          </gpxtpx:TrackPointExtension>
        </extensions>
      </trkpt>
      <trkpt lat="34.229460708376045" lon="108.82880349708878">
        <ele>402.9763137921691</ele>
        <time>2025-12-07T10:49:53Z</time>
        <extensions>
          <gpxtpx:TrackPointExtension>
            <gpxtpx:hr>108</gpxtpx:hr>
          </gpxtpx:TrackPointExtension>
        </extensions>
      </trkpt>
      <trkpt lat="34.22947141379627" lon="108.82880422328806">
        <ele>403.04853766411543</ele>
        <time>2025-12-07T10:49:54Z</time>
        <extensions>
          <gpxtpx:TrackPointExtension>
            <gpxtpx:hr>108</gpxtpx:hr>
          </gpxtpx:TrackPointExtension>
        </extensions>
      </trkpt>
      <trkpt lat="34.229483034527654" lon="108.82880520951855">
        <ele>403.12850644346327</ele>
        <time>2025-12-07T10:49:54.900000Z</time>
        <extensions>
          <gpxtpx:TrackPointExtension>
            <gpxtpx:hr>108</gpxtpx:hr>
          </gpxtpx:TrackPointExtension>
        </extensions>
      </trkpt>
      <trkpt lat="34.22949493223333" lon="108.82880673830986">
        <ele>403.2176210070029</ele>
        <time>2025-12-07T10:49:55.900000Z</time>
        <extensions>
          <gpxtpx:TrackPointExtension>
            <gpxtpx:hr>113</gpxtpx:hr>
          </gpxtpx:TrackPointExtension>
        </extensions>
      </trkpt>
      <trkpt lat="34.229506791310136" lon="108.82880822834403">
        <ele>403.2990852082148</ele>
        <time>2025-12-07T10:49:56.900000Z</time>
        <extensions>
          <gpxtpx:TrackPointExtension>
            <gpxtpx:hr>113</gpxtpx:hr>
          </gpxtpx:TrackPointExtension>
        </extensions>
      </trkpt>
      <trkpt lat="34.22951852286331" lon="108.82880942380656">
        <ele>403.3939609481022</ele>
        <time>2025-12-07T10:49:57.900000Z</time>
        <extensions>
          <gpxtpx:TrackPointExtension>
            <gpxtpx:hr>113</gpxtpx:hr>
          </gpxtpx:TrackPointExtension>
        </extensions>
      </trkpt>
      <trkpt lat="34.22952999886186" lon="108.82881062263264">
        <ele>403.51051470357925</ele>
        <time>2025-12-07T10:49:58.900000Z</time>
        <extensions>
          <gpxtpx:TrackPointExtension>
            <gpxtpx:hr>113</gpxtpx:hr>
          </gpxtpx:TrackPointExtension>
        </extensions>
      </trkpt>
      <trkpt lat="34.229541626973294" lon="108.82881196986015">
        <ele>403.6214047726244</ele>
        <time>2025-12-07T10:49:59.900000Z</time>
        <extensions>
          <gpxtpx:TrackPointExtension>
            <gpxtpx:hr>113</gpxtpx:hr>
          </gpxtpx:TrackPointExtension>
        </extensions>
      </trkpt>
      <trkpt lat="34.22955344316179" lon="108.82881342318255">
        <ele>403.72865496668965</ele>
        <time>2025-12-07T10:50:00.900000Z</time>
        <extensions>
          <gpxtpx:TrackPointExtension>
            <gpxtpx:hr>113</gpxtpx:hr>
          </gpxtpx:TrackPointExtension>
        </extensions>
      </trkpt>
      <trkpt lat="34.22956516480105" lon="108.82881406852556">
        <ele>403.83316075243056</ele>
        <time>2025-12-07T10:50:01.900000Z</time>
        <extensions>
          <gpxtpx:TrackPointExtension>
            <gpxtpx:hr>113</gpxtpx:hr>
          </gpxtpx:TrackPointExtension>
        </extensions>
      </trkpt>
      <trkpt lat="34.22957660450951" lon="108.82881342666454">
        <ele>403.93065823148936</ele>
        <time>2025-12-07T10:50:02.900000Z</time>
        <extensions>
          <gpxtpx:TrackPointExtension>
            <gpxtpx:hr>113</gpxtpx:hr>
          </gpxtpx:TrackPointExtension>
        </extensions>
      </trkpt>
      <trkpt lat="34.229587481441655" lon="108.82881187204731">
        <ele>404.01957285776734</ele>
        <time>2025-12-07T10:50:03.900000Z</time>
        <extensions>
          <gpxtpx:TrackPointExtension>
            <gpxtpx:hr>113</gpxtpx:hr>
          </gpxtpx:TrackPointExtension>
        </extensions>
      </trkpt>
      <trkpt lat="34.22959823758487" lon="108.82881001771537">
        <ele>404.08878471981734</ele>
        <time>2025-12-07T10:50:04.900000Z</time>
        <extensions>
          <gpxtpx:TrackPointExtension>
            <gpxtpx:hr>112</gpxtpx:hr>
          </gpxtpx:TrackPointExtension>
        </extensions>
      </trkpt>
      <trkpt lat="34.229609897176424" lon="108.82880820610278">
        <ele>404.14898016117513</ele>
        <time>2025-12-07T10:50:05.900000Z</time>
        <extensions>
          <gpxtpx:TrackPointExtension>
            <gpxtpx:hr>112</gpxtpx:hr>
          </gpxtpx:TrackPointExtension>
        </extensions>
      </trkpt>
      <trkpt lat="34.22962240184881" lon="108.8288072278709">
        <ele>404.19157666899264</ele>
        <time>2025-12-07T10:50:06.900000Z</time>
        <extensions>
          <gpxtpx:TrackPointExtension>
            <gpxtpx:hr>112</gpxtpx:hr>
          </gpxtpx:TrackPointExtension>
        </extensions>
      </trkpt>
      <trkpt lat="34.22963496151948" lon="108.82880745660414">
        <ele>404.2243668930605</ele>
        <time>2025-12-07T10:50:07.900000Z</time>
        <extensions>
          <gpxtpx:TrackPointExtension>
            <gpxtpx:hr>112</gpxtpx:hr>
          </gpxtpx:TrackPointExtension>
        </extensions>
      </trkpt>
      <trkpt lat="34.22964698921507" lon="108.8288081819299">
        <ele>404.24010306969285</ele>
        <time>2025-12-07T10:50:08.900000Z</time>
        <extensions>
          <gpxtpx:TrackPointExtension>
            <gpxtpx:hr>112</gpxtpx:hr>
          </gpxtpx:TrackPointExtension>
        </extensions>
      </trkpt>
      <trkpt lat="34.229658928653286" lon="108.82880874395634">
        <ele>404.2413356276229</ele>
        <time>2025-12-07T10:50:09.900000Z</time>
        <extensions>
          <gpxtpx:TrackPointExtension>
            <gpxtpx:hr>107</gpxtpx:hr>
          </gpxtpx:TrackPointExtension>
        </extensions>
      </trkpt>
      <trkpt lat="34.22967119552608" lon="108.828809294547">
        <ele>404.22818502783775</ele>
        <time>2025-12-07T10:50:10.900000Z</time>
        <extensions>
          <gpxtpx:TrackPointExtension>
            <gpxtpx:hr>107</gpxtpx:hr>
          </gpxtpx:TrackPointExtension>
        </extensions>
      </trkpt>
      <trkpt lat="34.22968416310071" lon="108.82880995251807">
        <ele>404.1898686308414</ele>
        <time>2025-12-07T10:50:11.900000Z</time>
        <extensions>
          <gpxtpx:TrackPointExtension>
            <gpxtpx:hr>107</gpxtpx:hr>
          </gpxtpx:TrackPointExtension>
        </extensions>
      </trkpt>
      <trkpt lat="34.22969714222554" lon="108.82881030004332">
        <ele>404.14523734804243</ele>
        <time>2025-12-07T10:50:12.900000Z</time>
        <extensions>
          <gpxtpx:TrackPointExtension>
            <gpxtpx:hr>107</gpxtpx:hr>
          </gpxtpx:TrackPointExtension>
        </extensions>
      </trkpt>
      <trkpt lat="34.22971025553371" lon="108.8288096396847">
        <ele>404.08494214341044</ele>
        <time>2025-12-07T10:50:13.900000Z</time>
        <extensions>
          <gpxtpx:TrackPointExtension>
            <gpxtpx:hr>107</gpxtpx:hr>
          </gpxtpx:TrackPointExtension>
        </extensions>
      </trkpt>
      <trkpt lat="34.229724595783814" lon="108.82880809387355">
        <ele>404.0078118275851</ele>
        <time>2025-12-07T10:50:14.900000Z</time>
        <extensions>
          <gpxtpx:TrackPointExtension>
            <gpxtpx:hr>107</gpxtpx:hr>
          </gpxtpx:TrackPointExtension>
        </extensions>
      </trkpt>
      <trkpt lat="34.22973861463488" lon="108.82880669500221">
        <ele>403.89087486546487</ele>
        <time>2025-12-07T10:50:15.900000Z</time>
        <extensions>
          <gpxtpx:TrackPointExtension>
            <gpxtpx:hr>107</gpxtpx:hr>
          </gpxtpx:TrackPointExtension>
        </extensions>
      </trkpt>
      <trkpt lat="34.22975245277417" lon="108.82880554105394">
        <ele>403.7783802719787</ele>
        <time>2025-12-07T10:50:16.900000Z</time>
        <extensions>
          <gpxtpx:TrackPointExtension>
            <gpxtpx:hr>107</gpxtpx:hr>
          </gpxtpx:TrackPointExtension>
        </extensions>
      </trkpt>
      <trkpt lat="34.229765748566045" lon="108.82880407621755">
        <ele>403.6725583318621</ele>
        <time>2025-12-07T10:50:17.900000Z</time>
        <extensions>
          <gpxtpx:TrackPointExtension>
            <gpxtpx:hr>107</gpxtpx:hr>
          </gpxtpx:TrackPointExtension>
        </extensions>
      </trkpt>
      <trkpt lat="34.229778457238474" lon="108.8288018644539">
        <ele>403.556236455217</ele>
        <time>2025-12-07T10:50:18.900000Z</time>
        <extensions>
          <gpxtpx:TrackPointExtension>
            <gpxtpx:hr>107</gpxtpx:hr>
          </gpxtpx:TrackPointExtension>
        </extensions>
      </trkpt>
      <trkpt lat="34.2297918482349" lon="108.82879898312703">
        <ele>403.44414925109595</ele>
        <time>2025-12-07T10:50:19.900000Z</time>
        <extensions>
          <gpxtpx:TrackPointExtension>
            <gpxtpx:hr>107</gpxtpx:hr>
          </gpxtpx:TrackPointExtension>
        </extensions>
      </trkpt>
      <trkpt lat="34.22980419946913" lon="108.82879726634867">
        <ele>403.31498650927097</ele>
        <time>2025-12-07T10:50:20.900000Z</time>
        <extensions>
          <gpxtpx:TrackPointExtension>
            <gpxtpx:hr>107</gpxtpx:hr>
          </gpxtpx:TrackPointExtension>
        </extensions>
      </trkpt>
      <trkpt lat="34.22981381681339" lon="108.82879740434409">
        <ele>403.17657226137817</ele>
        <time>2025-12-07T10:50:21.900000Z</time>
        <extensions>
          <gpxtpx:TrackPointExtension>
            <gpxtpx:hr>107</gpxtpx:hr>
          </gpxtpx:TrackPointExtension>
        </extensions>
      </trkpt>
      <trkpt lat="34.22982158207685" lon="108.82879831088974">
        <ele>403.07290446106344</ele>
        <time>2025-12-07T10:50:22.900000Z</time>
        <extensions>
          <gpxtpx:TrackPointExtension>
            <gpxtpx:hr>107</gpxtpx:hr>
          </gpxtpx:TrackPointExtension>
        </extensions>
      </trkpt>
      <trkpt lat="34.22982937420354" lon="108.82879975296268">
        <ele>402.9898703508079</ele>
        <time>2025-12-07T10:50:23.900000Z</time>
        <extensions>
          <gpxtpx:TrackPointExtension>
            <gpxtpx:hr>107</gpxtpx:hr>
          </gpxtpx:TrackPointExtension>
        </extensions>
      </trkpt>
      <trkpt lat="34.22983811748585" lon="108.82880104459545">
        <ele>402.9140333319083</ele>
        <time>2025-12-07T10:50:24.900000Z</time>
        <extensions>
          <gpxtpx:TrackPointExtension>
            <gpxtpx:hr>105</gpxtpx:hr>
          </gpxtpx:TrackPointExtension>
        </extensions>
      </trkpt>
      <trkpt lat="34.22984772132073" lon="108.82880174666496">
        <ele>402.8364395350218</ele>
        <time>2025-12-07T10:50:25.900000Z</time>
        <extensions>
          <gpxtpx:TrackPointExtension>
            <gpxtpx:hr>105</gpxtpx:hr>
          </gpxtpx:TrackPointExtension>
        </extensions>
      </trkpt>
      <trkpt lat="34.22985816208015" lon="108.82880201429444">
        <ele>402.7777812592685</ele>
        <time>2025-12-07T10:50:26.900000Z</time>
        <extensions>
          <gpxtpx:TrackPointExtension>
            <gpxtpx:hr>105</gpxtpx:hr>
          </gpxtpx:TrackPointExtension>
        </extensions>
      </trkpt>
      <trkpt lat="34.22986890438102" lon="108.82880192338348">
        <ele>402.70169008150697</ele>
        <time>2025-12-07T10:50:27.900000Z</time>
        <extensions>
          <gpxtpx:TrackPointExtension>
            <gpxtpx:hr>105</gpxtpx:hr>
          </gpxtpx:TrackPointExtension>
        </extensions>
      </trkpt>
      <trkpt lat="34.22987986007215" lon="108.82880176798254">
        <ele>402.63522429857403</ele>
        <time>2025-12-07T10:50:28.900000Z</time>
        <extensions>
          <gpxtpx:TrackPointExtension>
            <gpxtpx:hr>105</gpxtpx:hr>
          </gpxtpx:TrackPointExtension>
        </extensions>
      </trkpt>
      <trkpt lat="34.22989056456835" lon="108.8288018804987">
        <ele>402.57117031607777</ele>
        <time>2025-12-07T10:50:29.900000Z</time>
        <extensions>
          <gpxtpx:TrackPointExtension>
            <gpxtpx:hr>105</gpxtpx:hr>
          </gpxtpx:TrackPointExtension>
        </extensions>
      </trkpt>
      <trkpt lat="34.22990007717266" lon="108.82880246812448">
        <ele>402.5223816167563</ele>
        <time>2025-12-07T10:50:30.900000Z</time>
        <extensions>
          <gpxtpx:TrackPointExtension>
            <gpxtpx:hr>105</gpxtpx:hr>
          </gpxtpx:TrackPointExtension>
        </extensions>
      </trkpt>
      <trkpt lat="34.229907778067655" lon="108.82880408449986">
        <ele>402.4911798639223</ele>
        <time>2025-12-07T10:50:31.900000Z</time>
        <extensions>
          <gpxtpx:TrackPointExtension>
            <gpxtpx:hr>105</gpxtpx:hr>
          </gpxtpx:TrackPointExtension>
        </extensions>
      </trkpt>
      <trkpt lat="34.229913894337585" lon="108.82880715921289">
        <ele>402.4614176880568</ele>
        <time>2025-12-07T10:50:32.900000Z</time>
        <extensions>
          <gpxtpx:TrackPointExtension>
            <gpxtpx:hr>105</gpxtpx:hr>
          </gpxtpx:TrackPointExtension>
        </extensions>
      </trkpt>
      <trkpt lat="34.22992104640346" lon="108.8288131178658">
        <ele>402.4467486394569</ele>
        <time>2025-12-07T10:50:33.900000Z</time>
        <extensions>
          <gpxtpx:TrackPointExtension>
            <gpxtpx:hr>105</gpxtpx:hr>
          </gpxtpx:TrackPointExtension>
        </extensions>
      </trkpt>
      <trkpt lat="34.22993125407957" lon="108.82882054516848">
        <ele>402.43740100227296</ele>
        <time>2025-12-07T10:50:34.900000Z</time>
        <extensions>
          <gpxtpx:TrackPointExtension>
            <gpxtpx:hr>105</gpxtpx:hr>
          </gpxtpx:TrackPointExtension>
        </extensions>
      </trkpt>
      <trkpt lat="34.229943364035115" lon="108.82882556313633">
        <ele>402.43965628091246</ele>
        <time>2025-12-07T10:50:35.900000Z</time>
        <extensions>
          <gpxtpx:TrackPointExtension>
            <gpxtpx:hr>105</gpxtpx:hr>
          </gpxtpx:TrackPointExtension>
        </extensions>
      </trkpt>
      <trkpt lat="34.22995514109157" lon="108.82882788443418">
        <ele>402.4446992641315</ele>
        <time>2025-12-07T10:50:36.900000Z</time>
        <extensions>
          <gpxtpx:TrackPointExtension>
            <gpxtpx:hr>105</gpxtpx:hr>
          </gpxtpx:TrackPointExtension>
        </extensions>
      </trkpt>
      <trkpt lat="34.22996574594366" lon="108.82882966872307">
        <ele>402.46006920933723</ele>
        <time>2025-12-07T10:50:37.900000Z</time>
        <extensions>
          <gpxtpx:TrackPointExtension>
            <gpxtpx:hr>105</gpxtpx:hr>
          </gpxtpx:TrackPointExtension>
        </extensions>
      </trkpt>
      <trkpt lat="34.22997519076729" lon="108.82883198718233">
        <ele>402.4795809770003</ele>
        <time>2025-12-07T10:50:38.900000Z</time>
        <extensions>
          <gpxtpx:TrackPointExtension>
            <gpxtpx:hr>105</gpxtpx:hr>
          </gpxtpx:TrackPointExtension>
        </extensions>
      </trkpt>
      <trkpt lat="34.229983403569065" lon="108.82883493993774">
        <ele>402.51859207544476</ele>
        <time>2025-12-07T10:50:39.900000Z</time>
        <extensions>
          <gpxtpx:TrackPointExtension>
            <gpxtpx:hr>105</gpxtpx:hr>
          </gpxtpx:TrackPointExtension>
        </extensions>
      </trkpt>
      <trkpt lat="34.22999025044675" lon="108.82883893109464">
        <ele>402.5630188276991</ele>
        <time>2025-12-07T10:50:40.900000Z</time>
        <extensions>
          <gpxtpx:TrackPointExtension>
            <gpxtpx:hr>108</gpxtpx:hr>
          </gpxtpx:TrackPointExtension>
        </extensions>
      </trkpt>
      <trkpt lat="34.229995967706294" lon="108.82884417089656">
        <ele>402.61146959196776</ele>
        <time>2025-12-07T10:50:41.900000Z</time>
        <extensions>
          <gpxtpx:TrackPointExtension>
            <gpxtpx:hr>108</gpxtpx:hr>
          </gpxtpx:TrackPointExtension>
        </extensions>
      </trkpt>
      <trkpt lat="34.230001071549374" lon="108.82885020619457">
        <ele>402.663150832057</ele>
        <time>2025-12-07T10:50:42.900000Z</time>
        <extensions>
          <gpxtpx:TrackPointExtension>
            <gpxtpx:hr>108</gpxtpx:hr>
          </gpxtpx:TrackPointExtension>
        </extensions>
      </trkpt>
      <trkpt lat="34.23000516553324" lon="108.82885635623772">
        <ele>402.7178956484422</ele>
        <time>2025-12-07T10:50:43.900000Z</time>
        <extensions>
          <gpxtpx:TrackPointExtension>
            <gpxtpx:hr>108</gpxtpx:hr>
          </gpxtpx:TrackPointExtension>
        </extensions>
      </trkpt>
      <trkpt lat="34.23000775002213" lon="108.82886175882719">
        <ele>402.7747159348801</ele>
        <time>2025-12-07T10:50:44.900000Z</time>
        <extensions>
          <gpxtpx:TrackPointExtension>
            <gpxtpx:hr>108</gpxtpx:hr>
          </gpxtpx:TrackPointExtension>
        </extensions>
      </trkpt>
      <trkpt lat="34.230008875147405" lon="108.82886540158904">
        <ele>402.8084525903687</ele>
        <time>2025-12-07T10:50:45.900000Z</time>
        <extensions>
          <gpxtpx:TrackPointExtension>
            <gpxtpx:hr>108</gpxtpx:hr>
          </gpxtpx:TrackPointExtension>
        </extensions>
      </trkpt>
      <trkpt lat="34.23000903160853" lon="108.82886737730449">
        <ele>402.83812780771405</ele>
        <time>2025-12-07T10:50:46.900000Z</time>
        <extensions>
          <gpxtpx:TrackPointExtension>
            <gpxtpx:hr>108</gpxtpx:hr>
          </gpxtpx:TrackPointExtension>
        </extensions>
      </trkpt>
      <trkpt lat="34.230008899186146" lon="108.82886847838465">
        <ele>402.8622382041067</ele>
        <time>2025-12-07T10:50:47.900000Z</time>
        <extensions>
          <gpxtpx:TrackPointExtension>
            <gpxtpx:hr>108</gpxtpx:hr>
          </gpxtpx:TrackPointExtension>
        </extensions>
      </trkpt>
      <trkpt lat="34.230008715154696" lon="108.82886906238117">
        <ele>402.88354548998177</ele>
        <time>2025-12-07T10:50:48.900000Z</time>
        <extensions>
          <gpxtpx:TrackPointExtension>
            <gpxtpx:hr>109</gpxtpx:hr>
          </gpxtpx:TrackPointExtension>
        </extensions>
      </trkpt>
      <trkpt lat="34.23000854559872" lon="108.82886934690386">
        <ele>402.9038311447948</ele>
        <time>2025-12-07T10:50:49.900000Z</time>
        <extensions>
          <gpxtpx:TrackPointExtension>
            <gpxtpx:hr>109</gpxtpx:hr>
          </gpxtpx:TrackPointExtension>
        </extensions>
      </trkpt>
      <trkpt lat="34.23000836379812" lon="108.8288694656831">
        <ele>402.9182389844209</ele>
        <time>2025-12-07T10:50:50.900000Z</time>
        <extensions>
          <gpxtpx:TrackPointExtension>
            <gpxtpx:hr>109</gpxtpx:hr>
          </gpxtpx:TrackPointExtension>
        </extensions>
      </trkpt>
      <trkpt lat="34.23000822822894" lon="108.82886951508259">
        <ele>402.9261324573308</ele>
        <time>2025-12-07T10:50:51.900000Z</time>
        <extensions>
          <gpxtpx:TrackPointExtension>
            <gpxtpx:hr>109</gpxtpx:hr>
          </gpxtpx:TrackPointExtension>
        </extensions>
      </trkpt>
      <trkpt lat="34.23000807078241" lon="108.82886956280674">
        <ele>402.9282353501767</ele>
        <time>2025-12-07T10:50:52.900000Z</time>
        <extensions>
          <gpxtpx:TrackPointExtension>
            <gpxtpx:hr>109</gpxtpx:hr>
          </gpxtpx:TrackPointExtension>
        </extensions>
      </trkpt>
      <trkpt lat="34.230007942316796" lon="108.82886967381387">
        <ele>402.9249175786972</ele>
        <time>2025-12-07T10:50:53.900000Z</time>
        <extensions>
          <gpxtpx:TrackPointExtension>
            <gpxtpx:hr>109</gpxtpx:hr>
          </gpxtpx:TrackPointExtension>
        </extensions>
      </trkpt>
      <trkpt lat="34.23000799815349" lon="108.82886989540725">
        <ele>402.9393197251484</ele>
        <time>2025-12-07T10:50:54.900000Z</time>
        <extensions>
          <gpxtpx:TrackPointExtension>
            <gpxtpx:hr>109</gpxtpx:hr>
          </gpxtpx:TrackPointExtension>
        </extensions>
      </trkpt>
      <trkpt lat="34.23000840589696" lon="108.82887026917702">
        <ele>402.9563705949113</ele>
        <time>2025-12-07T10:50:55.900000Z</time>
        <extensions>
          <gpxtpx:TrackPointExtension>
            <gpxtpx:hr>108</gpxtpx:hr>
          </gpxtpx:TrackPointExtension>
        </extensions>
      </trkpt>
      <trkpt lat="34.23000938568263" lon="108.82887071643388">
        <ele>402.9683098234236</ele>
        <time>2025-12-07T10:50:56.900000Z</time>
        <extensions>
          <gpxtpx:TrackPointExtension>
            <gpxtpx:hr>108</gpxtpx:hr>
          </gpxtpx:TrackPointExtension>
        </extensions>
      </trkpt>
      <trkpt lat="34.2300112489254" lon="108.82887128153482">
        <ele>403.00048574525863</ele>
        <time>2025-12-07T10:50:57.900000Z</time>
        <extensions>
          <gpxtpx:TrackPointExtension>
            <gpxtpx:hr>108</gpxtpx:hr>
          </gpxtpx:TrackPointExtension>
        </extensions>
      </trkpt>
      <trkpt lat="34.230014337451586" lon="108.82887211865662">
        <ele>403.03104799054563</ele>
        <time>2025-12-07T10:50:58.900000Z</time>
        <extensions>
          <gpxtpx:TrackPointExtension>
            <gpxtpx:hr>108</gpxtpx:hr>
          </gpxtpx:TrackPointExtension>
        </extensions>
      </trkpt>
      <trkpt lat="34.23001838696104" lon="108.82887283386555">
        <ele>403.09592771716416</ele>
        <time>2025-12-07T10:50:59.900000Z</time>
        <extensions>
          <gpxtpx:TrackPointExtension>
            <gpxtpx:hr>108</gpxtpx:hr>
          </gpxtpx:TrackPointExtension>
        </extensions>
      </trkpt>
      <trkpt lat="34.230023020068316" lon="108.82887313863321">
        <ele>403.2014866368845</ele>
        <time>2025-12-07T10:51:00.900000Z</time>
        <extensions>
          <gpxtpx:TrackPointExtension>
            <gpxtpx:hr>108</gpxtpx:hr>
          </gpxtpx:TrackPointExtension>
        </extensions>
      </trkpt>
      <trkpt lat="34.23002672064429" lon="108.82887300378566">
        <ele>403.3207307951525</ele>
        <time>2025-12-07T10:51:01.900000Z</time>
        <extensions>
          <gpxtpx:TrackPointExtension>
            <gpxtpx:hr>109</gpxtpx:hr>
          </gpxtpx:TrackPointExtension>
        </extensions>
      </trkpt>
      <trkpt lat="34.230028912540426" lon="108.82887254978296">
        <ele>403.45857484452426</ele>
        <time>2025-12-07T10:51:02.900000Z</time>
        <extensions>
          <gpxtpx:TrackPointExtension>
            <gpxtpx:hr>109</gpxtpx:hr>
          </gpxtpx:TrackPointExtension>
        </extensions>
      </trkpt>
      <trkpt lat="34.230030985168945" lon="108.82887219534825">
        <ele>403.59588933270425</ele>
        <time>2025-12-07T10:51:03.900000Z</time>
        <extensions>
          <gpxtpx:TrackPointExtension>
            <gpxtpx:hr>109</gpxtpx:hr>
          </gpxtpx:TrackPointExtension>
        </extensions>
      </trkpt>
      <trkpt lat="34.230033488051326" lon="108.82887234906728">
        <ele>403.73504772316664</ele>
        <time>2025-12-07T10:51:04.900000Z</time>
        <extensions>
          <gpxtpx:TrackPointExtension>
            <gpxtpx:hr>109</gpxtpx:hr>
          </gpxtpx:TrackPointExtension>
        </extensions>
      </trkpt>
      <trkpt lat="34.23003566857319" lon="108.82887297367724">
        <ele>403.8697458403185</ele>
        <time>2025-12-07T10:51:05.900000Z</time>
        <extensions>
          <gpxtpx:TrackPointExtension>
            <gpxtpx:hr>109</gpxtpx:hr>
          </gpxtpx:TrackPointExtension>
        </extensions>
      </trkpt>
      <trkpt lat="34.230037016620415" lon="108.82887429636726">
        <ele>403.98749759886414</ele>
        <time>2025-12-07T10:51:06.900000Z</time>
        <extensions>
          <gpxtpx:TrackPointExtension>
            <gpxtpx:hr>108</gpxtpx:hr>
          </gpxtpx:TrackPointExtension>
        </extensions>
      </trkpt>
      <trkpt lat="34.23003827498581" lon="108.82887745449533">
        <ele>404.088165291585</ele>
        <time>2025-12-07T10:51:07.900000Z</time>
        <extensions>
          <gpxtpx:TrackPointExtension>
            <gpxtpx:hr>108</gpxtpx:hr>
          </gpxtpx:TrackPointExtension>
        </extensions>
      </trkpt>
      <trkpt lat="34.23003937575295" lon="108.82888290532358">
        <ele>404.14674175158143</ele>
        <time>2025-12-07T10:51:08.900000Z</time>
        <extensions>
          <gpxtpx:TrackPointExtension>
            <gpxtpx:hr>108</gpxtpx:hr>
          </gpxtpx:TrackPointExtension>
        </extensions>
      </trkpt>
      <trkpt lat="34.23003967349572" lon="108.82889129713949">
        <ele>404.2394503839314</ele>
        <time>2025-12-07T10:51:09.900000Z</time>
        <extensions>
          <gpxtpx:TrackPointExtension>
            <gpxtpx:hr>108</gpxtpx:hr>
          </gpxtpx:TrackPointExtension>
        </extensions>
      </trkpt>
      <trkpt lat="34.23003940679597" lon="108.82890269861187">
        <ele>404.28630936611444</ele>
        <time>2025-12-07T10:51:10.900000Z</time>
        <extensions>
          <gpxtpx:TrackPointExtension>
            <gpxtpx:hr>108</gpxtpx:hr>
          </gpxtpx:TrackPointExtension>
        </extensions>
      </trkpt>
      <trkpt lat="34.230038617939265" lon="108.82891567867372">
        <ele>404.32149086054415</ele>
        <time>2025-12-07T10:51:11.900000Z</time>
        <extensions>
          <gpxtpx:TrackPointExtension>
            <gpxtpx:hr>108</gpxtpx:hr>
          </gpxtpx:TrackPointExtension>
        </extensions>
      </trkpt>
      <trkpt lat="34.23003754945026" lon="108.82892830686937">
        <ele>404.3326701261103</ele>
        <time>2025-12-07T10:51:12.900000Z</time>
        <extensions>
          <gpxtpx:TrackPointExtension>
            <gpxtpx:hr>109</gpxtpx:hr>
          </gpxtpx:TrackPointExtension>
        </extensions>
      </trkpt>
      <trkpt lat="34.23003634919622" lon="108.8289411549655">
        <ele>404.3330134814605</ele>
        <time>2025-12-07T10:51:13.900000Z</time>
        <extensions>
          <gpxtpx:TrackPointExtension>
            <gpxtpx:hr>109</gpxtpx:hr>
          </gpxtpx:TrackPointExtension>
        </extensions>
      </trkpt>
      <trkpt lat="34.23003467614866" lon="108.82895538242643">
        <ele>404.31738829798996</ele>
        <time>2025-12-07T10:51:14.900000Z</time>
        <extensions>
          <gpxtpx:TrackPointExtension>
            <gpxtpx:hr>109</gpxtpx:hr>
          </gpxtpx:TrackPointExtension>
        </extensions>
      </trkpt>
      <trkpt lat="34.230033062897114" lon="108.82896974682392">
        <ele>404.2931764880195</ele>
        <time>2025-12-07T10:51:15.900000Z</time>
        <extensions>
          <gpxtpx:TrackPointExtension>
            <gpxtpx:hr>109</gpxtpx:hr>
          </gpxtpx:TrackPointExtension>
        </extensions>
      </trkpt>
      <trkpt lat="34.23003188211121" lon="108.82898402993092">
        <ele>404.25975431129336</ele>
        <time>2025-12-07T10:51:16.900000Z</time>
        <extensions>
          <gpxtpx:TrackPointExtension>
            <gpxtpx:hr>109</gpxtpx:hr>
          </gpxtpx:TrackPointExtension>
        </extensions>
      </trkpt>
      <trkpt lat="34.230030813370135" lon="108.82899799832579">
        <ele>404.208019092679</ele>
        <time>2025-12-07T10:51:18Z</time>
        <extensions>
          <gpxtpx:TrackPointExtension>
            <gpxtpx:hr>109</gpxtpx:hr>
          </gpxtpx:TrackPointExtension>
        </extensions>
      </trkpt>
      <trkpt lat="34.2300298253596" lon="108.82901039864221">
        <ele>404.16842653788626</ele>
        <time>2025-12-07T10:51:19Z</time>
        <extensions>
          <gpxtpx:TrackPointExtension>
            <gpxtpx:hr>109</gpxtpx:hr>
          </gpxtpx:TrackPointExtension>
        </extensions>
      </trkpt>
      <trkpt lat="34.23002945086864" lon="108.82902222102744">
        <ele>404.14065393805504</ele>
        <time>2025-12-07T10:51:20Z</time>
        <extensions>
          <gpxtpx:TrackPointExtension>
            <gpxtpx:hr>110</gpxtpx:hr>
          </gpxtpx:TrackPointExtension>
        </extensions>
      </trkpt>
      <trkpt lat="34.2300303104747" lon="108.82903506723387">
        <ele>404.10255913529545</ele>
        <time>2025-12-07T10:51:21Z</time>
        <extensions>
          <gpxtpx:TrackPointExtension>
            <gpxtpx:hr>110</gpxtpx:hr>
          </gpxtpx:TrackPointExtension>
        </extensions>
      </trkpt>
      <trkpt lat="34.230031320949884" lon="108.82904921521664">
        <ele>404.0670628622174</ele>
        <time>2025-12-07T10:51:22Z</time>
        <extensions>
          <gpxtpx:TrackPointExtension>
            <gpxtpx:hr>110</gpxtpx:hr>
          </gpxtpx:TrackPointExtension>
        </extensions>
      </trkpt>
      <trkpt lat="34.23003051154918" lon="108.829064076455">
        <ele>404.0195895843208</ele>
        <time>2025-12-07T10:51:23Z</time>
        <extensions>
          <gpxtpx:TrackPointExtension>
            <gpxtpx:hr>110</gpxtpx:hr>
          </gpxtpx:TrackPointExtension>
        </extensions>
      </trkpt>
      <trkpt lat="34.23002809672012" lon="108.82907868344496">
        <ele>403.9736587544903</ele>
        <time>2025-12-07T10:51:24Z</time>
        <extensions>
          <gpxtpx:TrackPointExtension>
            <gpxtpx:hr>110</gpxtpx:hr>
          </gpxtpx:TrackPointExtension>
        </extensions>
      </trkpt>
      <trkpt lat="34.230024724173624" lon="108.82909285222632">
        <ele>403.9299850454554</ele>
        <time>2025-12-07T10:51:25Z</time>
        <extensions>
          <gpxtpx:TrackPointExtension>
            <gpxtpx:hr>110</gpxtpx:hr>
          </gpxtpx:TrackPointExtension>
        </extensions>
      </trkpt>
      <trkpt lat="34.23002072270522" lon="108.82910623818071">
        <ele>403.88611460104585</ele>
        <time>2025-12-07T10:51:26Z</time>
        <extensions>
          <gpxtpx:TrackPointExtension>
            <gpxtpx:hr>109</gpxtpx:hr>
          </gpxtpx:TrackPointExtension>
        </extensions>
      </trkpt>
      <trkpt lat="34.23001645061457" lon="108.82911803016175">
        <ele>403.8488738508895</ele>
        <time>2025-12-07T10:51:27Z</time>
        <extensions>
          <gpxtpx:TrackPointExtension>
            <gpxtpx:hr>109</gpxtpx:hr>
          </gpxtpx:TrackPointExtension>
        </extensions>
      </trkpt>
      <trkpt lat="34.230011244286615" lon="108.82912725407061">
        <ele>403.80971098225564</ele>
        <time>2025-12-07T10:51:28Z</time>
        <extensions>
          <gpxtpx:TrackPointExtension>
            <gpxtpx:hr>109</gpxtpx:hr>
          </gpxtpx:TrackPointExtension>
        </extensions>
      </trkpt>
      <trkpt lat="34.23000402912055" lon="108.82913323547402">
        <ele>403.7907809326425</ele>
        <time>2025-12-07T10:51:29Z</time>
        <extensions>
          <gpxtpx:TrackPointExtension>
            <gpxtpx:hr>109</gpxtpx:hr>
          </gpxtpx:TrackPointExtension>
        </extensions>
      </trkpt>
      <trkpt lat="34.229994166754814" lon="108.82913664974743">
        <ele>403.76820725854486</ele>
        <time>2025-12-07T10:51:30Z</time>
        <extensions>
          <gpxtpx:TrackPointExtension>
            <gpxtpx:hr>109</gpxtpx:hr>
          </gpxtpx:TrackPointExtension>
        </extensions>
      </trkpt>
      <trkpt lat="34.22998217247534" lon="108.82913842898743">
        <ele>403.74471214506775</ele>
        <time>2025-12-07T10:51:31Z</time>
        <extensions>
          <gpxtpx:TrackPointExtension>
            <gpxtpx:hr>107</gpxtpx:hr>
          </gpxtpx:TrackPointExtension>
        </extensions>
      </trkpt>
      <trkpt lat="34.22996912270934" lon="108.82913848687191">
        <ele>403.71148510929197</ele>
        <time>2025-12-07T10:51:32Z</time>
        <extensions>
          <gpxtpx:TrackPointExtension>
            <gpxtpx:hr>107</gpxtpx:hr>
          </gpxtpx:TrackPointExtension>
        </extensions>
      </trkpt>
      <trkpt lat="34.22995567767502" lon="108.82913665302193">
        <ele>403.6676439810544</ele>
        <time>2025-12-07T10:51:33Z</time>
        <extensions>
          <gpxtpx:TrackPointExtension>
            <gpxtpx:hr>107</gpxtpx:hr>
          </gpxtpx:TrackPointExtension>
        </extensions>
      </trkpt>
      <trkpt lat="34.22994259248281" lon="108.82913426482483">
        <ele>403.6225891960785</ele>
        <time>2025-12-07T10:51:34Z</time>
        <extensions>
          <gpxtpx:TrackPointExtension>
            <gpxtpx:hr>107</gpxtpx:hr>
          </gpxtpx:TrackPointExtension>
        </extensions>
      </trkpt>
      <trkpt lat="34.22993037669145" lon="108.82913234724843">
        <ele>403.5870770467445</ele>
        <time>2025-12-07T10:51:35Z</time>
        <extensions>
          <gpxtpx:TrackPointExtension>
            <gpxtpx:hr>107</gpxtpx:hr>
          </gpxtpx:TrackPointExtension>
        </extensions>
      </trkpt>
      <trkpt lat="34.22991883163007" lon="108.82913097349233">
        <ele>403.55790608376265</ele>
        <time>2025-12-07T10:51:36Z</time>
        <extensions>
          <gpxtpx:TrackPointExtension>
            <gpxtpx:hr>107</gpxtpx:hr>
          </gpxtpx:TrackPointExtension>
        </extensions>
      </trkpt>
      <trkpt lat="34.22990719640288" lon="108.82912976189564">
        <ele>403.5352302165702</ele>
        <time>2025-12-07T10:51:37Z</time>
        <extensions>
          <gpxtpx:TrackPointExtension>
            <gpxtpx:hr>107</gpxtpx:hr>
          </gpxtpx:TrackPointExtension>
        </extensions>
      </trkpt>
      <trkpt lat="34.22989494780608" lon="108.82912810576113">
        <ele>403.5088283531368</ele>
        <time>2025-12-07T10:51:38Z</time>
        <extensions>
          <gpxtpx:TrackPointExtension>
            <gpxtpx:hr>109</gpxtpx:hr>
          </gpxtpx:TrackPointExtension>
        </extensions>
      </trkpt>
      <trkpt lat="34.229882604224265" lon="108.82912666013591">
        <ele>403.4830376971513</ele>
        <time>2025-12-07T10:51:39Z</time>
        <extensions>
          <gpxtpx:TrackPointExtension>
            <gpxtpx:hr>109</gpxtpx:hr>
          </gpxtpx:TrackPointExtension>
        </extensions>
      </trkpt>
      <trkpt lat="34.22987032668488" lon="108.82912715561268">
        <ele>403.4677665019408</ele>
        <time>2025-12-07T10:51:40Z</time>
        <extensions>
          <gpxtpx:TrackPointExtension>
            <gpxtpx:hr>109</gpxtpx:hr>
          </gpxtpx:TrackPointExtension>
        </extensions>
      </trkpt>
      <trkpt lat="34.22985827242891" lon="108.82913016629891">
        <ele>403.46326484158635</ele>
        <time>2025-12-07T10:51:41Z</time>
        <extensions>
          <gpxtpx:TrackPointExtension>
            <gpxtpx:hr>109</gpxtpx:hr>
          </gpxtpx:TrackPointExtension>
        </extensions>
      </trkpt>
      <trkpt lat="34.229847474448164" lon="108.82913391686559">
        <ele>403.4506424674764</ele>
        <time>2025-12-07T10:51:42Z</time>
        <extensions>
          <gpxtpx:TrackPointExtension>
            <gpxtpx:hr>109</gpxtpx:hr>
          </gpxtpx:TrackPointExtension>
        </extensions>
      </trkpt>
      <trkpt lat="34.22983756790535" lon="108.82913604207565">
        <ele>403.44011449534446</ele>
        <time>2025-12-07T10:51:43Z</time>
        <extensions>
          <gpxtpx:TrackPointExtension>
            <gpxtpx:hr>109</gpxtpx:hr>
          </gpxtpx:TrackPointExtension>
        </extensions>
      </trkpt>
      <trkpt lat="34.22982671420896" lon="108.8291364325102">
        <ele>403.4386339401826</ele>
        <time>2025-12-07T10:51:44Z</time>
        <extensions>
          <gpxtpx:TrackPointExtension>
            <gpxtpx:hr>109</gpxtpx:hr>
          </gpxtpx:TrackPointExtension>
        </extensions>
      </trkpt>
      <trkpt lat="34.229814706204074" lon="108.8291361889197">
        <ele>403.4485040875152</ele>
        <time>2025-12-07T10:51:45Z</time>
        <extensions>
          <gpxtpx:TrackPointExtension>
            <gpxtpx:hr>109</gpxtpx:hr>
          </gpxtpx:TrackPointExtension>
        </extensions>
      </trkpt>
      <trkpt lat="34.229802678604365" lon="108.8291356934145">
        <ele>403.4652353329584</ele>
        <time>2025-12-07T10:51:46Z</time>
        <extensions>
          <gpxtpx:TrackPointExtension>
            <gpxtpx:hr>109</gpxtpx:hr>
          </gpxtpx:TrackPointExtension>
        </extensions>
      </trkpt>
      <trkpt lat="34.229790899084" lon="108.829135029508">
        <ele>403.4845386072993</ele>
        <time>2025-12-07T10:51:47Z</time>
        <extensions>
          <gpxtpx:TrackPointExtension>
            <gpxtpx:hr>109</gpxtpx:hr>
          </gpxtpx:TrackPointExtension>
        </extensions>
      </trkpt>
      <trkpt lat="34.22977889874859" lon="108.82913402688672">
        <ele>403.5133894579485</ele>
        <time>2025-12-07T10:51:48Z</time>
        <extensions>
          <gpxtpx:TrackPointExtension>
            <gpxtpx:hr>109</gpxtpx:hr>
          </gpxtpx:TrackPointExtension>
        </extensions>
      </trkpt>
      <trkpt lat="34.229766561793234" lon="108.82913242216205">
        <ele>403.54251471254975</ele>
        <time>2025-12-07T10:51:49Z</time>
        <extensions>
          <gpxtpx:TrackPointExtension>
            <gpxtpx:hr>110</gpxtpx:hr>
          </gpxtpx:TrackPointExtension>
        </extensions>
      </trkpt>
      <trkpt lat="34.229754219412456" lon="108.82913046729789">
        <ele>403.57098731957376</ele>
        <time>2025-12-07T10:51:50Z</time>
        <extensions>
          <gpxtpx:TrackPointExtension>
            <gpxtpx:hr>110</gpxtpx:hr>
          </gpxtpx:TrackPointExtension>
        </extensions>
      </trkpt>
      <trkpt lat="34.229741970146485" lon="108.82912833710014">
        <ele>403.5930111967027</ele>
        <time>2025-12-07T10:51:51Z</time>
        <extensions>
          <gpxtpx:TrackPointExtension>
            <gpxtpx:hr>110</gpxtpx:hr>
          </gpxtpx:TrackPointExtension>
        </extensions>
      </trkpt>
      <trkpt lat="34.22972969945321" lon="108.82912627563366">
        <ele>403.6049129925668</ele>
        <time>2025-12-07T10:51:52Z</time>
        <extensions>
          <gpxtpx:TrackPointExtension>
            <gpxtpx:hr>110</gpxtpx:hr>
          </gpxtpx:TrackPointExtension>
        </extensions>
      </trkpt>
      <trkpt lat="34.22971722985466" lon="108.82912427899596">
        <ele>403.61202156636864</ele>
        <time>2025-12-07T10:51:53Z</time>
        <extensions>
          <gpxtpx:TrackPointExtension>
            <gpxtpx:hr>110</gpxtpx:hr>
          </gpxtpx:TrackPointExtension>
        </extensions>
      </trkpt>
      <trkpt lat="34.22970470986801" lon="108.82912211789136">
        <ele>403.6038668239489</ele>
        <time>2025-12-07T10:51:54Z</time>
        <extensions>
          <gpxtpx:TrackPointExtension>
            <gpxtpx:hr>110</gpxtpx:hr>
          </gpxtpx:TrackPointExtension>
        </extensions>
      </trkpt>
      <trkpt lat="34.22969248599379" lon="108.82912003806295">
        <ele>403.5957137243822</ele>
        <time>2025-12-07T10:51:55Z</time>
        <extensions>
          <gpxtpx:TrackPointExtension>
            <gpxtpx:hr>110</gpxtpx:hr>
          </gpxtpx:TrackPointExtension>
        </extensions>
      </trkpt>
      <trkpt lat="34.229680256373484" lon="108.8291181530515">
        <ele>403.58521955646574</ele>
        <time>2025-12-07T10:51:56Z</time>
        <extensions>
          <gpxtpx:TrackPointExtension>
            <gpxtpx:hr>113</gpxtpx:hr>
          </gpxtpx:TrackPointExtension>
        </extensions>
      </trkpt>
      <trkpt lat="34.229667828076096" lon="108.82911673156269">
        <ele>403.5636348519474</ele>
        <time>2025-12-07T10:51:57Z</time>
        <extensions>
          <gpxtpx:TrackPointExtension>
            <gpxtpx:hr>113</gpxtpx:hr>
          </gpxtpx:TrackPointExtension>
        </extensions>
      </trkpt>
      <trkpt lat="34.22965537496114" lon="108.82911560792093">
        <ele>403.5307829892263</ele>
        <time>2025-12-07T10:51:58Z</time>
        <extensions>
          <gpxtpx:TrackPointExtension>
            <gpxtpx:hr>113</gpxtpx:hr>
          </gpxtpx:TrackPointExtension>
        </extensions>
      </trkpt>
      <trkpt lat="34.22964359063264" lon="108.82911450549146">
        <ele>403.48684159014374</ele>
        <time>2025-12-07T10:51:58.900000Z</time>
        <extensions>
          <gpxtpx:TrackPointExtension>
            <gpxtpx:hr>113</gpxtpx:hr>
          </gpxtpx:TrackPointExtension>
        </extensions>
      </trkpt>
      <trkpt lat="34.229632282756945" lon="108.82911332080629">
        <ele>403.42893000878394</ele>
        <time>2025-12-07T10:51:59.900000Z</time>
        <extensions>
          <gpxtpx:TrackPointExtension>
            <gpxtpx:hr>113</gpxtpx:hr>
          </gpxtpx:TrackPointExtension>
        </extensions>
      </trkpt>
      <trkpt lat="34.22962052214091" lon="108.82911163408485">
        <ele>403.36598793324083</ele>
        <time>2025-12-07T10:52:00.900000Z</time>
        <extensions>
          <gpxtpx:TrackPointExtension>
            <gpxtpx:hr>113</gpxtpx:hr>
          </gpxtpx:TrackPointExtension>
        </extensions>
      </trkpt>
      <trkpt lat="34.229608590509024" lon="108.82910965333613">
        <ele>403.29753049556166</ele>
        <time>2025-12-07T10:52:01.900000Z</time>
        <extensions>
          <gpxtpx:TrackPointExtension>
            <gpxtpx:hr>113</gpxtpx:hr>
          </gpxtpx:TrackPointExtension>
        </extensions>
      </trkpt>
      <trkpt lat="34.22959661416625" lon="108.82910757298546">
        <ele>403.2248452110216</ele>
        <time>2025-12-07T10:52:02.900000Z</time>
        <extensions>
          <gpxtpx:TrackPointExtension>
            <gpxtpx:hr>113</gpxtpx:hr>
          </gpxtpx:TrackPointExtension>
        </extensions>
      </trkpt>
      <trkpt lat="34.22958451297495" lon="108.82910489398253">
        <ele>403.1476562768221</ele>
        <time>2025-12-07T10:52:03.900000Z</time>
        <extensions>
          <gpxtpx:TrackPointExtension>
            <gpxtpx:hr>112</gpxtpx:hr>
          </gpxtpx:TrackPointExtension>
        </extensions>
      </trkpt>
      <trkpt lat="34.22957191888377" lon="108.82910171384121">
        <ele>403.0821611173451</ele>
        <time>2025-12-07T10:52:04.900000Z</time>
        <extensions>
          <gpxtpx:TrackPointExtension>
            <gpxtpx:hr>112</gpxtpx:hr>
          </gpxtpx:TrackPointExtension>
        </extensions>
      </trkpt>
      <trkpt lat="34.22955964424992" lon="108.82909930181965">
        <ele>403.02583942748606</ele>
        <time>2025-12-07T10:52:05.900000Z</time>
        <extensions>
          <gpxtpx:TrackPointExtension>
            <gpxtpx:hr>112</gpxtpx:hr>
          </gpxtpx:TrackPointExtension>
        </extensions>
      </trkpt>
      <trkpt lat="34.22954830033704" lon="108.82909814367432">
        <ele>402.9688746687025</ele>
        <time>2025-12-07T10:52:06.900000Z</time>
        <extensions>
          <gpxtpx:TrackPointExtension>
            <gpxtpx:hr>112</gpxtpx:hr>
          </gpxtpx:TrackPointExtension>
        </extensions>
      </trkpt>
      <trkpt lat="34.2295370406394" lon="108.82909755325556">
        <ele>402.96153101325035</ele>
        <time>2025-12-07T10:52:07.900000Z</time>
        <extensions>
          <gpxtpx:TrackPointExtension>
            <gpxtpx:hr>112</gpxtpx:hr>
          </gpxtpx:TrackPointExtension>
        </extensions>
      </trkpt>
      <trkpt lat="34.229525168641" lon="108.82909666650296">
        <ele>402.9516730066389</ele>
        <time>2025-12-07T10:52:08.900000Z</time>
        <extensions>
          <gpxtpx:TrackPointExtension>
            <gpxtpx:hr>113</gpxtpx:hr>
          </gpxtpx:TrackPointExtension>
        </extensions>
      </trkpt>
      <trkpt lat="34.22951229353239" lon="108.8290951020403">
        <ele>402.9407522212714</ele>
        <time>2025-12-07T10:52:09.900000Z</time>
        <extensions>
          <gpxtpx:TrackPointExtension>
            <gpxtpx:hr>113</gpxtpx:hr>
          </gpxtpx:TrackPointExtension>
        </extensions>
      </trkpt>
      <trkpt lat="34.229498675488344" lon="108.82909313569513">
        <ele>402.93413605727255</ele>
        <time>2025-12-07T10:52:10.900000Z</time>
        <extensions>
          <gpxtpx:TrackPointExtension>
            <gpxtpx:hr>113</gpxtpx:hr>
          </gpxtpx:TrackPointExtension>
        </extensions>
      </trkpt>
      <trkpt lat="34.22948476556384" lon="108.82909111358272">
        <ele>402.93757870048285</ele>
        <time>2025-12-07T10:52:11.900000Z</time>
        <extensions>
          <gpxtpx:TrackPointExtension>
            <gpxtpx:hr>113</gpxtpx:hr>
          </gpxtpx:TrackPointExtension>
        </extensions>
      </trkpt>
      <trkpt lat="34.229470843565856" lon="108.82908919491774">
        <ele>402.9591650199145</ele>
        <time>2025-12-07T10:52:12.900000Z</time>
        <extensions>
          <gpxtpx:TrackPointExtension>
            <gpxtpx:hr>113</gpxtpx:hr>
          </gpxtpx:TrackPointExtension>
        </extensions>
      </trkpt>
      <trkpt lat="34.22945715906415" lon="108.82908746132127">
        <ele>402.9862648509443</ele>
        <time>2025-12-07T10:52:13.900000Z</time>
        <extensions>
          <gpxtpx:TrackPointExtension>
            <gpxtpx:hr>113</gpxtpx:hr>
          </gpxtpx:TrackPointExtension>
        </extensions>
      </trkpt>
      <trkpt lat="34.22944380837434" lon="108.8290857988637">
        <ele>403.0146582229063</ele>
        <time>2025-12-07T10:52:14.900000Z</time>
        <extensions>
          <gpxtpx:TrackPointExtension>
            <gpxtpx:hr>113</gpxtpx:hr>
          </gpxtpx:TrackPointExtension>
        </extensions>
      </trkpt>
      <trkpt lat="34.22943055764202" lon="108.82908398469205">
        <ele>403.0376742128283</ele>
        <time>2025-12-07T10:52:15.900000Z</time>
        <extensions>
          <gpxtpx:TrackPointExtension>
            <gpxtpx:hr>113</gpxtpx:hr>
          </gpxtpx:TrackPointExtension>
        </extensions>
      </trkpt>
      <trkpt lat="34.229417999596265" lon="108.82908230427854">
        <ele>403.0557856094092</ele>
        <time>2025-12-07T10:52:16.900000Z</time>
        <extensions>
          <gpxtpx:TrackPointExtension>
            <gpxtpx:hr>113</gpxtpx:hr>
          </gpxtpx:TrackPointExtension>
        </extensions>
      </trkpt>
      <trkpt lat="34.229406170109264" lon="108.82908131835259">
        <ele>403.07333444803953</ele>
        <time>2025-12-07T10:52:17.900000Z</time>
        <extensions>
          <gpxtpx:TrackPointExtension>
            <gpxtpx:hr>113</gpxtpx:hr>
          </gpxtpx:TrackPointExtension>
        </extensions>
      </trkpt>
      <trkpt lat="34.229394095782304" lon="108.82908070339674">
        <ele>403.0957077983767</ele>
        <time>2025-12-07T10:52:18.900000Z</time>
        <extensions>
          <gpxtpx:TrackPointExtension>
            <gpxtpx:hr>111</gpxtpx:hr>
          </gpxtpx:TrackPointExtension>
        </extensions>
      </trkpt>
      <trkpt lat="34.22938145342629" lon="108.82908003530514">
        <ele>403.1260492252186</ele>
        <time>2025-12-07T10:52:19.900000Z</time>
        <extensions>
          <gpxtpx:TrackPointExtension>
            <gpxtpx:hr>111</gpxtpx:hr>
          </gpxtpx:TrackPointExtension>
        </extensions>
      </trkpt>
      <trkpt lat="34.229368963518716" lon="108.8290794381792">
        <ele>403.15424071997404</ele>
        <time>2025-12-07T10:52:20.900000Z</time>
        <extensions>
          <gpxtpx:TrackPointExtension>
            <gpxtpx:hr>111</gpxtpx:hr>
          </gpxtpx:TrackPointExtension>
        </extensions>
      </trkpt>
      <trkpt lat="34.22935660864992" lon="108.82907871193567">
        <ele>403.18563131894916</ele>
        <time>2025-12-07T10:52:21.900000Z</time>
        <extensions>
          <gpxtpx:TrackPointExtension>
            <gpxtpx:hr>111</gpxtpx:hr>
          </gpxtpx:TrackPointExtension>
        </extensions>
      </trkpt>
      <trkpt lat="34.229343621516044" lon="108.82907789177412">
        <ele>403.2096777847037</ele>
        <time>2025-12-07T10:52:22.900000Z</time>
        <extensions>
          <gpxtpx:TrackPointExtension>
            <gpxtpx:hr>111</gpxtpx:hr>
          </gpxtpx:TrackPointExtension>
        </extensions>
      </trkpt>
      <trkpt lat="34.22933028520128" lon="108.8290770601875">
        <ele>403.2309035891667</ele>
        <time>2025-12-07T10:52:23.900000Z</time>
        <extensions>
          <gpxtpx:TrackPointExtension>
            <gpxtpx:hr>111</gpxtpx:hr>
          </gpxtpx:TrackPointExtension>
        </extensions>
      </trkpt>
      <trkpt lat="34.22931695806768" lon="108.82907603243446">
        <ele>403.2490669200197</ele>
        <time>2025-12-07T10:52:24.900000Z</time>
        <extensions>
          <gpxtpx:TrackPointExtension>
            <gpxtpx:hr>111</gpxtpx:hr>
          </gpxtpx:TrackPointExtension>
        </extensions>
      </trkpt>
      <trkpt lat="34.229303815154225" lon="108.8290746211228">
        <ele>403.2792636482045</ele>
        <time>2025-12-07T10:52:25.900000Z</time>
        <extensions>
          <gpxtpx:TrackPointExtension>
            <gpxtpx:hr>111</gpxtpx:hr>
          </gpxtpx:TrackPointExtension>
        </extensions>
      </trkpt>
      <trkpt lat="34.22929088761028" lon="108.82907334125805">
        <ele>403.28631472121924</ele>
        <time>2025-12-07T10:52:26.900000Z</time>
        <extensions>
          <gpxtpx:TrackPointExtension>
            <gpxtpx:hr>111</gpxtpx:hr>
          </gpxtpx:TrackPointExtension>
        </extensions>
      </trkpt>
      <trkpt lat="34.22927787173498" lon="108.82907319274523">
        <ele>403.30225434340537</ele>
        <time>2025-12-07T10:52:27.900000Z</time>
        <extensions>
          <gpxtpx:TrackPointExtension>
            <gpxtpx:hr>111</gpxtpx:hr>
          </gpxtpx:TrackPointExtension>
        </extensions>
      </trkpt>
      <trkpt lat="34.22926502420659" lon="108.82907423755462">
        <ele>403.3182065477595</ele>
        <time>2025-12-07T10:52:28.900000Z</time>
        <extensions>
          <gpxtpx:TrackPointExtension>
            <gpxtpx:hr>112</gpxtpx:hr>
          </gpxtpx:TrackPointExtension>
        </extensions>
      </trkpt>
      <trkpt lat="34.22925240814969" lon="108.82907554944659">
        <ele>403.33233157452196</ele>
        <time>2025-12-07T10:52:29.900000Z</time>
        <extensions>
          <gpxtpx:TrackPointExtension>
            <gpxtpx:hr>112</gpxtpx:hr>
          </gpxtpx:TrackPointExtension>
        </extensions>
      </trkpt>
      <trkpt lat="34.22923949293" lon="108.82907638965571">
        <ele>403.3149377964437</ele>
        <time>2025-12-07T10:52:30.900000Z</time>
        <extensions>
          <gpxtpx:TrackPointExtension>
            <gpxtpx:hr>112</gpxtpx:hr>
          </gpxtpx:TrackPointExtension>
        </extensions>
      </trkpt>
      <trkpt lat="34.22922603208618" lon="108.82907688465771">
        <ele>403.33975815214217</ele>
        <time>2025-12-07T10:52:31.900000Z</time>
        <extensions>
          <gpxtpx:TrackPointExtension>
            <gpxtpx:hr>112</gpxtpx:hr>
          </gpxtpx:TrackPointExtension>
        </extensions>
      </trkpt>
      <trkpt lat="34.229213345801384" lon="108.82907706280528">
        <ele>403.38962675537914</ele>
        <time>2025-12-07T10:52:32.900000Z</time>
        <extensions>
          <gpxtpx:TrackPointExtension>
            <gpxtpx:hr>112</gpxtpx:hr>
          </gpxtpx:TrackPointExtension>
        </extensions>
      </trkpt>
      <trkpt lat="34.22920201603117" lon="108.82907707713441">
        <ele>403.44496414158493</ele>
        <time>2025-12-07T10:52:33.900000Z</time>
        <extensions>
          <gpxtpx:TrackPointExtension>
            <gpxtpx:hr>112</gpxtpx:hr>
          </gpxtpx:TrackPointExtension>
        </extensions>
      </trkpt>
      <trkpt lat="34.229190814184" lon="108.82907731518166">
        <ele>403.49133043084294</ele>
        <time>2025-12-07T10:52:34.900000Z</time>
        <extensions>
          <gpxtpx:TrackPointExtension>
            <gpxtpx:hr>113</gpxtpx:hr>
          </gpxtpx:TrackPointExtension>
        </extensions>
      </trkpt>
      <trkpt lat="34.22917924169095" lon="108.82907761777568">
        <ele>403.538243195042</ele>
        <time>2025-12-07T10:52:35.900000Z</time>
        <extensions>
          <gpxtpx:TrackPointExtension>
            <gpxtpx:hr>113</gpxtpx:hr>
          </gpxtpx:TrackPointExtension>
        </extensions>
      </trkpt>
      <trkpt lat="34.229168408532914" lon="108.82907713321427">
        <ele>403.5853024395183</ele>
        <time>2025-12-07T10:52:36.900000Z</time>
        <extensions>
          <gpxtpx:TrackPointExtension>
            <gpxtpx:hr>113</gpxtpx:hr>
          </gpxtpx:TrackPointExtension>
        </extensions>
      </trkpt>
      <trkpt lat="34.229157982883876" lon="108.82907655492566">
        <ele>403.6299379337579</ele>
        <time>2025-12-07T10:52:37.900000Z</time>
        <extensions>
          <gpxtpx:TrackPointExtension>
            <gpxtpx:hr>113</gpxtpx:hr>
          </gpxtpx:TrackPointExtension>
        </extensions>
      </trkpt>
      <trkpt lat="34.2291472180489" lon="108.82907776326131">
        <ele>403.67235912848264</ele>
        <time>2025-12-07T10:52:38.900000Z</time>
        <extensions>
          <gpxtpx:TrackPointExtension>
            <gpxtpx:hr>112</gpxtpx:hr>
          </gpxtpx:TrackPointExtension>
        </extensions>
      </trkpt>
      <trkpt lat="34.22913649667935" lon="108.82907976717799">
        <ele>403.71971474122256</ele>
        <time>2025-12-07T10:52:39.900000Z</time>
        <extensions>
          <gpxtpx:TrackPointExtension>
            <gpxtpx:hr>112</gpxtpx:hr>
          </gpxtpx:TrackPointExtension>
        </extensions>
      </trkpt>
      <trkpt lat="34.22912573315783" lon="108.8290800937646">
        <ele>403.76981047168374</ele>
        <time>2025-12-07T10:52:40.900000Z</time>
        <extensions>
          <gpxtpx:TrackPointExtension>
            <gpxtpx:hr>112</gpxtpx:hr>
          </gpxtpx:TrackPointExtension>
        </extensions>
      </trkpt>
      <trkpt lat="34.229114482153" lon="108.82907936681883">
        <ele>403.81333159003407</ele>
        <time>2025-12-07T10:52:41.900000Z</time>
        <extensions>
          <gpxtpx:TrackPointExtension>
            <gpxtpx:hr>112</gpxtpx:hr>
          </gpxtpx:TrackPointExtension>
        </extensions>
      </trkpt>
      <trkpt lat="34.22910235918527" lon="108.82907906039962">
        <ele>403.843793226406</ele>
        <time>2025-12-07T10:52:42.900000Z</time>
        <extensions>
          <gpxtpx:TrackPointExtension>
            <gpxtpx:hr>112</gpxtpx:hr>
          </gpxtpx:TrackPointExtension>
        </extensions>
      </trkpt>
      <trkpt lat="34.229090836700884" lon="108.82907893086967">
        <ele>403.87232318054885</ele>
        <time>2025-12-07T10:52:43.900000Z</time>
        <extensions>
          <gpxtpx:TrackPointExtension>
            <gpxtpx:hr>112</gpxtpx:hr>
          </gpxtpx:TrackPointExtension>
        </extensions>
      </trkpt>
      <trkpt lat="34.22908184567371" lon="108.82907859909659">
        <ele>403.89556317590177</ele>
        <time>2025-12-07T10:52:44.900000Z</time>
        <extensions>
          <gpxtpx:TrackPointExtension>
            <gpxtpx:hr>112</gpxtpx:hr>
          </gpxtpx:TrackPointExtension>
        </extensions>
      </trkpt>
      <trkpt lat="34.229075922474074" lon="108.82907800373518">
        <ele>403.9144293759018</ele>
        <time>2025-12-07T10:52:45.900000Z</time>
        <extensions>
          <gpxtpx:TrackPointExtension>
            <gpxtpx:hr>112</gpxtpx:hr>
          </gpxtpx:TrackPointExtension>
        </extensions>
      </trkpt>
      <trkpt lat="34.229072205853264" lon="108.82907724857866">
        <ele>403.9374128142372</ele>
        <time>2025-12-07T10:52:46.900000Z</time>
        <extensions>
          <gpxtpx:TrackPointExtension>
            <gpxtpx:hr>112</gpxtpx:hr>
          </gpxtpx:TrackPointExtension>
        </extensions>
      </trkpt>
      <trkpt lat="34.22906899437789" lon="108.82907625500795">
        <ele>403.95980622433126</ele>
        <time>2025-12-07T10:52:47.900000Z</time>
        <extensions>
          <gpxtpx:TrackPointExtension>
            <gpxtpx:hr>112</gpxtpx:hr>
          </gpxtpx:TrackPointExtension>
        </extensions>
      </trkpt>
      <trkpt lat="34.22906483147912" lon="108.82907499948743">
        <ele>403.9879984082654</ele>
        <time>2025-12-07T10:52:48.900000Z</time>
        <extensions>
          <gpxtpx:TrackPointExtension>
            <gpxtpx:hr>112</gpxtpx:hr>
          </gpxtpx:TrackPointExtension>
        </extensions>
      </trkpt>
      <trkpt lat="34.22905870275849" lon="108.82907357176444">
        <ele>404.00676498934627</ele>
        <time>2025-12-07T10:52:49.900000Z</time>
        <extensions>
          <gpxtpx:TrackPointExtension>
            <gpxtpx:hr>112</gpxtpx:hr>
          </gpxtpx:TrackPointExtension>
        </extensions>
      </trkpt>
      <trkpt lat="34.229050395074374" lon="108.82907178287986">
        <ele>404.02459444571286</ele>
        <time>2025-12-07T10:52:50.900000Z</time>
        <extensions>
          <gpxtpx:TrackPointExtension>
            <gpxtpx:hr>112</gpxtpx:hr>
          </gpxtpx:TrackPointExtension>
        </extensions>
      </trkpt>
      <trkpt lat="34.229040506562605" lon="108.82906928657482">
        <ele>404.0407872032374</ele>
        <time>2025-12-07T10:52:51.900000Z</time>
        <extensions>
          <gpxtpx:TrackPointExtension>
            <gpxtpx:hr>111</gpxtpx:hr>
          </gpxtpx:TrackPointExtension>
        </extensions>
      </trkpt>
      <trkpt lat="34.22903021188589" lon="108.82906650483159">
        <ele>404.06089618150145</ele>
        <time>2025-12-07T10:52:52.900000Z</time>
        <extensions>
          <gpxtpx:TrackPointExtension>
            <gpxtpx:hr>111</gpxtpx:hr>
          </gpxtpx:TrackPointExtension>
        </extensions>
      </trkpt>
      <trkpt lat="34.22902031014651" lon="108.82906415609577">
        <ele>404.0823475373909</ele>
        <time>2025-12-07T10:52:53.900000Z</time>
        <extensions>
          <gpxtpx:TrackPointExtension>
            <gpxtpx:hr>111</gpxtpx:hr>
          </gpxtpx:TrackPointExtension>
        </extensions>
      </trkpt>
      <trkpt lat="34.2290099074282" lon="108.8290620927307">
        <ele>404.10216768924147</ele>
        <time>2025-12-07T10:52:54.900000Z</time>
        <extensions>
          <gpxtpx:TrackPointExtension>
            <gpxtpx:hr>111</gpxtpx:hr>
          </gpxtpx:TrackPointExtension>
        </extensions>
      </trkpt>
      <trkpt lat="34.2289980768265" lon="108.82905947408591">
        <ele>404.1282184673473</ele>
        <time>2025-12-07T10:52:55.900000Z</time>
        <extensions>
          <gpxtpx:TrackPointExtension>
            <gpxtpx:hr>111</gpxtpx:hr>
          </gpxtpx:TrackPointExtension>
        </extensions>
      </trkpt>
      <trkpt lat="34.228986175155406" lon="108.82905601096371">
        <ele>404.1487602563575</ele>
        <time>2025-12-07T10:52:56.900000Z</time>
        <extensions>
          <gpxtpx:TrackPointExtension>
            <gpxtpx:hr>111</gpxtpx:hr>
          </gpxtpx:TrackPointExtension>
        </extensions>
      </trkpt>
      <trkpt lat="34.228975373272625" lon="108.8290517003908">
        <ele>404.152959311381</ele>
        <time>2025-12-07T10:52:57.900000Z</time>
        <extensions>
          <gpxtpx:TrackPointExtension>
            <gpxtpx:hr>111</gpxtpx:hr>
          </gpxtpx:TrackPointExtension>
        </extensions>
      </trkpt>
      <trkpt lat="34.22896491172725" lon="108.82904643491405">
        <ele>404.15613886900246</ele>
        <time>2025-12-07T10:52:58.900000Z</time>
        <extensions>
          <gpxtpx:TrackPointExtension>
            <gpxtpx:hr>111</gpxtpx:hr>
          </gpxtpx:TrackPointExtension>
        </extensions>
      </trkpt>
      <trkpt lat="34.2289530096409" lon="108.8290401556489">
        <ele>404.1692674383521</ele>
        <time>2025-12-07T10:52:59.900000Z</time>
        <extensions>
          <gpxtpx:TrackPointExtension>
            <gpxtpx:hr>113</gpxtpx:hr>
          </gpxtpx:TrackPointExtension>
        </extensions>
      </trkpt>
      <trkpt lat="34.22893977088449" lon="108.82903377012927">
        <ele>404.16414929553866</ele>
        <time>2025-12-07T10:53:00.900000Z</time>
        <extensions>
          <gpxtpx:TrackPointExtension>
            <gpxtpx:hr>113</gpxtpx:hr>
          </gpxtpx:TrackPointExtension>
        </extensions>
      </trkpt>
      <trkpt lat="34.22892784063828" lon="108.82902824278241">
        <ele>404.14170091599226</ele>
        <time>2025-12-07T10:53:01.900000Z</time>
        <extensions>
          <gpxtpx:TrackPointExtension>
            <gpxtpx:hr>113</gpxtpx:hr>
          </gpxtpx:TrackPointExtension>
        </extensions>
      </trkpt>
      <trkpt lat="34.22891797647837" lon="108.82902348030008">
        <ele>404.1026977933943</ele>
        <time>2025-12-07T10:53:02.900000Z</time>
        <extensions>
          <gpxtpx:TrackPointExtension>
            <gpxtpx:hr>113</gpxtpx:hr>
          </gpxtpx:TrackPointExtension>
        </extensions>
      </trkpt>
      <trkpt lat="34.22890914964767" lon="108.82901909047179">
        <ele>404.0546367941424</ele>
        <time>2025-12-07T10:53:03.900000Z</time>
        <extensions>
          <gpxtpx:TrackPointExtension>
            <gpxtpx:hr>113</gpxtpx:hr>
          </gpxtpx:TrackPointExtension>
        </extensions>
      </trkpt>
      <trkpt lat="34.22890029477241" lon="108.82901525075162">
        <ele>404.0142361447215</ele>
        <time>2025-12-07T10:53:04.900000Z</time>
        <extensions>
          <gpxtpx:TrackPointExtension>
            <gpxtpx:hr>113</gpxtpx:hr>
          </gpxtpx:TrackPointExtension>
        </extensions>
      </trkpt>
      <trkpt lat="34.22889025756443" lon="108.829011672583">
        <ele>403.95258004870266</ele>
        <time>2025-12-07T10:53:05.900000Z</time>
        <extensions>
          <gpxtpx:TrackPointExtension>
            <gpxtpx:hr>112</gpxtpx:hr>
          </gpxtpx:TrackPointExtension>
        </extensions>
      </trkpt>
      <trkpt lat="34.2288786012821" lon="108.82900807327582">
        <ele>403.87131402641535</ele>
        <time>2025-12-07T10:53:06.900000Z</time>
        <extensions>
          <gpxtpx:TrackPointExtension>
            <gpxtpx:hr>112</gpxtpx:hr>
          </gpxtpx:TrackPointExtension>
        </extensions>
      </trkpt>
      <trkpt lat="34.22886596787245" lon="108.829004561509">
        <ele>403.77894694544375</ele>
        <time>2025-12-07T10:53:07.900000Z</time>
        <extensions>
          <gpxtpx:TrackPointExtension>
            <gpxtpx:hr>112</gpxtpx:hr>
          </gpxtpx:TrackPointExtension>
        </extensions>
      </trkpt>
      <trkpt lat="34.22885307881922" lon="108.82900108691594">
        <ele>403.68443748541176</ele>
        <time>2025-12-07T10:53:08.900000Z</time>
        <extensions>
          <gpxtpx:TrackPointExtension>
            <gpxtpx:hr>112</gpxtpx:hr>
          </gpxtpx:TrackPointExtension>
        </extensions>
      </trkpt>
      <trkpt lat="34.22884017878557" lon="108.82899771932627">
        <ele>403.5961531801149</ele>
        <time>2025-12-07T10:53:09.900000Z</time>
        <extensions>
          <gpxtpx:TrackPointExtension>
            <gpxtpx:hr>112</gpxtpx:hr>
          </gpxtpx:TrackPointExtension>
        </extensions>
      </trkpt>
      <trkpt lat="34.22882707890091" lon="108.82899492299072">
        <ele>403.5121484892443</ele>
        <time>2025-12-07T10:53:10.900000Z</time>
        <extensions>
          <gpxtpx:TrackPointExtension>
            <gpxtpx:hr>111</gpxtpx:hr>
          </gpxtpx:TrackPointExtension>
        </extensions>
      </trkpt>
      <trkpt lat="34.22881400042107" lon="108.82899296823383">
        <ele>403.42728296946734</ele>
        <time>2025-12-07T10:53:11.900000Z</time>
        <extensions>
          <gpxtpx:TrackPointExtension>
            <gpxtpx:hr>111</gpxtpx:hr>
          </gpxtpx:TrackPointExtension>
        </extensions>
      </trkpt>
      <trkpt lat="34.22880211138792" lon="108.82899177128574">
        <ele>403.3510998962447</ele>
        <time>2025-12-07T10:53:12.900000Z</time>
        <extensions>
          <gpxtpx:TrackPointExtension>
            <gpxtpx:hr>111</gpxtpx:hr>
          </gpxtpx:TrackPointExtension>
        </extensions>
      </trkpt>
      <trkpt lat="34.228791511115965" lon="108.82899121467914">
        <ele>403.28535883687437</ele>
        <time>2025-12-07T10:53:13.900000Z</time>
        <extensions>
          <gpxtpx:TrackPointExtension>
            <gpxtpx:hr>111</gpxtpx:hr>
          </gpxtpx:TrackPointExtension>
        </extensions>
      </trkpt>
      <trkpt lat="34.22878068041284" lon="108.82899105914572">
        <ele>403.22752641234547</ele>
        <time>2025-12-07T10:53:14.900000Z</time>
        <extensions>
          <gpxtpx:TrackPointExtension>
            <gpxtpx:hr>111</gpxtpx:hr>
          </gpxtpx:TrackPointExtension>
        </extensions>
      </trkpt>
      <trkpt lat="34.22876921945923" lon="108.82899087170581">
        <ele>403.16969931684434</ele>
        <time>2025-12-07T10:53:15.900000Z</time>
        <extensions>
          <gpxtpx:TrackPointExtension>
            <gpxtpx:hr>111</gpxtpx:hr>
          </gpxtpx:TrackPointExtension>
        </extensions>
      </trkpt>
      <trkpt lat="34.22875788057324" lon="108.82899031958603">
        <ele>403.1159322382882</ele>
        <time>2025-12-07T10:53:16.900000Z</time>
        <extensions>
          <gpxtpx:TrackPointExtension>
            <gpxtpx:hr>109</gpxtpx:hr>
          </gpxtpx:TrackPointExtension>
        </extensions>
      </trkpt>
      <trkpt lat="34.22874659333156" lon="108.82898949038103">
        <ele>403.065586745739</ele>
        <time>2025-12-07T10:53:17.900000Z</time>
        <extensions>
          <gpxtpx:TrackPointExtension>
            <gpxtpx:hr>109</gpxtpx:hr>
          </gpxtpx:TrackPointExtension>
        </extensions>
      </trkpt>
      <trkpt lat="34.2287351071517" lon="108.82898873135012">
        <ele>403.0193285252899</ele>
        <time>2025-12-07T10:53:18.900000Z</time>
        <extensions>
          <gpxtpx:TrackPointExtension>
            <gpxtpx:hr>109</gpxtpx:hr>
          </gpxtpx:TrackPointExtension>
        </extensions>
      </trkpt>
      <trkpt lat="34.22872357857354" lon="108.82898834224775">
        <ele>402.97555806767195</ele>
        <time>2025-12-07T10:53:19.900000Z</time>
        <extensions>
          <gpxtpx:TrackPointExtension>
            <gpxtpx:hr>108</gpxtpx:hr>
          </gpxtpx:TrackPointExtension>
        </extensions>
      </trkpt>
      <trkpt lat="34.22871250185344" lon="108.82898825826645">
        <ele>402.94552974030375</ele>
        <time>2025-12-07T10:53:20.900000Z</time>
        <extensions>
          <gpxtpx:TrackPointExtension>
            <gpxtpx:hr>108</gpxtpx:hr>
          </gpxtpx:TrackPointExtension>
        </extensions>
      </trkpt>
      <trkpt lat="34.22870258571921" lon="108.82898806642667">
        <ele>402.9180836165324</ele>
        <time>2025-12-07T10:53:21.900000Z</time>
        <extensions>
          <gpxtpx:TrackPointExtension>
            <gpxtpx:hr>108</gpxtpx:hr>
          </gpxtpx:TrackPointExtension>
        </extensions>
      </trkpt>
      <trkpt lat="34.22869341636712" lon="108.82898755733414">
        <ele>402.9016046775505</ele>
        <time>2025-12-07T10:53:22.900000Z</time>
        <extensions>
          <gpxtpx:TrackPointExtension>
            <gpxtpx:hr>107</gpxtpx:hr>
          </gpxtpx:TrackPointExtension>
        </extensions>
      </trkpt>
      <trkpt lat="34.228683789870345" lon="108.82898709303505">
        <ele>402.8790485467762</ele>
        <time>2025-12-07T10:53:24Z</time>
        <extensions>
          <gpxtpx:TrackPointExtension>
            <gpxtpx:hr>107</gpxtpx:hr>
          </gpxtpx:TrackPointExtension>
        </extensions>
      </trkpt>
      <trkpt lat="34.228673873762006" lon="108.8289870145936">
        <ele>402.8543788632378</ele>
        <time>2025-12-07T10:53:25Z</time>
        <extensions>
          <gpxtpx:TrackPointExtension>
            <gpxtpx:hr>107</gpxtpx:hr>
          </gpxtpx:TrackPointExtension>
        </extensions>
      </trkpt>
      <trkpt lat="34.22866442932091" lon="108.82898735416802">
        <ele>402.83136178087443</ele>
        <time>2025-12-07T10:53:26Z</time>
        <extensions>
          <gpxtpx:TrackPointExtension>
            <gpxtpx:hr>107</gpxtpx:hr>
          </gpxtpx:TrackPointExtension>
        </extensions>
      </trkpt>
      <trkpt lat="34.22865597885614" lon="108.82898801099914">
        <ele>402.82589440699667</ele>
        <time>2025-12-07T10:53:27Z</time>
        <extensions>
          <gpxtpx:TrackPointExtension>
            <gpxtpx:hr>107</gpxtpx:hr>
          </gpxtpx:TrackPointExtension>
        </extensions>
      </trkpt>
      <trkpt lat="34.22864847865109" lon="108.8289888484224">
        <ele>402.81022356823087</ele>
        <time>2025-12-07T10:53:28Z</time>
        <extensions>
          <gpxtpx:TrackPointExtension>
            <gpxtpx:hr>107</gpxtpx:hr>
          </gpxtpx:TrackPointExtension>
        </extensions>
      </trkpt>
      <trkpt lat="34.228641270722626" lon="108.82898948392032">
        <ele>402.78000810183585</ele>
        <time>2025-12-07T10:53:29Z</time>
        <extensions>
          <gpxtpx:TrackPointExtension>
            <gpxtpx:hr>107</gpxtpx:hr>
          </gpxtpx:TrackPointExtension>
        </extensions>
      </trkpt>
      <trkpt lat="34.22863404022498" lon="108.82898960736273">
        <ele>402.7651280499995</ele>
        <time>2025-12-07T10:53:30Z</time>
        <extensions>
          <gpxtpx:TrackPointExtension>
            <gpxtpx:hr>108</gpxtpx:hr>
          </gpxtpx:TrackPointExtension>
        </extensions>
      </trkpt>
      <trkpt lat="34.22862671373259" lon="108.82898940300707">
        <ele>402.7270703455433</ele>
        <time>2025-12-07T10:53:31Z</time>
        <extensions>
          <gpxtpx:TrackPointExtension>
            <gpxtpx:hr>108</gpxtpx:hr>
          </gpxtpx:TrackPointExtension>
        </extensions>
      </trkpt>
      <trkpt lat="34.22861995767694" lon="108.82898919979137">
        <ele>402.677799442783</ele>
        <time>2025-12-07T10:53:32Z</time>
        <extensions>
          <gpxtpx:TrackPointExtension>
            <gpxtpx:hr>108</gpxtpx:hr>
          </gpxtpx:TrackPointExtension>
        </extensions>
      </trkpt>
      <trkpt lat="34.228614225117816" lon="108.82898884029672">
        <ele>402.6209237957373</ele>
        <time>2025-12-07T10:53:33Z</time>
        <extensions>
          <gpxtpx:TrackPointExtension>
            <gpxtpx:hr>108</gpxtpx:hr>
          </gpxtpx:TrackPointExtension>
        </extensions>
      </trkpt>
      <trkpt lat="34.228609207718684" lon="108.82898808514787">
        <ele>402.57172563206404</ele>
        <time>2025-12-07T10:53:34Z</time>
        <extensions>
          <gpxtpx:TrackPointExtension>
            <gpxtpx:hr>108</gpxtpx:hr>
          </gpxtpx:TrackPointExtension>
        </extensions>
      </trkpt>
      <trkpt lat="34.228604431904564" lon="108.82898716498462">
        <ele>402.5340078789741</ele>
        <time>2025-12-07T10:53:35Z</time>
        <extensions>
          <gpxtpx:TrackPointExtension>
            <gpxtpx:hr>108</gpxtpx:hr>
          </gpxtpx:TrackPointExtension>
        </extensions>
      </trkpt>
      <trkpt lat="34.228598883569994" lon="108.82898630696268">
        <ele>402.53177840355784</ele>
        <time>2025-12-07T10:53:36Z</time>
        <extensions>
          <gpxtpx:TrackPointExtension>
            <gpxtpx:hr>108</gpxtpx:hr>
          </gpxtpx:TrackPointExtension>
        </extensions>
      </trkpt>
      <trkpt lat="34.228591619118475" lon="108.82898546422891">
        <ele>402.5454772626981</ele>
        <time>2025-12-07T10:53:37Z</time>
        <extensions>
          <gpxtpx:TrackPointExtension>
            <gpxtpx:hr>107</gpxtpx:hr>
          </gpxtpx:TrackPointExtension>
        </extensions>
      </trkpt>
      <trkpt lat="34.22858250042624" lon="108.82898383799314">
        <ele>402.55191745236516</ele>
        <time>2025-12-07T10:53:38Z</time>
        <extensions>
          <gpxtpx:TrackPointExtension>
            <gpxtpx:hr>107</gpxtpx:hr>
          </gpxtpx:TrackPointExtension>
        </extensions>
      </trkpt>
      <trkpt lat="34.22857225717268" lon="108.82898096882073">
        <ele>402.56908091157675</ele>
        <time>2025-12-07T10:53:39Z</time>
        <extensions>
          <gpxtpx:TrackPointExtension>
            <gpxtpx:hr>107</gpxtpx:hr>
          </gpxtpx:TrackPointExtension>
        </extensions>
      </trkpt>
      <trkpt lat="34.228561441597364" lon="108.82897768173274">
        <ele>402.59788099396974</ele>
        <time>2025-12-07T10:53:40Z</time>
        <extensions>
          <gpxtpx:TrackPointExtension>
            <gpxtpx:hr>106</gpxtpx:hr>
          </gpxtpx:TrackPointExtension>
        </extensions>
      </trkpt>
      <trkpt lat="34.22855019957494" lon="108.82897479706341">
        <ele>402.6155770709738</ele>
        <time>2025-12-07T10:53:41Z</time>
        <extensions>
          <gpxtpx:TrackPointExtension>
            <gpxtpx:hr>106</gpxtpx:hr>
          </gpxtpx:TrackPointExtension>
        </extensions>
      </trkpt>
      <trkpt lat="34.22853904837525" lon="108.82897259764997">
        <ele>402.61805831547827</ele>
        <time>2025-12-07T10:53:42Z</time>
        <extensions>
          <gpxtpx:TrackPointExtension>
            <gpxtpx:hr>106</gpxtpx:hr>
          </gpxtpx:TrackPointExtension>
        </extensions>
      </trkpt>
      <trkpt lat="34.22852894697188" lon="108.82897080459367">
        <ele>402.6114411968738</ele>
        <time>2025-12-07T10:53:43Z</time>
        <extensions>
          <gpxtpx:TrackPointExtension>
            <gpxtpx:hr>106</gpxtpx:hr>
          </gpxtpx:TrackPointExtension>
        </extensions>
      </trkpt>
      <trkpt lat="34.22852011835661" lon="108.82896896544757">
        <ele>402.6074708690867</ele>
        <time>2025-12-07T10:53:44Z</time>
        <extensions>
          <gpxtpx:TrackPointExtension>
            <gpxtpx:hr>106</gpxtpx:hr>
          </gpxtpx:TrackPointExtension>
        </extensions>
      </trkpt>
      <trkpt lat="34.22851185365717" lon="108.82896674562683">
        <ele>402.6045317836106</ele>
        <time>2025-12-07T10:53:45Z</time>
        <extensions>
          <gpxtpx:TrackPointExtension>
            <gpxtpx:hr>106</gpxtpx:hr>
          </gpxtpx:TrackPointExtension>
        </extensions>
      </trkpt>
      <trkpt lat="34.228502557549746" lon="108.82896401756561">
        <ele>402.60321372468024</ele>
        <time>2025-12-07T10:53:46Z</time>
        <extensions>
          <gpxtpx:TrackPointExtension>
            <gpxtpx:hr>106</gpxtpx:hr>
          </gpxtpx:TrackPointExtension>
        </extensions>
      </trkpt>
      <trkpt lat="34.22849042195276" lon="108.82896087137904">
        <ele>402.5950933601707</ele>
        <time>2025-12-07T10:53:47Z</time>
        <extensions>
          <gpxtpx:TrackPointExtension>
            <gpxtpx:hr>106</gpxtpx:hr>
          </gpxtpx:TrackPointExtension>
        </extensions>
      </trkpt>
      <trkpt lat="34.22847727014234" lon="108.82895846299641">
        <ele>402.58798271790147</ele>
        <time>2025-12-07T10:53:48Z</time>
        <extensions>
          <gpxtpx:TrackPointExtension>
            <gpxtpx:hr>106</gpxtpx:hr>
          </gpxtpx:TrackPointExtension>
        </extensions>
      </trkpt>
      <trkpt lat="34.228466390513304" lon="108.82895667720621">
        <ele>402.5771938590333</ele>
        <time>2025-12-07T10:53:49Z</time>
        <extensions>
          <gpxtpx:TrackPointExtension>
            <gpxtpx:hr>106</gpxtpx:hr>
          </gpxtpx:TrackPointExtension>
        </extensions>
      </trkpt>
      <trkpt lat="34.22845674309624" lon="108.82895401014315">
        <ele>402.5567320920527</ele>
        <time>2025-12-07T10:53:50Z</time>
      </trkpt>
      <trkpt lat="34.228445868634886" lon="108.82895024957368">
        <ele>402.5238310210407</ele>
        <time>2025-12-07T10:53:51Z</time>
      </trkpt>
      <trkpt lat="34.2284344983923" lon="108.8289457486465">
        <ele>402.48824222944677</ele>
        <time>2025-12-07T10:53:52Z</time>
      </trkpt>
      <trkpt lat="34.2284236776601" lon="108.8289412731857">
        <ele>402.45361388102174</ele>
        <time>2025-12-07T10:53:53Z</time>
      </trkpt>
      <trkpt lat="34.2284126251936" lon="108.82893783063253">
        <ele>402.42857256531715</ele>
        <time>2025-12-07T10:53:54Z</time>
      </trkpt>
      <trkpt lat="34.22840031747862" lon="108.82893545240357">
        <ele>402.4138310942799</ele>
        <time>2025-12-07T10:53:55Z</time>
      </trkpt>
      <trkpt lat="34.22838736515942" lon="108.82893329171787">
        <ele>402.39877657033503</ele>
        <time>2025-12-07T10:53:56Z</time>
      </trkpt>
      <trkpt lat="34.2283744002505" lon="108.82893084770643">
        <ele>402.3976618265733</ele>
        <time>2025-12-07T10:53:57Z</time>
      </trkpt>
      <trkpt lat="34.22836160833407" lon="108.82892858036203">
        <ele>402.40859010163695</ele>
        <time>2025-12-07T10:53:58Z</time>
      </trkpt>
      <trkpt lat="34.22834914051942" lon="108.82892714316885">
        <ele>402.4356757607311</ele>
        <time>2025-12-07T10:53:58.900000Z</time>
      </trkpt>
      <trkpt lat="34.228336356196216" lon="108.8289262144484">
        <ele>402.4526230469346</ele>
        <time>2025-12-07T10:53:59.900000Z</time>
      </trkpt>
      <trkpt lat="34.22832261974306" lon="108.82892512486745">
        <ele>402.47490561939776</ele>
        <time>2025-12-07T10:54:00.900000Z</time>
      </trkpt>
      <trkpt lat="34.22830816591928" lon="108.82892356077156">
        <ele>402.5026415279135</ele>
        <time>2025-12-07T10:54:01.900000Z</time>
      </trkpt>
      <trkpt lat="34.22829389804055" lon="108.82892148863876">
        <ele>402.5384016344324</ele>
        <time>2025-12-07T10:54:02.900000Z</time>
      </trkpt>
      <trkpt lat="34.228279884979464" lon="108.82891917283976">
        <ele>402.58101817779243</ele>
        <time>2025-12-07T10:54:03.900000Z</time>
      </trkpt>
      <trkpt lat="34.22826598606522" lon="108.82891714423441">
        <ele>402.62154283281416</ele>
        <time>2025-12-07T10:54:04.900000Z</time>
      </trkpt>
      <trkpt lat="34.22825200710845" lon="108.8289155221328">
        <ele>402.6470436146483</ele>
        <time>2025-12-07T10:54:05.900000Z</time>
      </trkpt>
      <trkpt lat="34.22823799568291" lon="108.82891385791942">
        <ele>402.68858149368316</ele>
        <time>2025-12-07T10:54:06.900000Z</time>
      </trkpt>
      <trkpt lat="34.22822410747799" lon="108.82891199307169">
        <ele>402.7233622558415</ele>
        <time>2025-12-07T10:54:07.900000Z</time>
      </trkpt>
      <trkpt lat="34.228210298407134" lon="108.82891057482175">
        <ele>402.74682244937867</ele>
        <time>2025-12-07T10:54:08.900000Z</time>
      </trkpt>
      <trkpt lat="34.228196460488775" lon="108.82891018109636">
        <ele>402.7654652437195</ele>
        <time>2025-12-07T10:54:09.900000Z</time>
      </trkpt>
      <trkpt lat="34.2281828861708" lon="108.82890956574872">
        <ele>402.80534665007144</ele>
        <time>2025-12-07T10:54:10.900000Z</time>
      </trkpt>
      <trkpt lat="34.22816994387504" lon="108.828906837062">
        <ele>402.83853816147894</ele>
        <time>2025-12-07T10:54:11.900000Z</time>
      </trkpt>
      <trkpt lat="34.22815775487351" lon="108.82890213237829">
        <ele>402.8578536109999</ele>
        <time>2025-12-07T10:54:12.900000Z</time>
      </trkpt>
      <trkpt lat="34.22814612042247" lon="108.82889732486852">
        <ele>402.86552046239376</ele>
        <time>2025-12-07T10:54:13.900000Z</time>
      </trkpt>
      <trkpt lat="34.22813474187765" lon="108.82889438040021">
        <ele>402.87039890605956</ele>
        <time>2025-12-07T10:54:14.900000Z</time>
      </trkpt>
      <trkpt lat="34.228123664722645" lon="108.82889455402295">
        <ele>402.8809051271528</ele>
        <time>2025-12-07T10:54:15.900000Z</time>
      </trkpt>
      <trkpt lat="34.22811299348762" lon="108.82889719987276">
        <ele>402.88231193926185</ele>
        <time>2025-12-07T10:54:16.900000Z</time>
      </trkpt>
      <trkpt lat="34.22810278080294" lon="108.828900132316">
        <ele>402.87519025895745</ele>
        <time>2025-12-07T10:54:17.900000Z</time>
      </trkpt>
      <trkpt lat="34.22809215097705" lon="108.82890175769315">
        <ele>402.8409656435251</ele>
        <time>2025-12-07T10:54:18.900000Z</time>
      </trkpt>
      <trkpt lat="34.2280801809983" lon="108.82890181947845">
        <ele>402.78813004214317</ele>
        <time>2025-12-07T10:54:19.900000Z</time>
      </trkpt>
      <trkpt lat="34.228067624949446" lon="108.82890049467099">
        <ele>402.72240306809545</ele>
        <time>2025-12-07T10:54:20.900000Z</time>
      </trkpt>
      <trkpt lat="34.228055125817725" lon="108.82889826299551">
        <ele>402.6526107657701</ele>
        <time>2025-12-07T10:54:21.900000Z</time>
      </trkpt>
      <trkpt lat="34.22804303136447" lon="108.82889599932403">
        <ele>402.5874327523634</ele>
        <time>2025-12-07T10:54:22.900000Z</time>
      </trkpt>
      <trkpt lat="34.22803148530894" lon="108.82889389177886">
        <ele>402.50986416079104</ele>
        <time>2025-12-07T10:54:23.900000Z</time>
      </trkpt>
      <trkpt lat="34.22801983502238" lon="108.82889122466041">
        <ele>402.4125571763143</ele>
        <time>2025-12-07T10:54:24.900000Z</time>
      </trkpt>
      <trkpt lat="34.228007715883116" lon="108.82888839048199">
        <ele>402.2977640144527</ele>
        <time>2025-12-07T10:54:25.900000Z</time>
      </trkpt>
      <trkpt lat="34.22799539049526" lon="108.82888666863929">
        <ele>402.17718716710806</ele>
        <time>2025-12-07T10:54:26.900000Z</time>
      </trkpt>
      <trkpt lat="34.22798320298835" lon="108.8288867027849">
        <ele>402.0340463100001</ele>
        <time>2025-12-07T10:54:27.900000Z</time>
      </trkpt>
      <trkpt lat="34.227971569180376" lon="108.82888794586894">
        <ele>401.87373504042625</ele>
        <time>2025-12-07T10:54:28.900000Z</time>
      </trkpt>
      <trkpt lat="34.22796029627237" lon="108.82888972146752">
        <ele>401.70523403864354</ele>
        <time>2025-12-07T10:54:29.900000Z</time>
      </trkpt>
      <trkpt lat="34.22794861485318" lon="108.82889170827573">
        <ele>401.53543784003705</ele>
        <time>2025-12-07T10:54:30.900000Z</time>
      </trkpt>
      <trkpt lat="34.22793718640755" lon="108.82889400500231">
        <ele>401.3964144717902</ele>
        <time>2025-12-07T10:54:31.900000Z</time>
      </trkpt>
      <trkpt lat="34.22792728938516" lon="108.82889717574476">
        <ele>401.27431941218674</ele>
        <time>2025-12-07T10:54:32.900000Z</time>
      </trkpt>
      <trkpt lat="34.2279183179163" lon="108.82890192493976">
        <ele>401.15882389154285</ele>
        <time>2025-12-07T10:54:33.900000Z</time>
      </trkpt>
      <trkpt lat="34.2279080403437" lon="108.82890817991655">
        <ele>401.0604573842138</ele>
        <time>2025-12-07T10:54:34.900000Z</time>
      </trkpt>
      <trkpt lat="34.227895707607246" lon="108.82891559252899">
        <ele>400.96964692138135</ele>
        <time>2025-12-07T10:54:35.900000Z</time>
      </trkpt>
      <trkpt lat="34.22788287101084" lon="108.82892317205793">
        <ele>400.89142760355026</ele>
        <time>2025-12-07T10:54:36.900000Z</time>
      </trkpt>
      <trkpt lat="34.22787044764027" lon="108.82892868938005">
        <ele>400.8253872441128</ele>
        <time>2025-12-07T10:54:37.900000Z</time>
      </trkpt>
      <trkpt lat="34.227857486836406" lon="108.82893132401949">
        <ele>400.774975374341</ele>
        <time>2025-12-07T10:54:38.900000Z</time>
      </trkpt>
      <trkpt lat="34.22784445386951" lon="108.82893249450761">
        <ele>400.7556200232357</ele>
        <time>2025-12-07T10:54:39.900000Z</time>
      </trkpt>
      <trkpt lat="34.227832589938075" lon="108.8289323709197">
        <ele>400.76939924247563</ele>
        <time>2025-12-07T10:54:40.900000Z</time>
      </trkpt>
      <trkpt lat="34.227820694238886" lon="108.82893096100288">
        <ele>400.78882976528257</ele>
        <time>2025-12-07T10:54:41.900000Z</time>
      </trkpt>
      <trkpt lat="34.227807777144726" lon="108.82892979286343">
        <ele>400.8126402301714</ele>
        <time>2025-12-07T10:54:42.900000Z</time>
      </trkpt>
      <trkpt lat="34.22779449035791" lon="108.82892924884312">
        <ele>400.8526389328763</ele>
        <time>2025-12-07T10:54:43.900000Z</time>
      </trkpt>
      <trkpt lat="34.227781213340386" lon="108.82892875846214">
        <ele>400.8894109381363</ele>
        <time>2025-12-07T10:54:44.900000Z</time>
      </trkpt>
      <trkpt lat="34.227768168908405" lon="108.82892810922156">
        <ele>400.93082300852984</ele>
        <time>2025-12-07T10:54:45.900000Z</time>
      </trkpt>
      <trkpt lat="34.22775552476609" lon="108.82892722387015">
        <ele>400.978340622969</ele>
        <time>2025-12-07T10:54:46.900000Z</time>
      </trkpt>
      <trkpt lat="34.227744123309236" lon="108.82892532717935">
        <ele>401.01805529370904</ele>
        <time>2025-12-07T10:54:47.900000Z</time>
      </trkpt>
      <trkpt lat="34.227733890868194" lon="108.8289230090567">
        <ele>401.04303020518273</ele>
        <time>2025-12-07T10:54:48.900000Z</time>
      </trkpt>
      <trkpt lat="34.22772321119174" lon="108.82892108914176">
        <ele>401.07239013072103</ele>
        <time>2025-12-07T10:54:49.900000Z</time>
      </trkpt>
      <trkpt lat="34.227712088794995" lon="108.82891921271965">
        <ele>401.107384191826</ele>
        <time>2025-12-07T10:54:50.900000Z</time>
      </trkpt>
      <trkpt lat="34.227701630289445" lon="108.82891709943455">
        <ele>401.12816290184855</ele>
        <time>2025-12-07T10:54:51.900000Z</time>
      </trkpt>
      <trkpt lat="34.22769152344479" lon="108.82891429701463">
        <ele>401.13947107922286</ele>
        <time>2025-12-07T10:54:52.900000Z</time>
      </trkpt>
      <trkpt lat="34.22768049337215" lon="108.82891057548427">
        <ele>401.1402985146269</ele>
        <time>2025-12-07T10:54:53.900000Z</time>
      </trkpt>
      <trkpt lat="34.227668478211825" lon="108.82890675533321">
        <ele>401.1349501684308</ele>
        <time>2025-12-07T10:54:54.900000Z</time>
      </trkpt>
      <trkpt lat="34.22765715314121" lon="108.82890408792953">
        <ele>401.13985637482256</ele>
        <time>2025-12-07T10:54:55.900000Z</time>
      </trkpt>
      <trkpt lat="34.227647254880324" lon="108.82890262630963">
        <ele>401.1360171586275</ele>
        <time>2025-12-07T10:54:56.900000Z</time>
      </trkpt>
      <trkpt lat="34.22763755829594" lon="108.82890206585543">
        <ele>401.1179198855534</ele>
        <time>2025-12-07T10:54:57.900000Z</time>
      </trkpt>
      <trkpt lat="34.22762675931632" lon="108.82890230936277">
        <ele>401.10818226635456</ele>
        <time>2025-12-07T10:54:58.900000Z</time>
      </trkpt>
      <trkpt lat="34.227614577847376" lon="108.82890269861969">
        <ele>401.096815998666</ele>
        <time>2025-12-07T10:54:59.900000Z</time>
      </trkpt>
      <trkpt lat="34.22760159622088" lon="108.82890264635309">
        <ele>401.10552131477743</ele>
        <time>2025-12-07T10:55:00.900000Z</time>
      </trkpt>
      <trkpt lat="34.227588990567085" lon="108.82890216648168">
        <ele>401.10569656826556</ele>
        <time>2025-12-07T10:55:01.900000Z</time>
      </trkpt>
      <trkpt lat="34.22757723730561" lon="108.82890163738683">
        <ele>401.11864803452045</ele>
        <time>2025-12-07T10:55:02.900000Z</time>
      </trkpt>
      <trkpt lat="34.22756618338925" lon="108.82890106192875">
        <ele>401.1609581494704</ele>
        <time>2025-12-07T10:55:03.900000Z</time>
      </trkpt>
      <trkpt lat="34.22755568063827" lon="108.82890046477027">
        <ele>401.2025498133153</ele>
        <time>2025-12-07T10:55:04.900000Z</time>
      </trkpt>
      <trkpt lat="34.22754564133232" lon="108.828899903096">
        <ele>401.2486618142575</ele>
        <time>2025-12-07T10:55:05.900000Z</time>
        <extensions>
          <gpxtpx:TrackPointExtension>
            <gpxtpx:hr>99</gpxtpx:hr>
          </gpxtpx:TrackPointExtension>
        </extensions>
      </trkpt>
      <trkpt lat="34.22753560440916" lon="108.82889887581057">
        <ele>401.29988690745085</ele>
        <time>2025-12-07T10:55:06.900000Z</time>
        <extensions>
          <gpxtpx:TrackPointExtension>
            <gpxtpx:hr>99</gpxtpx:hr>
          </gpxtpx:TrackPointExtension>
        </extensions>
      </trkpt>
      <trkpt lat="34.22752462604345" lon="108.82889707055918">
        <ele>401.34967335127294</ele>
        <time>2025-12-07T10:55:07.900000Z</time>
        <extensions>
          <gpxtpx:TrackPointExtension>
            <gpxtpx:hr>99</gpxtpx:hr>
          </gpxtpx:TrackPointExtension>
        </extensions>
      </trkpt>
      <trkpt lat="34.22751224188848" lon="108.82889481058592">
        <ele>401.4061430785805</ele>
        <time>2025-12-07T10:55:08.900000Z</time>
        <extensions>
          <gpxtpx:TrackPointExtension>
            <gpxtpx:hr>99</gpxtpx:hr>
          </gpxtpx:TrackPointExtension>
        </extensions>
      </trkpt>
      <trkpt lat="34.2274991515685" lon="108.82889256471202">
        <ele>401.45526739396155</ele>
        <time>2025-12-07T10:55:09.900000Z</time>
        <extensions>
          <gpxtpx:TrackPointExtension>
            <gpxtpx:hr>99</gpxtpx:hr>
          </gpxtpx:TrackPointExtension>
        </extensions>
      </trkpt>
      <trkpt lat="34.227485510302614" lon="108.82889040505137">
        <ele>401.50064290408045</ele>
        <time>2025-12-07T10:55:10.900000Z</time>
        <extensions>
          <gpxtpx:TrackPointExtension>
            <gpxtpx:hr>99</gpxtpx:hr>
          </gpxtpx:TrackPointExtension>
        </extensions>
      </trkpt>
      <trkpt lat="34.2274714064597" lon="108.82888834982643">
        <ele>401.5198171399534</ele>
        <time>2025-12-07T10:55:11.900000Z</time>
        <extensions>
          <gpxtpx:TrackPointExtension>
            <gpxtpx:hr>99</gpxtpx:hr>
          </gpxtpx:TrackPointExtension>
        </extensions>
      </trkpt>
      <trkpt lat="34.22745768813339" lon="108.82888656812447">
        <ele>401.5350296292454</ele>
        <time>2025-12-07T10:55:12.900000Z</time>
        <extensions>
          <gpxtpx:TrackPointExtension>
            <gpxtpx:hr>99</gpxtpx:hr>
          </gpxtpx:TrackPointExtension>
        </extensions>
      </trkpt>
      <trkpt lat="34.227444835152745" lon="108.8288851864149">
        <ele>401.55320925451815</ele>
        <time>2025-12-07T10:55:13.900000Z</time>
        <extensions>
          <gpxtpx:TrackPointExtension>
            <gpxtpx:hr>99</gpxtpx:hr>
          </gpxtpx:TrackPointExtension>
        </extensions>
      </trkpt>
      <trkpt lat="34.22743281470009" lon="108.82888417421606">
        <ele>401.5662106676027</ele>
        <time>2025-12-07T10:55:14.900000Z</time>
        <extensions>
          <gpxtpx:TrackPointExtension>
            <gpxtpx:hr>99</gpxtpx:hr>
          </gpxtpx:TrackPointExtension>
        </extensions>
      </trkpt>
      <trkpt lat="34.22742094975936" lon="108.82888295345478">
        <ele>401.5792643269524</ele>
        <time>2025-12-07T10:55:15.900000Z</time>
        <extensions>
          <gpxtpx:TrackPointExtension>
            <gpxtpx:hr>99</gpxtpx:hr>
          </gpxtpx:TrackPointExtension>
        </extensions>
      </trkpt>
      <trkpt lat="34.22740877206709" lon="108.82888146005436">
        <ele>401.59377832431346</ele>
        <time>2025-12-07T10:55:16.900000Z</time>
        <extensions>
          <gpxtpx:TrackPointExtension>
            <gpxtpx:hr>99</gpxtpx:hr>
          </gpxtpx:TrackPointExtension>
        </extensions>
      </trkpt>
      <trkpt lat="34.22739605258185" lon="108.82888046640727">
        <ele>401.6034477651119</ele>
        <time>2025-12-07T10:55:17.900000Z</time>
        <extensions>
          <gpxtpx:TrackPointExtension>
            <gpxtpx:hr>99</gpxtpx:hr>
          </gpxtpx:TrackPointExtension>
        </extensions>
      </trkpt>
      <trkpt lat="34.22738283236675" lon="108.82888042257082">
        <ele>401.6253499286249</ele>
        <time>2025-12-07T10:55:18.900000Z</time>
        <extensions>
          <gpxtpx:TrackPointExtension>
            <gpxtpx:hr>99</gpxtpx:hr>
          </gpxtpx:TrackPointExtension>
        </extensions>
      </trkpt>
      <trkpt lat="34.22736931770159" lon="108.82888095481337">
        <ele>401.66603278089315</ele>
        <time>2025-12-07T10:55:19.900000Z</time>
        <extensions>
          <gpxtpx:TrackPointExtension>
            <gpxtpx:hr>99</gpxtpx:hr>
          </gpxtpx:TrackPointExtension>
        </extensions>
      </trkpt>
      <trkpt lat="34.22735506020424" lon="108.82888124378883">
        <ele>401.7036132114008</ele>
        <time>2025-12-07T10:55:20.900000Z</time>
        <extensions>
          <gpxtpx:TrackPointExtension>
            <gpxtpx:hr>99</gpxtpx:hr>
          </gpxtpx:TrackPointExtension>
        </extensions>
      </trkpt>
      <trkpt lat="34.227339749654604" lon="108.82888090628684">
        <ele>401.73592070583254</ele>
        <time>2025-12-07T10:55:21.900000Z</time>
        <extensions>
          <gpxtpx:TrackPointExtension>
            <gpxtpx:hr>99</gpxtpx:hr>
          </gpxtpx:TrackPointExtension>
        </extensions>
      </trkpt>
      <trkpt lat="34.227325257135746" lon="108.82888031578976">
        <ele>401.77320361323655</ele>
        <time>2025-12-07T10:55:22.900000Z</time>
        <extensions>
          <gpxtpx:TrackPointExtension>
            <gpxtpx:hr>99</gpxtpx:hr>
          </gpxtpx:TrackPointExtension>
        </extensions>
      </trkpt>
      <trkpt lat="34.227312138319334" lon="108.82887991184089">
        <ele>401.8241373244673</ele>
        <time>2025-12-07T10:55:23.900000Z</time>
        <extensions>
          <gpxtpx:TrackPointExtension>
            <gpxtpx:hr>99</gpxtpx:hr>
          </gpxtpx:TrackPointExtension>
        </extensions>
      </trkpt>
      <trkpt lat="34.227299555602414" lon="108.82887957978619">
        <ele>401.88929932564497</ele>
        <time>2025-12-07T10:55:24.900000Z</time>
        <extensions>
          <gpxtpx:TrackPointExtension>
            <gpxtpx:hr>99</gpxtpx:hr>
          </gpxtpx:TrackPointExtension>
        </extensions>
      </trkpt>
      <trkpt lat="34.227287706355106" lon="108.82887858869442">
        <ele>401.9648799765855</ele>
        <time>2025-12-07T10:55:25.900000Z</time>
        <extensions>
          <gpxtpx:TrackPointExtension>
            <gpxtpx:hr>98</gpxtpx:hr>
          </gpxtpx:TrackPointExtension>
        </extensions>
      </trkpt>
      <trkpt lat="34.227276032766426" lon="108.82887645124647">
        <ele>402.04248002450913</ele>
        <time>2025-12-07T10:55:26.900000Z</time>
        <extensions>
          <gpxtpx:TrackPointExtension>
            <gpxtpx:hr>98</gpxtpx:hr>
          </gpxtpx:TrackPointExtension>
        </extensions>
      </trkpt>
      <trkpt lat="34.227264193688725" lon="108.82887364249673">
        <ele>402.11030702106655</ele>
        <time>2025-12-07T10:55:27.900000Z</time>
        <extensions>
          <gpxtpx:TrackPointExtension>
            <gpxtpx:hr>98</gpxtpx:hr>
          </gpxtpx:TrackPointExtension>
        </extensions>
      </trkpt>
      <trkpt lat="34.227252256267754" lon="108.8288709447503">
        <ele>402.1729305097833</ele>
        <time>2025-12-07T10:55:28.900000Z</time>
        <extensions>
          <gpxtpx:TrackPointExtension>
            <gpxtpx:hr>98</gpxtpx:hr>
          </gpxtpx:TrackPointExtension>
        </extensions>
      </trkpt>
      <trkpt lat="34.22723996523387" lon="108.8288683307789">
        <ele>402.2667747233063</ele>
        <time>2025-12-07T10:55:30Z</time>
        <extensions>
          <gpxtpx:TrackPointExtension>
            <gpxtpx:hr>97</gpxtpx:hr>
          </gpxtpx:TrackPointExtension>
        </extensions>
      </trkpt>
      <trkpt lat="34.22722769604757" lon="108.82886545434908">
        <ele>402.3588085528463</ele>
        <time>2025-12-07T10:55:31Z</time>
        <extensions>
          <gpxtpx:TrackPointExtension>
            <gpxtpx:hr>97</gpxtpx:hr>
          </gpxtpx:TrackPointExtension>
        </extensions>
      </trkpt>
      <trkpt lat="34.227215344399426" lon="108.82886254945906">
        <ele>402.45439065713435</ele>
        <time>2025-12-07T10:55:32Z</time>
        <extensions>
          <gpxtpx:TrackPointExtension>
            <gpxtpx:hr>97</gpxtpx:hr>
          </gpxtpx:TrackPointExtension>
        </extensions>
      </trkpt>
      <trkpt lat="34.2272023943442" lon="108.82886040629329">
        <ele>402.54630725923926</ele>
        <time>2025-12-07T10:55:33Z</time>
        <extensions>
          <gpxtpx:TrackPointExtension>
            <gpxtpx:hr>97</gpxtpx:hr>
          </gpxtpx:TrackPointExtension>
        </extensions>
      </trkpt>
      <trkpt lat="34.22718870979595" lon="108.82885910828047">
        <ele>402.6375825693831</ele>
        <time>2025-12-07T10:55:34Z</time>
        <extensions>
          <gpxtpx:TrackPointExtension>
            <gpxtpx:hr>97</gpxtpx:hr>
          </gpxtpx:TrackPointExtension>
        </extensions>
      </trkpt>
      <trkpt lat="34.22717452227836" lon="108.82885805256088">
        <ele>402.6984864324331</ele>
        <time>2025-12-07T10:55:35Z</time>
        <extensions>
          <gpxtpx:TrackPointExtension>
            <gpxtpx:hr>99</gpxtpx:hr>
          </gpxtpx:TrackPointExtension>
        </extensions>
      </trkpt>
      <trkpt lat="34.22716040358039" lon="108.82885656894841">
        <ele>402.7502532629296</ele>
        <time>2025-12-07T10:55:36Z</time>
        <extensions>
          <gpxtpx:TrackPointExtension>
            <gpxtpx:hr>99</gpxtpx:hr>
          </gpxtpx:TrackPointExtension>
        </extensions>
      </trkpt>
      <trkpt lat="34.227146451914415" lon="108.82885454678119">
        <ele>402.78486173879355</ele>
        <time>2025-12-07T10:55:37Z</time>
        <extensions>
          <gpxtpx:TrackPointExtension>
            <gpxtpx:hr>99</gpxtpx:hr>
          </gpxtpx:TrackPointExtension>
        </extensions>
      </trkpt>
      <trkpt lat="34.22713256673567" lon="108.828852401658">
        <ele>402.79881421197206</ele>
        <time>2025-12-07T10:55:38Z</time>
        <extensions>
          <gpxtpx:TrackPointExtension>
            <gpxtpx:hr>99</gpxtpx:hr>
          </gpxtpx:TrackPointExtension>
        </extensions>
      </trkpt>
      <trkpt lat="34.22711958655772" lon="108.82885062215364">
        <ele>402.82141873799264</ele>
        <time>2025-12-07T10:55:39Z</time>
        <extensions>
          <gpxtpx:TrackPointExtension>
            <gpxtpx:hr>99</gpxtpx:hr>
          </gpxtpx:TrackPointExtension>
        </extensions>
      </trkpt>
      <trkpt lat="34.22710676593028" lon="108.82884909961994">
        <ele>402.86023743916303</ele>
        <time>2025-12-07T10:55:40Z</time>
        <extensions>
          <gpxtpx:TrackPointExtension>
            <gpxtpx:hr>99</gpxtpx:hr>
          </gpxtpx:TrackPointExtension>
        </extensions>
      </trkpt>
      <trkpt lat="34.2270939293866" lon="108.82884746985704">
        <ele>402.89323731325567</ele>
        <time>2025-12-07T10:55:41Z</time>
        <extensions>
          <gpxtpx:TrackPointExtension>
            <gpxtpx:hr>98</gpxtpx:hr>
          </gpxtpx:TrackPointExtension>
        </extensions>
      </trkpt>
      <trkpt lat="34.227081191599204" lon="108.8288459058293">
        <ele>402.9062194088474</ele>
        <time>2025-12-07T10:55:42Z</time>
        <extensions>
          <gpxtpx:TrackPointExtension>
            <gpxtpx:hr>98</gpxtpx:hr>
          </gpxtpx:TrackPointExtension>
        </extensions>
      </trkpt>
      <trkpt lat="34.2270684882885" lon="108.82884482777064">
        <ele>402.9255922520533</ele>
        <time>2025-12-07T10:55:43Z</time>
        <extensions>
          <gpxtpx:TrackPointExtension>
            <gpxtpx:hr>98</gpxtpx:hr>
          </gpxtpx:TrackPointExtension>
        </extensions>
      </trkpt>
      <trkpt lat="34.22705612460808" lon="108.82884399948261">
        <ele>402.94993773289025</ele>
        <time>2025-12-07T10:55:44Z</time>
        <extensions>
          <gpxtpx:TrackPointExtension>
            <gpxtpx:hr>98</gpxtpx:hr>
          </gpxtpx:TrackPointExtension>
        </extensions>
      </trkpt>
      <trkpt lat="34.227043112095366" lon="108.82884358642828">
        <ele>402.9608846809715</ele>
        <time>2025-12-07T10:55:45Z</time>
        <extensions>
          <gpxtpx:TrackPointExtension>
            <gpxtpx:hr>98</gpxtpx:hr>
          </gpxtpx:TrackPointExtension>
        </extensions>
      </trkpt>
      <trkpt lat="34.22702973410485" lon="108.8288438530036">
        <ele>402.98147313389927</ele>
        <time>2025-12-07T10:55:46Z</time>
        <extensions>
          <gpxtpx:TrackPointExtension>
            <gpxtpx:hr>97</gpxtpx:hr>
          </gpxtpx:TrackPointExtension>
        </extensions>
      </trkpt>
      <trkpt lat="34.22701633347743" lon="108.82884427960904">
        <ele>403.0016015181318</ele>
        <time>2025-12-07T10:55:47Z</time>
        <extensions>
          <gpxtpx:TrackPointExtension>
            <gpxtpx:hr>97</gpxtpx:hr>
          </gpxtpx:TrackPointExtension>
        </extensions>
      </trkpt>
      <trkpt lat="34.22700306535983" lon="108.82884507295877">
        <ele>403.0164829194546</ele>
        <time>2025-12-07T10:55:48Z</time>
        <extensions>
          <gpxtpx:TrackPointExtension>
            <gpxtpx:hr>97</gpxtpx:hr>
          </gpxtpx:TrackPointExtension>
        </extensions>
      </trkpt>
      <trkpt lat="34.22699002312643" lon="108.82884670377591">
        <ele>403.03322273585945</ele>
        <time>2025-12-07T10:55:49Z</time>
        <extensions>
          <gpxtpx:TrackPointExtension>
            <gpxtpx:hr>97</gpxtpx:hr>
          </gpxtpx:TrackPointExtension>
        </extensions>
      </trkpt>
      <trkpt lat="34.226977824569325" lon="108.82884867703714">
        <ele>403.0598323587328</ele>
        <time>2025-12-07T10:55:50Z</time>
        <extensions>
          <gpxtpx:TrackPointExtension>
            <gpxtpx:hr>97</gpxtpx:hr>
          </gpxtpx:TrackPointExtension>
        </extensions>
      </trkpt>
      <trkpt lat="34.22696677215602" lon="108.82885039331644">
        <ele>403.0973491091281</ele>
        <time>2025-12-07T10:55:51Z</time>
        <extensions>
          <gpxtpx:TrackPointExtension>
            <gpxtpx:hr>96</gpxtpx:hr>
          </gpxtpx:TrackPointExtension>
        </extensions>
      </trkpt>
      <trkpt lat="34.226956104673874" lon="108.82885188836782">
        <ele>403.1439326107502</ele>
        <time>2025-12-07T10:55:52Z</time>
        <extensions>
          <gpxtpx:TrackPointExtension>
            <gpxtpx:hr>96</gpxtpx:hr>
          </gpxtpx:TrackPointExtension>
        </extensions>
      </trkpt>
      <trkpt lat="34.22694489141027" lon="108.82885339846877">
        <ele>403.2000491851941</ele>
        <time>2025-12-07T10:55:53Z</time>
        <extensions>
          <gpxtpx:TrackPointExtension>
            <gpxtpx:hr>96</gpxtpx:hr>
          </gpxtpx:TrackPointExtension>
        </extensions>
      </trkpt>
      <trkpt lat="34.22693295783798" lon="108.82885452501856">
        <ele>403.2556498693302</ele>
        <time>2025-12-07T10:55:54Z</time>
        <extensions>
          <gpxtpx:TrackPointExtension>
            <gpxtpx:hr>96</gpxtpx:hr>
          </gpxtpx:TrackPointExtension>
        </extensions>
      </trkpt>
      <trkpt lat="34.22692091809941" lon="108.82885491108304">
        <ele>403.30426247417927</ele>
        <time>2025-12-07T10:55:55Z</time>
        <extensions>
          <gpxtpx:TrackPointExtension>
            <gpxtpx:hr>96</gpxtpx:hr>
          </gpxtpx:TrackPointExtension>
        </extensions>
      </trkpt>
      <trkpt lat="34.2269087410335" lon="108.82885497860677">
        <ele>403.3546892767772</ele>
        <time>2025-12-07T10:55:56Z</time>
        <extensions>
          <gpxtpx:TrackPointExtension>
            <gpxtpx:hr>98</gpxtpx:hr>
          </gpxtpx:TrackPointExtension>
        </extensions>
      </trkpt>
      <trkpt lat="34.22689614590849" lon="108.82885523459427">
        <ele>403.3984673228115</ele>
        <time>2025-12-07T10:55:57Z</time>
        <extensions>
          <gpxtpx:TrackPointExtension>
            <gpxtpx:hr>98</gpxtpx:hr>
          </gpxtpx:TrackPointExtension>
        </extensions>
      </trkpt>
      <trkpt lat="34.226883245123936" lon="108.82885606927384">
        <ele>403.4372412422672</ele>
        <time>2025-12-07T10:55:58Z</time>
        <extensions>
          <gpxtpx:TrackPointExtension>
            <gpxtpx:hr>98</gpxtpx:hr>
          </gpxtpx:TrackPointExtension>
        </extensions>
      </trkpt>
      <trkpt lat="34.2268708189846" lon="108.8288573486594">
        <ele>403.4721529176459</ele>
        <time>2025-12-07T10:55:59Z</time>
        <extensions>
          <gpxtpx:TrackPointExtension>
            <gpxtpx:hr>98</gpxtpx:hr>
          </gpxtpx:TrackPointExtension>
        </extensions>
      </trkpt>
      <trkpt lat="34.22685872337954" lon="108.8288584888862">
        <ele>403.4980479395017</ele>
        <time>2025-12-07T10:56:00Z</time>
        <extensions>
          <gpxtpx:TrackPointExtension>
            <gpxtpx:hr>98</gpxtpx:hr>
          </gpxtpx:TrackPointExtension>
        </extensions>
      </trkpt>
      <trkpt lat="34.22684592303444" lon="108.82885970534525">
        <ele>403.5117724398151</ele>
        <time>2025-12-07T10:56:01Z</time>
        <extensions>
          <gpxtpx:TrackPointExtension>
            <gpxtpx:hr>98</gpxtpx:hr>
          </gpxtpx:TrackPointExtension>
        </extensions>
      </trkpt>
      <trkpt lat="34.22683253632528" lon="108.82886099189689">
        <ele>403.5153910862282</ele>
        <time>2025-12-07T10:56:02Z</time>
        <extensions>
          <gpxtpx:TrackPointExtension>
            <gpxtpx:hr>101</gpxtpx:hr>
          </gpxtpx:TrackPointExtension>
        </extensions>
      </trkpt>
      <trkpt lat="34.22681894895185" lon="108.82886214445806">
        <ele>403.506419618614</ele>
        <time>2025-12-07T10:56:03Z</time>
        <extensions>
          <gpxtpx:TrackPointExtension>
            <gpxtpx:hr>101</gpxtpx:hr>
          </gpxtpx:TrackPointExtension>
        </extensions>
      </trkpt>
      <trkpt lat="34.22680568251387" lon="108.82886356062227">
        <ele>403.4897426702082</ele>
        <time>2025-12-07T10:56:04Z</time>
        <extensions>
          <gpxtpx:TrackPointExtension>
            <gpxtpx:hr>101</gpxtpx:hr>
          </gpxtpx:TrackPointExtension>
        </extensions>
      </trkpt>
      <trkpt lat="34.22679246447563" lon="108.82886543651337">
        <ele>403.46460559777915</ele>
        <time>2025-12-07T10:56:05Z</time>
        <extensions>
          <gpxtpx:TrackPointExtension>
            <gpxtpx:hr>101</gpxtpx:hr>
          </gpxtpx:TrackPointExtension>
        </extensions>
      </trkpt>
      <trkpt lat="34.226779123744265" lon="108.8288675899715">
        <ele>403.427715963684</ele>
        <time>2025-12-07T10:56:05.900000Z</time>
        <extensions>
          <gpxtpx:TrackPointExtension>
            <gpxtpx:hr>101</gpxtpx:hr>
          </gpxtpx:TrackPointExtension>
        </extensions>
      </trkpt>
      <trkpt lat="34.226766007157444" lon="108.82886982226114">
        <ele>403.37032751645893</ele>
        <time>2025-12-07T10:56:06.900000Z</time>
        <extensions>
          <gpxtpx:TrackPointExtension>
            <gpxtpx:hr>102</gpxtpx:hr>
          </gpxtpx:TrackPointExtension>
        </extensions>
      </trkpt>
      <trkpt lat="34.226752911808205" lon="108.82887190785117">
        <ele>403.2948420532048</ele>
        <time>2025-12-07T10:56:07.900000Z</time>
        <extensions>
          <gpxtpx:TrackPointExtension>
            <gpxtpx:hr>102</gpxtpx:hr>
          </gpxtpx:TrackPointExtension>
        </extensions>
      </trkpt>
      <trkpt lat="34.22673953421776" lon="108.82887360035495">
        <ele>403.20819317921996</ele>
        <time>2025-12-07T10:56:08.900000Z</time>
        <extensions>
          <gpxtpx:TrackPointExtension>
            <gpxtpx:hr>102</gpxtpx:hr>
          </gpxtpx:TrackPointExtension>
        </extensions>
      </trkpt>
      <trkpt lat="34.22672603505354" lon="108.82887482864629">
        <ele>403.1334500852972</ele>
        <time>2025-12-07T10:56:09.900000Z</time>
        <extensions>
          <gpxtpx:TrackPointExtension>
            <gpxtpx:hr>102</gpxtpx:hr>
          </gpxtpx:TrackPointExtension>
        </extensions>
      </trkpt>
      <trkpt lat="34.226712341786516" lon="108.82887587031395">
        <ele>403.05821620393544</ele>
        <time>2025-12-07T10:56:10.900000Z</time>
        <extensions>
          <gpxtpx:TrackPointExtension>
            <gpxtpx:hr>102</gpxtpx:hr>
          </gpxtpx:TrackPointExtension>
        </extensions>
      </trkpt>
      <trkpt lat="34.22669835838075" lon="108.82887719612954">
        <ele>402.98027602862567</ele>
        <time>2025-12-07T10:56:11.900000Z</time>
        <extensions>
          <gpxtpx:TrackPointExtension>
            <gpxtpx:hr>102</gpxtpx:hr>
          </gpxtpx:TrackPointExtension>
        </extensions>
      </trkpt>
      <trkpt lat="34.226684140389125" lon="108.82887815268333">
        <ele>402.8962397733703</ele>
        <time>2025-12-07T10:56:12.900000Z</time>
        <extensions>
          <gpxtpx:TrackPointExtension>
            <gpxtpx:hr>102</gpxtpx:hr>
          </gpxtpx:TrackPointExtension>
        </extensions>
      </trkpt>
      <trkpt lat="34.22667062653135" lon="108.82887831900638">
        <ele>402.8123156502843</ele>
        <time>2025-12-07T10:56:13.900000Z</time>
        <extensions>
          <gpxtpx:TrackPointExtension>
            <gpxtpx:hr>102</gpxtpx:hr>
          </gpxtpx:TrackPointExtension>
        </extensions>
      </trkpt>
      <trkpt lat="34.2266575421283" lon="108.82887836276049">
        <ele>402.7389694303274</ele>
        <time>2025-12-07T10:56:14.900000Z</time>
        <extensions>
          <gpxtpx:TrackPointExtension>
            <gpxtpx:hr>102</gpxtpx:hr>
          </gpxtpx:TrackPointExtension>
        </extensions>
      </trkpt>
      <trkpt lat="34.22664459914822" lon="108.82887876569947">
        <ele>402.66494517493993</ele>
        <time>2025-12-07T10:56:15.900000Z</time>
        <extensions>
          <gpxtpx:TrackPointExtension>
            <gpxtpx:hr>102</gpxtpx:hr>
          </gpxtpx:TrackPointExtension>
        </extensions>
      </trkpt>
      <trkpt lat="34.22663179353847" lon="108.82887967855804">
        <ele>402.6007559420541</ele>
        <time>2025-12-07T10:56:16.900000Z</time>
        <extensions>
          <gpxtpx:TrackPointExtension>
            <gpxtpx:hr>103</gpxtpx:hr>
          </gpxtpx:TrackPointExtension>
        </extensions>
      </trkpt>
      <trkpt lat="34.22661879398079" lon="108.82888070564086">
        <ele>402.537686442025</ele>
        <time>2025-12-07T10:56:17.900000Z</time>
        <extensions>
          <gpxtpx:TrackPointExtension>
            <gpxtpx:hr>103</gpxtpx:hr>
          </gpxtpx:TrackPointExtension>
        </extensions>
      </trkpt>
      <trkpt lat="34.22660602694972" lon="108.82888160270038">
        <ele>402.4856801237911</ele>
        <time>2025-12-07T10:56:18.900000Z</time>
        <extensions>
          <gpxtpx:TrackPointExtension>
            <gpxtpx:hr>103</gpxtpx:hr>
          </gpxtpx:TrackPointExtension>
        </extensions>
      </trkpt>
      <trkpt lat="34.22659342106577" lon="108.82888249678423">
        <ele>402.44893728289753</ele>
        <time>2025-12-07T10:56:19.900000Z</time>
        <extensions>
          <gpxtpx:TrackPointExtension>
            <gpxtpx:hr>103</gpxtpx:hr>
          </gpxtpx:TrackPointExtension>
        </extensions>
      </trkpt>
      <trkpt lat="34.22658125811928" lon="108.82888347532815">
        <ele>402.4111029570922</ele>
        <time>2025-12-07T10:56:20.900000Z</time>
        <extensions>
          <gpxtpx:TrackPointExtension>
            <gpxtpx:hr>103</gpxtpx:hr>
          </gpxtpx:TrackPointExtension>
        </extensions>
      </trkpt>
      <trkpt lat="34.22656905675077" lon="108.82888494851025">
        <ele>402.3696040743962</ele>
        <time>2025-12-07T10:56:21.900000Z</time>
        <extensions>
          <gpxtpx:TrackPointExtension>
            <gpxtpx:hr>103</gpxtpx:hr>
          </gpxtpx:TrackPointExtension>
        </extensions>
      </trkpt>
      <trkpt lat="34.226556224273324" lon="108.8288868668658">
        <ele>402.3255587685853</ele>
        <time>2025-12-07T10:56:22.900000Z</time>
        <extensions>
          <gpxtpx:TrackPointExtension>
            <gpxtpx:hr>103</gpxtpx:hr>
          </gpxtpx:TrackPointExtension>
        </extensions>
      </trkpt>
      <trkpt lat="34.226543129897074" lon="108.8288886866343">
        <ele>402.3034261697903</ele>
        <time>2025-12-07T10:56:23.900000Z</time>
        <extensions>
          <gpxtpx:TrackPointExtension>
            <gpxtpx:hr>103</gpxtpx:hr>
          </gpxtpx:TrackPointExtension>
        </extensions>
      </trkpt>
      <trkpt lat="34.22653007353405" lon="108.82889025085751">
        <ele>402.27561737503856</ele>
        <time>2025-12-07T10:56:24.900000Z</time>
        <extensions>
          <gpxtpx:TrackPointExtension>
            <gpxtpx:hr>103</gpxtpx:hr>
          </gpxtpx:TrackPointExtension>
        </extensions>
      </trkpt>
      <trkpt lat="34.22651689330292" lon="108.82889150154055">
        <ele>402.2503988239914</ele>
        <time>2025-12-07T10:56:25.900000Z</time>
        <extensions>
          <gpxtpx:TrackPointExtension>
            <gpxtpx:hr>103</gpxtpx:hr>
          </gpxtpx:TrackPointExtension>
        </extensions>
      </trkpt>
      <trkpt lat="34.22650363222492" lon="108.82889213531004">
        <ele>402.22076092194766</ele>
        <time>2025-12-07T10:56:26.900000Z</time>
        <extensions>
          <gpxtpx:TrackPointExtension>
            <gpxtpx:hr>103</gpxtpx:hr>
          </gpxtpx:TrackPointExtension>
        </extensions>
      </trkpt>
      <trkpt lat="34.22649038687099" lon="108.82889158760429">
        <ele>402.1897327275947</ele>
        <time>2025-12-07T10:56:27.900000Z</time>
        <extensions>
          <gpxtpx:TrackPointExtension>
            <gpxtpx:hr>103</gpxtpx:hr>
          </gpxtpx:TrackPointExtension>
        </extensions>
      </trkpt>
      <trkpt lat="34.22647712225062" lon="108.82888979454339">
        <ele>402.1610261807218</ele>
        <time>2025-12-07T10:56:28.900000Z</time>
        <extensions>
          <gpxtpx:TrackPointExtension>
            <gpxtpx:hr>103</gpxtpx:hr>
          </gpxtpx:TrackPointExtension>
        </extensions>
      </trkpt>
      <trkpt lat="34.226464179618674" lon="108.82888708226153">
        <ele>402.1179408924654</ele>
        <time>2025-12-07T10:56:29.900000Z</time>
        <extensions>
          <gpxtpx:TrackPointExtension>
            <gpxtpx:hr>103</gpxtpx:hr>
          </gpxtpx:TrackPointExtension>
        </extensions>
      </trkpt>
      <trkpt lat="34.226451563854546" lon="108.82888328977918">
        <ele>402.08820137009025</ele>
        <time>2025-12-07T10:56:30.900000Z</time>
        <extensions>
          <gpxtpx:TrackPointExtension>
            <gpxtpx:hr>103</gpxtpx:hr>
          </gpxtpx:TrackPointExtension>
        </extensions>
      </trkpt>
      <trkpt lat="34.22643924345635" lon="108.82887883734442">
        <ele>402.0470630377531</ele>
        <time>2025-12-07T10:56:31.900000Z</time>
        <extensions>
          <gpxtpx:TrackPointExtension>
            <gpxtpx:hr>103</gpxtpx:hr>
          </gpxtpx:TrackPointExtension>
        </extensions>
      </trkpt>
      <trkpt lat="34.2264277937896" lon="108.82887431057269">
        <ele>401.9950085859746</ele>
        <time>2025-12-07T10:56:32.900000Z</time>
        <extensions>
          <gpxtpx:TrackPointExtension>
            <gpxtpx:hr>103</gpxtpx:hr>
          </gpxtpx:TrackPointExtension>
        </extensions>
      </trkpt>
      <trkpt lat="34.22641708697192" lon="108.82886958796513">
        <ele>401.94970286171883</ele>
        <time>2025-12-07T10:56:33.900000Z</time>
        <extensions>
          <gpxtpx:TrackPointExtension>
            <gpxtpx:hr>103</gpxtpx:hr>
          </gpxtpx:TrackPointExtension>
        </extensions>
      </trkpt>
      <trkpt lat="34.22640669062553" lon="108.82886439139736">
        <ele>401.9040814228356</ele>
        <time>2025-12-07T10:56:34.900000Z</time>
        <extensions>
          <gpxtpx:TrackPointExtension>
            <gpxtpx:hr>105</gpxtpx:hr>
          </gpxtpx:TrackPointExtension>
        </extensions>
      </trkpt>
      <trkpt lat="34.226396025813486" lon="108.82885890326381">
        <ele>401.85920817404985</ele>
        <time>2025-12-07T10:56:35.900000Z</time>
        <extensions>
          <gpxtpx:TrackPointExtension>
            <gpxtpx:hr>105</gpxtpx:hr>
          </gpxtpx:TrackPointExtension>
        </extensions>
      </trkpt>
      <trkpt lat="34.22638479942818" lon="108.8288536730426">
        <ele>401.81341755762696</ele>
        <time>2025-12-07T10:56:36.900000Z</time>
        <extensions>
          <gpxtpx:TrackPointExtension>
            <gpxtpx:hr>105</gpxtpx:hr>
          </gpxtpx:TrackPointExtension>
        </extensions>
      </trkpt>
      <trkpt lat="34.226373225437726" lon="108.82884895452528">
        <ele>401.78330423496664</ele>
        <time>2025-12-07T10:56:37.900000Z</time>
        <extensions>
          <gpxtpx:TrackPointExtension>
            <gpxtpx:hr>105</gpxtpx:hr>
          </gpxtpx:TrackPointExtension>
        </extensions>
      </trkpt>
      <trkpt lat="34.226361115702396" lon="108.82884473258977">
        <ele>401.73840136639774</ele>
        <time>2025-12-07T10:56:38.900000Z</time>
        <extensions>
          <gpxtpx:TrackPointExtension>
            <gpxtpx:hr>105</gpxtpx:hr>
          </gpxtpx:TrackPointExtension>
        </extensions>
      </trkpt>
      <trkpt lat="34.22634826529836" lon="108.82884113410083">
        <ele>401.6928487075493</ele>
        <time>2025-12-07T10:56:39.900000Z</time>
        <extensions>
          <gpxtpx:TrackPointExtension>
            <gpxtpx:hr>105</gpxtpx:hr>
          </gpxtpx:TrackPointExtension>
        </extensions>
      </trkpt>
      <trkpt lat="34.2263349094497" lon="108.82883831478497">
        <ele>401.64127504080534</ele>
        <time>2025-12-07T10:56:40.900000Z</time>
        <extensions>
          <gpxtpx:TrackPointExtension>
            <gpxtpx:hr>105</gpxtpx:hr>
          </gpxtpx:TrackPointExtension>
        </extensions>
      </trkpt>
      <trkpt lat="34.22632220142396" lon="108.82883577346857">
        <ele>401.5787654640153</ele>
        <time>2025-12-07T10:56:41.900000Z</time>
        <extensions>
          <gpxtpx:TrackPointExtension>
            <gpxtpx:hr>107</gpxtpx:hr>
          </gpxtpx:TrackPointExtension>
        </extensions>
      </trkpt>
      <trkpt lat="34.22631045681645" lon="108.82883337422946">
        <ele>401.5105026466772</ele>
        <time>2025-12-07T10:56:42.900000Z</time>
        <extensions>
          <gpxtpx:TrackPointExtension>
            <gpxtpx:hr>107</gpxtpx:hr>
          </gpxtpx:TrackPointExtension>
        </extensions>
      </trkpt>
      <trkpt lat="34.22629838780799" lon="108.82883133480544">
        <ele>401.4360617753118</ele>
        <time>2025-12-07T10:56:43.900000Z</time>
        <extensions>
          <gpxtpx:TrackPointExtension>
            <gpxtpx:hr>107</gpxtpx:hr>
          </gpxtpx:TrackPointExtension>
        </extensions>
      </trkpt>
      <trkpt lat="34.226285383773906" lon="108.82882982030628">
        <ele>401.3528274614364</ele>
        <time>2025-12-07T10:56:44.900000Z</time>
        <extensions>
          <gpxtpx:TrackPointExtension>
            <gpxtpx:hr>107</gpxtpx:hr>
          </gpxtpx:TrackPointExtension>
        </extensions>
      </trkpt>
      <trkpt lat="34.22627188897437" lon="108.8288285827228">
        <ele>401.237004917115</ele>
        <time>2025-12-07T10:56:45.900000Z</time>
        <extensions>
          <gpxtpx:TrackPointExtension>
            <gpxtpx:hr>107</gpxtpx:hr>
          </gpxtpx:TrackPointExtension>
        </extensions>
      </trkpt>
      <trkpt lat="34.22625866342052" lon="108.82882710009866">
        <ele>401.12628261372447</ele>
        <time>2025-12-07T10:56:46.900000Z</time>
        <extensions>
          <gpxtpx:TrackPointExtension>
            <gpxtpx:hr>107</gpxtpx:hr>
          </gpxtpx:TrackPointExtension>
        </extensions>
      </trkpt>
      <trkpt lat="34.226245779961225" lon="108.82882527018448">
        <ele>401.0168565027416</ele>
        <time>2025-12-07T10:56:47.900000Z</time>
        <extensions>
          <gpxtpx:TrackPointExtension>
            <gpxtpx:hr>107</gpxtpx:hr>
          </gpxtpx:TrackPointExtension>
        </extensions>
      </trkpt>
      <trkpt lat="34.226232566745786" lon="108.82882329980217">
        <ele>400.90628794021904</ele>
        <time>2025-12-07T10:56:48.900000Z</time>
        <extensions>
          <gpxtpx:TrackPointExtension>
            <gpxtpx:hr>107</gpxtpx:hr>
          </gpxtpx:TrackPointExtension>
        </extensions>
      </trkpt>
      <trkpt lat="34.22622006251796" lon="108.82882163430212">
        <ele>400.77768843527883</ele>
        <time>2025-12-07T10:56:49.900000Z</time>
        <extensions>
          <gpxtpx:TrackPointExtension>
            <gpxtpx:hr>99</gpxtpx:hr>
          </gpxtpx:TrackPointExtension>
        </extensions>
      </trkpt>
      <trkpt lat="34.22620879894231" lon="108.82882012350485">
        <ele>400.6377246333286</ele>
        <time>2025-12-07T10:56:50.900000Z</time>
        <extensions>
          <gpxtpx:TrackPointExtension>
            <gpxtpx:hr>99</gpxtpx:hr>
          </gpxtpx:TrackPointExtension>
        </extensions>
      </trkpt>
      <trkpt lat="34.22619748759654" lon="108.82881818396885">
        <ele>400.50365115888417</ele>
        <time>2025-12-07T10:56:51.900000Z</time>
        <extensions>
          <gpxtpx:TrackPointExtension>
            <gpxtpx:hr>99</gpxtpx:hr>
          </gpxtpx:TrackPointExtension>
        </extensions>
      </trkpt>
      <trkpt lat="34.22618548949647" lon="108.8288156583199">
        <ele>400.3811821034178</ele>
        <time>2025-12-07T10:56:52.900000Z</time>
        <extensions>
          <gpxtpx:TrackPointExtension>
            <gpxtpx:hr>99</gpxtpx:hr>
          </gpxtpx:TrackPointExtension>
        </extensions>
      </trkpt>
      <trkpt lat="34.22617287629355" lon="108.82881263854327">
        <ele>400.2700153654441</ele>
        <time>2025-12-07T10:56:53.900000Z</time>
        <extensions>
          <gpxtpx:TrackPointExtension>
            <gpxtpx:hr>99</gpxtpx:hr>
          </gpxtpx:TrackPointExtension>
        </extensions>
      </trkpt>
      <trkpt lat="34.22616024907466" lon="108.8288091274409">
        <ele>400.15445845015347</ele>
        <time>2025-12-07T10:56:54.900000Z</time>
        <extensions>
          <gpxtpx:TrackPointExtension>
            <gpxtpx:hr>99</gpxtpx:hr>
          </gpxtpx:TrackPointExtension>
        </extensions>
      </trkpt>
      <trkpt lat="34.226147820635354" lon="108.8288053418397">
        <ele>400.03464217018336</ele>
        <time>2025-12-07T10:56:55.900000Z</time>
        <extensions>
          <gpxtpx:TrackPointExtension>
            <gpxtpx:hr>102</gpxtpx:hr>
          </gpxtpx:TrackPointExtension>
        </extensions>
      </trkpt>
      <trkpt lat="34.22613502703694" lon="108.82880177102936">
        <ele>399.95375583600253</ele>
        <time>2025-12-07T10:56:56.900000Z</time>
        <extensions>
          <gpxtpx:TrackPointExtension>
            <gpxtpx:hr>102</gpxtpx:hr>
          </gpxtpx:TrackPointExtension>
        </extensions>
      </trkpt>
      <trkpt lat="34.226122000502286" lon="108.8287986842734">
        <ele>399.8851261809468</ele>
        <time>2025-12-07T10:56:57.900000Z</time>
        <extensions>
          <gpxtpx:TrackPointExtension>
            <gpxtpx:hr>102</gpxtpx:hr>
          </gpxtpx:TrackPointExtension>
        </extensions>
      </trkpt>
      <trkpt lat="34.22610921612681" lon="108.82879595320765">
        <ele>399.8222720613703</ele>
        <time>2025-12-07T10:56:58.900000Z</time>
        <extensions>
          <gpxtpx:TrackPointExtension>
            <gpxtpx:hr>102</gpxtpx:hr>
          </gpxtpx:TrackPointExtension>
        </extensions>
      </trkpt>
      <trkpt lat="34.22609663201581" lon="108.82879304230097">
        <ele>399.7547059878707</ele>
        <time>2025-12-07T10:56:59.900000Z</time>
        <extensions>
          <gpxtpx:TrackPointExtension>
            <gpxtpx:hr>102</gpxtpx:hr>
          </gpxtpx:TrackPointExtension>
        </extensions>
      </trkpt>
      <trkpt lat="34.226083900605516" lon="108.82878963491918">
        <ele>399.70301643013954</ele>
        <time>2025-12-07T10:57:00.900000Z</time>
        <extensions>
          <gpxtpx:TrackPointExtension>
            <gpxtpx:hr>102</gpxtpx:hr>
          </gpxtpx:TrackPointExtension>
        </extensions>
      </trkpt>
      <trkpt lat="34.226070785192036" lon="108.82878563939988">
        <ele>399.66014762222767</ele>
        <time>2025-12-07T10:57:01.900000Z</time>
        <extensions>
          <gpxtpx:TrackPointExtension>
            <gpxtpx:hr>102</gpxtpx:hr>
          </gpxtpx:TrackPointExtension>
        </extensions>
      </trkpt>
      <trkpt lat="34.226058570117026" lon="108.8287814943976">
        <ele>399.63578586187214</ele>
        <time>2025-12-07T10:57:02.900000Z</time>
        <extensions>
          <gpxtpx:TrackPointExtension>
            <gpxtpx:hr>102</gpxtpx:hr>
          </gpxtpx:TrackPointExtension>
        </extensions>
      </trkpt>
      <trkpt lat="34.226047495290864" lon="108.82877807346763">
        <ele>399.6249727765098</ele>
        <time>2025-12-07T10:57:03.900000Z</time>
        <extensions>
          <gpxtpx:TrackPointExtension>
            <gpxtpx:hr>102</gpxtpx:hr>
          </gpxtpx:TrackPointExtension>
        </extensions>
      </trkpt>
      <trkpt lat="34.22603610482698" lon="108.8287757979044">
        <ele>399.632371048443</ele>
        <time>2025-12-07T10:57:04.900000Z</time>
        <extensions>
          <gpxtpx:TrackPointExtension>
            <gpxtpx:hr>102</gpxtpx:hr>
          </gpxtpx:TrackPointExtension>
        </extensions>
      </trkpt>
      <trkpt lat="34.226024200697935" lon="108.82877488241134">
        <ele>399.6613613003865</ele>
        <time>2025-12-07T10:57:05.900000Z</time>
        <extensions>
          <gpxtpx:TrackPointExtension>
            <gpxtpx:hr>102</gpxtpx:hr>
          </gpxtpx:TrackPointExtension>
        </extensions>
      </trkpt>
      <trkpt lat="34.226012226081394" lon="108.82877497487846">
        <ele>399.6954143065959</ele>
        <time>2025-12-07T10:57:06.900000Z</time>
        <extensions>
          <gpxtpx:TrackPointExtension>
            <gpxtpx:hr>102</gpxtpx:hr>
          </gpxtpx:TrackPointExtension>
        </extensions>
      </trkpt>
      <trkpt lat="34.226000502480936" lon="108.82877580453541">
        <ele>399.7363037029281</ele>
        <time>2025-12-07T10:57:07.900000Z</time>
        <extensions>
          <gpxtpx:TrackPointExtension>
            <gpxtpx:hr>107</gpxtpx:hr>
          </gpxtpx:TrackPointExtension>
        </extensions>
      </trkpt>
      <trkpt lat="34.22598899465766" lon="108.82877721250749">
        <ele>399.7840458219871</ele>
        <time>2025-12-07T10:57:08.900000Z</time>
        <extensions>
          <gpxtpx:TrackPointExtension>
            <gpxtpx:hr>107</gpxtpx:hr>
          </gpxtpx:TrackPointExtension>
        </extensions>
      </trkpt>
      <trkpt lat="34.22597727747086" lon="108.82877912672691">
        <ele>399.8543455526233</ele>
        <time>2025-12-07T10:57:09.900000Z</time>
        <extensions>
          <gpxtpx:TrackPointExtension>
            <gpxtpx:hr>107</gpxtpx:hr>
          </gpxtpx:TrackPointExtension>
        </extensions>
      </trkpt>
      <trkpt lat="34.22596498308433" lon="108.82878161272174">
        <ele>399.910016015172</ele>
        <time>2025-12-07T10:57:10.900000Z</time>
        <extensions>
          <gpxtpx:TrackPointExtension>
            <gpxtpx:hr>107</gpxtpx:hr>
          </gpxtpx:TrackPointExtension>
        </extensions>
      </trkpt>
      <trkpt lat="34.22595228677209" lon="108.82878450595636">
        <ele>399.97876612935215</ele>
        <time>2025-12-07T10:57:11.900000Z</time>
        <extensions>
          <gpxtpx:TrackPointExtension>
            <gpxtpx:hr>107</gpxtpx:hr>
          </gpxtpx:TrackPointExtension>
        </extensions>
      </trkpt>
      <trkpt lat="34.225940223701215" lon="108.82878750027376">
        <ele>400.0585057102144</ele>
        <time>2025-12-07T10:57:12.900000Z</time>
        <extensions>
          <gpxtpx:TrackPointExtension>
            <gpxtpx:hr>107</gpxtpx:hr>
          </gpxtpx:TrackPointExtension>
        </extensions>
      </trkpt>
      <trkpt lat="34.225928871041106" lon="108.82879201632824">
        <ele>400.1348530333489</ele>
        <time>2025-12-07T10:57:13.900000Z</time>
        <extensions>
          <gpxtpx:TrackPointExtension>
            <gpxtpx:hr>107</gpxtpx:hr>
          </gpxtpx:TrackPointExtension>
        </extensions>
      </trkpt>
      <trkpt lat="34.22591801706296" lon="108.82879918342061">
        <ele>400.2140356656164</ele>
        <time>2025-12-07T10:57:14.900000Z</time>
        <extensions>
          <gpxtpx:TrackPointExtension>
            <gpxtpx:hr>107</gpxtpx:hr>
          </gpxtpx:TrackPointExtension>
        </extensions>
      </trkpt>
      <trkpt lat="34.22590756947837" lon="108.82880833113738">
        <ele>400.3034734586254</ele>
        <time>2025-12-07T10:57:15.900000Z</time>
        <extensions>
          <gpxtpx:TrackPointExtension>
            <gpxtpx:hr>104</gpxtpx:hr>
          </gpxtpx:TrackPointExtension>
        </extensions>
      </trkpt>
      <trkpt lat="34.22589674466065" lon="108.82881839335806">
        <ele>400.3878898592666</ele>
        <time>2025-12-07T10:57:16.900000Z</time>
        <extensions>
          <gpxtpx:TrackPointExtension>
            <gpxtpx:hr>104</gpxtpx:hr>
          </gpxtpx:TrackPointExtension>
        </extensions>
      </trkpt>
      <trkpt lat="34.225885640065506" lon="108.82882863185245">
        <ele>400.4803355410695</ele>
        <time>2025-12-07T10:57:17.900000Z</time>
        <extensions>
          <gpxtpx:TrackPointExtension>
            <gpxtpx:hr>104</gpxtpx:hr>
          </gpxtpx:TrackPointExtension>
        </extensions>
      </trkpt>
      <trkpt lat="34.225875351933716" lon="108.82883837056296">
        <ele>400.5664969542995</ele>
        <time>2025-12-07T10:57:18.900000Z</time>
        <extensions>
          <gpxtpx:TrackPointExtension>
            <gpxtpx:hr>104</gpxtpx:hr>
          </gpxtpx:TrackPointExtension>
        </extensions>
      </trkpt>
      <trkpt lat="34.22586629197288" lon="108.82884882700323">
        <ele>400.64670484047383</ele>
        <time>2025-12-07T10:57:19.900000Z</time>
        <extensions>
          <gpxtpx:TrackPointExtension>
            <gpxtpx:hr>104</gpxtpx:hr>
          </gpxtpx:TrackPointExtension>
        </extensions>
      </trkpt>
      <trkpt lat="34.22585814665046" lon="108.82886091780189">
        <ele>400.72211594041437</ele>
        <time>2025-12-07T10:57:20.900000Z</time>
        <extensions>
          <gpxtpx:TrackPointExtension>
            <gpxtpx:hr>104</gpxtpx:hr>
          </gpxtpx:TrackPointExtension>
        </extensions>
      </trkpt>
      <trkpt lat="34.22585076738072" lon="108.8288734790628">
        <ele>400.7937416471541</ele>
        <time>2025-12-07T10:57:21.900000Z</time>
        <extensions>
          <gpxtpx:TrackPointExtension>
            <gpxtpx:hr>108</gpxtpx:hr>
          </gpxtpx:TrackPointExtension>
        </extensions>
      </trkpt>
      <trkpt lat="34.225844496219615" lon="108.82888507689506">
        <ele>400.85872271470726</ele>
        <time>2025-12-07T10:57:22.900000Z</time>
        <extensions>
          <gpxtpx:TrackPointExtension>
            <gpxtpx:hr>108</gpxtpx:hr>
          </gpxtpx:TrackPointExtension>
        </extensions>
      </trkpt>
      <trkpt lat="34.225839596940055" lon="108.82889460957898">
        <ele>400.91714364569634</ele>
        <time>2025-12-07T10:57:23.900000Z</time>
        <extensions>
          <gpxtpx:TrackPointExtension>
            <gpxtpx:hr>108</gpxtpx:hr>
          </gpxtpx:TrackPointExtension>
        </extensions>
      </trkpt>
      <trkpt lat="34.22583536462927" lon="108.82890188778069">
        <ele>400.974582105875</ele>
        <time>2025-12-07T10:57:24.900000Z</time>
        <extensions>
          <gpxtpx:TrackPointExtension>
            <gpxtpx:hr>108</gpxtpx:hr>
          </gpxtpx:TrackPointExtension>
        </extensions>
      </trkpt>
      <trkpt lat="34.22583113782587" lon="108.82890746486855">
        <ele>401.02654539607465</ele>
        <time>2025-12-07T10:57:25.900000Z</time>
        <extensions>
          <gpxtpx:TrackPointExtension>
            <gpxtpx:hr>108</gpxtpx:hr>
          </gpxtpx:TrackPointExtension>
        </extensions>
      </trkpt>
      <trkpt lat="34.22582696715384" lon="108.828912062503">
        <ele>401.07457249518484</ele>
        <time>2025-12-07T10:57:26.900000Z</time>
        <extensions>
          <gpxtpx:TrackPointExtension>
            <gpxtpx:hr>108</gpxtpx:hr>
          </gpxtpx:TrackPointExtension>
        </extensions>
      </trkpt>
      <trkpt lat="34.22582359984747" lon="108.82891542200545">
        <ele>401.117744974792</ele>
        <time>2025-12-07T10:57:27.900000Z</time>
        <extensions>
          <gpxtpx:TrackPointExtension>
            <gpxtpx:hr>108</gpxtpx:hr>
          </gpxtpx:TrackPointExtension>
        </extensions>
      </trkpt>
      <trkpt lat="34.22582111623904" lon="108.82891759546612">
        <ele>401.1566072637215</ele>
        <time>2025-12-07T10:57:28.900000Z</time>
        <extensions>
          <gpxtpx:TrackPointExtension>
            <gpxtpx:hr>108</gpxtpx:hr>
          </gpxtpx:TrackPointExtension>
        </extensions>
      </trkpt>
      <trkpt lat="34.22581923920162" lon="108.82891886350076">
        <ele>401.190874424763</ele>
        <time>2025-12-07T10:57:29.900000Z</time>
        <extensions>
          <gpxtpx:TrackPointExtension>
            <gpxtpx:hr>108</gpxtpx:hr>
          </gpxtpx:TrackPointExtension>
        </extensions>
      </trkpt>
      <trkpt lat="34.22581789217143" lon="108.82891946359956">
        <ele>401.2211803467944</ele>
        <time>2025-12-07T10:57:30.900000Z</time>
        <extensions>
          <gpxtpx:TrackPointExtension>
            <gpxtpx:hr>108</gpxtpx:hr>
          </gpxtpx:TrackPointExtension>
        </extensions>
      </trkpt>
      <trkpt lat="34.225817028259776" lon="108.8289196843139">
        <ele>401.2463998897001</ele>
        <time>2025-12-07T10:57:31.900000Z</time>
        <extensions>
          <gpxtpx:TrackPointExtension>
            <gpxtpx:hr>108</gpxtpx:hr>
          </gpxtpx:TrackPointExtension>
        </extensions>
      </trkpt>
      <trkpt lat="34.225816714223164" lon="108.82891973668046">
        <ele>401.27008649893105</ele>
        <time>2025-12-07T10:57:32.900000Z</time>
        <extensions>
          <gpxtpx:TrackPointExtension>
            <gpxtpx:hr>108</gpxtpx:hr>
          </gpxtpx:TrackPointExtension>
        </extensions>
      </trkpt>
      <trkpt lat="34.22581675109233" lon="108.82891996461471">
        <ele>401.28579539991915</ele>
        <time>2025-12-07T10:57:33.900000Z</time>
        <extensions>
          <gpxtpx:TrackPointExtension>
            <gpxtpx:hr>108</gpxtpx:hr>
          </gpxtpx:TrackPointExtension>
        </extensions>
      </trkpt>
      <trkpt lat="34.22581703179424" lon="108.8289203501806">
        <ele>401.3092827228829</ele>
        <time>2025-12-07T10:57:35Z</time>
        <extensions>
          <gpxtpx:TrackPointExtension>
            <gpxtpx:hr>108</gpxtpx:hr>
          </gpxtpx:TrackPointExtension>
        </extensions>
      </trkpt>
      <trkpt lat="34.225817354916316" lon="108.82892080291289">
        <ele>401.32300067320466</ele>
        <time>2025-12-07T10:57:36Z</time>
        <extensions>
          <gpxtpx:TrackPointExtension>
            <gpxtpx:hr>108</gpxtpx:hr>
          </gpxtpx:TrackPointExtension>
        </extensions>
      </trkpt>
      <trkpt lat="34.22581754377117" lon="108.8289212560542">
        <ele>401.3356267455965</ele>
        <time>2025-12-07T10:57:37Z</time>
        <extensions>
          <gpxtpx:TrackPointExtension>
            <gpxtpx:hr>108</gpxtpx:hr>
          </gpxtpx:TrackPointExtension>
        </extensions>
      </trkpt>
      <trkpt lat="34.22581770245161" lon="108.82892158465789">
        <ele>401.34093216527253</ele>
        <time>2025-12-07T10:57:38Z</time>
        <extensions>
          <gpxtpx:TrackPointExtension>
            <gpxtpx:hr>108</gpxtpx:hr>
          </gpxtpx:TrackPointExtension>
        </extensions>
      </trkpt>
      <trkpt lat="34.225817852983404" lon="108.82892172660623">
        <ele>401.32675497140735</ele>
        <time>2025-12-07T10:57:39Z</time>
        <extensions>
          <gpxtpx:TrackPointExtension>
            <gpxtpx:hr>105</gpxtpx:hr>
          </gpxtpx:TrackPointExtension>
        </extensions>
      </trkpt>
      <trkpt lat="34.22581790979667" lon="108.82892180749134">
        <ele>401.3096375884488</ele>
        <time>2025-12-07T10:57:40Z</time>
        <extensions>
          <gpxtpx:TrackPointExtension>
            <gpxtpx:hr>105</gpxtpx:hr>
          </gpxtpx:TrackPointExtension>
        </extensions>
      </trkpt>
      <trkpt lat="34.225817751506426" lon="108.828921985417">
        <ele>401.27683261130005</ele>
        <time>2025-12-07T10:57:41Z</time>
        <extensions>
          <gpxtpx:TrackPointExtension>
            <gpxtpx:hr>105</gpxtpx:hr>
          </gpxtpx:TrackPointExtension>
        </extensions>
      </trkpt>
      <trkpt lat="34.225817395746176" lon="108.82892224823819">
        <ele>401.22465068940073</ele>
        <time>2025-12-07T10:57:42Z</time>
        <extensions>
          <gpxtpx:TrackPointExtension>
            <gpxtpx:hr>105</gpxtpx:hr>
          </gpxtpx:TrackPointExtension>
        </extensions>
      </trkpt>
      <trkpt lat="34.22581684400799" lon="108.82892266487062">
        <ele>401.16273904498667</ele>
        <time>2025-12-07T10:57:43Z</time>
        <extensions>
          <gpxtpx:TrackPointExtension>
            <gpxtpx:hr>105</gpxtpx:hr>
          </gpxtpx:TrackPointExtension>
        </extensions>
      </trkpt>
      <trkpt lat="34.22581608520685" lon="108.82892347231198">
        <ele>401.0805830406025</ele>
        <time>2025-12-07T10:57:44Z</time>
        <extensions>
          <gpxtpx:TrackPointExtension>
            <gpxtpx:hr>105</gpxtpx:hr>
          </gpxtpx:TrackPointExtension>
        </extensions>
      </trkpt>
      <trkpt lat="34.2258152430795" lon="108.82892486103871">
        <ele>400.98742237780243</ele>
        <time>2025-12-07T10:57:45Z</time>
        <extensions>
          <gpxtpx:TrackPointExtension>
            <gpxtpx:hr>105</gpxtpx:hr>
          </gpxtpx:TrackPointExtension>
        </extensions>
      </trkpt>
      <trkpt lat="34.22581420029718" lon="108.82892714071805">
        <ele>400.8856181418523</ele>
        <time>2025-12-07T10:57:46Z</time>
        <extensions>
          <gpxtpx:TrackPointExtension>
            <gpxtpx:hr>105</gpxtpx:hr>
          </gpxtpx:TrackPointExtension>
        </extensions>
      </trkpt>
      <trkpt lat="34.225812325436145" lon="108.82893129317873">
        <ele>400.7721941815689</ele>
        <time>2025-12-07T10:57:47Z</time>
        <extensions>
          <gpxtpx:TrackPointExtension>
            <gpxtpx:hr>105</gpxtpx:hr>
          </gpxtpx:TrackPointExtension>
        </extensions>
      </trkpt>
      <trkpt lat="34.22580834382665" lon="108.82893628769405">
        <ele>400.65457090642303</ele>
        <time>2025-12-07T10:57:48Z</time>
        <extensions>
          <gpxtpx:TrackPointExtension>
            <gpxtpx:hr>105</gpxtpx:hr>
          </gpxtpx:TrackPointExtension>
        </extensions>
      </trkpt>
      <trkpt lat="34.225801523755045" lon="108.82893869129785">
        <ele>400.5302407415584</ele>
        <time>2025-12-07T10:57:49Z</time>
        <extensions>
          <gpxtpx:TrackPointExtension>
            <gpxtpx:hr>106</gpxtpx:hr>
          </gpxtpx:TrackPointExtension>
        </extensions>
      </trkpt>
      <trkpt lat="34.225791829071355" lon="108.82893780175172">
        <ele>400.4019455164671</ele>
        <time>2025-12-07T10:57:50Z</time>
        <extensions>
          <gpxtpx:TrackPointExtension>
            <gpxtpx:hr>106</gpxtpx:hr>
          </gpxtpx:TrackPointExtension>
        </extensions>
      </trkpt>
      <trkpt lat="34.22578006641653" lon="108.8289350699231">
        <ele>400.27847494836897</ele>
        <time>2025-12-07T10:57:51Z</time>
        <extensions>
          <gpxtpx:TrackPointExtension>
            <gpxtpx:hr>106</gpxtpx:hr>
          </gpxtpx:TrackPointExtension>
        </extensions>
      </trkpt>
      <trkpt lat="34.225767760082775" lon="108.82893110014162">
        <ele>400.159264578484</ele>
        <time>2025-12-07T10:57:52Z</time>
        <extensions>
          <gpxtpx:TrackPointExtension>
            <gpxtpx:hr>106</gpxtpx:hr>
          </gpxtpx:TrackPointExtension>
        </extensions>
      </trkpt>
      <trkpt lat="34.225755448643284" lon="108.82892677442972">
        <ele>400.0511223394424</ele>
        <time>2025-12-07T10:57:53Z</time>
        <extensions>
          <gpxtpx:TrackPointExtension>
            <gpxtpx:hr>105</gpxtpx:hr>
          </gpxtpx:TrackPointExtension>
        </extensions>
      </trkpt>
      <trkpt lat="34.225742619323256" lon="108.82892330158397">
        <ele>399.9521312909201</ele>
        <time>2025-12-07T10:57:54Z</time>
        <extensions>
          <gpxtpx:TrackPointExtension>
            <gpxtpx:hr>105</gpxtpx:hr>
          </gpxtpx:TrackPointExtension>
        </extensions>
      </trkpt>
      <trkpt lat="34.22572877346671" lon="108.82892086214517">
        <ele>399.8641667291522</ele>
        <time>2025-12-07T10:57:55Z</time>
        <extensions>
          <gpxtpx:TrackPointExtension>
            <gpxtpx:hr>105</gpxtpx:hr>
          </gpxtpx:TrackPointExtension>
        </extensions>
      </trkpt>
      <trkpt lat="34.22571459068558" lon="108.82891925625931">
        <ele>399.8010765397921</ele>
        <time>2025-12-07T10:57:56Z</time>
        <extensions>
          <gpxtpx:TrackPointExtension>
            <gpxtpx:hr>105</gpxtpx:hr>
          </gpxtpx:TrackPointExtension>
        </extensions>
      </trkpt>
      <trkpt lat="34.225700733632" lon="108.82891848285001">
        <ele>399.7363326419145</ele>
        <time>2025-12-07T10:57:57Z</time>
        <extensions>
          <gpxtpx:TrackPointExtension>
            <gpxtpx:hr>105</gpxtpx:hr>
          </gpxtpx:TrackPointExtension>
        </extensions>
      </trkpt>
      <trkpt lat="34.22568674901013" lon="108.82891851394777">
        <ele>399.69412988517433</ele>
        <time>2025-12-07T10:57:58Z</time>
        <extensions>
          <gpxtpx:TrackPointExtension>
            <gpxtpx:hr>104</gpxtpx:hr>
          </gpxtpx:TrackPointExtension>
        </extensions>
      </trkpt>
      <trkpt lat="34.22567280656067" lon="108.82891930817692">
        <ele>399.69419622886926</ele>
        <time>2025-12-07T10:57:59Z</time>
        <extensions>
          <gpxtpx:TrackPointExtension>
            <gpxtpx:hr>104</gpxtpx:hr>
          </gpxtpx:TrackPointExtension>
        </extensions>
      </trkpt>
      <trkpt lat="34.22565946175184" lon="108.82892059373061">
        <ele>399.7110437853262</ele>
        <time>2025-12-07T10:58:00Z</time>
        <extensions>
          <gpxtpx:TrackPointExtension>
            <gpxtpx:hr>104</gpxtpx:hr>
          </gpxtpx:TrackPointExtension>
        </extensions>
      </trkpt>
      <trkpt lat="34.22564638499372" lon="108.82892188107706">
        <ele>399.7417647643015</ele>
        <time>2025-12-07T10:58:01Z</time>
        <extensions>
          <gpxtpx:TrackPointExtension>
            <gpxtpx:hr>104</gpxtpx:hr>
          </gpxtpx:TrackPointExtension>
        </extensions>
      </trkpt>
      <trkpt lat="34.22563400315631" lon="108.82892245959601">
        <ele>399.79736703820527</ele>
        <time>2025-12-07T10:58:02Z</time>
        <extensions>
          <gpxtpx:TrackPointExtension>
            <gpxtpx:hr>104</gpxtpx:hr>
          </gpxtpx:TrackPointExtension>
        </extensions>
      </trkpt>
      <trkpt lat="34.2256218237574" lon="108.82892232440567">
        <ele>399.8606619667262</ele>
        <time>2025-12-07T10:58:03Z</time>
        <extensions>
          <gpxtpx:TrackPointExtension>
            <gpxtpx:hr>103</gpxtpx:hr>
          </gpxtpx:TrackPointExtension>
        </extensions>
      </trkpt>
      <trkpt lat="34.22560867441786" lon="108.82892180261787">
        <ele>399.94212717283517</ele>
        <time>2025-12-07T10:58:04Z</time>
        <extensions>
          <gpxtpx:TrackPointExtension>
            <gpxtpx:hr>103</gpxtpx:hr>
          </gpxtpx:TrackPointExtension>
        </extensions>
      </trkpt>
      <trkpt lat="34.225595672873204" lon="108.82892093370589">
        <ele>400.0418083332479</ele>
        <time>2025-12-07T10:58:05Z</time>
        <extensions>
          <gpxtpx:TrackPointExtension>
            <gpxtpx:hr>103</gpxtpx:hr>
          </gpxtpx:TrackPointExtension>
        </extensions>
      </trkpt>
      <trkpt lat="34.225583218097114" lon="108.82891965345067">
        <ele>400.1393729709089</ele>
        <time>2025-12-07T10:58:06Z</time>
        <extensions>
          <gpxtpx:TrackPointExtension>
            <gpxtpx:hr>103</gpxtpx:hr>
          </gpxtpx:TrackPointExtension>
        </extensions>
      </trkpt>
      <trkpt lat="34.22557126737534" lon="108.82891791726811">
        <ele>400.2378144469112</ele>
        <time>2025-12-07T10:58:07Z</time>
        <extensions>
          <gpxtpx:TrackPointExtension>
            <gpxtpx:hr>104</gpxtpx:hr>
          </gpxtpx:TrackPointExtension>
        </extensions>
      </trkpt>
      <trkpt lat="34.22555965992721" lon="108.82891556475056">
        <ele>400.34242391586304</ele>
        <time>2025-12-07T10:58:07.900000Z</time>
        <extensions>
          <gpxtpx:TrackPointExtension>
            <gpxtpx:hr>104</gpxtpx:hr>
          </gpxtpx:TrackPointExtension>
        </extensions>
      </trkpt>
      <trkpt lat="34.225547784145235" lon="108.82891285200965">
        <ele>400.4375027436763</ele>
        <time>2025-12-07T10:58:08.900000Z</time>
        <extensions>
          <gpxtpx:TrackPointExtension>
            <gpxtpx:hr>104</gpxtpx:hr>
          </gpxtpx:TrackPointExtension>
        </extensions>
      </trkpt>
      <trkpt lat="34.22553574932201" lon="108.82891075745667">
        <ele>400.54448504932225</ele>
        <time>2025-12-07T10:58:09.900000Z</time>
        <extensions>
          <gpxtpx:TrackPointExtension>
            <gpxtpx:hr>104</gpxtpx:hr>
          </gpxtpx:TrackPointExtension>
        </extensions>
      </trkpt>
      <trkpt lat="34.22552324536991" lon="108.8289100062788">
        <ele>400.6506430571899</ele>
        <time>2025-12-07T10:58:10.900000Z</time>
        <extensions>
          <gpxtpx:TrackPointExtension>
            <gpxtpx:hr>104</gpxtpx:hr>
          </gpxtpx:TrackPointExtension>
        </extensions>
      </trkpt>
      <trkpt lat="34.225509765245356" lon="108.82891042459094">
        <ele>400.75038558151573</ele>
        <time>2025-12-07T10:58:11.900000Z</time>
        <extensions>
          <gpxtpx:TrackPointExtension>
            <gpxtpx:hr>105</gpxtpx:hr>
          </gpxtpx:TrackPointExtension>
        </extensions>
      </trkpt>
      <trkpt lat="34.22549614477955" lon="108.82891156000383">
        <ele>400.8460762538016</ele>
        <time>2025-12-07T10:58:12.900000Z</time>
        <extensions>
          <gpxtpx:TrackPointExtension>
            <gpxtpx:hr>105</gpxtpx:hr>
          </gpxtpx:TrackPointExtension>
        </extensions>
      </trkpt>
      <trkpt lat="34.225482530371295" lon="108.82891334317438">
        <ele>400.9248439753428</ele>
        <time>2025-12-07T10:58:13.900000Z</time>
        <extensions>
          <gpxtpx:TrackPointExtension>
            <gpxtpx:hr>105</gpxtpx:hr>
          </gpxtpx:TrackPointExtension>
        </extensions>
      </trkpt>
      <trkpt lat="34.22546950533247" lon="108.82891501461678">
        <ele>400.9918938688934</ele>
        <time>2025-12-07T10:58:14.900000Z</time>
        <extensions>
          <gpxtpx:TrackPointExtension>
            <gpxtpx:hr>105</gpxtpx:hr>
          </gpxtpx:TrackPointExtension>
        </extensions>
      </trkpt>
      <trkpt lat="34.225456921086405" lon="108.82891582231584">
        <ele>401.04625721275806</ele>
        <time>2025-12-07T10:58:15.900000Z</time>
        <extensions>
          <gpxtpx:TrackPointExtension>
            <gpxtpx:hr>105</gpxtpx:hr>
          </gpxtpx:TrackPointExtension>
        </extensions>
      </trkpt>
      <trkpt lat="34.22544370982252" lon="108.8289157489587">
        <ele>401.0860951729119</ele>
        <time>2025-12-07T10:58:16.900000Z</time>
        <extensions>
          <gpxtpx:TrackPointExtension>
            <gpxtpx:hr>105</gpxtpx:hr>
          </gpxtpx:TrackPointExtension>
        </extensions>
      </trkpt>
      <trkpt lat="34.22543043243214" lon="108.82891483545427">
        <ele>401.11301817093045</ele>
        <time>2025-12-07T10:58:17.900000Z</time>
        <extensions>
          <gpxtpx:TrackPointExtension>
            <gpxtpx:hr>105</gpxtpx:hr>
          </gpxtpx:TrackPointExtension>
        </extensions>
      </trkpt>
      <trkpt lat="34.22541711766627" lon="108.82891306311596">
        <ele>401.1348324883729</ele>
        <time>2025-12-07T10:58:18.900000Z</time>
        <extensions>
          <gpxtpx:TrackPointExtension>
            <gpxtpx:hr>105</gpxtpx:hr>
          </gpxtpx:TrackPointExtension>
        </extensions>
      </trkpt>
      <trkpt lat="34.22540379764365" lon="108.82891078137699">
        <ele>401.15522040147334</ele>
        <time>2025-12-07T10:58:19.900000Z</time>
        <extensions>
          <gpxtpx:TrackPointExtension>
            <gpxtpx:hr>106</gpxtpx:hr>
          </gpxtpx:TrackPointExtension>
        </extensions>
      </trkpt>
      <trkpt lat="34.225390502216534" lon="108.82890859172149">
        <ele>401.1618728004396</ele>
        <time>2025-12-07T10:58:20.900000Z</time>
        <extensions>
          <gpxtpx:TrackPointExtension>
            <gpxtpx:hr>106</gpxtpx:hr>
          </gpxtpx:TrackPointExtension>
        </extensions>
      </trkpt>
      <trkpt lat="34.22537781336927" lon="108.82890692431903">
        <ele>401.15061888843775</ele>
        <time>2025-12-07T10:58:21.900000Z</time>
        <extensions>
          <gpxtpx:TrackPointExtension>
            <gpxtpx:hr>106</gpxtpx:hr>
          </gpxtpx:TrackPointExtension>
        </extensions>
      </trkpt>
      <trkpt lat="34.225365877063986" lon="108.82890549831016">
        <ele>401.1247971067205</ele>
        <time>2025-12-07T10:58:22.900000Z</time>
        <extensions>
          <gpxtpx:TrackPointExtension>
            <gpxtpx:hr>106</gpxtpx:hr>
          </gpxtpx:TrackPointExtension>
        </extensions>
      </trkpt>
      <trkpt lat="34.22535452763014" lon="108.82890267980021">
        <ele>401.089804966934</ele>
        <time>2025-12-07T10:58:23.900000Z</time>
        <extensions>
          <gpxtpx:TrackPointExtension>
            <gpxtpx:hr>106</gpxtpx:hr>
          </gpxtpx:TrackPointExtension>
        </extensions>
      </trkpt>
      <trkpt lat="34.225344205084966" lon="108.8288967734025">
        <ele>401.0557495197281</ele>
        <time>2025-12-07T10:58:24.900000Z</time>
        <extensions>
          <gpxtpx:TrackPointExtension>
            <gpxtpx:hr>107</gpxtpx:hr>
          </gpxtpx:TrackPointExtension>
        </extensions>
      </trkpt>
      <trkpt lat="34.22533424352149" lon="108.82888767270367">
        <ele>401.02062112186104</ele>
        <time>2025-12-07T10:58:25.900000Z</time>
        <extensions>
          <gpxtpx:TrackPointExtension>
            <gpxtpx:hr>107</gpxtpx:hr>
          </gpxtpx:TrackPointExtension>
        </extensions>
      </trkpt>
      <trkpt lat="34.22532469172585" lon="108.82887701904417">
        <ele>401.0006956933066</ele>
        <time>2025-12-07T10:58:26.900000Z</time>
        <extensions>
          <gpxtpx:TrackPointExtension>
            <gpxtpx:hr>107</gpxtpx:hr>
          </gpxtpx:TrackPointExtension>
        </extensions>
      </trkpt>
      <trkpt lat="34.225315364887955" lon="108.82886586829379">
        <ele>400.980268730782</ele>
        <time>2025-12-07T10:58:27.900000Z</time>
        <extensions>
          <gpxtpx:TrackPointExtension>
            <gpxtpx:hr>107</gpxtpx:hr>
          </gpxtpx:TrackPointExtension>
        </extensions>
      </trkpt>
      <trkpt lat="34.22530605135507" lon="108.82885518137856">
        <ele>400.95925389882177</ele>
        <time>2025-12-07T10:58:28.900000Z</time>
        <extensions>
          <gpxtpx:TrackPointExtension>
            <gpxtpx:hr>107</gpxtpx:hr>
          </gpxtpx:TrackPointExtension>
        </extensions>
      </trkpt>
      <trkpt lat="34.225297010979936" lon="108.82884458917476">
        <ele>400.92520128842443</ele>
        <time>2025-12-07T10:58:29.900000Z</time>
        <extensions>
          <gpxtpx:TrackPointExtension>
            <gpxtpx:hr>107</gpxtpx:hr>
          </gpxtpx:TrackPointExtension>
        </extensions>
      </trkpt>
      <trkpt lat="34.22528842078068" lon="108.82883357015847">
        <ele>400.8867650460452</ele>
        <time>2025-12-07T10:58:30.900000Z</time>
        <extensions>
          <gpxtpx:TrackPointExtension>
            <gpxtpx:hr>107</gpxtpx:hr>
          </gpxtpx:TrackPointExtension>
        </extensions>
      </trkpt>
      <trkpt lat="34.225280163764054" lon="108.8288223518708">
        <ele>400.85937454458326</ele>
        <time>2025-12-07T10:58:31.900000Z</time>
        <extensions>
          <gpxtpx:TrackPointExtension>
            <gpxtpx:hr>109</gpxtpx:hr>
          </gpxtpx:TrackPointExtension>
        </extensions>
      </trkpt>
      <trkpt lat="34.22527183072902" lon="108.82881008418774">
        <ele>400.8420858066529</ele>
        <time>2025-12-07T10:58:32.900000Z</time>
        <extensions>
          <gpxtpx:TrackPointExtension>
            <gpxtpx:hr>109</gpxtpx:hr>
          </gpxtpx:TrackPointExtension>
        </extensions>
      </trkpt>
      <trkpt lat="34.225263749261195" lon="108.8287977891922">
        <ele>400.8246564352885</ele>
        <time>2025-12-07T10:58:33.900000Z</time>
        <extensions>
          <gpxtpx:TrackPointExtension>
            <gpxtpx:hr>109</gpxtpx:hr>
          </gpxtpx:TrackPointExtension>
        </extensions>
      </trkpt>
      <trkpt lat="34.2252556375352" lon="108.82878593192255">
        <ele>400.8147919392213</ele>
        <time>2025-12-07T10:58:34.900000Z</time>
        <extensions>
          <gpxtpx:TrackPointExtension>
            <gpxtpx:hr>109</gpxtpx:hr>
          </gpxtpx:TrackPointExtension>
        </extensions>
      </trkpt>
      <trkpt lat="34.22524785003687" lon="108.8287745159342">
        <ele>400.8069853428751</ele>
        <time>2025-12-07T10:58:35.900000Z</time>
        <extensions>
          <gpxtpx:TrackPointExtension>
            <gpxtpx:hr>109</gpxtpx:hr>
          </gpxtpx:TrackPointExtension>
        </extensions>
      </trkpt>
      <trkpt lat="34.22524059146826" lon="108.82876338974515">
        <ele>400.8155286703259</ele>
        <time>2025-12-07T10:58:36.900000Z</time>
        <extensions>
          <gpxtpx:TrackPointExtension>
            <gpxtpx:hr>109</gpxtpx:hr>
          </gpxtpx:TrackPointExtension>
        </extensions>
      </trkpt>
      <trkpt lat="34.22523303769601" lon="108.82875178144855">
        <ele>400.8281651493162</ele>
        <time>2025-12-07T10:58:37.900000Z</time>
        <extensions>
          <gpxtpx:TrackPointExtension>
            <gpxtpx:hr>109</gpxtpx:hr>
          </gpxtpx:TrackPointExtension>
        </extensions>
      </trkpt>
      <trkpt lat="34.225225386601906" lon="108.82874015263621">
        <ele>400.8517118245363</ele>
        <time>2025-12-07T10:58:38.900000Z</time>
        <extensions>
          <gpxtpx:TrackPointExtension>
            <gpxtpx:hr>108</gpxtpx:hr>
          </gpxtpx:TrackPointExtension>
        </extensions>
      </trkpt>
      <trkpt lat="34.22521755706574" lon="108.82872936245828">
        <ele>400.86231808178127</ele>
        <time>2025-12-07T10:58:39.900000Z</time>
        <extensions>
          <gpxtpx:TrackPointExtension>
            <gpxtpx:hr>108</gpxtpx:hr>
          </gpxtpx:TrackPointExtension>
        </extensions>
      </trkpt>
      <trkpt lat="34.22520912650329" lon="108.82871962225435">
        <ele>400.8715045489371</ele>
        <time>2025-12-07T10:58:40.900000Z</time>
        <extensions>
          <gpxtpx:TrackPointExtension>
            <gpxtpx:hr>108</gpxtpx:hr>
          </gpxtpx:TrackPointExtension>
        </extensions>
      </trkpt>
      <trkpt lat="34.22519981369801" lon="108.82871077919714">
        <ele>400.8992117876187</ele>
        <time>2025-12-07T10:58:41.900000Z</time>
        <extensions>
          <gpxtpx:TrackPointExtension>
            <gpxtpx:hr>108</gpxtpx:hr>
          </gpxtpx:TrackPointExtension>
        </extensions>
      </trkpt>
      <trkpt lat="34.22518971152017" lon="108.82870278929053">
        <ele>400.90606852900237</ele>
        <time>2025-12-07T10:58:42.900000Z</time>
        <extensions>
          <gpxtpx:TrackPointExtension>
            <gpxtpx:hr>108</gpxtpx:hr>
          </gpxtpx:TrackPointExtension>
        </extensions>
      </trkpt>
      <trkpt lat="34.22517905192114" lon="108.82869518179784">
        <ele>400.9239265155047</ele>
        <time>2025-12-07T10:58:43.900000Z</time>
        <extensions>
          <gpxtpx:TrackPointExtension>
            <gpxtpx:hr>104</gpxtpx:hr>
          </gpxtpx:TrackPointExtension>
        </extensions>
      </trkpt>
      <trkpt lat="34.22516769400355" lon="108.8286876052811">
        <ele>400.9468743642792</ele>
        <time>2025-12-07T10:58:44.900000Z</time>
        <extensions>
          <gpxtpx:TrackPointExtension>
            <gpxtpx:hr>104</gpxtpx:hr>
          </gpxtpx:TrackPointExtension>
        </extensions>
      </trkpt>
      <trkpt lat="34.22515615298389" lon="108.82868035407886">
        <ele>400.96971425786614</ele>
        <time>2025-12-07T10:58:45.900000Z</time>
        <extensions>
          <gpxtpx:TrackPointExtension>
            <gpxtpx:hr>104</gpxtpx:hr>
          </gpxtpx:TrackPointExtension>
        </extensions>
      </trkpt>
      <trkpt lat="34.225144106191706" lon="108.8286735760044">
        <ele>400.9845971222967</ele>
        <time>2025-12-07T10:58:46.900000Z</time>
        <extensions>
          <gpxtpx:TrackPointExtension>
            <gpxtpx:hr>104</gpxtpx:hr>
          </gpxtpx:TrackPointExtension>
        </extensions>
      </trkpt>
      <trkpt lat="34.22513187228713" lon="108.8286680191189">
        <ele>400.9925842965022</ele>
        <time>2025-12-07T10:58:47.900000Z</time>
        <extensions>
          <gpxtpx:TrackPointExtension>
            <gpxtpx:hr>101</gpxtpx:hr>
          </gpxtpx:TrackPointExtension>
        </extensions>
      </trkpt>
      <trkpt lat="34.22511913368423" lon="108.82866441736645">
        <ele>400.9932346334681</ele>
        <time>2025-12-07T10:58:48.900000Z</time>
        <extensions>
          <gpxtpx:TrackPointExtension>
            <gpxtpx:hr>101</gpxtpx:hr>
          </gpxtpx:TrackPointExtension>
        </extensions>
      </trkpt>
      <trkpt lat="34.225105218693784" lon="108.82866250426369">
        <ele>400.9805411035195</ele>
        <time>2025-12-07T10:58:49.900000Z</time>
        <extensions>
          <gpxtpx:TrackPointExtension>
            <gpxtpx:hr>101</gpxtpx:hr>
          </gpxtpx:TrackPointExtension>
        </extensions>
      </trkpt>
      <trkpt lat="34.22509143727271" lon="108.8286617895694">
        <ele>400.9868359537795</ele>
        <time>2025-12-07T10:58:50.900000Z</time>
        <extensions>
          <gpxtpx:TrackPointExtension>
            <gpxtpx:hr>101</gpxtpx:hr>
          </gpxtpx:TrackPointExtension>
        </extensions>
      </trkpt>
      <trkpt lat="34.22507806433663" lon="108.82866153138194">
        <ele>401.03523438517004</ele>
        <time>2025-12-07T10:58:51.900000Z</time>
        <extensions>
          <gpxtpx:TrackPointExtension>
            <gpxtpx:hr>100</gpxtpx:hr>
          </gpxtpx:TrackPointExtension>
        </extensions>
      </trkpt>
      <trkpt lat="34.22506488976415" lon="108.82866133687658">
        <ele>401.07390809059143</ele>
        <time>2025-12-07T10:58:52.900000Z</time>
        <extensions>
          <gpxtpx:TrackPointExtension>
            <gpxtpx:hr>100</gpxtpx:hr>
          </gpxtpx:TrackPointExtension>
        </extensions>
      </trkpt>
      <trkpt lat="34.225052023988454" lon="108.82866104015892">
        <ele>401.11832954734564</ele>
        <time>2025-12-07T10:58:53.900000Z</time>
        <extensions>
          <gpxtpx:TrackPointExtension>
            <gpxtpx:hr>100</gpxtpx:hr>
          </gpxtpx:TrackPointExtension>
        </extensions>
      </trkpt>
      <trkpt lat="34.22503924707507" lon="108.82866032916823">
        <ele>401.1696678698063</ele>
        <time>2025-12-07T10:58:54.900000Z</time>
        <extensions>
          <gpxtpx:TrackPointExtension>
            <gpxtpx:hr>100</gpxtpx:hr>
          </gpxtpx:TrackPointExtension>
        </extensions>
      </trkpt>
      <trkpt lat="34.22502649528175" lon="108.82865940593432">
        <ele>401.23331035953015</ele>
        <time>2025-12-07T10:58:55.900000Z</time>
        <extensions>
          <gpxtpx:TrackPointExtension>
            <gpxtpx:hr>100</gpxtpx:hr>
          </gpxtpx:TrackPointExtension>
        </extensions>
      </trkpt>
      <trkpt lat="34.22501415872995" lon="108.82865849899846">
        <ele>401.3117484347895</ele>
        <time>2025-12-07T10:58:56.900000Z</time>
        <extensions>
          <gpxtpx:TrackPointExtension>
            <gpxtpx:hr>100</gpxtpx:hr>
          </gpxtpx:TrackPointExtension>
        </extensions>
      </trkpt>
      <trkpt lat="34.22500211584441" lon="108.82865767834106">
        <ele>401.3949161292985</ele>
        <time>2025-12-07T10:58:57.900000Z</time>
        <extensions>
          <gpxtpx:TrackPointExtension>
            <gpxtpx:hr>100</gpxtpx:hr>
          </gpxtpx:TrackPointExtension>
        </extensions>
      </trkpt>
      <trkpt lat="34.22499028627124" lon="108.82865710431987">
        <ele>401.49173816666007</ele>
        <time>2025-12-07T10:58:58.900000Z</time>
        <extensions>
          <gpxtpx:TrackPointExtension>
            <gpxtpx:hr>100</gpxtpx:hr>
          </gpxtpx:TrackPointExtension>
        </extensions>
      </trkpt>
      <trkpt lat="34.22497821319696" lon="108.82865781602983">
        <ele>401.60203575436026</ele>
        <time>2025-12-07T10:58:59.900000Z</time>
        <extensions>
          <gpxtpx:TrackPointExtension>
            <gpxtpx:hr>100</gpxtpx:hr>
          </gpxtpx:TrackPointExtension>
        </extensions>
      </trkpt>
      <trkpt lat="34.224964864735725" lon="108.82866034922802">
        <ele>401.72372536733747</ele>
        <time>2025-12-07T10:59:00.900000Z</time>
        <extensions>
          <gpxtpx:TrackPointExtension>
            <gpxtpx:hr>100</gpxtpx:hr>
          </gpxtpx:TrackPointExtension>
        </extensions>
      </trkpt>
      <trkpt lat="34.22495012075881" lon="108.8286639934428">
        <ele>401.8485211217776</ele>
        <time>2025-12-07T10:59:01.900000Z</time>
        <extensions>
          <gpxtpx:TrackPointExtension>
            <gpxtpx:hr>107</gpxtpx:hr>
          </gpxtpx:TrackPointExtension>
        </extensions>
      </trkpt>
      <trkpt lat="34.22493611553465" lon="108.8286666272609">
        <ele>401.97313587367535</ele>
        <time>2025-12-07T10:59:02.900000Z</time>
        <extensions>
          <gpxtpx:TrackPointExtension>
            <gpxtpx:hr>107</gpxtpx:hr>
          </gpxtpx:TrackPointExtension>
        </extensions>
      </trkpt>
      <trkpt lat="34.22492488082136" lon="108.82866563360433">
        <ele>402.087338142097</ele>
        <time>2025-12-07T10:59:03.900000Z</time>
        <extensions>
          <gpxtpx:TrackPointExtension>
            <gpxtpx:hr>107</gpxtpx:hr>
          </gpxtpx:TrackPointExtension>
        </extensions>
      </trkpt>
      <trkpt lat="34.224913151171194" lon="108.82866257049358">
        <ele>402.2101429393515</ele>
        <time>2025-12-07T10:59:04.900000Z</time>
        <extensions>
          <gpxtpx:TrackPointExtension>
            <gpxtpx:hr>107</gpxtpx:hr>
          </gpxtpx:TrackPointExtension>
        </extensions>
      </trkpt>
      <trkpt lat="34.22490020990242" lon="108.82865989025966">
        <ele>402.3340238863602</ele>
        <time>2025-12-07T10:59:05.900000Z</time>
        <extensions>
          <gpxtpx:TrackPointExtension>
            <gpxtpx:hr>107</gpxtpx:hr>
          </gpxtpx:TrackPointExtension>
        </extensions>
      </trkpt>
      <trkpt lat="34.224887454099594" lon="108.82865825543527">
        <ele>402.45969570428133</ele>
        <time>2025-12-07T10:59:06.900000Z</time>
        <extensions>
          <gpxtpx:TrackPointExtension>
            <gpxtpx:hr>107</gpxtpx:hr>
          </gpxtpx:TrackPointExtension>
        </extensions>
      </trkpt>
      <trkpt lat="34.22487468217581" lon="108.8286577701556">
        <ele>402.57643628213555</ele>
        <time>2025-12-07T10:59:07.900000Z</time>
        <extensions>
          <gpxtpx:TrackPointExtension>
            <gpxtpx:hr>107</gpxtpx:hr>
          </gpxtpx:TrackPointExtension>
        </extensions>
      </trkpt>
      <trkpt lat="34.224862186236265" lon="108.82865761980767">
        <ele>402.68310976587236</ele>
        <time>2025-12-07T10:59:08.900000Z</time>
        <extensions>
          <gpxtpx:TrackPointExtension>
            <gpxtpx:hr>109</gpxtpx:hr>
          </gpxtpx:TrackPointExtension>
        </extensions>
      </trkpt>
      <trkpt lat="34.22484977196883" lon="108.82865729261448">
        <ele>402.779526703991</ele>
        <time>2025-12-07T10:59:09.900000Z</time>
        <extensions>
          <gpxtpx:TrackPointExtension>
            <gpxtpx:hr>109</gpxtpx:hr>
          </gpxtpx:TrackPointExtension>
        </extensions>
      </trkpt>
      <trkpt lat="34.224838496629445" lon="108.82865690397773">
        <ele>402.8572159735486</ele>
        <time>2025-12-07T10:59:10.900000Z</time>
        <extensions>
          <gpxtpx:TrackPointExtension>
            <gpxtpx:hr>109</gpxtpx:hr>
          </gpxtpx:TrackPointExtension>
        </extensions>
      </trkpt>
      <trkpt lat="34.224827424036185" lon="108.82865639550953">
        <ele>402.9201441956684</ele>
        <time>2025-12-07T10:59:11.900000Z</time>
        <extensions>
          <gpxtpx:TrackPointExtension>
            <gpxtpx:hr>109</gpxtpx:hr>
          </gpxtpx:TrackPointExtension>
        </extensions>
      </trkpt>
      <trkpt lat="34.224814821515764" lon="108.82865547350919">
        <ele>402.9758572438732</ele>
        <time>2025-12-07T10:59:12.900000Z</time>
        <extensions>
          <gpxtpx:TrackPointExtension>
            <gpxtpx:hr>109</gpxtpx:hr>
          </gpxtpx:TrackPointExtension>
        </extensions>
      </trkpt>
      <trkpt lat="34.224801446681674" lon="108.82865432002187">
        <ele>403.0306600779295</ele>
        <time>2025-12-07T10:59:13.900000Z</time>
        <extensions>
          <gpxtpx:TrackPointExtension>
            <gpxtpx:hr>109</gpxtpx:hr>
          </gpxtpx:TrackPointExtension>
        </extensions>
      </trkpt>
      <trkpt lat="34.22478809933461" lon="108.8286530595314">
        <ele>403.06097522191703</ele>
        <time>2025-12-07T10:59:14.900000Z</time>
        <extensions>
          <gpxtpx:TrackPointExtension>
            <gpxtpx:hr>109</gpxtpx:hr>
          </gpxtpx:TrackPointExtension>
        </extensions>
      </trkpt>
      <trkpt lat="34.22477506585656" lon="108.82865183077604">
        <ele>403.0598579021171</ele>
        <time>2025-12-07T10:59:15.900000Z</time>
        <extensions>
          <gpxtpx:TrackPointExtension>
            <gpxtpx:hr>106</gpxtpx:hr>
          </gpxtpx:TrackPointExtension>
        </extensions>
      </trkpt>
      <trkpt lat="34.22476309551694" lon="108.82865080600651">
        <ele>403.0581332705915</ele>
        <time>2025-12-07T10:59:16.900000Z</time>
        <extensions>
          <gpxtpx:TrackPointExtension>
            <gpxtpx:hr>106</gpxtpx:hr>
          </gpxtpx:TrackPointExtension>
        </extensions>
      </trkpt>
      <trkpt lat="34.22475248466312" lon="108.8286498698617">
        <ele>403.04593307711184</ele>
        <time>2025-12-07T10:59:17.900000Z</time>
        <extensions>
          <gpxtpx:TrackPointExtension>
            <gpxtpx:hr>106</gpxtpx:hr>
          </gpxtpx:TrackPointExtension>
        </extensions>
      </trkpt>
      <trkpt lat="34.22474219141619" lon="108.82864864740846">
        <ele>403.01860666647553</ele>
        <time>2025-12-07T10:59:18.900000Z</time>
        <extensions>
          <gpxtpx:TrackPointExtension>
            <gpxtpx:hr>106</gpxtpx:hr>
          </gpxtpx:TrackPointExtension>
        </extensions>
      </trkpt>
      <trkpt lat="34.22473112081096" lon="108.8286468542117">
        <ele>402.966121673584</ele>
        <time>2025-12-07T10:59:19.900000Z</time>
        <extensions>
          <gpxtpx:TrackPointExtension>
            <gpxtpx:hr>106</gpxtpx:hr>
          </gpxtpx:TrackPointExtension>
        </extensions>
      </trkpt>
      <trkpt lat="34.22471946213889" lon="108.82864457021635">
        <ele>402.9199229730293</ele>
        <time>2025-12-07T10:59:20.900000Z</time>
        <extensions>
          <gpxtpx:TrackPointExtension>
            <gpxtpx:hr>106</gpxtpx:hr>
          </gpxtpx:TrackPointExtension>
        </extensions>
      </trkpt>
      <trkpt lat="34.224707677970535" lon="108.8286420426386">
        <ele>402.8668252704665</ele>
        <time>2025-12-07T10:59:21.900000Z</time>
        <extensions>
          <gpxtpx:TrackPointExtension>
            <gpxtpx:hr>97</gpxtpx:hr>
          </gpxtpx:TrackPointExtension>
        </extensions>
      </trkpt>
      <trkpt lat="34.22469561740181" lon="108.82863932527849">
        <ele>402.80131650995463</ele>
        <time>2025-12-07T10:59:22.900000Z</time>
        <extensions>
          <gpxtpx:TrackPointExtension>
            <gpxtpx:hr>97</gpxtpx:hr>
          </gpxtpx:TrackPointExtension>
        </extensions>
      </trkpt>
      <trkpt lat="34.22468335828033" lon="108.82863624794199">
        <ele>402.7361304573715</ele>
        <time>2025-12-07T10:59:23.900000Z</time>
        <extensions>
          <gpxtpx:TrackPointExtension>
            <gpxtpx:hr>97</gpxtpx:hr>
          </gpxtpx:TrackPointExtension>
        </extensions>
      </trkpt>
      <trkpt lat="34.22467162701121" lon="108.82863260421952">
        <ele>402.6708839368075</ele>
        <time>2025-12-07T10:59:24.900000Z</time>
        <extensions>
          <gpxtpx:TrackPointExtension>
            <gpxtpx:hr>97</gpxtpx:hr>
          </gpxtpx:TrackPointExtension>
        </extensions>
      </trkpt>
      <trkpt lat="34.22466057026678" lon="108.82862902621994">
        <ele>402.6059116218239</ele>
        <time>2025-12-07T10:59:25.900000Z</time>
        <extensions>
          <gpxtpx:TrackPointExtension>
            <gpxtpx:hr>97</gpxtpx:hr>
          </gpxtpx:TrackPointExtension>
        </extensions>
      </trkpt>
      <trkpt lat="34.22464959041412" lon="108.82862569367721">
        <ele>402.55719490442425</ele>
        <time>2025-12-07T10:59:26.900000Z</time>
        <extensions>
          <gpxtpx:TrackPointExtension>
            <gpxtpx:hr>97</gpxtpx:hr>
          </gpxtpx:TrackPointExtension>
        </extensions>
      </trkpt>
      <trkpt lat="34.22463849148504" lon="108.82862231425952">
        <ele>402.50934110581875</ele>
        <time>2025-12-07T10:59:27.900000Z</time>
        <extensions>
          <gpxtpx:TrackPointExtension>
            <gpxtpx:hr>97</gpxtpx:hr>
          </gpxtpx:TrackPointExtension>
        </extensions>
      </trkpt>
      <trkpt lat="34.22462740059136" lon="108.82861912366472">
        <ele>402.477316390723</ele>
        <time>2025-12-07T10:59:28.900000Z</time>
        <extensions>
          <gpxtpx:TrackPointExtension>
            <gpxtpx:hr>97</gpxtpx:hr>
          </gpxtpx:TrackPointExtension>
        </extensions>
      </trkpt>
      <trkpt lat="34.22461624427747" lon="108.82861639175199">
        <ele>402.4591297591105</ele>
        <time>2025-12-07T10:59:29.900000Z</time>
        <extensions>
          <gpxtpx:TrackPointExtension>
            <gpxtpx:hr>97</gpxtpx:hr>
          </gpxtpx:TrackPointExtension>
        </extensions>
      </trkpt>
      <trkpt lat="34.224604392131766" lon="108.82861451956312">
        <ele>402.44453128799796</ele>
        <time>2025-12-07T10:59:30.900000Z</time>
        <extensions>
          <gpxtpx:TrackPointExtension>
            <gpxtpx:hr>97</gpxtpx:hr>
          </gpxtpx:TrackPointExtension>
        </extensions>
      </trkpt>
      <trkpt lat="34.22459159121959" lon="108.82861335548418">
        <ele>402.43944179452956</ele>
        <time>2025-12-07T10:59:31.900000Z</time>
        <extensions>
          <gpxtpx:TrackPointExtension>
            <gpxtpx:hr>97</gpxtpx:hr>
          </gpxtpx:TrackPointExtension>
        </extensions>
      </trkpt>
      <trkpt lat="34.224578456664965" lon="108.82861244612342">
        <ele>402.43231804389507</ele>
        <time>2025-12-07T10:59:32.900000Z</time>
        <extensions>
          <gpxtpx:TrackPointExtension>
            <gpxtpx:hr>98</gpxtpx:hr>
          </gpxtpx:TrackPointExtension>
        </extensions>
      </trkpt>
      <trkpt lat="34.224565405039414" lon="108.82861156819435">
        <ele>402.43596037011594</ele>
        <time>2025-12-07T10:59:33.900000Z</time>
        <extensions>
          <gpxtpx:TrackPointExtension>
            <gpxtpx:hr>98</gpxtpx:hr>
          </gpxtpx:TrackPointExtension>
        </extensions>
      </trkpt>
      <trkpt lat="34.22455246332209" lon="108.82861073337234">
        <ele>402.4450299991295</ele>
        <time>2025-12-07T10:59:34.900000Z</time>
        <extensions>
          <gpxtpx:TrackPointExtension>
            <gpxtpx:hr>98</gpxtpx:hr>
          </gpxtpx:TrackPointExtension>
        </extensions>
      </trkpt>
      <trkpt lat="34.224539696592394" lon="108.82860968871847">
        <ele>402.4597255811095</ele>
        <time>2025-12-07T10:59:35.900000Z</time>
        <extensions>
          <gpxtpx:TrackPointExtension>
            <gpxtpx:hr>98</gpxtpx:hr>
          </gpxtpx:TrackPointExtension>
        </extensions>
      </trkpt>
      <trkpt lat="34.22452717578735" lon="108.82860839774244">
        <ele>402.4829177297652</ele>
        <time>2025-12-07T10:59:36.900000Z</time>
        <extensions>
          <gpxtpx:TrackPointExtension>
            <gpxtpx:hr>98</gpxtpx:hr>
          </gpxtpx:TrackPointExtension>
        </extensions>
      </trkpt>
      <trkpt lat="34.22451480680567" lon="108.82860721772994">
        <ele>402.5122069986537</ele>
        <time>2025-12-07T10:59:37.900000Z</time>
        <extensions>
          <gpxtpx:TrackPointExtension>
            <gpxtpx:hr>98</gpxtpx:hr>
          </gpxtpx:TrackPointExtension>
        </extensions>
      </trkpt>
      <trkpt lat="34.22450231158495" lon="108.82860642429266">
        <ele>402.5451793028042</ele>
        <time>2025-12-07T10:59:38.900000Z</time>
        <extensions>
          <gpxtpx:TrackPointExtension>
            <gpxtpx:hr>98</gpxtpx:hr>
          </gpxtpx:TrackPointExtension>
        </extensions>
      </trkpt>
      <trkpt lat="34.22449003615092" lon="108.82860605207948">
        <ele>402.5859396317974</ele>
        <time>2025-12-07T10:59:39.900000Z</time>
        <extensions>
          <gpxtpx:TrackPointExtension>
            <gpxtpx:hr>98</gpxtpx:hr>
          </gpxtpx:TrackPointExtension>
        </extensions>
      </trkpt>
      <trkpt lat="34.22447843925757" lon="108.8286057874475">
        <ele>402.6254563210532</ele>
        <time>2025-12-07T10:59:41Z</time>
        <extensions>
          <gpxtpx:TrackPointExtension>
            <gpxtpx:hr>98</gpxtpx:hr>
          </gpxtpx:TrackPointExtension>
        </extensions>
      </trkpt>
      <trkpt lat="34.224467199324394" lon="108.82860475032739">
        <ele>402.659409484826</ele>
        <time>2025-12-07T10:59:42Z</time>
        <extensions>
          <gpxtpx:TrackPointExtension>
            <gpxtpx:hr>98</gpxtpx:hr>
          </gpxtpx:TrackPointExtension>
        </extensions>
      </trkpt>
      <trkpt lat="34.2244559575291" lon="108.82860208987617">
        <ele>402.6856671962887</ele>
        <time>2025-12-07T10:59:43Z</time>
        <extensions>
          <gpxtpx:TrackPointExtension>
            <gpxtpx:hr>98</gpxtpx:hr>
          </gpxtpx:TrackPointExtension>
        </extensions>
      </trkpt>
      <trkpt lat="34.22444495905183" lon="108.82859836116818">
        <ele>402.71515853330493</ele>
        <time>2025-12-07T10:59:44Z</time>
        <extensions>
          <gpxtpx:TrackPointExtension>
            <gpxtpx:hr>96</gpxtpx:hr>
          </gpxtpx:TrackPointExtension>
        </extensions>
      </trkpt>
      <trkpt lat="34.22443429826945" lon="108.82859462570163">
        <ele>402.7468646215275</ele>
        <time>2025-12-07T10:59:45Z</time>
        <extensions>
          <gpxtpx:TrackPointExtension>
            <gpxtpx:hr>96</gpxtpx:hr>
          </gpxtpx:TrackPointExtension>
        </extensions>
      </trkpt>
      <trkpt lat="34.22442361940395" lon="108.82859107799098">
        <ele>402.77507060114294</ele>
        <time>2025-12-07T10:59:46Z</time>
        <extensions>
          <gpxtpx:TrackPointExtension>
            <gpxtpx:hr>96</gpxtpx:hr>
          </gpxtpx:TrackPointExtension>
        </extensions>
      </trkpt>
      <trkpt lat="34.22441312572607" lon="108.82858796257287">
        <ele>402.8056343784556</ele>
        <time>2025-12-07T10:59:47Z</time>
        <extensions>
          <gpxtpx:TrackPointExtension>
            <gpxtpx:hr>96</gpxtpx:hr>
          </gpxtpx:TrackPointExtension>
        </extensions>
      </trkpt>
      <trkpt lat="34.22440283652202" lon="108.82858555070513">
        <ele>402.8372737262398</ele>
        <time>2025-12-07T10:59:48Z</time>
        <extensions>
          <gpxtpx:TrackPointExtension>
            <gpxtpx:hr>96</gpxtpx:hr>
          </gpxtpx:TrackPointExtension>
        </extensions>
      </trkpt>
      <trkpt lat="34.22439222052844" lon="108.82858364260716">
        <ele>402.87029971927404</ele>
        <time>2025-12-07T10:59:49Z</time>
        <extensions>
          <gpxtpx:TrackPointExtension>
            <gpxtpx:hr>96</gpxtpx:hr>
          </gpxtpx:TrackPointExtension>
        </extensions>
      </trkpt>
      <trkpt lat="34.2243813694419" lon="108.82858136463945">
        <ele>402.90064603462815</ele>
        <time>2025-12-07T10:59:50Z</time>
        <extensions>
          <gpxtpx:TrackPointExtension>
            <gpxtpx:hr>96</gpxtpx:hr>
          </gpxtpx:TrackPointExtension>
        </extensions>
      </trkpt>
      <trkpt lat="34.22437048046967" lon="108.82857826381603">
        <ele>402.93257017992437</ele>
        <time>2025-12-07T10:59:51Z</time>
        <extensions>
          <gpxtpx:TrackPointExtension>
            <gpxtpx:hr>96</gpxtpx:hr>
          </gpxtpx:TrackPointExtension>
        </extensions>
      </trkpt>
      <trkpt lat="34.22435918735197" lon="108.82857475026357">
        <ele>402.9807712500915</ele>
        <time>2025-12-07T10:59:52Z</time>
        <extensions>
          <gpxtpx:TrackPointExtension>
            <gpxtpx:hr>96</gpxtpx:hr>
          </gpxtpx:TrackPointExtension>
        </extensions>
      </trkpt>
      <trkpt lat="34.22434783880655" lon="108.82857124260349">
        <ele>403.03692197520286</ele>
        <time>2025-12-07T10:59:53Z</time>
        <extensions>
          <gpxtpx:TrackPointExtension>
            <gpxtpx:hr>96</gpxtpx:hr>
          </gpxtpx:TrackPointExtension>
        </extensions>
      </trkpt>
      <trkpt lat="34.224337276190205" lon="108.82856797180935">
        <ele>403.0969508141279</ele>
        <time>2025-12-07T10:59:54Z</time>
        <extensions>
          <gpxtpx:TrackPointExtension>
            <gpxtpx:hr>96</gpxtpx:hr>
          </gpxtpx:TrackPointExtension>
        </extensions>
      </trkpt>
      <trkpt lat="34.22432733489586" lon="108.82856504063412">
        <ele>403.15314697194844</ele>
        <time>2025-12-07T10:59:55Z</time>
        <extensions>
          <gpxtpx:TrackPointExtension>
            <gpxtpx:hr>96</gpxtpx:hr>
          </gpxtpx:TrackPointExtension>
        </extensions>
      </trkpt>
      <trkpt lat="34.22431781468268" lon="108.8285624146799">
        <ele>403.21744279097766</ele>
        <time>2025-12-07T10:59:56Z</time>
        <extensions>
          <gpxtpx:TrackPointExtension>
            <gpxtpx:hr>100</gpxtpx:hr>
          </gpxtpx:TrackPointExtension>
        </extensions>
      </trkpt>
      <trkpt lat="34.22430949085307" lon="108.82855999643435">
        <ele>403.299124578014</ele>
        <time>2025-12-07T10:59:57Z</time>
        <extensions>
          <gpxtpx:TrackPointExtension>
            <gpxtpx:hr>100</gpxtpx:hr>
          </gpxtpx:TrackPointExtension>
        </extensions>
      </trkpt>
      <trkpt lat="34.22430254020112" lon="108.82855782676653">
        <ele>403.3870865833014</ele>
        <time>2025-12-07T10:59:58Z</time>
        <extensions>
          <gpxtpx:TrackPointExtension>
            <gpxtpx:hr>100</gpxtpx:hr>
          </gpxtpx:TrackPointExtension>
        </extensions>
      </trkpt>
      <trkpt lat="34.22429493163215" lon="108.82855566468594">
        <ele>403.48388821817935</ele>
        <time>2025-12-07T10:59:59Z</time>
        <extensions>
          <gpxtpx:TrackPointExtension>
            <gpxtpx:hr>100</gpxtpx:hr>
          </gpxtpx:TrackPointExtension>
        </extensions>
      </trkpt>
      <trkpt lat="34.22428507830492" lon="108.82855345841305">
        <ele>403.58031769189984</ele>
        <time>2025-12-07T11:00:00Z</time>
        <extensions>
          <gpxtpx:TrackPointExtension>
            <gpxtpx:hr>100</gpxtpx:hr>
          </gpxtpx:TrackPointExtension>
        </extensions>
      </trkpt>
      <trkpt lat="34.22427350451891" lon="108.82855182484514">
        <ele>403.6770851314068</ele>
        <time>2025-12-07T11:00:01Z</time>
        <extensions>
          <gpxtpx:TrackPointExtension>
            <gpxtpx:hr>100</gpxtpx:hr>
          </gpxtpx:TrackPointExtension>
        </extensions>
      </trkpt>
      <trkpt lat="34.22426157804027" lon="108.82855178068145">
        <ele>403.77187694981694</ele>
        <time>2025-12-07T11:00:02Z</time>
        <extensions>
          <gpxtpx:TrackPointExtension>
            <gpxtpx:hr>100</gpxtpx:hr>
          </gpxtpx:TrackPointExtension>
        </extensions>
      </trkpt>
      <trkpt lat="34.22424960807403" lon="108.82855311937338">
        <ele>403.86265910230577</ele>
        <time>2025-12-07T11:00:03Z</time>
        <extensions>
          <gpxtpx:TrackPointExtension>
            <gpxtpx:hr>97</gpxtpx:hr>
          </gpxtpx:TrackPointExtension>
        </extensions>
      </trkpt>
      <trkpt lat="34.224236722584095" lon="108.82855455108566">
        <ele>403.94963999278843</ele>
        <time>2025-12-07T11:00:04Z</time>
        <extensions>
          <gpxtpx:TrackPointExtension>
            <gpxtpx:hr>97</gpxtpx:hr>
          </gpxtpx:TrackPointExtension>
        </extensions>
      </trkpt>
      <trkpt lat="34.22422374651054" lon="108.82855452653828">
        <ele>404.0366314249113</ele>
        <time>2025-12-07T11:00:05Z</time>
        <extensions>
          <gpxtpx:TrackPointExtension>
            <gpxtpx:hr>97</gpxtpx:hr>
          </gpxtpx:TrackPointExtension>
        </extensions>
      </trkpt>
      <trkpt lat="34.22421065036677" lon="108.8285528588081">
        <ele>404.120046408847</ele>
        <time>2025-12-07T11:00:06Z</time>
        <extensions>
          <gpxtpx:TrackPointExtension>
            <gpxtpx:hr>97</gpxtpx:hr>
          </gpxtpx:TrackPointExtension>
        </extensions>
      </trkpt>
      <trkpt lat="34.224196978259656" lon="108.82855066113858">
        <ele>404.19183271285146</ele>
        <time>2025-12-07T11:00:07Z</time>
        <extensions>
          <gpxtpx:TrackPointExtension>
            <gpxtpx:hr>97</gpxtpx:hr>
          </gpxtpx:TrackPointExtension>
        </extensions>
      </trkpt>
      <trkpt lat="34.22418392192515" lon="108.82854817358002">
        <ele>404.2520815683529</ele>
        <time>2025-12-07T11:00:08Z</time>
        <extensions>
          <gpxtpx:TrackPointExtension>
            <gpxtpx:hr>96</gpxtpx:hr>
          </gpxtpx:TrackPointExtension>
        </extensions>
      </trkpt>
      <trkpt lat="34.224171485646046" lon="108.82854527618272">
        <ele>404.30144617147744</ele>
        <time>2025-12-07T11:00:09Z</time>
        <extensions>
          <gpxtpx:TrackPointExtension>
            <gpxtpx:hr>96</gpxtpx:hr>
          </gpxtpx:TrackPointExtension>
        </extensions>
      </trkpt>
      <trkpt lat="34.22415913400393" lon="108.8285419893149">
        <ele>404.3367694374174</ele>
        <time>2025-12-07T11:00:10Z</time>
        <extensions>
          <gpxtpx:TrackPointExtension>
            <gpxtpx:hr>96</gpxtpx:hr>
          </gpxtpx:TrackPointExtension>
        </extensions>
      </trkpt>
      <trkpt lat="34.22414682015725" lon="108.82853849657884">
        <ele>404.3504164889455</ele>
        <time>2025-12-07T11:00:11Z</time>
        <extensions>
          <gpxtpx:TrackPointExtension>
            <gpxtpx:hr>96</gpxtpx:hr>
          </gpxtpx:TrackPointExtension>
        </extensions>
      </trkpt>
      <trkpt lat="34.22413480995186" lon="108.82853509743626">
        <ele>404.34919652715325</ele>
        <time>2025-12-07T11:00:12Z</time>
        <extensions>
          <gpxtpx:TrackPointExtension>
            <gpxtpx:hr>96</gpxtpx:hr>
          </gpxtpx:TrackPointExtension>
        </extensions>
      </trkpt>
      <trkpt lat="34.22412321773451" lon="108.82853211258674">
        <ele>404.33905785996467</ele>
        <time>2025-12-07T11:00:12.900000Z</time>
        <extensions>
          <gpxtpx:TrackPointExtension>
            <gpxtpx:hr>96</gpxtpx:hr>
          </gpxtpx:TrackPointExtension>
        </extensions>
      </trkpt>
      <trkpt lat="34.22411168735113" lon="108.82852952825485">
        <ele>404.33026353735477</ele>
        <time>2025-12-07T11:00:13.900000Z</time>
        <extensions>
          <gpxtpx:TrackPointExtension>
            <gpxtpx:hr>96</gpxtpx:hr>
          </gpxtpx:TrackPointExtension>
        </extensions>
      </trkpt>
      <trkpt lat="34.22409980577554" lon="108.8285273763084">
        <ele>404.3010041601956</ele>
        <time>2025-12-07T11:00:14.900000Z</time>
        <extensions>
          <gpxtpx:TrackPointExtension>
            <gpxtpx:hr>95</gpxtpx:hr>
          </gpxtpx:TrackPointExtension>
        </extensions>
      </trkpt>
      <trkpt lat="34.22408758627206" lon="108.82852552224172">
        <ele>404.2602878715843</ele>
        <time>2025-12-07T11:00:15.900000Z</time>
        <extensions>
          <gpxtpx:TrackPointExtension>
            <gpxtpx:hr>95</gpxtpx:hr>
          </gpxtpx:TrackPointExtension>
        </extensions>
      </trkpt>
      <trkpt lat="34.22407557423416" lon="108.82852367535584">
        <ele>404.21319204196334</ele>
        <time>2025-12-07T11:00:16.900000Z</time>
        <extensions>
          <gpxtpx:TrackPointExtension>
            <gpxtpx:hr>95</gpxtpx:hr>
          </gpxtpx:TrackPointExtension>
        </extensions>
      </trkpt>
      <trkpt lat="34.22406390008164" lon="108.82852203763336">
        <ele>404.17009944375604</ele>
        <time>2025-12-07T11:00:17.900000Z</time>
        <extensions>
          <gpxtpx:TrackPointExtension>
            <gpxtpx:hr>95</gpxtpx:hr>
          </gpxtpx:TrackPointExtension>
        </extensions>
      </trkpt>
      <trkpt lat="34.224052475873364" lon="108.82852105972627">
        <ele>404.12768047396094</ele>
        <time>2025-12-07T11:00:18.900000Z</time>
        <extensions>
          <gpxtpx:TrackPointExtension>
            <gpxtpx:hr>95</gpxtpx:hr>
          </gpxtpx:TrackPointExtension>
        </extensions>
      </trkpt>
      <trkpt lat="34.22404146029247" lon="108.82852060394305">
        <ele>404.0750435553491</ele>
        <time>2025-12-07T11:00:19.900000Z</time>
        <extensions>
          <gpxtpx:TrackPointExtension>
            <gpxtpx:hr>97</gpxtpx:hr>
          </gpxtpx:TrackPointExtension>
        </extensions>
      </trkpt>
      <trkpt lat="34.22403042976734" lon="108.8285198383972">
        <ele>404.0274161370471</ele>
        <time>2025-12-07T11:00:20.900000Z</time>
        <extensions>
          <gpxtpx:TrackPointExtension>
            <gpxtpx:hr>97</gpxtpx:hr>
          </gpxtpx:TrackPointExtension>
        </extensions>
      </trkpt>
      <trkpt lat="34.22401884117648" lon="108.82851825021419">
        <ele>403.9854633649811</ele>
        <time>2025-12-07T11:00:21.900000Z</time>
        <extensions>
          <gpxtpx:TrackPointExtension>
            <gpxtpx:hr>97</gpxtpx:hr>
          </gpxtpx:TrackPointExtension>
        </extensions>
      </trkpt>
      <trkpt lat="34.2240064559096" lon="108.82851649977856">
        <ele>403.943170664832</ele>
        <time>2025-12-07T11:00:22.900000Z</time>
        <extensions>
          <gpxtpx:TrackPointExtension>
            <gpxtpx:hr>97</gpxtpx:hr>
          </gpxtpx:TrackPointExtension>
        </extensions>
      </trkpt>
      <trkpt lat="34.22399358107594" lon="108.8285152852118">
        <ele>403.9027281785384</ele>
        <time>2025-12-07T11:00:23.900000Z</time>
        <extensions>
          <gpxtpx:TrackPointExtension>
            <gpxtpx:hr>97</gpxtpx:hr>
          </gpxtpx:TrackPointExtension>
        </extensions>
      </trkpt>
      <trkpt lat="34.22398112729985" lon="108.82851454467607">
        <ele>403.8577864225954</ele>
        <time>2025-12-07T11:00:24.900000Z</time>
        <extensions>
          <gpxtpx:TrackPointExtension>
            <gpxtpx:hr>96</gpxtpx:hr>
          </gpxtpx:TrackPointExtension>
        </extensions>
      </trkpt>
      <trkpt lat="34.22397029307033" lon="108.82851366559893">
        <ele>403.80898701027036</ele>
        <time>2025-12-07T11:00:25.900000Z</time>
        <extensions>
          <gpxtpx:TrackPointExtension>
            <gpxtpx:hr>96</gpxtpx:hr>
          </gpxtpx:TrackPointExtension>
        </extensions>
      </trkpt>
      <trkpt lat="34.223960589831975" lon="108.82851249180439">
        <ele>403.76519218087196</ele>
        <time>2025-12-07T11:00:26.900000Z</time>
        <extensions>
          <gpxtpx:TrackPointExtension>
            <gpxtpx:hr>96</gpxtpx:hr>
          </gpxtpx:TrackPointExtension>
        </extensions>
      </trkpt>
      <trkpt lat="34.22394975655352" lon="108.82851129307086">
        <ele>403.7275798143819</ele>
        <time>2025-12-07T11:00:27.900000Z</time>
        <extensions>
          <gpxtpx:TrackPointExtension>
            <gpxtpx:hr>96</gpxtpx:hr>
          </gpxtpx:TrackPointExtension>
        </extensions>
      </trkpt>
      <trkpt lat="34.22393760325677" lon="108.82850981962923">
        <ele>403.6853407509625</ele>
        <time>2025-12-07T11:00:28.900000Z</time>
        <extensions>
          <gpxtpx:TrackPointExtension>
            <gpxtpx:hr>96</gpxtpx:hr>
          </gpxtpx:TrackPointExtension>
        </extensions>
      </trkpt>
      <trkpt lat="34.22392583240322" lon="108.8285084284597">
        <ele>403.6376884095371</ele>
        <time>2025-12-07T11:00:29.900000Z</time>
        <extensions>
          <gpxtpx:TrackPointExtension>
            <gpxtpx:hr>96</gpxtpx:hr>
          </gpxtpx:TrackPointExtension>
        </extensions>
      </trkpt>
      <trkpt lat="34.22391483627863" lon="108.82850739540805">
        <ele>403.5974483927712</ele>
        <time>2025-12-07T11:00:30.900000Z</time>
        <extensions>
          <gpxtpx:TrackPointExtension>
            <gpxtpx:hr>96</gpxtpx:hr>
          </gpxtpx:TrackPointExtension>
        </extensions>
      </trkpt>
      <trkpt lat="34.223903835139694" lon="108.82850618402556">
        <ele>403.56311391480267</ele>
        <time>2025-12-07T11:00:31.900000Z</time>
        <extensions>
          <gpxtpx:TrackPointExtension>
            <gpxtpx:hr>97</gpxtpx:hr>
          </gpxtpx:TrackPointExtension>
        </extensions>
      </trkpt>
      <trkpt lat="34.22389269052115" lon="108.82850476323105">
        <ele>403.5437201205641</ele>
        <time>2025-12-07T11:00:32.900000Z</time>
        <extensions>
          <gpxtpx:TrackPointExtension>
            <gpxtpx:hr>97</gpxtpx:hr>
          </gpxtpx:TrackPointExtension>
        </extensions>
      </trkpt>
      <trkpt lat="34.22388169882363" lon="108.82850360083494">
        <ele>403.54416983854026</ele>
        <time>2025-12-07T11:00:33.900000Z</time>
        <extensions>
          <gpxtpx:TrackPointExtension>
            <gpxtpx:hr>97</gpxtpx:hr>
          </gpxtpx:TrackPointExtension>
        </extensions>
      </trkpt>
      <trkpt lat="34.22387065605804" lon="108.82850273244809">
        <ele>403.57052709069103</ele>
        <time>2025-12-07T11:00:34.900000Z</time>
        <extensions>
          <gpxtpx:TrackPointExtension>
            <gpxtpx:hr>97</gpxtpx:hr>
          </gpxtpx:TrackPointExtension>
        </extensions>
      </trkpt>
      <trkpt lat="34.22385941044433" lon="108.82850169782085">
        <ele>403.6020217984915</ele>
        <time>2025-12-07T11:00:35.900000Z</time>
        <extensions>
          <gpxtpx:TrackPointExtension>
            <gpxtpx:hr>97</gpxtpx:hr>
          </gpxtpx:TrackPointExtension>
        </extensions>
      </trkpt>
      <trkpt lat="34.22384759932058" lon="108.82850037716356">
        <ele>403.6438755001873</ele>
        <time>2025-12-07T11:00:36.900000Z</time>
        <extensions>
          <gpxtpx:TrackPointExtension>
            <gpxtpx:hr>99</gpxtpx:hr>
          </gpxtpx:TrackPointExtension>
        </extensions>
      </trkpt>
      <trkpt lat="34.22383535398165" lon="108.82849928034048">
        <ele>403.7044766964391</ele>
        <time>2025-12-07T11:00:37.900000Z</time>
        <extensions>
          <gpxtpx:TrackPointExtension>
            <gpxtpx:hr>99</gpxtpx:hr>
          </gpxtpx:TrackPointExtension>
        </extensions>
      </trkpt>
      <trkpt lat="34.22382336105891" lon="108.828498399482">
        <ele>403.7676696544513</ele>
        <time>2025-12-07T11:00:38.900000Z</time>
        <extensions>
          <gpxtpx:TrackPointExtension>
            <gpxtpx:hr>99</gpxtpx:hr>
          </gpxtpx:TrackPointExtension>
        </extensions>
      </trkpt>
      <trkpt lat="34.223810950218606" lon="108.8284964867971">
        <ele>403.83190757222474</ele>
        <time>2025-12-07T11:00:39.900000Z</time>
        <extensions>
          <gpxtpx:TrackPointExtension>
            <gpxtpx:hr>96</gpxtpx:hr>
          </gpxtpx:TrackPointExtension>
        </extensions>
      </trkpt>
      <trkpt lat="34.22379785225539" lon="108.82849342483752">
        <ele>403.91431667096913</ele>
        <time>2025-12-07T11:00:40.900000Z</time>
        <extensions>
          <gpxtpx:TrackPointExtension>
            <gpxtpx:hr>96</gpxtpx:hr>
          </gpxtpx:TrackPointExtension>
        </extensions>
      </trkpt>
      <trkpt lat="34.22378499292224" lon="108.82849048947004">
        <ele>404.0114920316264</ele>
        <time>2025-12-07T11:00:41.900000Z</time>
        <extensions>
          <gpxtpx:TrackPointExtension>
            <gpxtpx:hr>96</gpxtpx:hr>
          </gpxtpx:TrackPointExtension>
        </extensions>
      </trkpt>
      <trkpt lat="34.22377314900233" lon="108.82848695968399">
        <ele>404.12330888584256</ele>
        <time>2025-12-07T11:00:42.900000Z</time>
        <extensions>
          <gpxtpx:TrackPointExtension>
            <gpxtpx:hr>96</gpxtpx:hr>
          </gpxtpx:TrackPointExtension>
        </extensions>
      </trkpt>
      <trkpt lat="34.22376293890212" lon="108.8284819654444">
        <ele>404.24309486616403</ele>
        <time>2025-12-07T11:00:43.900000Z</time>
        <extensions>
          <gpxtpx:TrackPointExtension>
            <gpxtpx:hr>96</gpxtpx:hr>
          </gpxtpx:TrackPointExtension>
        </extensions>
      </trkpt>
      <trkpt lat="34.22375315392386" lon="108.8284776479119">
        <ele>404.37015694379807</ele>
        <time>2025-12-07T11:00:44.900000Z</time>
        <extensions>
          <gpxtpx:TrackPointExtension>
            <gpxtpx:hr>96</gpxtpx:hr>
          </gpxtpx:TrackPointExtension>
        </extensions>
      </trkpt>
      <trkpt lat="34.2237415452603" lon="108.82847429555984">
        <ele>404.48935247864574</ele>
        <time>2025-12-07T11:00:45.900000Z</time>
        <extensions>
          <gpxtpx:TrackPointExtension>
            <gpxtpx:hr>96</gpxtpx:hr>
          </gpxtpx:TrackPointExtension>
        </extensions>
      </trkpt>
      <trkpt lat="34.22372853749232" lon="108.82847096950486">
        <ele>404.60943678580225</ele>
        <time>2025-12-07T11:00:46.900000Z</time>
        <extensions>
          <gpxtpx:TrackPointExtension>
            <gpxtpx:hr>89</gpxtpx:hr>
          </gpxtpx:TrackPointExtension>
        </extensions>
      </trkpt>
      <trkpt lat="34.223715558201945" lon="108.82846876602142">
        <ele>404.7295537535101</ele>
        <time>2025-12-07T11:00:47.900000Z</time>
        <extensions>
          <gpxtpx:TrackPointExtension>
            <gpxtpx:hr>89</gpxtpx:hr>
          </gpxtpx:TrackPointExtension>
        </extensions>
      </trkpt>
      <trkpt lat="34.22370267323081" lon="108.82846744530889">
        <ele>404.8481847047806</ele>
        <time>2025-12-07T11:00:48.900000Z</time>
        <extensions>
          <gpxtpx:TrackPointExtension>
            <gpxtpx:hr>89</gpxtpx:hr>
          </gpxtpx:TrackPointExtension>
        </extensions>
      </trkpt>
      <trkpt lat="34.223689694171696" lon="108.8284658052482">
        <ele>404.96711999643594</ele>
        <time>2025-12-07T11:00:49.900000Z</time>
        <extensions>
          <gpxtpx:TrackPointExtension>
            <gpxtpx:hr>89</gpxtpx:hr>
          </gpxtpx:TrackPointExtension>
        </extensions>
      </trkpt>
      <trkpt lat="34.22367661996879" lon="108.82846336450933">
        <ele>405.08465017192066</ele>
        <time>2025-12-07T11:00:50.900000Z</time>
        <extensions>
          <gpxtpx:TrackPointExtension>
            <gpxtpx:hr>89</gpxtpx:hr>
          </gpxtpx:TrackPointExtension>
        </extensions>
      </trkpt>
      <trkpt lat="34.22366369972966" lon="108.8284608984404">
        <ele>405.2048212159425</ele>
        <time>2025-12-07T11:00:51.900000Z</time>
        <extensions>
          <gpxtpx:TrackPointExtension>
            <gpxtpx:hr>89</gpxtpx:hr>
          </gpxtpx:TrackPointExtension>
        </extensions>
      </trkpt>
      <trkpt lat="34.223651346571884" lon="108.82845945676414">
        <ele>405.3226071540266</ele>
        <time>2025-12-07T11:00:52.900000Z</time>
        <extensions>
          <gpxtpx:TrackPointExtension>
            <gpxtpx:hr>89</gpxtpx:hr>
          </gpxtpx:TrackPointExtension>
        </extensions>
      </trkpt>
      <trkpt lat="34.223639330936436" lon="108.82845880116554">
        <ele>405.4260129360482</ele>
        <time>2025-12-07T11:00:53.900000Z</time>
        <extensions>
          <gpxtpx:TrackPointExtension>
            <gpxtpx:hr>91</gpxtpx:hr>
          </gpxtpx:TrackPointExtension>
        </extensions>
      </trkpt>
      <trkpt lat="34.2236267841794" lon="108.82845811409449">
        <ele>405.5210834397003</ele>
        <time>2025-12-07T11:00:54.900000Z</time>
        <extensions>
          <gpxtpx:TrackPointExtension>
            <gpxtpx:hr>91</gpxtpx:hr>
          </gpxtpx:TrackPointExtension>
        </extensions>
      </trkpt>
      <trkpt lat="34.22361315995893" lon="108.82845704908735">
        <ele>405.6110138706863</ele>
        <time>2025-12-07T11:00:55.900000Z</time>
        <extensions>
          <gpxtpx:TrackPointExtension>
            <gpxtpx:hr>91</gpxtpx:hr>
          </gpxtpx:TrackPointExtension>
        </extensions>
      </trkpt>
      <trkpt lat="34.223599201008454" lon="108.82845576315765">
        <ele>405.68645448051393</ele>
        <time>2025-12-07T11:00:56.900000Z</time>
        <extensions>
          <gpxtpx:TrackPointExtension>
            <gpxtpx:hr>92</gpxtpx:hr>
          </gpxtpx:TrackPointExtension>
        </extensions>
      </trkpt>
      <trkpt lat="34.223585637481236" lon="108.82845458463919">
        <ele>405.7508316570893</ele>
        <time>2025-12-07T11:00:57.900000Z</time>
        <extensions>
          <gpxtpx:TrackPointExtension>
            <gpxtpx:hr>92</gpxtpx:hr>
          </gpxtpx:TrackPointExtension>
        </extensions>
      </trkpt>
      <trkpt lat="34.22357223134867" lon="108.82845348302416">
        <ele>405.80520826764405</ele>
        <time>2025-12-07T11:00:58.900000Z</time>
        <extensions>
          <gpxtpx:TrackPointExtension>
            <gpxtpx:hr>92</gpxtpx:hr>
          </gpxtpx:TrackPointExtension>
        </extensions>
      </trkpt>
      <trkpt lat="34.223559013005676" lon="108.82845235654555">
        <ele>405.8439153470099</ele>
        <time>2025-12-07T11:00:59.900000Z</time>
        <extensions>
          <gpxtpx:TrackPointExtension>
            <gpxtpx:hr>92</gpxtpx:hr>
          </gpxtpx:TrackPointExtension>
        </extensions>
      </trkpt>
      <trkpt lat="34.223546148460116" lon="108.828451765204">
        <ele>405.87523295450956</ele>
        <time>2025-12-07T11:01:00.900000Z</time>
        <extensions>
          <gpxtpx:TrackPointExtension>
            <gpxtpx:hr>92</gpxtpx:hr>
          </gpxtpx:TrackPointExtension>
        </extensions>
      </trkpt>
      <trkpt lat="34.22353378391291" lon="108.82845166387798">
        <ele>405.9128180285916</ele>
        <time>2025-12-07T11:01:01.900000Z</time>
        <extensions>
          <gpxtpx:TrackPointExtension>
            <gpxtpx:hr>92</gpxtpx:hr>
          </gpxtpx:TrackPointExtension>
        </extensions>
      </trkpt>
      <trkpt lat="34.223522197170055" lon="108.82845179116619">
        <ele>405.94412580598146</ele>
        <time>2025-12-07T11:01:02.900000Z</time>
        <extensions>
          <gpxtpx:TrackPointExtension>
            <gpxtpx:hr>92</gpxtpx:hr>
          </gpxtpx:TrackPointExtension>
        </extensions>
      </trkpt>
      <trkpt lat="34.22351200671866" lon="108.82845203245725">
        <ele>405.9662757990882</ele>
        <time>2025-12-07T11:01:03.900000Z</time>
        <extensions>
          <gpxtpx:TrackPointExtension>
            <gpxtpx:hr>92</gpxtpx:hr>
          </gpxtpx:TrackPointExtension>
        </extensions>
      </trkpt>
      <trkpt lat="34.22350284599528" lon="108.82845209163911">
        <ele>405.98812481109053</ele>
        <time>2025-12-07T11:01:04.900000Z</time>
        <extensions>
          <gpxtpx:TrackPointExtension>
            <gpxtpx:hr>94</gpxtpx:hr>
          </gpxtpx:TrackPointExtension>
        </extensions>
      </trkpt>
      <trkpt lat="34.22349334959837" lon="108.82845185863457">
        <ele>405.9971546791494</ele>
        <time>2025-12-07T11:01:05.900000Z</time>
        <extensions>
          <gpxtpx:TrackPointExtension>
            <gpxtpx:hr>94</gpxtpx:hr>
          </gpxtpx:TrackPointExtension>
        </extensions>
      </trkpt>
      <trkpt lat="34.223482621093666" lon="108.82845125155123">
        <ele>405.99784665182233</ele>
        <time>2025-12-07T11:01:06.900000Z</time>
        <extensions>
          <gpxtpx:TrackPointExtension>
            <gpxtpx:hr>94</gpxtpx:hr>
          </gpxtpx:TrackPointExtension>
        </extensions>
      </trkpt>
      <trkpt lat="34.223470566797154" lon="108.82845041175719">
        <ele>405.997889444232</ele>
        <time>2025-12-07T11:01:07.900000Z</time>
        <extensions>
          <gpxtpx:TrackPointExtension>
            <gpxtpx:hr>94</gpxtpx:hr>
          </gpxtpx:TrackPointExtension>
        </extensions>
      </trkpt>
      <trkpt lat="34.223457768146055" lon="108.82844909658763">
        <ele>405.9965439680964</ele>
        <time>2025-12-07T11:01:08.900000Z</time>
        <extensions>
          <gpxtpx:TrackPointExtension>
            <gpxtpx:hr>94</gpxtpx:hr>
          </gpxtpx:TrackPointExtension>
        </extensions>
      </trkpt>
      <trkpt lat="34.223444717135095" lon="108.82844663906302">
        <ele>405.9936076924205</ele>
        <time>2025-12-07T11:01:09.900000Z</time>
        <extensions>
          <gpxtpx:TrackPointExtension>
            <gpxtpx:hr>94</gpxtpx:hr>
          </gpxtpx:TrackPointExtension>
        </extensions>
      </trkpt>
      <trkpt lat="34.2234315914292" lon="108.82844327695439">
        <ele>405.9838765859604</ele>
        <time>2025-12-07T11:01:10.900000Z</time>
        <extensions>
          <gpxtpx:TrackPointExtension>
            <gpxtpx:hr>94</gpxtpx:hr>
          </gpxtpx:TrackPointExtension>
        </extensions>
      </trkpt>
      <trkpt lat="34.223418428726546" lon="108.8284399952124">
        <ele>405.9729094458744</ele>
        <time>2025-12-07T11:01:11.900000Z</time>
        <extensions>
          <gpxtpx:TrackPointExtension>
            <gpxtpx:hr>95</gpxtpx:hr>
          </gpxtpx:TrackPointExtension>
        </extensions>
      </trkpt>
      <trkpt lat="34.22340501274687" lon="108.8284373226368">
        <ele>405.9612261839211</ele>
        <time>2025-12-07T11:01:12.900000Z</time>
        <extensions>
          <gpxtpx:TrackPointExtension>
            <gpxtpx:hr>95</gpxtpx:hr>
          </gpxtpx:TrackPointExtension>
        </extensions>
      </trkpt>
      <trkpt lat="34.22339126353476" lon="108.8284353239974">
        <ele>405.9415166033432</ele>
        <time>2025-12-07T11:01:13.900000Z</time>
        <extensions>
          <gpxtpx:TrackPointExtension>
            <gpxtpx:hr>95</gpxtpx:hr>
          </gpxtpx:TrackPointExtension>
        </extensions>
      </trkpt>
      <trkpt lat="34.22337742219331" lon="108.82843386687604">
        <ele>405.88703703694046</ele>
        <time>2025-12-07T11:01:14.900000Z</time>
        <extensions>
          <gpxtpx:TrackPointExtension>
            <gpxtpx:hr>95</gpxtpx:hr>
          </gpxtpx:TrackPointExtension>
        </extensions>
      </trkpt>
      <trkpt lat="34.223363623803095" lon="108.82843205411226">
        <ele>405.8310579666868</ele>
        <time>2025-12-07T11:01:15.900000Z</time>
        <extensions>
          <gpxtpx:TrackPointExtension>
            <gpxtpx:hr>95</gpxtpx:hr>
          </gpxtpx:TrackPointExtension>
        </extensions>
      </trkpt>
      <trkpt lat="34.22334986389954" lon="108.82842960963735">
        <ele>405.769566857256</ele>
        <time>2025-12-07T11:01:16.900000Z</time>
        <extensions>
          <gpxtpx:TrackPointExtension>
            <gpxtpx:hr>95</gpxtpx:hr>
          </gpxtpx:TrackPointExtension>
        </extensions>
      </trkpt>
      <trkpt lat="34.22333610773598" lon="108.82842772922015">
        <ele>405.6932155331597</ele>
        <time>2025-12-07T11:01:17.900000Z</time>
        <extensions>
          <gpxtpx:TrackPointExtension>
            <gpxtpx:hr>95</gpxtpx:hr>
          </gpxtpx:TrackPointExtension>
        </extensions>
      </trkpt>
      <trkpt lat="34.2233222165093" lon="108.82842702457354">
        <ele>405.6189388372004</ele>
        <time>2025-12-07T11:01:18.900000Z</time>
        <extensions>
          <gpxtpx:TrackPointExtension>
            <gpxtpx:hr>96</gpxtpx:hr>
          </gpxtpx:TrackPointExtension>
        </extensions>
      </trkpt>
      <trkpt lat="34.22330812287545" lon="108.82842673968004">
        <ele>405.5489577315748</ele>
        <time>2025-12-07T11:01:19.900000Z</time>
        <extensions>
          <gpxtpx:TrackPointExtension>
            <gpxtpx:hr>96</gpxtpx:hr>
          </gpxtpx:TrackPointExtension>
        </extensions>
      </trkpt>
      <trkpt lat="34.223294018368925" lon="108.82842623893623">
        <ele>405.4634698824957</ele>
        <time>2025-12-07T11:01:20.900000Z</time>
        <extensions>
          <gpxtpx:TrackPointExtension>
            <gpxtpx:hr>96</gpxtpx:hr>
          </gpxtpx:TrackPointExtension>
        </extensions>
      </trkpt>
      <trkpt lat="34.22328005627571" lon="108.82842614114062">
        <ele>405.38418695610017</ele>
        <time>2025-12-07T11:01:21.900000Z</time>
        <extensions>
          <gpxtpx:TrackPointExtension>
            <gpxtpx:hr>96</gpxtpx:hr>
          </gpxtpx:TrackPointExtension>
        </extensions>
      </trkpt>
      <trkpt lat="34.223265857662" lon="108.82842712752445">
        <ele>405.2901391489431</ele>
        <time>2025-12-07T11:01:22.900000Z</time>
        <extensions>
          <gpxtpx:TrackPointExtension>
            <gpxtpx:hr>96</gpxtpx:hr>
          </gpxtpx:TrackPointExtension>
        </extensions>
      </trkpt>
      <trkpt lat="34.223251510947854" lon="108.82842782812288">
        <ele>405.19103127438575</ele>
        <time>2025-12-07T11:01:23.900000Z</time>
        <extensions>
          <gpxtpx:TrackPointExtension>
            <gpxtpx:hr>101</gpxtpx:hr>
          </gpxtpx:TrackPointExtension>
        </extensions>
      </trkpt>
      <trkpt lat="34.2232376069171" lon="108.82842794702448">
        <ele>405.0832866495475</ele>
        <time>2025-12-07T11:01:24.900000Z</time>
        <extensions>
          <gpxtpx:TrackPointExtension>
            <gpxtpx:hr>101</gpxtpx:hr>
          </gpxtpx:TrackPointExtension>
        </extensions>
      </trkpt>
      <trkpt lat="34.223224266261425" lon="108.82842821747124">
        <ele>404.9796488257125</ele>
        <time>2025-12-07T11:01:25.900000Z</time>
        <extensions>
          <gpxtpx:TrackPointExtension>
            <gpxtpx:hr>101</gpxtpx:hr>
          </gpxtpx:TrackPointExtension>
        </extensions>
      </trkpt>
      <trkpt lat="34.22321141377259" lon="108.82842808441951">
        <ele>404.8943851366639</ele>
        <time>2025-12-07T11:01:26.900000Z</time>
        <extensions>
          <gpxtpx:TrackPointExtension>
            <gpxtpx:hr>101</gpxtpx:hr>
          </gpxtpx:TrackPointExtension>
        </extensions>
      </trkpt>
      <trkpt lat="34.22319881569871" lon="108.8284273583285">
        <ele>404.8057976635173</ele>
        <time>2025-12-07T11:01:27.900000Z</time>
        <extensions>
          <gpxtpx:TrackPointExtension>
            <gpxtpx:hr>101</gpxtpx:hr>
          </gpxtpx:TrackPointExtension>
        </extensions>
      </trkpt>
      <trkpt lat="34.22318633595459" lon="108.82842615539201">
        <ele>404.7131496332586</ele>
        <time>2025-12-07T11:01:28.900000Z</time>
        <extensions>
          <gpxtpx:TrackPointExtension>
            <gpxtpx:hr>101</gpxtpx:hr>
          </gpxtpx:TrackPointExtension>
        </extensions>
      </trkpt>
      <trkpt lat="34.22317389043682" lon="108.82842475008951">
        <ele>404.6334780976176</ele>
        <time>2025-12-07T11:01:29.900000Z</time>
        <extensions>
          <gpxtpx:TrackPointExtension>
            <gpxtpx:hr>101</gpxtpx:hr>
          </gpxtpx:TrackPointExtension>
        </extensions>
      </trkpt>
      <trkpt lat="34.22316135478424" lon="108.82842334409106">
        <ele>404.57727913279086</ele>
        <time>2025-12-07T11:01:30.900000Z</time>
        <extensions>
          <gpxtpx:TrackPointExtension>
            <gpxtpx:hr>101</gpxtpx:hr>
          </gpxtpx:TrackPointExtension>
        </extensions>
      </trkpt>
      <trkpt lat="34.22314892044967" lon="108.82842192074456">
        <ele>404.52913843933493</ele>
        <time>2025-12-07T11:01:31.900000Z</time>
        <extensions>
          <gpxtpx:TrackPointExtension>
            <gpxtpx:hr>101</gpxtpx:hr>
          </gpxtpx:TrackPointExtension>
        </extensions>
      </trkpt>
      <trkpt lat="34.223136907730364" lon="108.82842087112677">
        <ele>404.47709289658815</ele>
        <time>2025-12-07T11:01:32.900000Z</time>
        <extensions>
          <gpxtpx:TrackPointExtension>
            <gpxtpx:hr>100</gpxtpx:hr>
          </gpxtpx:TrackPointExtension>
        </extensions>
      </trkpt>
      <trkpt lat="34.22312544575055" lon="108.82842052074079">
        <ele>404.42518138699234</ele>
        <time>2025-12-07T11:01:33.900000Z</time>
        <extensions>
          <gpxtpx:TrackPointExtension>
            <gpxtpx:hr>100</gpxtpx:hr>
          </gpxtpx:TrackPointExtension>
        </extensions>
      </trkpt>
      <trkpt lat="34.2231142407015" lon="108.82841896895651">
        <ele>404.402023143135</ele>
        <time>2025-12-07T11:01:34.900000Z</time>
        <extensions>
          <gpxtpx:TrackPointExtension>
            <gpxtpx:hr>100</gpxtpx:hr>
          </gpxtpx:TrackPointExtension>
        </extensions>
      </trkpt>
      <trkpt lat="34.223102955353234" lon="108.82841466761731">
        <ele>404.42959966603667</ele>
        <time>2025-12-07T11:01:35.900000Z</time>
        <extensions>
          <gpxtpx:TrackPointExtension>
            <gpxtpx:hr>102</gpxtpx:hr>
          </gpxtpx:TrackPointExtension>
        </extensions>
      </trkpt>
      <trkpt lat="34.22309134609342" lon="108.82840925265411">
        <ele>404.4470167281106</ele>
        <time>2025-12-07T11:01:36.900000Z</time>
        <extensions>
          <gpxtpx:TrackPointExtension>
            <gpxtpx:hr>102</gpxtpx:hr>
          </gpxtpx:TrackPointExtension>
        </extensions>
      </trkpt>
      <trkpt lat="34.22307918376355" lon="108.82840567070487">
        <ele>404.46639115922153</ele>
        <time>2025-12-07T11:01:37.900000Z</time>
        <extensions>
          <gpxtpx:TrackPointExtension>
            <gpxtpx:hr>102</gpxtpx:hr>
          </gpxtpx:TrackPointExtension>
        </extensions>
      </trkpt>
      <trkpt lat="34.22306646936539" lon="108.82840445177219">
        <ele>404.5052808569744</ele>
        <time>2025-12-07T11:01:38.900000Z</time>
        <extensions>
          <gpxtpx:TrackPointExtension>
            <gpxtpx:hr>102</gpxtpx:hr>
          </gpxtpx:TrackPointExtension>
        </extensions>
      </trkpt>
      <trkpt lat="34.22305369795344" lon="108.82840406620907">
        <ele>404.56001916062087</ele>
        <time>2025-12-07T11:01:39.900000Z</time>
        <extensions>
          <gpxtpx:TrackPointExtension>
            <gpxtpx:hr>102</gpxtpx:hr>
          </gpxtpx:TrackPointExtension>
        </extensions>
      </trkpt>
      <trkpt lat="34.2230412838553" lon="108.82840373041564">
        <ele>404.6224968051538</ele>
        <time>2025-12-07T11:01:40.900000Z</time>
        <extensions>
          <gpxtpx:TrackPointExtension>
            <gpxtpx:hr>102</gpxtpx:hr>
          </gpxtpx:TrackPointExtension>
        </extensions>
      </trkpt>
      <trkpt lat="34.22302909690238" lon="108.82840326851534">
        <ele>404.6823503822088</ele>
        <time>2025-12-07T11:01:41.900000Z</time>
        <extensions>
          <gpxtpx:TrackPointExtension>
            <gpxtpx:hr>97</gpxtpx:hr>
          </gpxtpx:TrackPointExtension>
        </extensions>
      </trkpt>
      <trkpt lat="34.22301665893591" lon="108.82840256787941">
        <ele>404.7399135818705</ele>
        <time>2025-12-07T11:01:42.900000Z</time>
        <extensions>
          <gpxtpx:TrackPointExtension>
            <gpxtpx:hr>97</gpxtpx:hr>
          </gpxtpx:TrackPointExtension>
        </extensions>
      </trkpt>
      <trkpt lat="34.22300395330509" lon="108.82840110609159">
        <ele>404.8102448033169</ele>
        <time>2025-12-07T11:01:43.900000Z</time>
        <extensions>
          <gpxtpx:TrackPointExtension>
            <gpxtpx:hr>97</gpxtpx:hr>
          </gpxtpx:TrackPointExtension>
        </extensions>
      </trkpt>
      <trkpt lat="34.22299127821775" lon="108.8283987522195">
        <ele>404.89205178804696</ele>
        <time>2025-12-07T11:01:44.900000Z</time>
        <extensions>
          <gpxtpx:TrackPointExtension>
            <gpxtpx:hr>97</gpxtpx:hr>
          </gpxtpx:TrackPointExtension>
        </extensions>
      </trkpt>
      <trkpt lat="34.22297876850697" lon="108.82839606042774">
        <ele>404.98443070426583</ele>
        <time>2025-12-07T11:01:46Z</time>
        <extensions>
          <gpxtpx:TrackPointExtension>
            <gpxtpx:hr>97</gpxtpx:hr>
          </gpxtpx:TrackPointExtension>
        </extensions>
      </trkpt>
      <trkpt lat="34.22296606258998" lon="108.82839405801599">
        <ele>405.0601269779727</ele>
        <time>2025-12-07T11:01:47Z</time>
        <extensions>
          <gpxtpx:TrackPointExtension>
            <gpxtpx:hr>97</gpxtpx:hr>
          </gpxtpx:TrackPointExtension>
        </extensions>
      </trkpt>
      <trkpt lat="34.22295283589147" lon="108.8283936343116">
        <ele>405.1073522148654</ele>
        <time>2025-12-07T11:01:48Z</time>
        <extensions>
          <gpxtpx:TrackPointExtension>
            <gpxtpx:hr>97</gpxtpx:hr>
          </gpxtpx:TrackPointExtension>
        </extensions>
      </trkpt>
      <trkpt lat="34.22293959737044" lon="108.82839412426839">
        <ele>405.1442706286907</ele>
        <time>2025-12-07T11:01:49Z</time>
        <extensions>
          <gpxtpx:TrackPointExtension>
            <gpxtpx:hr>99</gpxtpx:hr>
          </gpxtpx:TrackPointExtension>
        </extensions>
      </trkpt>
      <trkpt lat="34.22292647473015" lon="108.82839527911928">
        <ele>405.1717219846323</ele>
        <time>2025-12-07T11:01:50Z</time>
        <extensions>
          <gpxtpx:TrackPointExtension>
            <gpxtpx:hr>99</gpxtpx:hr>
          </gpxtpx:TrackPointExtension>
        </extensions>
      </trkpt>
      <trkpt lat="34.22291336693725" lon="108.82839855284276">
        <ele>405.1878017690033</ele>
        <time>2025-12-07T11:01:51Z</time>
        <extensions>
          <gpxtpx:TrackPointExtension>
            <gpxtpx:hr>99</gpxtpx:hr>
          </gpxtpx:TrackPointExtension>
        </extensions>
      </trkpt>
      <trkpt lat="34.22290057975598" lon="108.82840463219779">
        <ele>405.196151859127</ele>
        <time>2025-12-07T11:01:52Z</time>
        <extensions>
          <gpxtpx:TrackPointExtension>
            <gpxtpx:hr>99</gpxtpx:hr>
          </gpxtpx:TrackPointExtension>
        </extensions>
      </trkpt>
      <trkpt lat="34.2228882801973" lon="108.82841197052909">
        <ele>405.189581499435</ele>
        <time>2025-12-07T11:01:53Z</time>
        <extensions>
          <gpxtpx:TrackPointExtension>
            <gpxtpx:hr>99</gpxtpx:hr>
          </gpxtpx:TrackPointExtension>
        </extensions>
      </trkpt>
      <trkpt lat="34.222875971604395" lon="108.82841751039362">
        <ele>405.1747484309599</ele>
        <time>2025-12-07T11:01:54Z</time>
        <extensions>
          <gpxtpx:TrackPointExtension>
            <gpxtpx:hr>99</gpxtpx:hr>
          </gpxtpx:TrackPointExtension>
        </extensions>
      </trkpt>
      <trkpt lat="34.222864408999165" lon="108.82841938476997">
        <ele>405.1512706503272</ele>
        <time>2025-12-07T11:01:55Z</time>
        <extensions>
          <gpxtpx:TrackPointExtension>
            <gpxtpx:hr>99</gpxtpx:hr>
          </gpxtpx:TrackPointExtension>
        </extensions>
      </trkpt>
      <trkpt lat="34.22285584429764" lon="108.8284190389643">
        <ele>405.12873892486095</ele>
        <time>2025-12-07T11:01:56Z</time>
        <extensions>
          <gpxtpx:TrackPointExtension>
            <gpxtpx:hr>99</gpxtpx:hr>
          </gpxtpx:TrackPointExtension>
        </extensions>
      </trkpt>
      <trkpt lat="34.22285199434683" lon="108.82841893813202">
        <ele>405.1063246568665</ele>
        <time>2025-12-07T11:01:57Z</time>
        <extensions>
          <gpxtpx:TrackPointExtension>
            <gpxtpx:hr>100</gpxtpx:hr>
          </gpxtpx:TrackPointExtension>
        </extensions>
      </trkpt>
      <trkpt lat="34.22285201114709" lon="108.8284199508887">
        <ele>405.07887335307896</ele>
        <time>2025-12-07T11:01:58Z</time>
        <extensions>
          <gpxtpx:TrackPointExtension>
            <gpxtpx:hr>100</gpxtpx:hr>
          </gpxtpx:TrackPointExtension>
        </extensions>
      </trkpt>
      <trkpt lat="34.22285342139877" lon="108.82842171825781">
        <ele>405.04288506135345</ele>
        <time>2025-12-07T11:01:59Z</time>
        <extensions>
          <gpxtpx:TrackPointExtension>
            <gpxtpx:hr>100</gpxtpx:hr>
          </gpxtpx:TrackPointExtension>
        </extensions>
      </trkpt>
      <trkpt lat="34.22285480006965" lon="108.82842370042651">
        <ele>405.01330829039216</ele>
        <time>2025-12-07T11:02:00Z</time>
        <extensions>
          <gpxtpx:TrackPointExtension>
            <gpxtpx:hr>101</gpxtpx:hr>
          </gpxtpx:TrackPointExtension>
        </extensions>
      </trkpt>
      <trkpt lat="34.22285573326601" lon="108.82842561386533">
        <ele>404.9928313167766</ele>
        <time>2025-12-07T11:02:01Z</time>
        <extensions>
          <gpxtpx:TrackPointExtension>
            <gpxtpx:hr>101</gpxtpx:hr>
          </gpxtpx:TrackPointExtension>
        </extensions>
      </trkpt>
      <trkpt lat="34.22285612960993" lon="108.82842732539015">
        <ele>404.97523766290396</ele>
        <time>2025-12-07T11:02:02Z</time>
        <extensions>
          <gpxtpx:TrackPointExtension>
            <gpxtpx:hr>101</gpxtpx:hr>
          </gpxtpx:TrackPointExtension>
        </extensions>
      </trkpt>
      <trkpt lat="34.22285577059322" lon="108.82842870613658">
        <ele>404.95608871709555</ele>
        <time>2025-12-07T11:02:03Z</time>
        <extensions>
          <gpxtpx:TrackPointExtension>
            <gpxtpx:hr>101</gpxtpx:hr>
          </gpxtpx:TrackPointExtension>
        </extensions>
      </trkpt>
      <trkpt lat="34.22285422367439" lon="108.82842960704801">
        <ele>404.9455629726872</ele>
        <time>2025-12-07T11:02:04Z</time>
        <extensions>
          <gpxtpx:TrackPointExtension>
            <gpxtpx:hr>101</gpxtpx:hr>
          </gpxtpx:TrackPointExtension>
        </extensions>
      </trkpt>
      <trkpt lat="34.22285105077808" lon="108.8284299040542">
        <ele>404.95098664145917</ele>
        <time>2025-12-07T11:02:05Z</time>
        <extensions>
          <gpxtpx:TrackPointExtension>
            <gpxtpx:hr>101</gpxtpx:hr>
          </gpxtpx:TrackPointExtension>
        </extensions>
      </trkpt>
      <trkpt lat="34.22284561998946" lon="108.82842948306791">
        <ele>404.962807783857</ele>
        <time>2025-12-07T11:02:06Z</time>
        <extensions>
          <gpxtpx:TrackPointExtension>
            <gpxtpx:hr>101</gpxtpx:hr>
          </gpxtpx:TrackPointExtension>
        </extensions>
      </trkpt>
      <trkpt lat="34.22283825866376" lon="108.82842851865594">
        <ele>404.9826406976208</ele>
        <time>2025-12-07T11:02:07Z</time>
        <extensions>
          <gpxtpx:TrackPointExtension>
            <gpxtpx:hr>104</gpxtpx:hr>
          </gpxtpx:TrackPointExtension>
        </extensions>
      </trkpt>
      <trkpt lat="34.22282980619073" lon="108.82842717893571">
        <ele>405.00451226439327</ele>
        <time>2025-12-07T11:02:08Z</time>
        <extensions>
          <gpxtpx:TrackPointExtension>
            <gpxtpx:hr>104</gpxtpx:hr>
          </gpxtpx:TrackPointExtension>
        </extensions>
      </trkpt>
      <trkpt lat="34.22282026887042" lon="108.82842562403064">
        <ele>405.0262560620904</ele>
        <time>2025-12-07T11:02:09Z</time>
        <extensions>
          <gpxtpx:TrackPointExtension>
            <gpxtpx:hr>104</gpxtpx:hr>
          </gpxtpx:TrackPointExtension>
        </extensions>
      </trkpt>
      <trkpt lat="34.22280973709689" lon="108.82842442027686">
        <ele>405.0440381653607</ele>
        <time>2025-12-07T11:02:10Z</time>
        <extensions>
          <gpxtpx:TrackPointExtension>
            <gpxtpx:hr>104</gpxtpx:hr>
          </gpxtpx:TrackPointExtension>
        </extensions>
      </trkpt>
      <trkpt lat="34.22279841158371" lon="108.82842390147823">
        <ele>405.0495745828375</ele>
        <time>2025-12-07T11:02:11Z</time>
        <extensions>
          <gpxtpx:TrackPointExtension>
            <gpxtpx:hr>104</gpxtpx:hr>
          </gpxtpx:TrackPointExtension>
        </extensions>
      </trkpt>
      <trkpt lat="34.222786682351" lon="108.82842375464944">
        <ele>405.04814619757235</ele>
        <time>2025-12-07T11:02:12Z</time>
        <extensions>
          <gpxtpx:TrackPointExtension>
            <gpxtpx:hr>103</gpxtpx:hr>
          </gpxtpx:TrackPointExtension>
        </extensions>
      </trkpt>
      <trkpt lat="34.22277521129258" lon="108.82842348290315">
        <ele>405.0515314769</ele>
        <time>2025-12-07T11:02:13Z</time>
        <extensions>
          <gpxtpx:TrackPointExtension>
            <gpxtpx:hr>103</gpxtpx:hr>
          </gpxtpx:TrackPointExtension>
        </extensions>
      </trkpt>
      <trkpt lat="34.222764155937156" lon="108.82842315462096">
        <ele>405.06690822169185</ele>
        <time>2025-12-07T11:02:14Z</time>
        <extensions>
          <gpxtpx:TrackPointExtension>
            <gpxtpx:hr>103</gpxtpx:hr>
          </gpxtpx:TrackPointExtension>
        </extensions>
      </trkpt>
      <trkpt lat="34.222753322804046" lon="108.82842282066507">
        <ele>405.0843778401613</ele>
        <time>2025-12-07T11:02:15Z</time>
        <extensions>
          <gpxtpx:TrackPointExtension>
            <gpxtpx:hr>102</gpxtpx:hr>
          </gpxtpx:TrackPointExtension>
        </extensions>
      </trkpt>
      <trkpt lat="34.22274234078726" lon="108.82842235286908">
        <ele>405.10197521653026</ele>
        <time>2025-12-07T11:02:16Z</time>
        <extensions>
          <gpxtpx:TrackPointExtension>
            <gpxtpx:hr>102</gpxtpx:hr>
          </gpxtpx:TrackPointExtension>
        </extensions>
      </trkpt>
      <trkpt lat="34.22273092822596" lon="108.82842223206353">
        <ele>405.114241999574</ele>
        <time>2025-12-07T11:02:17Z</time>
        <extensions>
          <gpxtpx:TrackPointExtension>
            <gpxtpx:hr>102</gpxtpx:hr>
          </gpxtpx:TrackPointExtension>
        </extensions>
      </trkpt>
      <trkpt lat="34.22271941312776" lon="108.82842305977009">
        <ele>405.1296941637993</ele>
        <time>2025-12-07T11:02:18Z</time>
        <extensions>
          <gpxtpx:TrackPointExtension>
            <gpxtpx:hr>102</gpxtpx:hr>
          </gpxtpx:TrackPointExtension>
        </extensions>
      </trkpt>
      <trkpt lat="34.22270828975333" lon="108.828424387094">
        <ele>405.13716067932546</ele>
        <time>2025-12-07T11:02:18.900000Z</time>
        <extensions>
          <gpxtpx:TrackPointExtension>
            <gpxtpx:hr>102</gpxtpx:hr>
          </gpxtpx:TrackPointExtension>
        </extensions>
      </trkpt>
      <trkpt lat="34.222697927348875" lon="108.82842544949267">
        <ele>405.1404564436525</ele>
        <time>2025-12-07T11:02:19.900000Z</time>
        <extensions>
          <gpxtpx:TrackPointExtension>
            <gpxtpx:hr>102</gpxtpx:hr>
          </gpxtpx:TrackPointExtension>
        </extensions>
      </trkpt>
      <trkpt lat="34.22268790942828" lon="108.82842618056449">
        <ele>405.1453777598217</ele>
        <time>2025-12-07T11:02:20.900000Z</time>
        <extensions>
          <gpxtpx:TrackPointExtension>
            <gpxtpx:hr>99</gpxtpx:hr>
          </gpxtpx:TrackPointExtension>
        </extensions>
      </trkpt>
      <trkpt lat="34.22267770168765" lon="108.82842689631454">
        <ele>405.1518627014011</ele>
        <time>2025-12-07T11:02:21.900000Z</time>
        <extensions>
          <gpxtpx:TrackPointExtension>
            <gpxtpx:hr>99</gpxtpx:hr>
          </gpxtpx:TrackPointExtension>
        </extensions>
      </trkpt>
      <trkpt lat="34.22266732153595" lon="108.82842768337702">
        <ele>405.1654629679397</ele>
        <time>2025-12-07T11:02:22.900000Z</time>
        <extensions>
          <gpxtpx:TrackPointExtension>
            <gpxtpx:hr>99</gpxtpx:hr>
          </gpxtpx:TrackPointExtension>
        </extensions>
      </trkpt>
      <trkpt lat="34.222657338215015" lon="108.82842809303955">
        <ele>405.1897303974256</ele>
        <time>2025-12-07T11:02:23.900000Z</time>
        <extensions>
          <gpxtpx:TrackPointExtension>
            <gpxtpx:hr>99</gpxtpx:hr>
          </gpxtpx:TrackPointExtension>
        </extensions>
      </trkpt>
      <trkpt lat="34.22264717959343" lon="108.82842807363345">
        <ele>405.2076011803001</ele>
        <time>2025-12-07T11:02:24.900000Z</time>
        <extensions>
          <gpxtpx:TrackPointExtension>
            <gpxtpx:hr>99</gpxtpx:hr>
          </gpxtpx:TrackPointExtension>
        </extensions>
      </trkpt>
      <trkpt lat="34.222635728001535" lon="108.82842790811638">
        <ele>405.214107055217</ele>
        <time>2025-12-07T11:02:25.900000Z</time>
        <extensions>
          <gpxtpx:TrackPointExtension>
            <gpxtpx:hr>100</gpxtpx:hr>
          </gpxtpx:TrackPointExtension>
        </extensions>
      </trkpt>
      <trkpt lat="34.22262352716867" lon="108.82842752718788">
        <ele>405.20692389365286</ele>
        <time>2025-12-07T11:02:26.900000Z</time>
        <extensions>
          <gpxtpx:TrackPointExtension>
            <gpxtpx:hr>100</gpxtpx:hr>
          </gpxtpx:TrackPointExtension>
        </extensions>
      </trkpt>
      <trkpt lat="34.222611575965104" lon="108.82842692787747">
        <ele>405.20577298197895</ele>
        <time>2025-12-07T11:02:27.900000Z</time>
        <extensions>
          <gpxtpx:TrackPointExtension>
            <gpxtpx:hr>100</gpxtpx:hr>
          </gpxtpx:TrackPointExtension>
        </extensions>
      </trkpt>
      <trkpt lat="34.22260049316953" lon="108.82842599961721">
        <ele>405.2095985058695</ele>
        <time>2025-12-07T11:02:28.900000Z</time>
        <extensions>
          <gpxtpx:TrackPointExtension>
            <gpxtpx:hr>100</gpxtpx:hr>
          </gpxtpx:TrackPointExtension>
        </extensions>
      </trkpt>
      <trkpt lat="34.222589855607616" lon="108.8284247354739">
        <ele>405.20558153651655</ele>
        <time>2025-12-07T11:02:29.900000Z</time>
        <extensions>
          <gpxtpx:TrackPointExtension>
            <gpxtpx:hr>100</gpxtpx:hr>
          </gpxtpx:TrackPointExtension>
        </extensions>
      </trkpt>
      <trkpt lat="34.22257867559516" lon="108.82842333019406">
        <ele>405.2100831121206</ele>
        <time>2025-12-07T11:02:30.900000Z</time>
        <extensions>
          <gpxtpx:TrackPointExtension>
            <gpxtpx:hr>100</gpxtpx:hr>
          </gpxtpx:TrackPointExtension>
        </extensions>
      </trkpt>
      <trkpt lat="34.22256670968136" lon="108.82842190188614">
        <ele>405.1995688341558</ele>
        <time>2025-12-07T11:02:31.900000Z</time>
        <extensions>
          <gpxtpx:TrackPointExtension>
            <gpxtpx:hr>101</gpxtpx:hr>
          </gpxtpx:TrackPointExtension>
        </extensions>
      </trkpt>
      <trkpt lat="34.222553908474936" lon="108.82842120089303">
        <ele>405.1852968269959</ele>
        <time>2025-12-07T11:02:32.900000Z</time>
        <extensions>
          <gpxtpx:TrackPointExtension>
            <gpxtpx:hr>101</gpxtpx:hr>
          </gpxtpx:TrackPointExtension>
        </extensions>
      </trkpt>
      <trkpt lat="34.22254091835183" lon="108.82842167791954">
        <ele>405.1646586228162</ele>
        <time>2025-12-07T11:02:33.900000Z</time>
        <extensions>
          <gpxtpx:TrackPointExtension>
            <gpxtpx:hr>101</gpxtpx:hr>
          </gpxtpx:TrackPointExtension>
        </extensions>
      </trkpt>
      <trkpt lat="34.22252833039163" lon="108.82842214773797">
        <ele>405.143056133762</ele>
        <time>2025-12-07T11:02:34.900000Z</time>
        <extensions>
          <gpxtpx:TrackPointExtension>
            <gpxtpx:hr>101</gpxtpx:hr>
          </gpxtpx:TrackPointExtension>
        </extensions>
      </trkpt>
      <trkpt lat="34.222515792154006" lon="108.82842176550665">
        <ele>405.13407476525754</ele>
        <time>2025-12-07T11:02:35.900000Z</time>
        <extensions>
          <gpxtpx:TrackPointExtension>
            <gpxtpx:hr>101</gpxtpx:hr>
          </gpxtpx:TrackPointExtension>
        </extensions>
      </trkpt>
      <trkpt lat="34.22250305149775" lon="108.8284210158091">
        <ele>405.12014144286513</ele>
        <time>2025-12-07T11:02:36.900000Z</time>
        <extensions>
          <gpxtpx:TrackPointExtension>
            <gpxtpx:hr>101</gpxtpx:hr>
          </gpxtpx:TrackPointExtension>
        </extensions>
      </trkpt>
      <trkpt lat="34.22249023071058" lon="108.82842037123751">
        <ele>405.0942192338407</ele>
        <time>2025-12-07T11:02:37.900000Z</time>
        <extensions>
          <gpxtpx:TrackPointExtension>
            <gpxtpx:hr>101</gpxtpx:hr>
          </gpxtpx:TrackPointExtension>
        </extensions>
      </trkpt>
      <trkpt lat="34.22247751180082" lon="108.82841995450934">
        <ele>405.06458827480674</ele>
        <time>2025-12-07T11:02:38.900000Z</time>
        <extensions>
          <gpxtpx:TrackPointExtension>
            <gpxtpx:hr>106</gpxtpx:hr>
          </gpxtpx:TrackPointExtension>
        </extensions>
      </trkpt>
      <trkpt lat="34.222464561114" lon="108.82841973053478">
        <ele>405.0305187627673</ele>
        <time>2025-12-07T11:02:39.900000Z</time>
        <extensions>
          <gpxtpx:TrackPointExtension>
            <gpxtpx:hr>106</gpxtpx:hr>
          </gpxtpx:TrackPointExtension>
        </extensions>
      </trkpt>
      <trkpt lat="34.22245099991414" lon="108.82841985663543">
        <ele>404.9931797487661</ele>
        <time>2025-12-07T11:02:40.900000Z</time>
        <extensions>
          <gpxtpx:TrackPointExtension>
            <gpxtpx:hr>106</gpxtpx:hr>
          </gpxtpx:TrackPointExtension>
        </extensions>
      </trkpt>
      <trkpt lat="34.22243717709944" lon="108.82842003261418">
        <ele>404.9647268196568</ele>
        <time>2025-12-07T11:02:41.900000Z</time>
        <extensions>
          <gpxtpx:TrackPointExtension>
            <gpxtpx:hr>106</gpxtpx:hr>
          </gpxtpx:TrackPointExtension>
        </extensions>
      </trkpt>
      <trkpt lat="34.222423714457946" lon="108.82842002210721">
        <ele>404.9324281141162</ele>
        <time>2025-12-07T11:02:42.900000Z</time>
        <extensions>
          <gpxtpx:TrackPointExtension>
            <gpxtpx:hr>105</gpxtpx:hr>
          </gpxtpx:TrackPointExtension>
        </extensions>
      </trkpt>
      <trkpt lat="34.22241169367767" lon="108.828420261151">
        <ele>404.8928591487929</ele>
        <time>2025-12-07T11:02:43.900000Z</time>
        <extensions>
          <gpxtpx:TrackPointExtension>
            <gpxtpx:hr>105</gpxtpx:hr>
          </gpxtpx:TrackPointExtension>
        </extensions>
      </trkpt>
      <trkpt lat="34.222400901764544" lon="108.82842081565329">
        <ele>404.8353401273489</ele>
        <time>2025-12-07T11:02:44.900000Z</time>
        <extensions>
          <gpxtpx:TrackPointExtension>
            <gpxtpx:hr>105</gpxtpx:hr>
          </gpxtpx:TrackPointExtension>
        </extensions>
      </trkpt>
      <trkpt lat="34.22238991063927" lon="108.82842145346181">
        <ele>404.7704197438434</ele>
        <time>2025-12-07T11:02:45.900000Z</time>
        <extensions>
          <gpxtpx:TrackPointExtension>
            <gpxtpx:hr>105</gpxtpx:hr>
          </gpxtpx:TrackPointExtension>
        </extensions>
      </trkpt>
      <trkpt lat="34.22237834848286" lon="108.82842182101207">
        <ele>404.7014786526561</ele>
        <time>2025-12-07T11:02:46.900000Z</time>
        <extensions>
          <gpxtpx:TrackPointExtension>
            <gpxtpx:hr>105</gpxtpx:hr>
          </gpxtpx:TrackPointExtension>
        </extensions>
      </trkpt>
      <trkpt lat="34.2223666016332" lon="108.82842162662766">
        <ele>404.62366745993495</ele>
        <time>2025-12-07T11:02:47.900000Z</time>
        <extensions>
          <gpxtpx:TrackPointExtension>
            <gpxtpx:hr>105</gpxtpx:hr>
          </gpxtpx:TrackPointExtension>
        </extensions>
      </trkpt>
      <trkpt lat="34.222355098768695" lon="108.82842126917564">
        <ele>404.5460281604901</ele>
        <time>2025-12-07T11:02:48.900000Z</time>
        <extensions>
          <gpxtpx:TrackPointExtension>
            <gpxtpx:hr>105</gpxtpx:hr>
          </gpxtpx:TrackPointExtension>
        </extensions>
      </trkpt>
      <trkpt lat="34.22234377072846" lon="108.82842123883862">
        <ele>404.4679172318429</ele>
        <time>2025-12-07T11:02:49.900000Z</time>
        <extensions>
          <gpxtpx:TrackPointExtension>
            <gpxtpx:hr>105</gpxtpx:hr>
          </gpxtpx:TrackPointExtension>
        </extensions>
      </trkpt>
      <trkpt lat="34.22233225115799" lon="108.8284215415017">
        <ele>404.3901663608849</ele>
        <time>2025-12-07T11:02:50.900000Z</time>
        <extensions>
          <gpxtpx:TrackPointExtension>
            <gpxtpx:hr>105</gpxtpx:hr>
          </gpxtpx:TrackPointExtension>
        </extensions>
      </trkpt>
      <trkpt lat="34.22232053667259" lon="108.8284224345926">
        <ele>404.3112688791007</ele>
        <time>2025-12-07T11:02:51.900000Z</time>
        <extensions>
          <gpxtpx:TrackPointExtension>
            <gpxtpx:hr>104</gpxtpx:hr>
          </gpxtpx:TrackPointExtension>
        </extensions>
      </trkpt>
      <trkpt lat="34.22230916331032" lon="108.82842363192783">
        <ele>404.2264589825645</ele>
        <time>2025-12-07T11:02:52.900000Z</time>
        <extensions>
          <gpxtpx:TrackPointExtension>
            <gpxtpx:hr>104</gpxtpx:hr>
          </gpxtpx:TrackPointExtension>
        </extensions>
      </trkpt>
      <trkpt lat="34.222298429776245" lon="108.82842412033146">
        <ele>404.1336455810815</ele>
        <time>2025-12-07T11:02:53.900000Z</time>
        <extensions>
          <gpxtpx:TrackPointExtension>
            <gpxtpx:hr>104</gpxtpx:hr>
          </gpxtpx:TrackPointExtension>
        </extensions>
      </trkpt>
      <trkpt lat="34.22228785387484" lon="108.8284232653916">
        <ele>404.04061167500913</ele>
        <time>2025-12-07T11:02:54.900000Z</time>
        <extensions>
          <gpxtpx:TrackPointExtension>
            <gpxtpx:hr>104</gpxtpx:hr>
          </gpxtpx:TrackPointExtension>
        </extensions>
      </trkpt>
      <trkpt lat="34.22227687526908" lon="108.82842101356412">
        <ele>403.9472165796906</ele>
        <time>2025-12-07T11:02:55.900000Z</time>
        <extensions>
          <gpxtpx:TrackPointExtension>
            <gpxtpx:hr>104</gpxtpx:hr>
          </gpxtpx:TrackPointExtension>
        </extensions>
      </trkpt>
      <trkpt lat="34.222265411083384" lon="108.82841806824162">
        <ele>403.8621267210692</ele>
        <time>2025-12-07T11:02:56.900000Z</time>
        <extensions>
          <gpxtpx:TrackPointExtension>
            <gpxtpx:hr>104</gpxtpx:hr>
          </gpxtpx:TrackPointExtension>
        </extensions>
      </trkpt>
      <trkpt lat="34.22225391147515" lon="108.82841532753085">
        <ele>403.7901404099539</ele>
        <time>2025-12-07T11:02:57.900000Z</time>
        <extensions>
          <gpxtpx:TrackPointExtension>
            <gpxtpx:hr>104</gpxtpx:hr>
          </gpxtpx:TrackPointExtension>
        </extensions>
      </trkpt>
      <trkpt lat="34.2222426403835" lon="108.82841303643505">
        <ele>403.72827408555895</ele>
        <time>2025-12-07T11:02:58.900000Z</time>
        <extensions>
          <gpxtpx:TrackPointExtension>
            <gpxtpx:hr>104</gpxtpx:hr>
          </gpxtpx:TrackPointExtension>
        </extensions>
      </trkpt>
      <trkpt lat="34.22223177549609" lon="108.82841096141827">
        <ele>403.67466004472226</ele>
        <time>2025-12-07T11:02:59.900000Z</time>
        <extensions>
          <gpxtpx:TrackPointExtension>
            <gpxtpx:hr>104</gpxtpx:hr>
          </gpxtpx:TrackPointExtension>
        </extensions>
      </trkpt>
      <trkpt lat="34.2222213873361" lon="108.82840906977994">
        <ele>403.62841573916376</ele>
        <time>2025-12-07T11:03:00.900000Z</time>
        <extensions>
          <gpxtpx:TrackPointExtension>
            <gpxtpx:hr>104</gpxtpx:hr>
          </gpxtpx:TrackPointExtension>
        </extensions>
      </trkpt>
      <trkpt lat="34.22221145054933" lon="108.82840734550632">
        <ele>403.58696678560227</ele>
        <time>2025-12-07T11:03:01.900000Z</time>
        <extensions>
          <gpxtpx:TrackPointExtension>
            <gpxtpx:hr>105</gpxtpx:hr>
          </gpxtpx:TrackPointExtension>
        </extensions>
      </trkpt>
      <trkpt lat="34.22220183619971" lon="108.82840546113539">
        <ele>403.54604061692953</ele>
        <time>2025-12-07T11:03:02.900000Z</time>
        <extensions>
          <gpxtpx:TrackPointExtension>
            <gpxtpx:hr>105</gpxtpx:hr>
          </gpxtpx:TrackPointExtension>
        </extensions>
      </trkpt>
      <trkpt lat="34.222192128164174" lon="108.82840320854368">
        <ele>403.50843227654696</ele>
        <time>2025-12-07T11:03:03.900000Z</time>
        <extensions>
          <gpxtpx:TrackPointExtension>
            <gpxtpx:hr>105</gpxtpx:hr>
          </gpxtpx:TrackPointExtension>
        </extensions>
      </trkpt>
      <trkpt lat="34.22218198756711" lon="108.82840075979291">
        <ele>403.48228099104017</ele>
        <time>2025-12-07T11:03:04.900000Z</time>
        <extensions>
          <gpxtpx:TrackPointExtension>
            <gpxtpx:hr>106</gpxtpx:hr>
          </gpxtpx:TrackPointExtension>
        </extensions>
      </trkpt>
      <trkpt lat="34.2221711957708" lon="108.8283986440011">
        <ele>403.46724049467593</ele>
        <time>2025-12-07T11:03:05.900000Z</time>
        <extensions>
          <gpxtpx:TrackPointExtension>
            <gpxtpx:hr>106</gpxtpx:hr>
          </gpxtpx:TrackPointExtension>
        </extensions>
      </trkpt>
      <trkpt lat="34.22215994443366" lon="108.82839775877568">
        <ele>403.4674308830872</ele>
        <time>2025-12-07T11:03:06.900000Z</time>
        <extensions>
          <gpxtpx:TrackPointExtension>
            <gpxtpx:hr>106</gpxtpx:hr>
          </gpxtpx:TrackPointExtension>
        </extensions>
      </trkpt>
      <trkpt lat="34.22214874574139" lon="108.8283979302754">
        <ele>403.4823233662173</ele>
        <time>2025-12-07T11:03:07.900000Z</time>
        <extensions>
          <gpxtpx:TrackPointExtension>
            <gpxtpx:hr>106</gpxtpx:hr>
          </gpxtpx:TrackPointExtension>
        </extensions>
      </trkpt>
      <trkpt lat="34.22213783489419" lon="108.82839800040206">
        <ele>403.50249568372965</ele>
        <time>2025-12-07T11:03:08.900000Z</time>
        <extensions>
          <gpxtpx:TrackPointExtension>
            <gpxtpx:hr>106</gpxtpx:hr>
          </gpxtpx:TrackPointExtension>
        </extensions>
      </trkpt>
      <trkpt lat="34.22212716992563" lon="108.8283972856556">
        <ele>403.52398361079395</ele>
        <time>2025-12-07T11:03:09.900000Z</time>
        <extensions>
          <gpxtpx:TrackPointExtension>
            <gpxtpx:hr>105</gpxtpx:hr>
          </gpxtpx:TrackPointExtension>
        </extensions>
      </trkpt>
      <trkpt lat="34.22211670396129" lon="108.82839557833255">
        <ele>403.55610352102667</ele>
        <time>2025-12-07T11:03:10.900000Z</time>
        <extensions>
          <gpxtpx:TrackPointExtension>
            <gpxtpx:hr>105</gpxtpx:hr>
          </gpxtpx:TrackPointExtension>
        </extensions>
      </trkpt>
      <trkpt lat="34.222106139502884" lon="108.82839269110255">
        <ele>403.5837552230805</ele>
        <time>2025-12-07T11:03:11.900000Z</time>
        <extensions>
          <gpxtpx:TrackPointExtension>
            <gpxtpx:hr>105</gpxtpx:hr>
          </gpxtpx:TrackPointExtension>
        </extensions>
      </trkpt>
      <trkpt lat="34.2220949212299" lon="108.8283886277605">
        <ele>403.6101674987003</ele>
        <time>2025-12-07T11:03:12.900000Z</time>
        <extensions>
          <gpxtpx:TrackPointExtension>
            <gpxtpx:hr>105</gpxtpx:hr>
          </gpxtpx:TrackPointExtension>
        </extensions>
      </trkpt>
      <trkpt lat="34.222082887228666" lon="108.82838389336676">
        <ele>403.6302999993786</ele>
        <time>2025-12-07T11:03:13.900000Z</time>
        <extensions>
          <gpxtpx:TrackPointExtension>
            <gpxtpx:hr>105</gpxtpx:hr>
          </gpxtpx:TrackPointExtension>
        </extensions>
      </trkpt>
      <trkpt lat="34.22207043182165" lon="108.82837892158327">
        <ele>403.6520696198568</ele>
        <time>2025-12-07T11:03:14.900000Z</time>
        <extensions>
          <gpxtpx:TrackPointExtension>
            <gpxtpx:hr>106</gpxtpx:hr>
          </gpxtpx:TrackPointExtension>
        </extensions>
      </trkpt>
      <trkpt lat="34.2220582833895" lon="108.8283738183897">
        <ele>403.67164355609566</ele>
        <time>2025-12-07T11:03:15.900000Z</time>
        <extensions>
          <gpxtpx:TrackPointExtension>
            <gpxtpx:hr>106</gpxtpx:hr>
          </gpxtpx:TrackPointExtension>
        </extensions>
      </trkpt>
      <trkpt lat="34.22204679306019" lon="108.82836959761592">
        <ele>403.6964996913448</ele>
        <time>2025-12-07T11:03:16.900000Z</time>
        <extensions>
          <gpxtpx:TrackPointExtension>
            <gpxtpx:hr>106</gpxtpx:hr>
          </gpxtpx:TrackPointExtension>
        </extensions>
      </trkpt>
      <trkpt lat="34.22203497048148" lon="108.82836722921338">
        <ele>403.7115625394508</ele>
        <time>2025-12-07T11:03:17.900000Z</time>
        <extensions>
          <gpxtpx:TrackPointExtension>
            <gpxtpx:hr>106</gpxtpx:hr>
          </gpxtpx:TrackPointExtension>
        </extensions>
      </trkpt>
      <trkpt lat="34.22202200058043" lon="108.8283660981461">
        <ele>403.7149684512988</ele>
        <time>2025-12-07T11:03:18.900000Z</time>
        <extensions>
          <gpxtpx:TrackPointExtension>
            <gpxtpx:hr>106</gpxtpx:hr>
          </gpxtpx:TrackPointExtension>
        </extensions>
      </trkpt>
      <trkpt lat="34.22200864196744" lon="108.82836547873377">
        <ele>403.713727299124</ele>
        <time>2025-12-07T11:03:19.900000Z</time>
        <extensions>
          <gpxtpx:TrackPointExtension>
            <gpxtpx:hr>106</gpxtpx:hr>
          </gpxtpx:TrackPointExtension>
        </extensions>
      </trkpt>
      <trkpt lat="34.221995705603796" lon="108.82836447914805">
        <ele>403.72004298865795</ele>
        <time>2025-12-07T11:03:20.900000Z</time>
        <extensions>
          <gpxtpx:TrackPointExtension>
            <gpxtpx:hr>106</gpxtpx:hr>
          </gpxtpx:TrackPointExtension>
        </extensions>
      </trkpt>
      <trkpt lat="34.22198301379998" lon="108.82836295437775">
        <ele>403.719366453588</ele>
        <time>2025-12-07T11:03:21.900000Z</time>
        <extensions>
          <gpxtpx:TrackPointExtension>
            <gpxtpx:hr>106</gpxtpx:hr>
          </gpxtpx:TrackPointExtension>
        </extensions>
      </trkpt>
      <trkpt lat="34.22197012014446" lon="108.82836131077774">
        <ele>403.710297386162</ele>
        <time>2025-12-07T11:03:22.900000Z</time>
        <extensions>
          <gpxtpx:TrackPointExtension>
            <gpxtpx:hr>106</gpxtpx:hr>
          </gpxtpx:TrackPointExtension>
        </extensions>
      </trkpt>
      <trkpt lat="34.2219568073467" lon="108.82835967346061">
        <ele>403.7067486811429</ele>
        <time>2025-12-07T11:03:23.900000Z</time>
        <extensions>
          <gpxtpx:TrackPointExtension>
            <gpxtpx:hr>106</gpxtpx:hr>
          </gpxtpx:TrackPointExtension>
        </extensions>
      </trkpt>
      <trkpt lat="34.22194276893997" lon="108.82835858457787">
        <ele>403.6970106251538</ele>
        <time>2025-12-07T11:03:24.900000Z</time>
        <extensions>
          <gpxtpx:TrackPointExtension>
            <gpxtpx:hr>106</gpxtpx:hr>
          </gpxtpx:TrackPointExtension>
        </extensions>
      </trkpt>
      <trkpt lat="34.221928291459534" lon="108.82835877756351">
        <ele>403.69221129547805</ele>
        <time>2025-12-07T11:03:25.900000Z</time>
        <extensions>
          <gpxtpx:TrackPointExtension>
            <gpxtpx:hr>106</gpxtpx:hr>
          </gpxtpx:TrackPointExtension>
        </extensions>
      </trkpt>
      <trkpt lat="34.2219139447433" lon="108.8283598573133">
        <ele>403.68116437923163</ele>
        <time>2025-12-07T11:03:26.900000Z</time>
        <extensions>
          <gpxtpx:TrackPointExtension>
            <gpxtpx:hr>106</gpxtpx:hr>
          </gpxtpx:TrackPointExtension>
        </extensions>
      </trkpt>
      <trkpt lat="34.22189929158144" lon="108.82836060066568">
        <ele>403.67093907948583</ele>
        <time>2025-12-07T11:03:27.900000Z</time>
        <extensions>
          <gpxtpx:TrackPointExtension>
            <gpxtpx:hr>107</gpxtpx:hr>
          </gpxtpx:TrackPointExtension>
        </extensions>
      </trkpt>
      <trkpt lat="34.22188544409147" lon="108.82835991303561">
        <ele>403.65845767315477</ele>
        <time>2025-12-07T11:03:28.900000Z</time>
        <extensions>
          <gpxtpx:TrackPointExtension>
            <gpxtpx:hr>107</gpxtpx:hr>
          </gpxtpx:TrackPointExtension>
        </extensions>
      </trkpt>
      <trkpt lat="34.22187395085543" lon="108.8283588037619">
        <ele>403.646739625372</ele>
        <time>2025-12-07T11:03:29.900000Z</time>
        <extensions>
          <gpxtpx:TrackPointExtension>
            <gpxtpx:hr>107</gpxtpx:hr>
          </gpxtpx:TrackPointExtension>
        </extensions>
      </trkpt>
      <trkpt lat="34.22186414358613" lon="108.82835898709936">
        <ele>403.6352773895487</ele>
        <time>2025-12-07T11:03:30.900000Z</time>
        <extensions>
          <gpxtpx:TrackPointExtension>
            <gpxtpx:hr>107</gpxtpx:hr>
          </gpxtpx:TrackPointExtension>
        </extensions>
      </trkpt>
      <trkpt lat="34.22185452788484" lon="108.82836002582206">
        <ele>403.62103400286287</ele>
        <time>2025-12-07T11:03:31.900000Z</time>
        <extensions>
          <gpxtpx:TrackPointExtension>
            <gpxtpx:hr>107</gpxtpx:hr>
          </gpxtpx:TrackPointExtension>
        </extensions>
      </trkpt>
      <trkpt lat="34.221845087015396" lon="108.8283613807665">
        <ele>403.606164152734</ele>
        <time>2025-12-07T11:03:32.900000Z</time>
        <extensions>
          <gpxtpx:TrackPointExtension>
            <gpxtpx:hr>104</gpxtpx:hr>
          </gpxtpx:TrackPointExtension>
        </extensions>
      </trkpt>
      <trkpt lat="34.2218370819061" lon="108.82836266957126">
        <ele>403.59404300618917</ele>
        <time>2025-12-07T11:03:33.900000Z</time>
        <extensions>
          <gpxtpx:TrackPointExtension>
            <gpxtpx:hr>104</gpxtpx:hr>
          </gpxtpx:TrackPointExtension>
        </extensions>
      </trkpt>
      <trkpt lat="34.22183108172666" lon="108.82836349598634">
        <ele>403.58065964560956</ele>
        <time>2025-12-07T11:03:34.900000Z</time>
        <extensions>
          <gpxtpx:TrackPointExtension>
            <gpxtpx:hr>104</gpxtpx:hr>
          </gpxtpx:TrackPointExtension>
        </extensions>
      </trkpt>
      <trkpt lat="34.22182707904849" lon="108.82836387890839">
        <ele>403.56509341765195</ele>
        <time>2025-12-07T11:03:35.900000Z</time>
        <extensions>
          <gpxtpx:TrackPointExtension>
            <gpxtpx:hr>104</gpxtpx:hr>
          </gpxtpx:TrackPointExtension>
        </extensions>
      </trkpt>
      <trkpt lat="34.22182497046936" lon="108.82836403312311">
        <ele>403.5477287406102</ele>
        <time>2025-12-07T11:03:36.900000Z</time>
        <extensions>
          <gpxtpx:TrackPointExtension>
            <gpxtpx:hr>104</gpxtpx:hr>
          </gpxtpx:TrackPointExtension>
        </extensions>
      </trkpt>
      <trkpt lat="34.221824298025076" lon="108.82836416984277">
        <ele>403.53210885822773</ele>
        <time>2025-12-07T11:03:37.900000Z</time>
        <extensions>
          <gpxtpx:TrackPointExtension>
            <gpxtpx:hr>104</gpxtpx:hr>
          </gpxtpx:TrackPointExtension>
        </extensions>
      </trkpt>
      <trkpt lat="34.22182442487529" lon="108.82836438539057">
        <ele>403.51562159508467</ele>
        <time>2025-12-07T11:03:38.900000Z</time>
        <extensions>
          <gpxtpx:TrackPointExtension>
            <gpxtpx:hr>105</gpxtpx:hr>
          </gpxtpx:TrackPointExtension>
        </extensions>
      </trkpt>
      <trkpt lat="34.22182488038335" lon="108.82836465408896">
        <ele>403.5025128144771</ele>
        <time>2025-12-07T11:03:39.900000Z</time>
        <extensions>
          <gpxtpx:TrackPointExtension>
            <gpxtpx:hr>105</gpxtpx:hr>
          </gpxtpx:TrackPointExtension>
        </extensions>
      </trkpt>
      <trkpt lat="34.22182548297807" lon="108.828364955309">
        <ele>403.4921666784212</ele>
        <time>2025-12-07T11:03:40.900000Z</time>
        <extensions>
          <gpxtpx:TrackPointExtension>
            <gpxtpx:hr>105</gpxtpx:hr>
          </gpxtpx:TrackPointExtension>
        </extensions>
      </trkpt>
      <trkpt lat="34.22182592376583" lon="108.82836526150516">
        <ele>403.4844840588048</ele>
        <time>2025-12-07T11:03:41.900000Z</time>
        <extensions>
          <gpxtpx:TrackPointExtension>
            <gpxtpx:hr>105</gpxtpx:hr>
          </gpxtpx:TrackPointExtension>
        </extensions>
      </trkpt>
      <trkpt lat="34.22182584736166" lon="108.82836551152032">
        <ele>403.48753680475056</ele>
        <time>2025-12-07T11:03:42.900000Z</time>
        <extensions>
          <gpxtpx:TrackPointExtension>
            <gpxtpx:hr>105</gpxtpx:hr>
          </gpxtpx:TrackPointExtension>
        </extensions>
      </trkpt>
      <trkpt lat="34.22182481782113" lon="108.82836562311738">
        <ele>403.50023892335594</ele>
        <time>2025-12-07T11:03:43.900000Z</time>
        <extensions>
          <gpxtpx:TrackPointExtension>
            <gpxtpx:hr>104</gpxtpx:hr>
          </gpxtpx:TrackPointExtension>
        </extensions>
      </trkpt>
      <trkpt lat="34.22182205470735" lon="108.82836548733643">
        <ele>403.52410064451396</ele>
        <time>2025-12-07T11:03:44.900000Z</time>
        <extensions>
          <gpxtpx:TrackPointExtension>
            <gpxtpx:hr>104</gpxtpx:hr>
          </gpxtpx:TrackPointExtension>
        </extensions>
      </trkpt>
      <trkpt lat="34.22181690823789" lon="108.82836503509279">
        <ele>403.5435265554115</ele>
        <time>2025-12-07T11:03:45.900000Z</time>
        <extensions>
          <gpxtpx:TrackPointExtension>
            <gpxtpx:hr>104</gpxtpx:hr>
          </gpxtpx:TrackPointExtension>
        </extensions>
      </trkpt>
      <trkpt lat="34.221809438843" lon="108.8283642393771">
        <ele>403.56023001205176</ele>
        <time>2025-12-07T11:03:46.900000Z</time>
        <extensions>
          <gpxtpx:TrackPointExtension>
            <gpxtpx:hr>104</gpxtpx:hr>
          </gpxtpx:TrackPointExtension>
        </extensions>
      </trkpt>
      <trkpt lat="34.2218003140706" lon="108.82836296865348">
        <ele>403.5814580814913</ele>
        <time>2025-12-07T11:03:47.900000Z</time>
        <extensions>
          <gpxtpx:TrackPointExtension>
            <gpxtpx:hr>104</gpxtpx:hr>
          </gpxtpx:TrackPointExtension>
        </extensions>
      </trkpt>
      <trkpt lat="34.22178989420767" lon="108.82836131427578">
        <ele>403.59846787992865</ele>
        <time>2025-12-07T11:03:48.900000Z</time>
        <extensions>
          <gpxtpx:TrackPointExtension>
            <gpxtpx:hr>104</gpxtpx:hr>
          </gpxtpx:TrackPointExtension>
        </extensions>
      </trkpt>
      <trkpt lat="34.22177858928421" lon="108.82835955963516">
        <ele>403.6169139528647</ele>
        <time>2025-12-07T11:03:49.900000Z</time>
        <extensions>
          <gpxtpx:TrackPointExtension>
            <gpxtpx:hr>104</gpxtpx:hr>
          </gpxtpx:TrackPointExtension>
        </extensions>
      </trkpt>
      <trkpt lat="34.22176719256553" lon="108.8283576912253">
        <ele>403.6368139758706</ele>
        <time>2025-12-07T11:03:50.900000Z</time>
        <extensions>
          <gpxtpx:TrackPointExtension>
            <gpxtpx:hr>104</gpxtpx:hr>
          </gpxtpx:TrackPointExtension>
        </extensions>
      </trkpt>
      <trkpt lat="34.22175619159554" lon="108.82835575320627">
        <ele>403.6506022512913</ele>
        <time>2025-12-07T11:03:52Z</time>
        <extensions>
          <gpxtpx:TrackPointExtension>
            <gpxtpx:hr>104</gpxtpx:hr>
          </gpxtpx:TrackPointExtension>
        </extensions>
      </trkpt>
      <trkpt lat="34.22174546497313" lon="108.82835434498519">
        <ele>403.6790904980153</ele>
        <time>2025-12-07T11:03:53Z</time>
        <extensions>
          <gpxtpx:TrackPointExtension>
            <gpxtpx:hr>104</gpxtpx:hr>
          </gpxtpx:TrackPointExtension>
        </extensions>
      </trkpt>
      <trkpt lat="34.22173465434858" lon="108.82835403638718">
        <ele>403.710995961912</ele>
        <time>2025-12-07T11:03:54Z</time>
        <extensions>
          <gpxtpx:TrackPointExtension>
            <gpxtpx:hr>104</gpxtpx:hr>
          </gpxtpx:TrackPointExtension>
        </extensions>
      </trkpt>
      <trkpt lat="34.22172462980909" lon="108.82835506413836">
        <ele>403.7355814157054</ele>
        <time>2025-12-07T11:03:55Z</time>
        <extensions>
          <gpxtpx:TrackPointExtension>
            <gpxtpx:hr>104</gpxtpx:hr>
          </gpxtpx:TrackPointExtension>
        </extensions>
      </trkpt>
      <trkpt lat="34.22171662670532" lon="108.82835757629485">
        <ele>403.7633855389431</ele>
        <time>2025-12-07T11:03:56Z</time>
        <extensions>
          <gpxtpx:TrackPointExtension>
            <gpxtpx:hr>104</gpxtpx:hr>
          </gpxtpx:TrackPointExtension>
        </extensions>
      </trkpt>
      <trkpt lat="34.221710433586175" lon="108.82836139799358">
        <ele>403.79340045247227</ele>
        <time>2025-12-07T11:03:57Z</time>
        <extensions>
          <gpxtpx:TrackPointExtension>
            <gpxtpx:hr>101</gpxtpx:hr>
          </gpxtpx:TrackPointExtension>
        </extensions>
      </trkpt>
      <trkpt lat="34.22170501428122" lon="108.82836602283753">
        <ele>403.8208616496995</ele>
        <time>2025-12-07T11:03:58Z</time>
        <extensions>
          <gpxtpx:TrackPointExtension>
            <gpxtpx:hr>101</gpxtpx:hr>
          </gpxtpx:TrackPointExtension>
        </extensions>
      </trkpt>
      <trkpt lat="34.221699900797496" lon="108.8283710575259">
        <ele>403.8475787350908</ele>
        <time>2025-12-07T11:03:59Z</time>
        <extensions>
          <gpxtpx:TrackPointExtension>
            <gpxtpx:hr>101</gpxtpx:hr>
          </gpxtpx:TrackPointExtension>
        </extensions>
      </trkpt>
      <trkpt lat="34.221694530181814" lon="108.82837655180671">
        <ele>403.86880164407194</ele>
        <time>2025-12-07T11:04:00Z</time>
        <extensions>
          <gpxtpx:TrackPointExtension>
            <gpxtpx:hr>101</gpxtpx:hr>
          </gpxtpx:TrackPointExtension>
        </extensions>
      </trkpt>
      <trkpt lat="34.2216879941587" lon="108.828382722158">
        <ele>403.89534646086395</ele>
        <time>2025-12-07T11:04:01Z</time>
        <extensions>
          <gpxtpx:TrackPointExtension>
            <gpxtpx:hr>101</gpxtpx:hr>
          </gpxtpx:TrackPointExtension>
        </extensions>
      </trkpt>
      <trkpt lat="34.221679962904965" lon="108.82838954975594">
        <ele>403.92269382067025</ele>
        <time>2025-12-07T11:04:02Z</time>
        <extensions>
          <gpxtpx:TrackPointExtension>
            <gpxtpx:hr>101</gpxtpx:hr>
          </gpxtpx:TrackPointExtension>
        </extensions>
      </trkpt>
      <trkpt lat="34.22167064607946" lon="108.82839674283214">
        <ele>403.9502457762137</ele>
        <time>2025-12-07T11:04:03Z</time>
        <extensions>
          <gpxtpx:TrackPointExtension>
            <gpxtpx:hr>103</gpxtpx:hr>
          </gpxtpx:TrackPointExtension>
        </extensions>
      </trkpt>
      <trkpt lat="34.22166119566024" lon="108.82840354030355">
        <ele>403.98131196107715</ele>
        <time>2025-12-07T11:04:04Z</time>
        <extensions>
          <gpxtpx:TrackPointExtension>
            <gpxtpx:hr>103</gpxtpx:hr>
          </gpxtpx:TrackPointExtension>
        </extensions>
      </trkpt>
      <trkpt lat="34.221652633561966" lon="108.82840934534852">
        <ele>404.01961443107575</ele>
        <time>2025-12-07T11:04:05Z</time>
        <extensions>
          <gpxtpx:TrackPointExtension>
            <gpxtpx:hr>103</gpxtpx:hr>
          </gpxtpx:TrackPointExtension>
        </extensions>
      </trkpt>
      <trkpt lat="34.22164472501191" lon="108.82841428379177">
        <ele>404.05183556023985</ele>
        <time>2025-12-07T11:04:06Z</time>
        <extensions>
          <gpxtpx:TrackPointExtension>
            <gpxtpx:hr>103</gpxtpx:hr>
          </gpxtpx:TrackPointExtension>
        </extensions>
      </trkpt>
      <trkpt lat="34.221637877168774" lon="108.82841841886483">
        <ele>404.07863663323224</ele>
        <time>2025-12-07T11:04:07Z</time>
        <extensions>
          <gpxtpx:TrackPointExtension>
            <gpxtpx:hr>103</gpxtpx:hr>
          </gpxtpx:TrackPointExtension>
        </extensions>
      </trkpt>
      <trkpt lat="34.221632809059166" lon="108.82842138391062">
        <ele>404.09266264364123</ele>
        <time>2025-12-07T11:04:08Z</time>
        <extensions>
          <gpxtpx:TrackPointExtension>
            <gpxtpx:hr>103</gpxtpx:hr>
          </gpxtpx:TrackPointExtension>
        </extensions>
      </trkpt>
      <trkpt lat="34.221629611650634" lon="108.82842298961867">
        <ele>404.09558606147766</ele>
        <time>2025-12-07T11:04:09Z</time>
        <extensions>
          <gpxtpx:TrackPointExtension>
            <gpxtpx:hr>103</gpxtpx:hr>
          </gpxtpx:TrackPointExtension>
        </extensions>
      </trkpt>
      <trkpt lat="34.221627943107684" lon="108.828423547347">
        <ele>404.0953303007409</ele>
        <time>2025-12-07T11:04:10Z</time>
        <extensions>
          <gpxtpx:TrackPointExtension>
            <gpxtpx:hr>103</gpxtpx:hr>
          </gpxtpx:TrackPointExtension>
        </extensions>
      </trkpt>
      <trkpt lat="34.221627046201" lon="108.82842346151348">
        <ele>404.09372459631413</ele>
        <time>2025-12-07T11:04:11Z</time>
        <extensions>
          <gpxtpx:TrackPointExtension>
            <gpxtpx:hr>103</gpxtpx:hr>
          </gpxtpx:TrackPointExtension>
        </extensions>
      </trkpt>
      <trkpt lat="34.221626299119144" lon="108.82842302827555">
        <ele>404.0853031780571</ele>
        <time>2025-12-07T11:04:12Z</time>
        <extensions>
          <gpxtpx:TrackPointExtension>
            <gpxtpx:hr>103</gpxtpx:hr>
          </gpxtpx:TrackPointExtension>
        </extensions>
      </trkpt>
      <trkpt lat="34.22162512629453" lon="108.82842245377964">
        <ele>404.06448359321803</ele>
        <time>2025-12-07T11:04:13Z</time>
        <extensions>
          <gpxtpx:TrackPointExtension>
            <gpxtpx:hr>103</gpxtpx:hr>
          </gpxtpx:TrackPointExtension>
        </extensions>
      </trkpt>
      <trkpt lat="34.22162283061516" lon="108.82842194491319">
        <ele>404.04913708474487</ele>
        <time>2025-12-07T11:04:14Z</time>
        <extensions>
          <gpxtpx:TrackPointExtension>
            <gpxtpx:hr>103</gpxtpx:hr>
          </gpxtpx:TrackPointExtension>
        </extensions>
      </trkpt>
      <trkpt lat="34.22161864609855" lon="108.8284217071118">
        <ele>404.03236271161586</ele>
        <time>2025-12-07T11:04:15Z</time>
        <extensions>
          <gpxtpx:TrackPointExtension>
            <gpxtpx:hr>103</gpxtpx:hr>
          </gpxtpx:TrackPointExtension>
        </extensions>
      </trkpt>
      <trkpt lat="34.22161230364607" lon="108.82842175208903">
        <ele>404.0165038499981</ele>
        <time>2025-12-07T11:04:16Z</time>
        <extensions>
          <gpxtpx:TrackPointExtension>
            <gpxtpx:hr>103</gpxtpx:hr>
          </gpxtpx:TrackPointExtension>
        </extensions>
      </trkpt>
      <trkpt lat="34.221604223985985" lon="108.82842209295045">
        <ele>403.9957135533914</ele>
        <time>2025-12-07T11:04:17Z</time>
        <extensions>
          <gpxtpx:TrackPointExtension>
            <gpxtpx:hr>102</gpxtpx:hr>
          </gpxtpx:TrackPointExtension>
        </extensions>
      </trkpt>
      <trkpt lat="34.2215947793133" lon="108.82842306862123">
        <ele>403.98376311175525</ele>
        <time>2025-12-07T11:04:18Z</time>
        <extensions>
          <gpxtpx:TrackPointExtension>
            <gpxtpx:hr>102</gpxtpx:hr>
          </gpxtpx:TrackPointExtension>
        </extensions>
      </trkpt>
      <trkpt lat="34.221584251986634" lon="108.82842494839396">
        <ele>403.96664307639</ele>
        <time>2025-12-07T11:04:19Z</time>
        <extensions>
          <gpxtpx:TrackPointExtension>
            <gpxtpx:hr>102</gpxtpx:hr>
          </gpxtpx:TrackPointExtension>
        </extensions>
      </trkpt>
      <trkpt lat="34.221572549261914" lon="108.82842769614886">
        <ele>403.9676342057064</ele>
        <time>2025-12-07T11:04:20Z</time>
        <extensions>
          <gpxtpx:TrackPointExtension>
            <gpxtpx:hr>102</gpxtpx:hr>
          </gpxtpx:TrackPointExtension>
        </extensions>
      </trkpt>
      <trkpt lat="34.22156003367151" lon="108.82843107718831">
        <ele>403.97568287700415</ele>
        <time>2025-12-07T11:04:21Z</time>
        <extensions>
          <gpxtpx:TrackPointExtension>
            <gpxtpx:hr>102</gpxtpx:hr>
          </gpxtpx:TrackPointExtension>
        </extensions>
      </trkpt>
      <trkpt lat="34.22154764864279" lon="108.82843489096155">
        <ele>403.9895030464977</ele>
        <time>2025-12-07T11:04:22Z</time>
        <extensions>
          <gpxtpx:TrackPointExtension>
            <gpxtpx:hr>102</gpxtpx:hr>
          </gpxtpx:TrackPointExtension>
        </extensions>
      </trkpt>
      <trkpt lat="34.22153560966197" lon="108.82843902088827">
        <ele>404.00469669885933</ele>
        <time>2025-12-07T11:04:23Z</time>
        <extensions>
          <gpxtpx:TrackPointExtension>
            <gpxtpx:hr>102</gpxtpx:hr>
          </gpxtpx:TrackPointExtension>
        </extensions>
      </trkpt>
      <trkpt lat="34.22152369254726" lon="108.82844346934283">
        <ele>404.02760441508144</ele>
        <time>2025-12-07T11:04:23.900000Z</time>
        <extensions>
          <gpxtpx:TrackPointExtension>
            <gpxtpx:hr>102</gpxtpx:hr>
          </gpxtpx:TrackPointExtension>
        </extensions>
      </trkpt>
      <trkpt lat="34.22151180180127" lon="108.82844816970787">
        <ele>404.0589101379737</ele>
        <time>2025-12-07T11:04:24.900000Z</time>
        <extensions>
          <gpxtpx:TrackPointExtension>
            <gpxtpx:hr>102</gpxtpx:hr>
          </gpxtpx:TrackPointExtension>
        </extensions>
      </trkpt>
      <trkpt lat="34.221500137644625" lon="108.82845291123867">
        <ele>404.0923085147515</ele>
        <time>2025-12-07T11:04:25.900000Z</time>
        <extensions>
          <gpxtpx:TrackPointExtension>
            <gpxtpx:hr>102</gpxtpx:hr>
          </gpxtpx:TrackPointExtension>
        </extensions>
      </trkpt>
      <trkpt lat="34.221489078070604" lon="108.82845720725865">
        <ele>404.1227908395231</ele>
        <time>2025-12-07T11:04:26.900000Z</time>
        <extensions>
          <gpxtpx:TrackPointExtension>
            <gpxtpx:hr>102</gpxtpx:hr>
          </gpxtpx:TrackPointExtension>
        </extensions>
      </trkpt>
      <trkpt lat="34.22147822661589" lon="108.82846096150445">
        <ele>404.15991517994553</ele>
        <time>2025-12-07T11:04:27.900000Z</time>
        <extensions>
          <gpxtpx:TrackPointExtension>
            <gpxtpx:hr>102</gpxtpx:hr>
          </gpxtpx:TrackPointExtension>
        </extensions>
      </trkpt>
      <trkpt lat="34.22146693793007" lon="108.82846450432824">
        <ele>404.19358886312693</ele>
        <time>2025-12-07T11:04:28.900000Z</time>
        <extensions>
          <gpxtpx:TrackPointExtension>
            <gpxtpx:hr>102</gpxtpx:hr>
          </gpxtpx:TrackPointExtension>
        </extensions>
      </trkpt>
      <trkpt lat="34.22145493359473" lon="108.82846818353285">
        <ele>404.22574428655207</ele>
        <time>2025-12-07T11:04:29.900000Z</time>
        <extensions>
          <gpxtpx:TrackPointExtension>
            <gpxtpx:hr>102</gpxtpx:hr>
          </gpxtpx:TrackPointExtension>
        </extensions>
      </trkpt>
      <trkpt lat="34.22144276783502" lon="108.82847242794837">
        <ele>404.2560868114233</ele>
        <time>2025-12-07T11:04:30.900000Z</time>
        <extensions>
          <gpxtpx:TrackPointExtension>
            <gpxtpx:hr>102</gpxtpx:hr>
          </gpxtpx:TrackPointExtension>
        </extensions>
      </trkpt>
      <trkpt lat="34.22143137567622" lon="108.82847707430359">
        <ele>404.2807982377708</ele>
        <time>2025-12-07T11:04:31.900000Z</time>
        <extensions>
          <gpxtpx:TrackPointExtension>
            <gpxtpx:hr>102</gpxtpx:hr>
          </gpxtpx:TrackPointExtension>
        </extensions>
      </trkpt>
      <trkpt lat="34.22142060345187" lon="108.8284816169652">
        <ele>404.30157450493425</ele>
        <time>2025-12-07T11:04:32.900000Z</time>
        <extensions>
          <gpxtpx:TrackPointExtension>
            <gpxtpx:hr>102</gpxtpx:hr>
          </gpxtpx:TrackPointExtension>
        </extensions>
      </trkpt>
      <trkpt lat="34.22141035285216" lon="108.82848592691722">
        <ele>404.3239292604849</ele>
        <time>2025-12-07T11:04:33.900000Z</time>
        <extensions>
          <gpxtpx:TrackPointExtension>
            <gpxtpx:hr>102</gpxtpx:hr>
          </gpxtpx:TrackPointExtension>
        </extensions>
      </trkpt>
      <trkpt lat="34.22140075368132" lon="108.82849042721436">
        <ele>404.34304383583367</ele>
        <time>2025-12-07T11:04:34.900000Z</time>
        <extensions>
          <gpxtpx:TrackPointExtension>
            <gpxtpx:hr>100</gpxtpx:hr>
          </gpxtpx:TrackPointExtension>
        </extensions>
      </trkpt>
      <trkpt lat="34.221391732234515" lon="108.8284951460046">
        <ele>404.35904904361814</ele>
        <time>2025-12-07T11:04:35.900000Z</time>
        <extensions>
          <gpxtpx:TrackPointExtension>
            <gpxtpx:hr>100</gpxtpx:hr>
          </gpxtpx:TrackPointExtension>
        </extensions>
      </trkpt>
      <trkpt lat="34.22138349466099" lon="108.82849950293986">
        <ele>404.38256463781</ele>
        <time>2025-12-07T11:04:36.900000Z</time>
        <extensions>
          <gpxtpx:TrackPointExtension>
            <gpxtpx:hr>100</gpxtpx:hr>
          </gpxtpx:TrackPointExtension>
        </extensions>
      </trkpt>
      <trkpt lat="34.221376271738514" lon="108.82850310248567">
        <ele>404.40775512345135</ele>
        <time>2025-12-07T11:04:37.900000Z</time>
        <extensions>
          <gpxtpx:TrackPointExtension>
            <gpxtpx:hr>100</gpxtpx:hr>
          </gpxtpx:TrackPointExtension>
        </extensions>
      </trkpt>
      <trkpt lat="34.22137031436301" lon="108.82850588574365">
        <ele>404.42930282931775</ele>
        <time>2025-12-07T11:04:38.900000Z</time>
        <extensions>
          <gpxtpx:TrackPointExtension>
            <gpxtpx:hr>100</gpxtpx:hr>
          </gpxtpx:TrackPointExtension>
        </extensions>
      </trkpt>
      <trkpt lat="34.22136636309392" lon="108.82850791953818">
        <ele>404.44825805630535</ele>
        <time>2025-12-07T11:04:39.900000Z</time>
        <extensions>
          <gpxtpx:TrackPointExtension>
            <gpxtpx:hr>100</gpxtpx:hr>
          </gpxtpx:TrackPointExtension>
        </extensions>
      </trkpt>
      <trkpt lat="34.22136492503686" lon="108.82850919625325">
        <ele>404.4703779257834</ele>
        <time>2025-12-07T11:04:40.900000Z</time>
        <extensions>
          <gpxtpx:TrackPointExtension>
            <gpxtpx:hr>100</gpxtpx:hr>
          </gpxtpx:TrackPointExtension>
        </extensions>
      </trkpt>
      <trkpt lat="34.22136512574955" lon="108.82850987742185">
        <ele>404.4764889013022</ele>
        <time>2025-12-07T11:04:41.900000Z</time>
        <extensions>
          <gpxtpx:TrackPointExtension>
            <gpxtpx:hr>100</gpxtpx:hr>
          </gpxtpx:TrackPointExtension>
        </extensions>
      </trkpt>
      <trkpt lat="34.221365805861545" lon="108.82851034391483">
        <ele>404.48461547121406</ele>
        <time>2025-12-07T11:04:42.900000Z</time>
        <extensions>
          <gpxtpx:TrackPointExtension>
            <gpxtpx:hr>100</gpxtpx:hr>
          </gpxtpx:TrackPointExtension>
        </extensions>
      </trkpt>
      <trkpt lat="34.221366493835" lon="108.8285108088069">
        <ele>404.5079141939059</ele>
        <time>2025-12-07T11:04:43.900000Z</time>
        <extensions>
          <gpxtpx:TrackPointExtension>
            <gpxtpx:hr>100</gpxtpx:hr>
          </gpxtpx:TrackPointExtension>
        </extensions>
      </trkpt>
      <trkpt lat="34.221366898946464" lon="108.82851145102217">
        <ele>404.5365376248956</ele>
        <time>2025-12-07T11:04:44.900000Z</time>
        <extensions>
          <gpxtpx:TrackPointExtension>
            <gpxtpx:hr>100</gpxtpx:hr>
          </gpxtpx:TrackPointExtension>
        </extensions>
      </trkpt>
      <trkpt lat="34.22136683762354" lon="108.82851244906614">
        <ele>404.56461588386446</ele>
        <time>2025-12-07T11:04:45.900000Z</time>
        <extensions>
          <gpxtpx:TrackPointExtension>
            <gpxtpx:hr>100</gpxtpx:hr>
          </gpxtpx:TrackPointExtension>
        </extensions>
      </trkpt>
      <trkpt lat="34.22136603867461" lon="108.82851396147261">
        <ele>404.5941702956334</ele>
        <time>2025-12-07T11:04:46.900000Z</time>
        <extensions>
          <gpxtpx:TrackPointExtension>
            <gpxtpx:hr>100</gpxtpx:hr>
          </gpxtpx:TrackPointExtension>
        </extensions>
      </trkpt>
      <trkpt lat="34.2213637620809" lon="108.82851647567396">
        <ele>404.62421582173556</ele>
        <time>2025-12-07T11:04:47.900000Z</time>
        <extensions>
          <gpxtpx:TrackPointExtension>
            <gpxtpx:hr>100</gpxtpx:hr>
          </gpxtpx:TrackPointExtension>
        </extensions>
      </trkpt>
      <trkpt lat="34.22135948904768" lon="108.82852038548067">
        <ele>404.6521161785349</ele>
        <time>2025-12-07T11:04:48.900000Z</time>
        <extensions>
          <gpxtpx:TrackPointExtension>
            <gpxtpx:hr>100</gpxtpx:hr>
          </gpxtpx:TrackPointExtension>
        </extensions>
      </trkpt>
      <trkpt lat="34.221353558913734" lon="108.82852554727745">
        <ele>404.6769608678296</ele>
        <time>2025-12-07T11:04:49.900000Z</time>
        <extensions>
          <gpxtpx:TrackPointExtension>
            <gpxtpx:hr>102</gpxtpx:hr>
          </gpxtpx:TrackPointExtension>
        </extensions>
      </trkpt>
      <trkpt lat="34.22134718509365" lon="108.82853166198477">
        <ele>404.69959407299757</ele>
        <time>2025-12-07T11:04:50.900000Z</time>
        <extensions>
          <gpxtpx:TrackPointExtension>
            <gpxtpx:hr>102</gpxtpx:hr>
          </gpxtpx:TrackPointExtension>
        </extensions>
      </trkpt>
      <trkpt lat="34.22134136408253" lon="108.82853863446293">
        <ele>404.7243065815419</ele>
        <time>2025-12-07T11:04:51.900000Z</time>
        <extensions>
          <gpxtpx:TrackPointExtension>
            <gpxtpx:hr>102</gpxtpx:hr>
          </gpxtpx:TrackPointExtension>
        </extensions>
      </trkpt>
      <trkpt lat="34.22133629818768" lon="108.82854628252633">
        <ele>404.7446399992332</ele>
        <time>2025-12-07T11:04:52.900000Z</time>
        <extensions>
          <gpxtpx:TrackPointExtension>
            <gpxtpx:hr>102</gpxtpx:hr>
          </gpxtpx:TrackPointExtension>
        </extensions>
      </trkpt>
      <trkpt lat="34.22133197599028" lon="108.82855417125586">
        <ele>404.7657880410552</ele>
        <time>2025-12-07T11:04:53.900000Z</time>
        <extensions>
          <gpxtpx:TrackPointExtension>
            <gpxtpx:hr>102</gpxtpx:hr>
          </gpxtpx:TrackPointExtension>
        </extensions>
      </trkpt>
      <trkpt lat="34.221327729819336" lon="108.82856216367756">
        <ele>404.7806738531217</ele>
        <time>2025-12-07T11:04:54.900000Z</time>
        <extensions>
          <gpxtpx:TrackPointExtension>
            <gpxtpx:hr>102</gpxtpx:hr>
          </gpxtpx:TrackPointExtension>
        </extensions>
      </trkpt>
      <trkpt lat="34.22132304942856" lon="108.82857063921392">
        <ele>404.79141363315284</ele>
        <time>2025-12-07T11:04:55.900000Z</time>
        <extensions>
          <gpxtpx:TrackPointExtension>
            <gpxtpx:hr>103</gpxtpx:hr>
          </gpxtpx:TrackPointExtension>
        </extensions>
      </trkpt>
      <trkpt lat="34.22131863473259" lon="108.82858011460232">
        <ele>404.8044455759227</ele>
        <time>2025-12-07T11:04:56.900000Z</time>
        <extensions>
          <gpxtpx:TrackPointExtension>
            <gpxtpx:hr>103</gpxtpx:hr>
          </gpxtpx:TrackPointExtension>
        </extensions>
      </trkpt>
      <trkpt lat="34.2213155086246" lon="108.82859097377445">
        <ele>404.81039012316614</ele>
        <time>2025-12-07T11:04:57.900000Z</time>
        <extensions>
          <gpxtpx:TrackPointExtension>
            <gpxtpx:hr>103</gpxtpx:hr>
          </gpxtpx:TrackPointExtension>
        </extensions>
      </trkpt>
      <trkpt lat="34.221314061222735" lon="108.82860351827455">
        <ele>404.8074795845896</ele>
        <time>2025-12-07T11:04:58.900000Z</time>
        <extensions>
          <gpxtpx:TrackPointExtension>
            <gpxtpx:hr>103</gpxtpx:hr>
          </gpxtpx:TrackPointExtension>
        </extensions>
      </trkpt>
      <trkpt lat="34.2213140116965" lon="108.8286175219019">
        <ele>404.79504983033985</ele>
        <time>2025-12-07T11:04:59.900000Z</time>
        <extensions>
          <gpxtpx:TrackPointExtension>
            <gpxtpx:hr>103</gpxtpx:hr>
          </gpxtpx:TrackPointExtension>
        </extensions>
      </trkpt>
      <trkpt lat="34.22131457846844" lon="108.82863218975272">
        <ele>404.7793745370582</ele>
        <time>2025-12-07T11:05:00.900000Z</time>
        <extensions>
          <gpxtpx:TrackPointExtension>
            <gpxtpx:hr>103</gpxtpx:hr>
          </gpxtpx:TrackPointExtension>
        </extensions>
      </trkpt>
      <trkpt lat="34.22131507591718" lon="108.82864688460559">
        <ele>404.76362407021224</ele>
        <time>2025-12-07T11:05:01.900000Z</time>
        <extensions>
          <gpxtpx:TrackPointExtension>
            <gpxtpx:hr>103</gpxtpx:hr>
          </gpxtpx:TrackPointExtension>
        </extensions>
      </trkpt>
      <trkpt lat="34.22131534240469" lon="108.82866120831982">
        <ele>404.74196556862444</ele>
        <time>2025-12-07T11:05:02.900000Z</time>
        <extensions>
          <gpxtpx:TrackPointExtension>
            <gpxtpx:hr>102</gpxtpx:hr>
          </gpxtpx:TrackPointExtension>
        </extensions>
      </trkpt>
      <trkpt lat="34.221315614323856" lon="108.82867482609052">
        <ele>404.71142897196114</ele>
        <time>2025-12-07T11:05:03.900000Z</time>
        <extensions>
          <gpxtpx:TrackPointExtension>
            <gpxtpx:hr>102</gpxtpx:hr>
          </gpxtpx:TrackPointExtension>
        </extensions>
      </trkpt>
      <trkpt lat="34.22131607587007" lon="108.82868787138206">
        <ele>404.67202914878726</ele>
        <time>2025-12-07T11:05:04.900000Z</time>
        <extensions>
          <gpxtpx:TrackPointExtension>
            <gpxtpx:hr>102</gpxtpx:hr>
          </gpxtpx:TrackPointExtension>
        </extensions>
      </trkpt>
      <trkpt lat="34.22131674857592" lon="108.82870171401491">
        <ele>404.62395611591637</ele>
        <time>2025-12-07T11:05:05.900000Z</time>
        <extensions>
          <gpxtpx:TrackPointExtension>
            <gpxtpx:hr>102</gpxtpx:hr>
          </gpxtpx:TrackPointExtension>
        </extensions>
      </trkpt>
      <trkpt lat="34.22131728617173" lon="108.82871646732877">
        <ele>404.57967638690025</ele>
        <time>2025-12-07T11:05:06.900000Z</time>
        <extensions>
          <gpxtpx:TrackPointExtension>
            <gpxtpx:hr>104</gpxtpx:hr>
          </gpxtpx:TrackPointExtension>
        </extensions>
      </trkpt>
      <trkpt lat="34.22131720043242" lon="108.82873084273474">
        <ele>404.53257898334414</ele>
        <time>2025-12-07T11:05:07.900000Z</time>
        <extensions>
          <gpxtpx:TrackPointExtension>
            <gpxtpx:hr>104</gpxtpx:hr>
          </gpxtpx:TrackPointExtension>
        </extensions>
      </trkpt>
      <trkpt lat="34.22131640823351" lon="108.82874450180326">
        <ele>404.4848103215918</ele>
        <time>2025-12-07T11:05:08.900000Z</time>
        <extensions>
          <gpxtpx:TrackPointExtension>
            <gpxtpx:hr>104</gpxtpx:hr>
          </gpxtpx:TrackPointExtension>
        </extensions>
      </trkpt>
      <trkpt lat="34.22131502951103" lon="108.82875777848801">
        <ele>404.4300378076732</ele>
        <time>2025-12-07T11:05:09.900000Z</time>
        <extensions>
          <gpxtpx:TrackPointExtension>
            <gpxtpx:hr>104</gpxtpx:hr>
          </gpxtpx:TrackPointExtension>
        </extensions>
      </trkpt>
      <trkpt lat="34.221313382492525" lon="108.82877144819555">
        <ele>404.366039105691</ele>
        <time>2025-12-07T11:05:10.900000Z</time>
        <extensions>
          <gpxtpx:TrackPointExtension>
            <gpxtpx:hr>104</gpxtpx:hr>
          </gpxtpx:TrackPointExtension>
        </extensions>
      </trkpt>
      <trkpt lat="34.221312141971" lon="108.82878552351352">
        <ele>404.29087196011096</ele>
        <time>2025-12-07T11:05:11.900000Z</time>
        <extensions>
          <gpxtpx:TrackPointExtension>
            <gpxtpx:hr>106</gpxtpx:hr>
          </gpxtpx:TrackPointExtension>
        </extensions>
      </trkpt>
      <trkpt lat="34.22131171908719" lon="108.82879932788781">
        <ele>404.21353077795357</ele>
        <time>2025-12-07T11:05:12.900000Z</time>
        <extensions>
          <gpxtpx:TrackPointExtension>
            <gpxtpx:hr>106</gpxtpx:hr>
          </gpxtpx:TrackPointExtension>
        </extensions>
      </trkpt>
      <trkpt lat="34.22131186747207" lon="108.82881258283089">
        <ele>404.1392595227808</ele>
        <time>2025-12-07T11:05:13.900000Z</time>
        <extensions>
          <gpxtpx:TrackPointExtension>
            <gpxtpx:hr>106</gpxtpx:hr>
          </gpxtpx:TrackPointExtension>
        </extensions>
      </trkpt>
      <trkpt lat="34.22131208353186" lon="108.82882559120337">
        <ele>404.06604507379234</ele>
        <time>2025-12-07T11:05:14.900000Z</time>
        <extensions>
          <gpxtpx:TrackPointExtension>
            <gpxtpx:hr>106</gpxtpx:hr>
          </gpxtpx:TrackPointExtension>
        </extensions>
      </trkpt>
      <trkpt lat="34.22131204587843" lon="108.82883864998371">
        <ele>403.99874508101493</ele>
        <time>2025-12-07T11:05:15.900000Z</time>
        <extensions>
          <gpxtpx:TrackPointExtension>
            <gpxtpx:hr>106</gpxtpx:hr>
          </gpxtpx:TrackPointExtension>
        </extensions>
      </trkpt>
      <trkpt lat="34.22131189349728" lon="108.82885186480735">
        <ele>403.93161360826343</ele>
        <time>2025-12-07T11:05:16.900000Z</time>
        <extensions>
          <gpxtpx:TrackPointExtension>
            <gpxtpx:hr>106</gpxtpx:hr>
          </gpxtpx:TrackPointExtension>
        </extensions>
      </trkpt>
      <trkpt lat="34.22131202928293" lon="108.82886477706894">
        <ele>403.86101309303194</ele>
        <time>2025-12-07T11:05:17.900000Z</time>
        <extensions>
          <gpxtpx:TrackPointExtension>
            <gpxtpx:hr>106</gpxtpx:hr>
          </gpxtpx:TrackPointExtension>
        </extensions>
      </trkpt>
      <trkpt lat="34.22131263025354" lon="108.8288768423837">
        <ele>403.7884541116655</ele>
        <time>2025-12-07T11:05:18.900000Z</time>
        <extensions>
          <gpxtpx:TrackPointExtension>
            <gpxtpx:hr>105</gpxtpx:hr>
          </gpxtpx:TrackPointExtension>
        </extensions>
      </trkpt>
      <trkpt lat="34.22131339814162" lon="108.82888836951396">
        <ele>403.7152481470257</ele>
        <time>2025-12-07T11:05:19.900000Z</time>
        <extensions>
          <gpxtpx:TrackPointExtension>
            <gpxtpx:hr>105</gpxtpx:hr>
          </gpxtpx:TrackPointExtension>
        </extensions>
      </trkpt>
      <trkpt lat="34.22131403579961" lon="108.8289005638891">
        <ele>403.6458268817514</ele>
        <time>2025-12-07T11:05:20.900000Z</time>
        <extensions>
          <gpxtpx:TrackPointExtension>
            <gpxtpx:hr>105</gpxtpx:hr>
          </gpxtpx:TrackPointExtension>
        </extensions>
      </trkpt>
      <trkpt lat="34.22131457093371" lon="108.8289139045849">
        <ele>403.56013652309775</ele>
        <time>2025-12-07T11:05:21.900000Z</time>
        <extensions>
          <gpxtpx:TrackPointExtension>
            <gpxtpx:hr>105</gpxtpx:hr>
          </gpxtpx:TrackPointExtension>
        </extensions>
      </trkpt>
      <trkpt lat="34.22131513153005" lon="108.82892743604599">
        <ele>403.46468117740005</ele>
        <time>2025-12-07T11:05:22.900000Z</time>
        <extensions>
          <gpxtpx:TrackPointExtension>
            <gpxtpx:hr>105</gpxtpx:hr>
          </gpxtpx:TrackPointExtension>
        </extensions>
      </trkpt>
      <trkpt lat="34.22131564005752" lon="108.82894085813759">
        <ele>403.3813612498343</ele>
        <time>2025-12-07T11:05:23.900000Z</time>
        <extensions>
          <gpxtpx:TrackPointExtension>
            <gpxtpx:hr>105</gpxtpx:hr>
          </gpxtpx:TrackPointExtension>
        </extensions>
      </trkpt>
      <trkpt lat="34.221315997656795" lon="108.8289547715634">
        <ele>403.296713732183</ele>
        <time>2025-12-07T11:05:24.900000Z</time>
        <extensions>
          <gpxtpx:TrackPointExtension>
            <gpxtpx:hr>105</gpxtpx:hr>
          </gpxtpx:TrackPointExtension>
        </extensions>
      </trkpt>
      <trkpt lat="34.22131624524167" lon="108.82896930837899">
        <ele>403.2178478287533</ele>
        <time>2025-12-07T11:05:25.900000Z</time>
        <extensions>
          <gpxtpx:TrackPointExtension>
            <gpxtpx:hr>105</gpxtpx:hr>
          </gpxtpx:TrackPointExtension>
        </extensions>
      </trkpt>
      <trkpt lat="34.22131652537827" lon="108.82898380171771">
        <ele>403.1358919069171</ele>
        <time>2025-12-07T11:05:26.900000Z</time>
        <extensions>
          <gpxtpx:TrackPointExtension>
            <gpxtpx:hr>105</gpxtpx:hr>
          </gpxtpx:TrackPointExtension>
        </extensions>
      </trkpt>
      <trkpt lat="34.22131693840187" lon="108.82899772147336">
        <ele>403.0580357639119</ele>
        <time>2025-12-07T11:05:27.900000Z</time>
        <extensions>
          <gpxtpx:TrackPointExtension>
            <gpxtpx:hr>106</gpxtpx:hr>
          </gpxtpx:TrackPointExtension>
        </extensions>
      </trkpt>
      <trkpt lat="34.22131752021922" lon="108.82901141841576">
        <ele>402.986464635469</ele>
        <time>2025-12-07T11:05:28.900000Z</time>
        <extensions>
          <gpxtpx:TrackPointExtension>
            <gpxtpx:hr>106</gpxtpx:hr>
          </gpxtpx:TrackPointExtension>
        </extensions>
      </trkpt>
      <trkpt lat="34.22131838643655" lon="108.82902540686602">
        <ele>402.92158938758075</ele>
        <time>2025-12-07T11:05:29.900000Z</time>
        <extensions>
          <gpxtpx:TrackPointExtension>
            <gpxtpx:hr>106</gpxtpx:hr>
          </gpxtpx:TrackPointExtension>
        </extensions>
      </trkpt>
      <trkpt lat="34.22131944375055" lon="108.82903970459734">
        <ele>402.85731529816985</ele>
        <time>2025-12-07T11:05:30.900000Z</time>
        <extensions>
          <gpxtpx:TrackPointExtension>
            <gpxtpx:hr>106</gpxtpx:hr>
          </gpxtpx:TrackPointExtension>
        </extensions>
      </trkpt>
      <trkpt lat="34.221320523042614" lon="108.82905376894895">
        <ele>402.8000440131873</ele>
        <time>2025-12-07T11:05:31.900000Z</time>
        <extensions>
          <gpxtpx:TrackPointExtension>
            <gpxtpx:hr>105</gpxtpx:hr>
          </gpxtpx:TrackPointExtension>
        </extensions>
      </trkpt>
      <trkpt lat="34.22132138162634" lon="108.82906703324039">
        <ele>402.75655634049326</ele>
        <time>2025-12-07T11:05:32.900000Z</time>
        <extensions>
          <gpxtpx:TrackPointExtension>
            <gpxtpx:hr>105</gpxtpx:hr>
          </gpxtpx:TrackPointExtension>
        </extensions>
      </trkpt>
      <trkpt lat="34.221321643609" lon="108.82907969078816">
        <ele>402.72200199309736</ele>
        <time>2025-12-07T11:05:33.900000Z</time>
        <extensions>
          <gpxtpx:TrackPointExtension>
            <gpxtpx:hr>105</gpxtpx:hr>
          </gpxtpx:TrackPointExtension>
        </extensions>
      </trkpt>
      <trkpt lat="34.22132116603837" lon="108.82909287601845">
        <ele>402.69892516359687</ele>
        <time>2025-12-07T11:05:34.900000Z</time>
        <extensions>
          <gpxtpx:TrackPointExtension>
            <gpxtpx:hr>105</gpxtpx:hr>
          </gpxtpx:TrackPointExtension>
        </extensions>
      </trkpt>
      <trkpt lat="34.22132010383983" lon="108.82910693616161">
        <ele>402.67844809871167</ele>
        <time>2025-12-07T11:05:35.900000Z</time>
        <extensions>
          <gpxtpx:TrackPointExtension>
            <gpxtpx:hr>105</gpxtpx:hr>
          </gpxtpx:TrackPointExtension>
        </extensions>
      </trkpt>
      <trkpt lat="34.22131876232158" lon="108.8291209097401">
        <ele>402.66347254719585</ele>
        <time>2025-12-07T11:05:36.900000Z</time>
        <extensions>
          <gpxtpx:TrackPointExtension>
            <gpxtpx:hr>105</gpxtpx:hr>
          </gpxtpx:TrackPointExtension>
        </extensions>
      </trkpt>
      <trkpt lat="34.221317667405955" lon="108.8291344546824">
        <ele>402.6603750279173</ele>
        <time>2025-12-07T11:05:37.900000Z</time>
        <extensions>
          <gpxtpx:TrackPointExtension>
            <gpxtpx:hr>105</gpxtpx:hr>
          </gpxtpx:TrackPointExtension>
        </extensions>
      </trkpt>
      <trkpt lat="34.22131718796489" lon="108.82914786162931">
        <ele>402.65231198538095</ele>
        <time>2025-12-07T11:05:38.900000Z</time>
        <extensions>
          <gpxtpx:TrackPointExtension>
            <gpxtpx:hr>105</gpxtpx:hr>
          </gpxtpx:TrackPointExtension>
        </extensions>
      </trkpt>
      <trkpt lat="34.22131733267532" lon="108.82916138428597">
        <ele>402.6455804258585</ele>
        <time>2025-12-07T11:05:39.900000Z</time>
        <extensions>
          <gpxtpx:TrackPointExtension>
            <gpxtpx:hr>105</gpxtpx:hr>
          </gpxtpx:TrackPointExtension>
        </extensions>
      </trkpt>
      <trkpt lat="34.22131806815795" lon="108.82917513389447">
        <ele>402.65998859517276</ele>
        <time>2025-12-07T11:05:40.900000Z</time>
        <extensions>
          <gpxtpx:TrackPointExtension>
            <gpxtpx:hr>105</gpxtpx:hr>
          </gpxtpx:TrackPointExtension>
        </extensions>
      </trkpt>
      <trkpt lat="34.22131955865173" lon="108.82918901361023">
        <ele>402.68210879620165</ele>
        <time>2025-12-07T11:05:41.900000Z</time>
        <extensions>
          <gpxtpx:TrackPointExtension>
            <gpxtpx:hr>105</gpxtpx:hr>
          </gpxtpx:TrackPointExtension>
        </extensions>
      </trkpt>
      <trkpt lat="34.22132159512399" lon="108.82920294064978">
        <ele>402.71415299456567</ele>
        <time>2025-12-07T11:05:42.900000Z</time>
        <extensions>
          <gpxtpx:TrackPointExtension>
            <gpxtpx:hr>105</gpxtpx:hr>
          </gpxtpx:TrackPointExtension>
        </extensions>
      </trkpt>
      <trkpt lat="34.22132373347863" lon="108.82921647704805">
        <ele>402.74907163344324</ele>
        <time>2025-12-07T11:05:43.900000Z</time>
        <extensions>
          <gpxtpx:TrackPointExtension>
            <gpxtpx:hr>105</gpxtpx:hr>
          </gpxtpx:TrackPointExtension>
        </extensions>
      </trkpt>
      <trkpt lat="34.22132550045828" lon="108.82922951733879">
        <ele>402.7873835200444</ele>
        <time>2025-12-07T11:05:44.900000Z</time>
        <extensions>
          <gpxtpx:TrackPointExtension>
            <gpxtpx:hr>105</gpxtpx:hr>
          </gpxtpx:TrackPointExtension>
        </extensions>
      </trkpt>
      <trkpt lat="34.22132656296738" lon="108.82924270025845">
        <ele>402.8296836288646</ele>
        <time>2025-12-07T11:05:45.900000Z</time>
        <extensions>
          <gpxtpx:TrackPointExtension>
            <gpxtpx:hr>104</gpxtpx:hr>
          </gpxtpx:TrackPointExtension>
        </extensions>
      </trkpt>
      <trkpt lat="34.22132700963479" lon="108.82925612927335">
        <ele>402.8726697564125</ele>
        <time>2025-12-07T11:05:46.900000Z</time>
        <extensions>
          <gpxtpx:TrackPointExtension>
            <gpxtpx:hr>104</gpxtpx:hr>
          </gpxtpx:TrackPointExtension>
        </extensions>
      </trkpt>
      <trkpt lat="34.221327034216564" lon="108.82926965296919">
        <ele>402.9133421322331</ele>
        <time>2025-12-07T11:05:47.900000Z</time>
        <extensions>
          <gpxtpx:TrackPointExtension>
            <gpxtpx:hr>104</gpxtpx:hr>
          </gpxtpx:TrackPointExtension>
        </extensions>
      </trkpt>
      <trkpt lat="34.22132697610278" lon="108.82928339225951">
        <ele>402.95396969281137</ele>
        <time>2025-12-07T11:05:48.900000Z</time>
        <extensions>
          <gpxtpx:TrackPointExtension>
            <gpxtpx:hr>104</gpxtpx:hr>
          </gpxtpx:TrackPointExtension>
        </extensions>
      </trkpt>
      <trkpt lat="34.221327147164125" lon="108.82929722072967">
        <ele>402.9954756516963</ele>
        <time>2025-12-07T11:05:49.900000Z</time>
        <extensions>
          <gpxtpx:TrackPointExtension>
            <gpxtpx:hr>104</gpxtpx:hr>
          </gpxtpx:TrackPointExtension>
        </extensions>
      </trkpt>
      <trkpt lat="34.22132774845307" lon="108.82931155793258">
        <ele>403.02787679061294</ele>
        <time>2025-12-07T11:05:50.900000Z</time>
        <extensions>
          <gpxtpx:TrackPointExtension>
            <gpxtpx:hr>104</gpxtpx:hr>
          </gpxtpx:TrackPointExtension>
        </extensions>
      </trkpt>
      <trkpt lat="34.221328494873134" lon="108.82932645820263">
        <ele>403.05181754752994</ele>
        <time>2025-12-07T11:05:51.900000Z</time>
        <extensions>
          <gpxtpx:TrackPointExtension>
            <gpxtpx:hr>104</gpxtpx:hr>
          </gpxtpx:TrackPointExtension>
        </extensions>
      </trkpt>
      <trkpt lat="34.22132894559473" lon="108.8293411416618">
        <ele>403.0751914680004</ele>
        <time>2025-12-07T11:05:52.900000Z</time>
        <extensions>
          <gpxtpx:TrackPointExtension>
            <gpxtpx:hr>99</gpxtpx:hr>
          </gpxtpx:TrackPointExtension>
        </extensions>
      </trkpt>
      <trkpt lat="34.22132907992392" lon="108.82935507819188">
        <ele>403.0980356987566</ele>
        <time>2025-12-07T11:05:53.900000Z</time>
        <extensions>
          <gpxtpx:TrackPointExtension>
            <gpxtpx:hr>99</gpxtpx:hr>
          </gpxtpx:TrackPointExtension>
        </extensions>
      </trkpt>
      <trkpt lat="34.221328963284776" lon="108.82936857671203">
        <ele>403.1201104968786</ele>
        <time>2025-12-07T11:05:54.900000Z</time>
        <extensions>
          <gpxtpx:TrackPointExtension>
            <gpxtpx:hr>99</gpxtpx:hr>
          </gpxtpx:TrackPointExtension>
        </extensions>
      </trkpt>
      <trkpt lat="34.22132869147204" lon="108.82938177288558">
        <ele>403.11904480401427</ele>
        <time>2025-12-07T11:05:55.900000Z</time>
        <extensions>
          <gpxtpx:TrackPointExtension>
            <gpxtpx:hr>99</gpxtpx:hr>
          </gpxtpx:TrackPointExtension>
        </extensions>
      </trkpt>
      <trkpt lat="34.221328269968915" lon="108.82939462162423">
        <ele>403.1225786395371</ele>
        <time>2025-12-07T11:05:56.900000Z</time>
        <extensions>
          <gpxtpx:TrackPointExtension>
            <gpxtpx:hr>100</gpxtpx:hr>
          </gpxtpx:TrackPointExtension>
        </extensions>
      </trkpt>
      <trkpt lat="34.22132792665475" lon="108.82940788244699">
        <ele>403.14001148194075</ele>
        <time>2025-12-07T11:05:58Z</time>
        <extensions>
          <gpxtpx:TrackPointExtension>
            <gpxtpx:hr>100</gpxtpx:hr>
          </gpxtpx:TrackPointExtension>
        </extensions>
      </trkpt>
      <trkpt lat="34.22132807916774" lon="108.82942164422896">
        <ele>403.15881554875523</ele>
        <time>2025-12-07T11:05:59Z</time>
        <extensions>
          <gpxtpx:TrackPointExtension>
            <gpxtpx:hr>100</gpxtpx:hr>
          </gpxtpx:TrackPointExtension>
        </extensions>
      </trkpt>
      <trkpt lat="34.22132856847952" lon="108.82943540613435">
        <ele>403.1805899878964</ele>
        <time>2025-12-07T11:06:00Z</time>
        <extensions>
          <gpxtpx:TrackPointExtension>
            <gpxtpx:hr>100</gpxtpx:hr>
          </gpxtpx:TrackPointExtension>
        </extensions>
      </trkpt>
      <trkpt lat="34.221328959821214" lon="108.82944892325816">
        <ele>403.202540775761</ele>
        <time>2025-12-07T11:06:01Z</time>
        <extensions>
          <gpxtpx:TrackPointExtension>
            <gpxtpx:hr>97</gpxtpx:hr>
          </gpxtpx:TrackPointExtension>
        </extensions>
      </trkpt>
      <trkpt lat="34.22132907772111" lon="108.8294622649023">
        <ele>403.2259683283046</ele>
        <time>2025-12-07T11:06:02Z</time>
        <extensions>
          <gpxtpx:TrackPointExtension>
            <gpxtpx:hr>97</gpxtpx:hr>
          </gpxtpx:TrackPointExtension>
        </extensions>
      </trkpt>
      <trkpt lat="34.2213290209559" lon="108.82947574333936">
        <ele>403.248640072532</ele>
        <time>2025-12-07T11:06:03Z</time>
        <extensions>
          <gpxtpx:TrackPointExtension>
            <gpxtpx:hr>97</gpxtpx:hr>
          </gpxtpx:TrackPointExtension>
        </extensions>
      </trkpt>
      <trkpt lat="34.221329041833" lon="108.82948954823168">
        <ele>403.2791894664988</ele>
        <time>2025-12-07T11:06:04Z</time>
        <extensions>
          <gpxtpx:TrackPointExtension>
            <gpxtpx:hr>97</gpxtpx:hr>
          </gpxtpx:TrackPointExtension>
        </extensions>
      </trkpt>
      <trkpt lat="34.22132923570769" lon="108.82950364144503">
        <ele>403.3154579754919</ele>
        <time>2025-12-07T11:06:05Z</time>
        <extensions>
          <gpxtpx:TrackPointExtension>
            <gpxtpx:hr>97</gpxtpx:hr>
          </gpxtpx:TrackPointExtension>
        </extensions>
      </trkpt>
      <trkpt lat="34.221329366497486" lon="108.8295174910526">
        <ele>403.35956068057567</ele>
        <time>2025-12-07T11:06:06Z</time>
        <extensions>
          <gpxtpx:TrackPointExtension>
            <gpxtpx:hr>97</gpxtpx:hr>
          </gpxtpx:TrackPointExtension>
        </extensions>
      </trkpt>
      <trkpt lat="34.22132922268317" lon="108.82953114139012">
        <ele>403.40031481999904</ele>
        <time>2025-12-07T11:06:07Z</time>
        <extensions>
          <gpxtpx:TrackPointExtension>
            <gpxtpx:hr>97</gpxtpx:hr>
          </gpxtpx:TrackPointExtension>
        </extensions>
      </trkpt>
      <trkpt lat="34.2213285382393" lon="108.82954548671289">
        <ele>403.4365003639832</ele>
        <time>2025-12-07T11:06:08Z</time>
        <extensions>
          <gpxtpx:TrackPointExtension>
            <gpxtpx:hr>97</gpxtpx:hr>
          </gpxtpx:TrackPointExtension>
        </extensions>
      </trkpt>
      <trkpt lat="34.22132666851077" lon="108.82955989499162">
        <ele>403.47637873422354</ele>
        <time>2025-12-07T11:06:09Z</time>
        <extensions>
          <gpxtpx:TrackPointExtension>
            <gpxtpx:hr>97</gpxtpx:hr>
          </gpxtpx:TrackPointExtension>
        </extensions>
      </trkpt>
      <trkpt lat="34.221322839187785" lon="108.8295723399842">
        <ele>403.5314021576196</ele>
        <time>2025-12-07T11:06:10Z</time>
        <extensions>
          <gpxtpx:TrackPointExtension>
            <gpxtpx:hr>97</gpxtpx:hr>
          </gpxtpx:TrackPointExtension>
        </extensions>
      </trkpt>
      <trkpt lat="34.22131689423721" lon="108.82958118570743">
        <ele>403.64493859838694</ele>
        <time>2025-12-07T11:06:11Z</time>
        <extensions>
          <gpxtpx:TrackPointExtension>
            <gpxtpx:hr>97</gpxtpx:hr>
          </gpxtpx:TrackPointExtension>
        </extensions>
      </trkpt>
      <trkpt lat="34.22130927251103" lon="108.82958641659133">
        <ele>403.7584514003247</ele>
        <time>2025-12-07T11:06:12Z</time>
        <extensions>
          <gpxtpx:TrackPointExtension>
            <gpxtpx:hr>104</gpxtpx:hr>
          </gpxtpx:TrackPointExtension>
        </extensions>
      </trkpt>
      <trkpt lat="34.22130026202088" lon="108.82958924312024">
        <ele>403.8665926102549</ele>
        <time>2025-12-07T11:06:13Z</time>
        <extensions>
          <gpxtpx:TrackPointExtension>
            <gpxtpx:hr>104</gpxtpx:hr>
          </gpxtpx:TrackPointExtension>
        </extensions>
      </trkpt>
      <trkpt lat="34.22129017972742" lon="108.82959074885981">
        <ele>403.98225080408156</ele>
        <time>2025-12-07T11:06:14Z</time>
        <extensions>
          <gpxtpx:TrackPointExtension>
            <gpxtpx:hr>104</gpxtpx:hr>
          </gpxtpx:TrackPointExtension>
        </extensions>
      </trkpt>
      <trkpt lat="34.22128000197157" lon="108.8295915788778">
        <ele>404.0928019946441</ele>
        <time>2025-12-07T11:06:15Z</time>
        <extensions>
          <gpxtpx:TrackPointExtension>
            <gpxtpx:hr>104</gpxtpx:hr>
          </gpxtpx:TrackPointExtension>
        </extensions>
      </trkpt>
      <trkpt lat="34.22127039348539" lon="108.82959261643143">
        <ele>404.20542372297496</ele>
        <time>2025-12-07T11:06:16Z</time>
        <extensions>
          <gpxtpx:TrackPointExtension>
            <gpxtpx:hr>104</gpxtpx:hr>
          </gpxtpx:TrackPointExtension>
        </extensions>
      </trkpt>
      <trkpt lat="34.221261121990615" lon="108.82959484750045">
        <ele>404.3133897809312</ele>
        <time>2025-12-07T11:06:17Z</time>
        <extensions>
          <gpxtpx:TrackPointExtension>
            <gpxtpx:hr>104</gpxtpx:hr>
          </gpxtpx:TrackPointExtension>
        </extensions>
      </trkpt>
      <trkpt lat="34.2212524928058" lon="108.82959871967262">
        <ele>404.42368615977466</ele>
        <time>2025-12-07T11:06:18Z</time>
        <extensions>
          <gpxtpx:TrackPointExtension>
            <gpxtpx:hr>104</gpxtpx:hr>
          </gpxtpx:TrackPointExtension>
        </extensions>
      </trkpt>
      <trkpt lat="34.221245129635264" lon="108.82960486806839">
        <ele>404.5356940077618</ele>
        <time>2025-12-07T11:06:19Z</time>
        <extensions>
          <gpxtpx:TrackPointExtension>
            <gpxtpx:hr>104</gpxtpx:hr>
          </gpxtpx:TrackPointExtension>
        </extensions>
      </trkpt>
      <trkpt lat="34.22123832491693" lon="108.8296138799423">
        <ele>404.657713631168</ele>
        <time>2025-12-07T11:06:20Z</time>
        <extensions>
          <gpxtpx:TrackPointExtension>
            <gpxtpx:hr>104</gpxtpx:hr>
          </gpxtpx:TrackPointExtension>
        </extensions>
      </trkpt>
      <trkpt lat="34.22123240811494" lon="108.82962531646623">
        <ele>404.7751365620643</ele>
        <time>2025-12-07T11:06:21Z</time>
        <extensions>
          <gpxtpx:TrackPointExtension>
            <gpxtpx:hr>104</gpxtpx:hr>
          </gpxtpx:TrackPointExtension>
        </extensions>
      </trkpt>
      <trkpt lat="34.22122748938166" lon="108.82963945321563">
        <ele>404.8811473296955</ele>
        <time>2025-12-07T11:06:22Z</time>
        <extensions>
          <gpxtpx:TrackPointExtension>
            <gpxtpx:hr>103</gpxtpx:hr>
          </gpxtpx:TrackPointExtension>
        </extensions>
      </trkpt>
      <trkpt lat="34.221222508932215" lon="108.82965569133843">
        <ele>404.96271640621126</ele>
        <time>2025-12-07T11:06:23Z</time>
        <extensions>
          <gpxtpx:TrackPointExtension>
            <gpxtpx:hr>103</gpxtpx:hr>
          </gpxtpx:TrackPointExtension>
        </extensions>
      </trkpt>
      <trkpt lat="34.22121765464075" lon="108.82967225585604">
        <ele>405.02981088496745</ele>
        <time>2025-12-07T11:06:24Z</time>
        <extensions>
          <gpxtpx:TrackPointExtension>
            <gpxtpx:hr>103</gpxtpx:hr>
          </gpxtpx:TrackPointExtension>
        </extensions>
      </trkpt>
      <trkpt lat="34.22121293048928" lon="108.82968845505434">
        <ele>405.08366200048476</ele>
        <time>2025-12-07T11:06:25Z</time>
        <extensions>
          <gpxtpx:TrackPointExtension>
            <gpxtpx:hr>103</gpxtpx:hr>
          </gpxtpx:TrackPointExtension>
        </extensions>
      </trkpt>
      <trkpt lat="34.221208428488254" lon="108.82970357625535">
        <ele>405.1204737657681</ele>
        <time>2025-12-07T11:06:26Z</time>
        <extensions>
          <gpxtpx:TrackPointExtension>
            <gpxtpx:hr>103</gpxtpx:hr>
          </gpxtpx:TrackPointExtension>
        </extensions>
      </trkpt>
      <trkpt lat="34.22120382677283" lon="108.82971813559165">
        <ele>405.14795479364693</ele>
        <time>2025-12-07T11:06:26.900000Z</time>
        <extensions>
          <gpxtpx:TrackPointExtension>
            <gpxtpx:hr>98</gpxtpx:hr>
          </gpxtpx:TrackPointExtension>
        </extensions>
      </trkpt>
      <trkpt lat="34.22119938158712" lon="108.82973347281379">
        <ele>405.1634296569973</ele>
        <time>2025-12-07T11:06:27.900000Z</time>
        <extensions>
          <gpxtpx:TrackPointExtension>
            <gpxtpx:hr>98</gpxtpx:hr>
          </gpxtpx:TrackPointExtension>
        </extensions>
      </trkpt>
      <trkpt lat="34.22119574525355" lon="108.82974949087428">
        <ele>405.1620381195098</ele>
        <time>2025-12-07T11:06:28.900000Z</time>
        <extensions>
          <gpxtpx:TrackPointExtension>
            <gpxtpx:hr>98</gpxtpx:hr>
          </gpxtpx:TrackPointExtension>
        </extensions>
      </trkpt>
      <trkpt lat="34.22119330088159" lon="108.82976523594455">
        <ele>405.14681853633374</ele>
        <time>2025-12-07T11:06:29.900000Z</time>
        <extensions>
          <gpxtpx:TrackPointExtension>
            <gpxtpx:hr>98</gpxtpx:hr>
          </gpxtpx:TrackPointExtension>
        </extensions>
      </trkpt>
      <trkpt lat="34.22119112002133" lon="108.8297808019417">
        <ele>405.12445276323706</ele>
        <time>2025-12-07T11:06:30.900000Z</time>
        <extensions>
          <gpxtpx:TrackPointExtension>
            <gpxtpx:hr>97</gpxtpx:hr>
          </gpxtpx:TrackPointExtension>
        </extensions>
      </trkpt>
      <trkpt lat="34.22118866256944" lon="108.82979604865527">
        <ele>405.0982690025121</ele>
        <time>2025-12-07T11:06:31.900000Z</time>
        <extensions>
          <gpxtpx:TrackPointExtension>
            <gpxtpx:hr>97</gpxtpx:hr>
          </gpxtpx:TrackPointExtension>
        </extensions>
      </trkpt>
      <trkpt lat="34.22118576198972" lon="108.8298096835187">
        <ele>405.0613322565332</ele>
        <time>2025-12-07T11:06:32.900000Z</time>
        <extensions>
          <gpxtpx:TrackPointExtension>
            <gpxtpx:hr>97</gpxtpx:hr>
          </gpxtpx:TrackPointExtension>
        </extensions>
      </trkpt>
      <trkpt lat="34.22118165613761" lon="108.82982233748444">
        <ele>404.9996458860114</ele>
        <time>2025-12-07T11:06:33.900000Z</time>
        <extensions>
          <gpxtpx:TrackPointExtension>
            <gpxtpx:hr>97</gpxtpx:hr>
          </gpxtpx:TrackPointExtension>
        </extensions>
      </trkpt>
      <trkpt lat="34.2211766682581" lon="108.8298349703385">
        <ele>404.928376134485</ele>
        <time>2025-12-07T11:06:34.900000Z</time>
        <extensions>
          <gpxtpx:TrackPointExtension>
            <gpxtpx:hr>97</gpxtpx:hr>
          </gpxtpx:TrackPointExtension>
        </extensions>
      </trkpt>
      <trkpt lat="34.221171449160416" lon="108.82984768034835">
        <ele>404.8543053595349</ele>
        <time>2025-12-07T11:06:35.900000Z</time>
        <extensions>
          <gpxtpx:TrackPointExtension>
            <gpxtpx:hr>97</gpxtpx:hr>
          </gpxtpx:TrackPointExtension>
        </extensions>
      </trkpt>
      <trkpt lat="34.221166159464175" lon="108.82986054953088">
        <ele>404.77504631038755</ele>
        <time>2025-12-07T11:06:36.900000Z</time>
        <extensions>
          <gpxtpx:TrackPointExtension>
            <gpxtpx:hr>97</gpxtpx:hr>
          </gpxtpx:TrackPointExtension>
        </extensions>
      </trkpt>
      <trkpt lat="34.22116089872499" lon="108.82987321116315">
        <ele>404.68631483707577</ele>
        <time>2025-12-07T11:06:37.900000Z</time>
        <extensions>
          <gpxtpx:TrackPointExtension>
            <gpxtpx:hr>97</gpxtpx:hr>
          </gpxtpx:TrackPointExtension>
        </extensions>
      </trkpt>
      <trkpt lat="34.22115554374736" lon="108.82988593462709">
        <ele>404.5899448012933</ele>
        <time>2025-12-07T11:06:38.900000Z</time>
        <extensions>
          <gpxtpx:TrackPointExtension>
            <gpxtpx:hr>97</gpxtpx:hr>
          </gpxtpx:TrackPointExtension>
        </extensions>
      </trkpt>
      <trkpt lat="34.22114994713917" lon="108.82989882125734">
        <ele>404.4915053322911</ele>
        <time>2025-12-07T11:06:39.900000Z</time>
        <extensions>
          <gpxtpx:TrackPointExtension>
            <gpxtpx:hr>97</gpxtpx:hr>
          </gpxtpx:TrackPointExtension>
        </extensions>
      </trkpt>
      <trkpt lat="34.2211442847885" lon="108.82991120370782">
        <ele>404.41041899472475</ele>
        <time>2025-12-07T11:06:40.900000Z</time>
        <extensions>
          <gpxtpx:TrackPointExtension>
            <gpxtpx:hr>97</gpxtpx:hr>
          </gpxtpx:TrackPointExtension>
        </extensions>
      </trkpt>
      <trkpt lat="34.221138174858204" lon="108.82992218904026">
        <ele>404.3366870833561</ele>
        <time>2025-12-07T11:06:41.900000Z</time>
        <extensions>
          <gpxtpx:TrackPointExtension>
            <gpxtpx:hr>99</gpxtpx:hr>
          </gpxtpx:TrackPointExtension>
        </extensions>
      </trkpt>
      <trkpt lat="34.22113137696339" lon="108.82993126966232">
        <ele>404.25725635513663</ele>
        <time>2025-12-07T11:06:42.900000Z</time>
        <extensions>
          <gpxtpx:TrackPointExtension>
            <gpxtpx:hr>99</gpxtpx:hr>
          </gpxtpx:TrackPointExtension>
        </extensions>
      </trkpt>
      <trkpt lat="34.22112363483541" lon="108.8299383099908">
        <ele>404.19679945800453</ele>
        <time>2025-12-07T11:06:43.900000Z</time>
        <extensions>
          <gpxtpx:TrackPointExtension>
            <gpxtpx:hr>99</gpxtpx:hr>
          </gpxtpx:TrackPointExtension>
        </extensions>
      </trkpt>
      <trkpt lat="34.221114661402986" lon="108.82994368381941">
        <ele>404.1477005071938</ele>
        <time>2025-12-07T11:06:44.900000Z</time>
        <extensions>
          <gpxtpx:TrackPointExtension>
            <gpxtpx:hr>99</gpxtpx:hr>
          </gpxtpx:TrackPointExtension>
        </extensions>
      </trkpt>
      <trkpt lat="34.22110481116654" lon="108.8299482885846">
        <ele>404.10933962091804</ele>
        <time>2025-12-07T11:06:45.900000Z</time>
        <extensions>
          <gpxtpx:TrackPointExtension>
            <gpxtpx:hr>99</gpxtpx:hr>
          </gpxtpx:TrackPointExtension>
        </extensions>
      </trkpt>
      <trkpt lat="34.22109469302089" lon="108.82995270453247">
        <ele>404.085898633115</ele>
        <time>2025-12-07T11:06:46.900000Z</time>
        <extensions>
          <gpxtpx:TrackPointExtension>
            <gpxtpx:hr>98</gpxtpx:hr>
          </gpxtpx:TrackPointExtension>
        </extensions>
      </trkpt>
      <trkpt lat="34.22108438173021" lon="108.82995733543541">
        <ele>404.0819416102022</ele>
        <time>2025-12-07T11:06:47.900000Z</time>
        <extensions>
          <gpxtpx:TrackPointExtension>
            <gpxtpx:hr>98</gpxtpx:hr>
          </gpxtpx:TrackPointExtension>
        </extensions>
      </trkpt>
      <trkpt lat="34.22107361112272" lon="108.82996229308466">
        <ele>404.09212988521904</ele>
        <time>2025-12-07T11:06:48.900000Z</time>
        <extensions>
          <gpxtpx:TrackPointExtension>
            <gpxtpx:hr>98</gpxtpx:hr>
          </gpxtpx:TrackPointExtension>
        </extensions>
      </trkpt>
      <trkpt lat="34.221062537648976" lon="108.82996708962992">
        <ele>404.11200157087296</ele>
        <time>2025-12-07T11:06:49.900000Z</time>
        <extensions>
          <gpxtpx:TrackPointExtension>
            <gpxtpx:hr>97</gpxtpx:hr>
          </gpxtpx:TrackPointExtension>
        </extensions>
      </trkpt>
      <trkpt lat="34.22105141208268" lon="108.82997131742454">
        <ele>404.15096074156463</ele>
        <time>2025-12-07T11:06:50.900000Z</time>
        <extensions>
          <gpxtpx:TrackPointExtension>
            <gpxtpx:hr>97</gpxtpx:hr>
          </gpxtpx:TrackPointExtension>
        </extensions>
      </trkpt>
      <trkpt lat="34.22104030923363" lon="108.8299751167417">
        <ele>404.2055317722261</ele>
        <time>2025-12-07T11:06:51.900000Z</time>
        <extensions>
          <gpxtpx:TrackPointExtension>
            <gpxtpx:hr>97</gpxtpx:hr>
          </gpxtpx:TrackPointExtension>
        </extensions>
      </trkpt>
      <trkpt lat="34.22102930347381" lon="108.82997862125325">
        <ele>404.26941793225706</ele>
        <time>2025-12-07T11:06:52.900000Z</time>
        <extensions>
          <gpxtpx:TrackPointExtension>
            <gpxtpx:hr>97</gpxtpx:hr>
          </gpxtpx:TrackPointExtension>
        </extensions>
      </trkpt>
      <trkpt lat="34.22101828474037" lon="108.82998174267897">
        <ele>404.34717597905546</ele>
        <time>2025-12-07T11:06:53.900000Z</time>
        <extensions>
          <gpxtpx:TrackPointExtension>
            <gpxtpx:hr>97</gpxtpx:hr>
          </gpxtpx:TrackPointExtension>
        </extensions>
      </trkpt>
      <trkpt lat="34.221007104866395" lon="108.82998437557119">
        <ele>404.43175050988793</ele>
        <time>2025-12-07T11:06:54.900000Z</time>
        <extensions>
          <gpxtpx:TrackPointExtension>
            <gpxtpx:hr>97</gpxtpx:hr>
          </gpxtpx:TrackPointExtension>
        </extensions>
      </trkpt>
      <trkpt lat="34.220996096979725" lon="108.82998634331469">
        <ele>404.52362095657736</ele>
        <time>2025-12-07T11:06:55.900000Z</time>
        <extensions>
          <gpxtpx:TrackPointExtension>
            <gpxtpx:hr>97</gpxtpx:hr>
          </gpxtpx:TrackPointExtension>
        </extensions>
      </trkpt>
      <trkpt lat="34.220985679397096" lon="108.82998772682548">
        <ele>404.6203793771565</ele>
        <time>2025-12-07T11:06:56.900000Z</time>
        <extensions>
          <gpxtpx:TrackPointExtension>
            <gpxtpx:hr>102</gpxtpx:hr>
          </gpxtpx:TrackPointExtension>
        </extensions>
      </trkpt>
      <trkpt lat="34.22097506211878" lon="108.82998901966852">
        <ele>404.7295793099329</ele>
        <time>2025-12-07T11:06:57.900000Z</time>
        <extensions>
          <gpxtpx:TrackPointExtension>
            <gpxtpx:hr>102</gpxtpx:hr>
          </gpxtpx:TrackPointExtension>
        </extensions>
      </trkpt>
      <trkpt lat="34.22096431881351" lon="108.82999044295879">
        <ele>404.8439929736778</ele>
        <time>2025-12-07T11:06:58.900000Z</time>
        <extensions>
          <gpxtpx:TrackPointExtension>
            <gpxtpx:hr>102</gpxtpx:hr>
          </gpxtpx:TrackPointExtension>
        </extensions>
      </trkpt>
      <trkpt lat="34.22095423645064" lon="108.82999198644264">
        <ele>404.9661383945495</ele>
        <time>2025-12-07T11:06:59.900000Z</time>
        <extensions>
          <gpxtpx:TrackPointExtension>
            <gpxtpx:hr>102</gpxtpx:hr>
          </gpxtpx:TrackPointExtension>
        </extensions>
      </trkpt>
      <trkpt lat="34.22094442365757" lon="108.82999365046788">
        <ele>405.0885901097208</ele>
        <time>2025-12-07T11:07:00.900000Z</time>
        <extensions>
          <gpxtpx:TrackPointExtension>
            <gpxtpx:hr>102</gpxtpx:hr>
          </gpxtpx:TrackPointExtension>
        </extensions>
      </trkpt>
      <trkpt lat="34.220935627270556" lon="108.82999544510173">
        <ele>405.21401218604296</ele>
        <time>2025-12-07T11:07:01.900000Z</time>
        <extensions>
          <gpxtpx:TrackPointExtension>
            <gpxtpx:hr>102</gpxtpx:hr>
          </gpxtpx:TrackPointExtension>
        </extensions>
      </trkpt>
      <trkpt lat="34.220929298865116" lon="108.82999757867354">
        <ele>405.3398116417229</ele>
        <time>2025-12-07T11:07:02.900000Z</time>
        <extensions>
          <gpxtpx:TrackPointExtension>
            <gpxtpx:hr>102</gpxtpx:hr>
          </gpxtpx:TrackPointExtension>
        </extensions>
      </trkpt>
      <trkpt lat="34.22092558300584" lon="108.82999995823604">
        <ele>405.4638182306662</ele>
        <time>2025-12-07T11:07:03.900000Z</time>
        <extensions>
          <gpxtpx:TrackPointExtension>
            <gpxtpx:hr>102</gpxtpx:hr>
          </gpxtpx:TrackPointExtension>
        </extensions>
      </trkpt>
      <trkpt lat="34.22092351554606" lon="108.83000229006794">
        <ele>405.58531184867024</ele>
        <time>2025-12-07T11:07:04.900000Z</time>
        <extensions>
          <gpxtpx:TrackPointExtension>
            <gpxtpx:hr>102</gpxtpx:hr>
          </gpxtpx:TrackPointExtension>
        </extensions>
      </trkpt>
      <trkpt lat="34.22092215597977" lon="108.83000441078578">
        <ele>405.70729754678905</ele>
        <time>2025-12-07T11:07:05.900000Z</time>
        <extensions>
          <gpxtpx:TrackPointExtension>
            <gpxtpx:hr>102</gpxtpx:hr>
          </gpxtpx:TrackPointExtension>
        </extensions>
      </trkpt>
      <trkpt lat="34.220921035953715" lon="108.830006183371">
        <ele>405.8259707968682</ele>
        <time>2025-12-07T11:07:06.900000Z</time>
        <extensions>
          <gpxtpx:TrackPointExtension>
            <gpxtpx:hr>102</gpxtpx:hr>
          </gpxtpx:TrackPointExtension>
        </extensions>
      </trkpt>
      <trkpt lat="34.2209201863938" lon="108.83000760101673">
        <ele>405.9390210332349</ele>
        <time>2025-12-07T11:07:07.900000Z</time>
        <extensions>
          <gpxtpx:TrackPointExtension>
            <gpxtpx:hr>102</gpxtpx:hr>
          </gpxtpx:TrackPointExtension>
        </extensions>
      </trkpt>
      <trkpt lat="34.22091965456523" lon="108.83000873547084">
        <ele>406.03656198550016</ele>
        <time>2025-12-07T11:07:08.900000Z</time>
        <extensions>
          <gpxtpx:TrackPointExtension>
            <gpxtpx:hr>102</gpxtpx:hr>
          </gpxtpx:TrackPointExtension>
        </extensions>
      </trkpt>
      <trkpt lat="34.22091926936911" lon="108.83000967689478">
        <ele>406.1298448750749</ele>
        <time>2025-12-07T11:07:09.900000Z</time>
        <extensions>
          <gpxtpx:TrackPointExtension>
            <gpxtpx:hr>102</gpxtpx:hr>
          </gpxtpx:TrackPointExtension>
        </extensions>
      </trkpt>
      <trkpt lat="34.220919047853826" lon="108.83001048550902">
        <ele>406.20417391881347</ele>
        <time>2025-12-07T11:07:10.900000Z</time>
        <extensions>
          <gpxtpx:TrackPointExtension>
            <gpxtpx:hr>102</gpxtpx:hr>
          </gpxtpx:TrackPointExtension>
        </extensions>
      </trkpt>
      <trkpt lat="34.22091891030679" lon="108.83001120690547">
        <ele>406.2536377776414</ele>
        <time>2025-12-07T11:07:11.900000Z</time>
        <extensions>
          <gpxtpx:TrackPointExtension>
            <gpxtpx:hr>102</gpxtpx:hr>
          </gpxtpx:TrackPointExtension>
        </extensions>
      </trkpt>
      <trkpt lat="34.220918870475266" lon="108.83001184369913">
        <ele>406.2724934061989</ele>
        <time>2025-12-07T11:07:12.900000Z</time>
        <extensions>
          <gpxtpx:TrackPointExtension>
            <gpxtpx:hr>102</gpxtpx:hr>
          </gpxtpx:TrackPointExtension>
        </extensions>
      </trkpt>
      <trkpt lat="34.22091889528755" lon="108.83001233361351">
        <ele>406.22071991860867</ele>
        <time>2025-12-07T11:07:13.900000Z</time>
        <extensions>
          <gpxtpx:TrackPointExtension>
            <gpxtpx:hr>102</gpxtpx:hr>
          </gpxtpx:TrackPointExtension>
        </extensions>
      </trkpt>
      <trkpt lat="34.22091890453951" lon="108.83001276397464">
        <ele>406.16432926338166</ele>
        <time>2025-12-07T11:07:14.900000Z</time>
        <extensions>
          <gpxtpx:TrackPointExtension>
            <gpxtpx:hr>101</gpxtpx:hr>
          </gpxtpx:TrackPointExtension>
        </extensions>
      </trkpt>
      <trkpt lat="34.220918651006386" lon="108.83001315213747">
        <ele>406.10298365261406</ele>
        <time>2025-12-07T11:07:15.900000Z</time>
        <extensions>
          <gpxtpx:TrackPointExtension>
            <gpxtpx:hr>101</gpxtpx:hr>
          </gpxtpx:TrackPointExtension>
        </extensions>
      </trkpt>
      <trkpt lat="34.220917869983964" lon="108.83001356552414">
        <ele>406.03443421330303</ele>
        <time>2025-12-07T11:07:16.900000Z</time>
        <extensions>
          <gpxtpx:TrackPointExtension>
            <gpxtpx:hr>101</gpxtpx:hr>
          </gpxtpx:TrackPointExtension>
        </extensions>
      </trkpt>
      <trkpt lat="34.22091613969097" lon="108.83001417354812">
        <ele>405.95367536507547</ele>
        <time>2025-12-07T11:07:17.900000Z</time>
        <extensions>
          <gpxtpx:TrackPointExtension>
            <gpxtpx:hr>101</gpxtpx:hr>
          </gpxtpx:TrackPointExtension>
        </extensions>
      </trkpt>
      <trkpt lat="34.220912811844144" lon="108.8300152601909">
        <ele>405.8697817083448</ele>
        <time>2025-12-07T11:07:18.900000Z</time>
        <extensions>
          <gpxtpx:TrackPointExtension>
            <gpxtpx:hr>101</gpxtpx:hr>
          </gpxtpx:TrackPointExtension>
        </extensions>
      </trkpt>
      <trkpt lat="34.22090746897193" lon="108.8300166434876">
        <ele>405.81888785399497</ele>
        <time>2025-12-07T11:07:19.900000Z</time>
        <extensions>
          <gpxtpx:TrackPointExtension>
            <gpxtpx:hr>100</gpxtpx:hr>
          </gpxtpx:TrackPointExtension>
        </extensions>
      </trkpt>
      <trkpt lat="34.22090025858569" lon="108.83001810477722">
        <ele>405.7992171077058</ele>
        <time>2025-12-07T11:07:20.900000Z</time>
        <extensions>
          <gpxtpx:TrackPointExtension>
            <gpxtpx:hr>100</gpxtpx:hr>
          </gpxtpx:TrackPointExtension>
        </extensions>
      </trkpt>
      <trkpt lat="34.22089224798279" lon="108.8300197947478">
        <ele>405.77307595778257</ele>
        <time>2025-12-07T11:07:21.900000Z</time>
        <extensions>
          <gpxtpx:TrackPointExtension>
            <gpxtpx:hr>100</gpxtpx:hr>
          </gpxtpx:TrackPointExtension>
        </extensions>
      </trkpt>
      <trkpt lat="34.22088483455318" lon="108.83002147524455">
        <ele>405.75149623677135</ele>
        <time>2025-12-07T11:07:22.900000Z</time>
        <extensions>
          <gpxtpx:TrackPointExtension>
            <gpxtpx:hr>100</gpxtpx:hr>
          </gpxtpx:TrackPointExtension>
        </extensions>
      </trkpt>
      <trkpt lat="34.22087879361563" lon="108.8300226915469">
        <ele>405.74331456329674</ele>
        <time>2025-12-07T11:07:23.900000Z</time>
        <extensions>
          <gpxtpx:TrackPointExtension>
            <gpxtpx:hr>100</gpxtpx:hr>
          </gpxtpx:TrackPointExtension>
        </extensions>
      </trkpt>
      <trkpt lat="34.22087295942011" lon="108.83002322561534">
        <ele>405.77324084658176</ele>
        <time>2025-12-07T11:07:24.900000Z</time>
        <extensions>
          <gpxtpx:TrackPointExtension>
            <gpxtpx:hr>100</gpxtpx:hr>
          </gpxtpx:TrackPointExtension>
        </extensions>
      </trkpt>
      <trkpt lat="34.22086560788386" lon="108.8300240281593">
        <ele>405.81503935251385</ele>
        <time>2025-12-07T11:07:25.900000Z</time>
        <extensions>
          <gpxtpx:TrackPointExtension>
            <gpxtpx:hr>100</gpxtpx:hr>
          </gpxtpx:TrackPointExtension>
        </extensions>
      </trkpt>
      <trkpt lat="34.220856925201524" lon="108.83002559152447">
        <ele>405.8599503142759</ele>
        <time>2025-12-07T11:07:26.900000Z</time>
        <extensions>
          <gpxtpx:TrackPointExtension>
            <gpxtpx:hr>102</gpxtpx:hr>
          </gpxtpx:TrackPointExtension>
        </extensions>
      </trkpt>
      <trkpt lat="34.22084850518088" lon="108.83002805940455">
        <ele>405.90960668120533</ele>
        <time>2025-12-07T11:07:27.900000Z</time>
        <extensions>
          <gpxtpx:TrackPointExtension>
            <gpxtpx:hr>102</gpxtpx:hr>
          </gpxtpx:TrackPointExtension>
        </extensions>
      </trkpt>
      <trkpt lat="34.22084160726027" lon="108.83003165303494">
        <ele>405.9658672148362</ele>
        <time>2025-12-07T11:07:28.900000Z</time>
        <extensions>
          <gpxtpx:TrackPointExtension>
            <gpxtpx:hr>102</gpxtpx:hr>
          </gpxtpx:TrackPointExtension>
        </extensions>
      </trkpt>
      <trkpt lat="34.22083723707709" lon="108.83003584586777">
        <ele>406.0267640147358</ele>
        <time>2025-12-07T11:07:29.900000Z</time>
        <extensions>
          <gpxtpx:TrackPointExtension>
            <gpxtpx:hr>102</gpxtpx:hr>
          </gpxtpx:TrackPointExtension>
        </extensions>
      </trkpt>
      <trkpt lat="34.22083589797857" lon="108.8300403171374">
        <ele>406.09527454711497</ele>
        <time>2025-12-07T11:07:30.900000Z</time>
        <extensions>
          <gpxtpx:TrackPointExtension>
            <gpxtpx:hr>102</gpxtpx:hr>
          </gpxtpx:TrackPointExtension>
        </extensions>
      </trkpt>
      <trkpt lat="34.22083702670095" lon="108.83004544267637">
        <ele>406.16854998096824</ele>
        <time>2025-12-07T11:07:31.900000Z</time>
        <extensions>
          <gpxtpx:TrackPointExtension>
            <gpxtpx:hr>102</gpxtpx:hr>
          </gpxtpx:TrackPointExtension>
        </extensions>
      </trkpt>
      <trkpt lat="34.22083928722028" lon="108.83005175539128">
        <ele>406.2313423398882</ele>
        <time>2025-12-07T11:07:32.900000Z</time>
        <extensions>
          <gpxtpx:TrackPointExtension>
            <gpxtpx:hr>102</gpxtpx:hr>
          </gpxtpx:TrackPointExtension>
        </extensions>
      </trkpt>
      <trkpt lat="34.22084089066769" lon="108.83005951913955">
        <ele>406.2916362481192</ele>
        <time>2025-12-07T11:07:33.900000Z</time>
        <extensions>
          <gpxtpx:TrackPointExtension>
            <gpxtpx:hr>105</gpxtpx:hr>
          </gpxtpx:TrackPointExtension>
        </extensions>
      </trkpt>
      <trkpt lat="34.22084096868748" lon="108.83006914085284">
        <ele>406.34895373508334</ele>
        <time>2025-12-07T11:07:34.900000Z</time>
        <extensions>
          <gpxtpx:TrackPointExtension>
            <gpxtpx:hr>105</gpxtpx:hr>
          </gpxtpx:TrackPointExtension>
        </extensions>
      </trkpt>
      <trkpt lat="34.22083975185046" lon="108.83008138720733">
        <ele>406.39980270154774</ele>
        <time>2025-12-07T11:07:35.900000Z</time>
        <extensions>
          <gpxtpx:TrackPointExtension>
            <gpxtpx:hr>105</gpxtpx:hr>
          </gpxtpx:TrackPointExtension>
        </extensions>
      </trkpt>
      <trkpt lat="34.220837642474265" lon="108.83009642021572">
        <ele>406.438238395378</ele>
        <time>2025-12-07T11:07:36.900000Z</time>
        <extensions>
          <gpxtpx:TrackPointExtension>
            <gpxtpx:hr>105</gpxtpx:hr>
          </gpxtpx:TrackPointExtension>
        </extensions>
      </trkpt>
      <trkpt lat="34.22083504997129" lon="108.83011400643943">
        <ele>406.46249416284263</ele>
        <time>2025-12-07T11:07:37.900000Z</time>
        <extensions>
          <gpxtpx:TrackPointExtension>
            <gpxtpx:hr>105</gpxtpx:hr>
          </gpxtpx:TrackPointExtension>
        </extensions>
      </trkpt>
      <trkpt lat="34.22083223360751" lon="108.83013324051976">
        <ele>406.47641813382506</ele>
        <time>2025-12-07T11:07:38.900000Z</time>
        <extensions>
          <gpxtpx:TrackPointExtension>
            <gpxtpx:hr>103</gpxtpx:hr>
          </gpxtpx:TrackPointExtension>
        </extensions>
      </trkpt>
      <trkpt lat="34.22082961000609" lon="108.83015342166645">
        <ele>406.4798782719299</ele>
        <time>2025-12-07T11:07:39.900000Z</time>
        <extensions>
          <gpxtpx:TrackPointExtension>
            <gpxtpx:hr>103</gpxtpx:hr>
          </gpxtpx:TrackPointExtension>
        </extensions>
      </trkpt>
      <trkpt lat="34.220827579014426" lon="108.8301739943276">
        <ele>406.47436383459717</ele>
        <time>2025-12-07T11:07:40.900000Z</time>
        <extensions>
          <gpxtpx:TrackPointExtension>
            <gpxtpx:hr>103</gpxtpx:hr>
          </gpxtpx:TrackPointExtension>
        </extensions>
      </trkpt>
      <trkpt lat="34.22082608106666" lon="108.83019439562955">
        <ele>406.4624295355752</ele>
        <time>2025-12-07T11:07:41.900000Z</time>
        <extensions>
          <gpxtpx:TrackPointExtension>
            <gpxtpx:hr>103</gpxtpx:hr>
          </gpxtpx:TrackPointExtension>
        </extensions>
      </trkpt>
      <trkpt lat="34.22082493723433" lon="108.83021427804115">
        <ele>406.4472076287493</ele>
        <time>2025-12-07T11:07:42.900000Z</time>
        <extensions>
          <gpxtpx:TrackPointExtension>
            <gpxtpx:hr>103</gpxtpx:hr>
          </gpxtpx:TrackPointExtension>
        </extensions>
      </trkpt>
      <trkpt lat="34.22082398123114" lon="108.83023345488678">
        <ele>406.427907185629</ele>
        <time>2025-12-07T11:07:43.900000Z</time>
        <extensions>
          <gpxtpx:TrackPointExtension>
            <gpxtpx:hr>102</gpxtpx:hr>
          </gpxtpx:TrackPointExtension>
        </extensions>
      </trkpt>
      <trkpt lat="34.22082318088807" lon="108.83025190324312">
        <ele>406.40477939043194</ele>
        <time>2025-12-07T11:07:44.900000Z</time>
        <extensions>
          <gpxtpx:TrackPointExtension>
            <gpxtpx:hr>102</gpxtpx:hr>
          </gpxtpx:TrackPointExtension>
        </extensions>
      </trkpt>
      <trkpt lat="34.220822461955336" lon="108.83026962015876">
        <ele>406.37866005767137</ele>
        <time>2025-12-07T11:07:45.900000Z</time>
        <extensions>
          <gpxtpx:TrackPointExtension>
            <gpxtpx:hr>102</gpxtpx:hr>
          </gpxtpx:TrackPointExtension>
        </extensions>
      </trkpt>
      <trkpt lat="34.22082175323895" lon="108.83028661039764">
        <ele>406.3503577010706</ele>
        <time>2025-12-07T11:07:46.900000Z</time>
        <extensions>
          <gpxtpx:TrackPointExtension>
            <gpxtpx:hr>103</gpxtpx:hr>
          </gpxtpx:TrackPointExtension>
        </extensions>
      </trkpt>
      <trkpt lat="34.22082101232512" lon="108.83030286651861">
        <ele>406.3207037821412</ele>
        <time>2025-12-07T11:07:47.900000Z</time>
        <extensions>
          <gpxtpx:TrackPointExtension>
            <gpxtpx:hr>103</gpxtpx:hr>
          </gpxtpx:TrackPointExtension>
        </extensions>
      </trkpt>
      <trkpt lat="34.22082026759495" lon="108.83031893088882">
        <ele>406.29045153595507</ele>
        <time>2025-12-07T11:07:48.900000Z</time>
        <extensions>
          <gpxtpx:TrackPointExtension>
            <gpxtpx:hr>103</gpxtpx:hr>
          </gpxtpx:TrackPointExtension>
        </extensions>
      </trkpt>
      <trkpt lat="34.220819561372906" lon="108.83033583257917">
        <ele>406.26015798561275</ele>
        <time>2025-12-07T11:07:49.900000Z</time>
        <extensions>
          <gpxtpx:TrackPointExtension>
            <gpxtpx:hr>103</gpxtpx:hr>
          </gpxtpx:TrackPointExtension>
        </extensions>
      </trkpt>
      <trkpt lat="34.22081881115452" lon="108.83035539863899">
        <ele>406.2277285931632</ele>
        <time>2025-12-07T11:07:51Z</time>
        <extensions>
          <gpxtpx:TrackPointExtension>
            <gpxtpx:hr>103</gpxtpx:hr>
          </gpxtpx:TrackPointExtension>
        </extensions>
      </trkpt>
      <trkpt lat="34.220818073760846" lon="108.83037422128776">
        <ele>406.1982262665406</ele>
        <time>2025-12-07T11:07:52Z</time>
        <extensions>
          <gpxtpx:TrackPointExtension>
            <gpxtpx:hr>102</gpxtpx:hr>
          </gpxtpx:TrackPointExtension>
        </extensions>
      </trkpt>
      <trkpt lat="34.22081725460037" lon="108.83039345436435">
        <ele>406.16898514330387</ele>
        <time>2025-12-07T11:07:53Z</time>
        <extensions>
          <gpxtpx:TrackPointExtension>
            <gpxtpx:hr>102</gpxtpx:hr>
          </gpxtpx:TrackPointExtension>
        </extensions>
      </trkpt>
    </trkseg>
  </trk>
</gpx>